,Unnamed: 0,Assessment,Question,Proof,Identify.Base.Case,Prove.Base.Case,Hypothesis.is.stated,Hypothesis.is.given.some.bound,Goal.is.Clear,Expression.of.Size.k.1.is.decomposed.into.expression.of.size.k,Inductive.Hypothesis.is.applied,Graded.By,Semester
0,1,Exam 1,learningStudy/WrittenInduction_Recurrence_v3,"let n be a natural number,
since g(n) = g(n-1) + 1/3g(n-1) -1/3g(n-2), g(n-1)= g(n-2) + 1/3g(n-2) - 1/3g(n-3). Thus, g(n) = 1/3g(n-1) + g(n - 2) -1/3g(n-3).Following this sequence,  g(n) = 1/3g(n-1) + 1/3g(n-2) + ... + g(1) - 1/3g(0). Since we can irrtate this fuction once agian to get 1/3(g(n-1))= 1/9g(n-2) + 1/9g(n-3)+...+ 1/3g(1) - 1/9g(0).
So, the sum of 1/(3^n)*(4/3)*n. It is equals to(2(3^n-1))/(3^n)
Then, g(n) = 2 -2/3n.
QED",0,0,0,0,0,0,0,Seth,sp22
1,2,Exam 1,learningStudy/WrittenInduction_Recurrence_v3,"g(0) = 0,
g(1) = 4/3,
g(2) = 16/9,
g(3) = 64/27 - 4/9 = 52/27
g(4) = 208/81 - 16/27 = 160/81

let n = k-1. for some natural number k:
g(k-1) = 4/3g(k-2) - 1/3g(k-3)

let n = k. for some natural number k:
g(k) = 4/3g(k-1) - 1/3g(k-2)

let n = k + 1, for some natural number k:
g(k+1) = 4/3g(k) - 1/3g(k-1).

g(k+1) = 4/3(4/3g(k-1) - 1/3g(k-2)) - 1/3(4/3g(k-2) - 1/3g(k-3)).

g(k+1) = 16/9g(k-1) - 4/9g(k-2) - 4/9g(k-2) +1/3g(k-3)

g(k+1) = 16/9g(k-1) - 8/9g(k-2) + 1/3g(k-3)

g(k+1) can be expressed from g(k-1), g(k-2), and g(k-3).

I'm not sure where to go from here.
",0,0,0,0,0,2,0,Seth,sp22
2,3,Exam 6,learningStudy/WrittenInduction_Recurrence_v3,"Lets prove g(n) = 2 - 2/(3^n) through induction for a natural number n. 

We know that g(0) = 0 and g(1) = 4/3 and g(n) = 4/3 g(n-1) - 1/3g(n-2) for n>=2. We can first prove our hypothesis by plugging in 2 for n >= 2. Put into the equation, we get 16/9 or 4/3.

Thus, we can re-write g(n) as 1/3(4(g(n-1) - g(n-2)). This is equivalent to 2 - 2/3^n, which is what we needed to show.

Q.E.D.

// sorry i dont know these better. I read the chapter during the first part but my memory of the content is not the best.
",0,0,0,0,0,0,0,Seth,sp22
3,4,Exam 1,learningStudy/WrittenInduction_Recurrence_v3,"I'm not sure what induction is. g(n) = 4/3 * (g(n-1)) - 1/3 * g(n-2). thus, g(n) = 4/3^(n-1) - 1/3 ^ (n-2); thus 4^n-1 / 3^n-1 - 1^n-2/3^n-2; combining them, 4^(n-1) * 3^(n - 2) - 3^ (n-1) /3^(2n -3) = 3^n-1 ( 4^n-1 - 3) / 3 ^ 2n-1 = 4^n-1 - 3 / 3^n = 4^ (n-1)/ 3^n - 3/3^n. I don't know where to go anymore. ",0,0,0,0,0,0,0,Seth,sp22
4,5,Exam 1,learningStudy/WrittenInduction_Recurrence_v3,"if g(1) = 4/3 and g(0) = 0, we can plug those values in to check that they work for the equation of g(n)
g(0) = 2 - 2 = 0 works.
g(1) = 2 - 2/3 = 4/3 works.",2,2,0,0,0,0,0,Seth,sp22
5,6,Exam 6,learningStudy/WrittenInduction_Recurrence_v3,This is true because 4/3 g(n-1) - 1/3g(n-2) must be greater than 2. Which is why we say g(n) is equal to 2 minus a second expression.,0,0,0,0,0,0,0,Seth,sp22
6,7,Exam 6,learningStudy/WrittenInduction_Recurrence_v3,"Suppose n is a natural number.  

Thus, g(n)=2-2/3^n, which is what we needed to prove. ",0,0,0,0,0,0,0,Seth,sp22
7,8,Exam 1,learningStudy/WrittenInduction_Recurrence_v3,"The first few values of the function are: 0, $\frac{4}{3}$, $\frac{16}{9}$, $\frac{52}{27}$, $\frac{160}{81}$, $\frac{484}{243}$. The denominator will always be 3^n. Also, the numerator always equals 4+3(the previous numerator). If the previous numerator is equal to $2(3^(n-1)-1)$, then we know that the numerator at any given $n = 2(3^n - 1)$. That means that the value g(n) = $\frac{2(3^n - 1)}{3^n}$ = $2-\frac{2}{3^n}$",0,0,0,0,0,0,0,Seth,sp22
8,9,Exam 6,learningStudy/WrittenInduction_Recurrence_v3,"Prove: g(n) = 2 - 2/3^n for any natural number n. 

base type: show that g(2) = 2 - 2/3^n. g(2) = 4/3g(1) - 1/3g(0) = 4/3 * 4/3 = 16/9. g(2)=2-2/3^2 = 16/9.

Induction: show that g(n) = 2 - 2/3^n works for all natural numbers. 

not sure how to use induction to prove this. ",1,1,0,0,0,0,0,Seth,sp22
9,10,Exam 1,learningStudy/WrittenInduction_Recurrence_v3,we can use the values of g(1) to figure out that that there is some sequence of g(n)s that make up any n. So there is some g(x) which is equal to g(n-1) but it would have the same expression as g(n). I am not really sure how to use induction.,0,0,0,0,0,0,0,Seth,sp22
10,11,Exam 1,learningStudy/WrittenInduction_Recurrence_v3,No idea.,0,0,0,0,0,0,0,Seth,sp22
11,12,Exam 1,learningStudy/WrittenInduction_Recurrence_v3,"Let us find g(n), where n=4 and n is greater than or equal to 2.

Since we are given g(0) and g(1), let us simplify g(4) to only contain constants and those values.
$g(4) = \frac{4}{3}g(3)-\frac{1}{3}g(2)$

$g(4) = \frac{4}{3}[\frac{4}{3}g(2)-\frac{1}{3}g(1)] - \frac{1}{3}[\frac{4}{3}g(1)-\frac{1}{3}g(0)] $

$g(4)=\frac{4}{3}[\frac{4}{3}[\frac{4}{3}g(1)-\frac{1}{3}g(0)]-\frac{1}{3}g(1)]-\frac{1}{3}[\frac{4}{3}g(1)-\frac{1}{3}g(0)]$

Let us substitue in g(0) and g(1), so
$g(4)=\frac{4}{3}[\frac{4}{3}[\frac{4}{3}(\frac{4}{3})]-\frac{1}{3}(\frac{4}{3})]-\frac{1}{3}[\frac{4}{3}(\frac{4}{3})]$

$g(4)=(\frac{4}{3}^{4})-(\frac{4}{3}^{3})(\frac{1}{3})-(\frac{4}{3}^{2})(\frac{1}{3})$

$g(n)=2-\frac{2}{3^{n}}$",0,0,0,0,0,0,0,Seth,sp22
12,13,Exam 6,learningStudy/WrittenInduction_Recurrence_v3,"We will use induction on n.

Plugging in 0 to g(n), we get that g(0) = 2 - 2 = 0, whcih is the same as the g(0) value provided.

Plugging in 1 to g(n) we get that g(1) = 2 - 2/3 = 4/3, which is the same as the g(1) value provided. 

",2,2,0,0,0,0,0,Seth,sp22
13,14,Exam 1,learningStudy/WrittenInduction_Recurrence_v3,"Take a natural number n.

Plugging n = 0 into the explicit equation g(n) yields $2 - \frac{2}{1} = 0$

Plugging n = 1 into the explicit equation g(n) yields $2 - \frac{2}{3} = \frac{4}{3}$

Plugging n = 2 into the explicit equation g(n) yields $2 - \frac{2}{9} = \frac{16}{9}$

Then plugging n = 2 into the recursive equation g(n): $\frac{4}{3} \times g(2 - 1) - \frac{1}{3} \times g(2 -2) = \frac{4}{3} \times \frac{4}{3} - \frac{1}{3} \times 0 = \frac{16}{9}$

plugging n = 3 into the explicit equation: $2 - \frac{2}{27} = \frac{52}{27}$

Then plugging n = 3 into the recursive equation g(n): $\frac{4}{3} \times g(3 - 1) - \frac{1}{3} \times g(3 -2) = \frac{4}{3} \times \frac{16}{9} - \frac{1}{3} \times \frac{4}{3} = \frac{64}{27} - \frac{4}{9} = \frac{64 - 12}{27} = \frac{52}{27}$

g(n) behaves the same with subsequent values of n, and is equivalent at n = 0 and n = 1. Thus, the expression is true.",2,2,0,0,0,0,0,Seth,sp22
14,15,Exam 1,learningStudy/WrittenInduction_Recurrence_v3,"4/3 g(n) - g(1) - 1/3g(n) - g(1) - g(1)

g(n) = 4/3 - 8/3 --> -4/3

g(n) = 2 - 2/3^n

this same principle applies here as 0 and 1 also pass this test
",0,0,0,0,0,0,0,Seth,sp22
15,16,Exam 1,learningStudy/WrittenInduction_Recurrence_v3,"let there be natural number g.
Suppose g:N implies R.
By definition g(0)=0,g(1)=4/3.

g(n)=2-2/3^n. Which is what we need to know.",0,0,0,0,0,0,0,Seth,sp22
16,17,Exam 6,learningStudy/WrittenInduction_Recurrence_v3,"Proof: We will prove that g(n) = 2 - 2/(3^n) for any natural number n using induction.

Base Case: This statement holds true for the base cases g(0) and g(1).

Induction: If we solve the proof for n + 1, we get that g(n+1) = 4/3g(n) - 1/3g(n-1). This is equivalent to g(n) = 2 - 2/3^n, so the statement is true.",2,0,0,0,0,2,0,Seth,sp22
17,18,Exam 1,learningStudy/WrittenInduction_Recurrence_v3,"Since g(n) = $\frac{4}{3}$g(n - 1) - $\frac{1}{3}$g(n - 2)

= $\frac{4}{3}$gn - $\frac{4}{3}$g - $\frac{1}{3}$gn + $\frac{2}{3}$

",0,0,0,0,0,0,0,Seth,sp22
18,19,Exam 1,learningStudy/WrittenInduction_Recurrence_v3,"Let n = 2. Plugging the n into the statement, we get g(2) = 4/3g(1) - 1/3g(0). We know the values for g(1) which is 4/3 and g(0) which is 0. Plugging these into the equation, we get g(2) = (4/3)^2 - 1/3 * 0 = 16/9= 1 7/9. Rearranging this, we can get that g(2) = 16/9 = 18/9 - 2/9 = 2 - 2/9 = 2 - 2/(3)^2, which fits to the statement that g(n) = 2 - 2/3^n. Since this is true for n = 2, then it is true for any natural number greater than or equal to 2.",0,0,0,0,0,0,0,Seth,sp22
19,20,Exam 6,learningStudy/WrittenInduction_Recurrence_v3,"g(2) = 16/9

n = k +1

g(n) = 4/3g(k) - 1/3g(k-1)
",0,0,0,0,0,0,0,Seth,sp22
20,21,Exam 6,learningStudy/WrittenInduction_Recurrence_v3,"Proof by induction,
induction predicate: we need to prove that g(n) = 2 - 2/3^n for any natural number n and the result is rational number
Base: since by the definition of g(n), n has to be more than or equal to 2, and so g(0) = 2 - 2/3^0 = 0 and g(1) = 2-2/3^1= 4/3
Induction: so if considering n = 2, g(2) = 4/3g(2-1) - 1/3g(2-2) = 4/3g(1) - g(0) = 4/3(4/3) - 0 = 16/9 which is g(2) = 2-2/3^2 = 16/9 which is what needed to prove",0,0,0,0,0,0,0,Seth,sp22
21,22,Exam 1,learningStudy/WrittenInduction_Recurrence_v3,"Let n be a special case where n=2. We get g(2)=(4/3)g(1)-(1/3)g(0)=16/9=2-2/(3^2). 
Let n be a general case where n=3. We get g(3)=(4/3)g(2)-(1/3)g(1)=52/27=2-2/(3^3).  
This implies that g(n)=2-2/3^n for any natural number n. 
",0,0,0,0,0,0,0,Seth,sp22
22,23,Exam 1,learningStudy/WrittenInduction_Recurrence_v3,"I am not sure what induction is...

I do not know how to prove this.

I started by seperating g(n) to be g(n) = (4/3)g(n) - (4/3)g(1) - (1/3)g(n) + (1/3)g(2)

From here I input what we know g(1) to be and got the equation g(n) = (4/3)g(n) - 16/9 - (1/3)g(n) + (1/3)g(2)

After this I tried to sove for g(2) and got that g(2) = 16/9, thus the g(1) and g(2) values cancel, but after that im just left with g(n) = g(n)...",0,0,0,0,0,0,0,Seth,sp22
23,24,Exam 6,learningStudy/WrittenInduction_Recurrence_v3,"Proof by induction on n

Base cases:

g(0) = 0 and g(0) = 2 - $\frac{(2)}{1} = 0$

g(1) = $\frac{4}{3}$ and g(1) = 2 - $\frac{2}{3^1} = \frac{4}{3}$

g(2) = $2 - \frac{2}{3^2} = \frac{2}{3^1} = \frac{4}{3}$

given, g(n) = $\frac{4}{3}g(n-1) - \frac{1}{3}g(n-2)$

g(n) = $\frac{4}{3}g(1) - \frac{1}{3}g(0)$ = $\frac{4}{3}(2 - \frac{2}{3}) = $$\frac{2}{3^1} = \frac{16}{9}$

Which is what we wanted to prove.
",2,2,0,0,0,0,0,Seth,sp22
24,25,Exam 6,learningStudy/WrittenInduction_Recurrence_v3,"Proof: by induction on n.

Induction Predicate: $g(n) = 2 - \frac{2}{3^n}$ for any natural number $n$.

Base: $g(2) = \frac{4}{3}g(1) - \frac{1}{3}g(0) = \frac{16}{9}$. Also, $2 - \frac{2}{3^2} = \frac{16}{9}$. Since the two sides of the equation are equal, the statement holds.

Induction Hypothesis: for any natural number $n \geq 2$, $g(n) = \frac{4}{3}g(n-1) - \frac{1}{3}g(n-2) = 2 - \frac{2}{3^n}$.

Induction Step: Let $n = k + 1$. Therefore, $g(k+1) = \frac{4}{3}g(k) - \frac{1}{3}g(k-1)$.

By the induction hypothesis, $g(k+1) = \frac{4}{3}(2-\frac{2}{3^{k}}) - \frac{1}{3}(2 - \frac{2}{3^{k-1}}) = \frac{8}{3} - \frac{8}{3^{k+1}}-\frac{2}{3}+\frac{2}{3^{k}} = 2 - \frac{2}{3^{k+1}}$, which is what we needed to show.",1,2,1,0,2,2,2,Seth,sp22
25,26,Exam 6,learningStudy/WrittenInduction_Recurrence_v3,"Prove by induction
Base case: P(N)= 2-2/3^n when n is 0 = 0 so g(0) = 0 holds. 2-2/3^n when n is 1 = 4/3 so g(1) = 4/3 holds. 

Hypothesis: P(k+1): g(k) = 2-2/3^k for all k from k = 0,...,k+1

Show that P(k+1): g(k+1) = 2-2/3^(k+1) 

By substitution, P(k+1) = P(1) + P(k) = g(1)+ g(k) = 4/3 + 2-2/3^k

Symplifying this leads to P(k+1) = 10/3-2/3^k, which is what we needed to prove.",2,1,2,2,1,1,2,Seth,sp22
26,27,Exam 6,learningStudy/WrittenInduction_Recurrence_v3,"Let k be any natural number

Base Step: 

Let n = 0. So by the equation g(0) = 2 - 2/3^0 = 2-2 = 0 which is correct

Let n = 1. So by the equation g(1) = 2 - 2/3^1 = 4/3 which is correct

Now let's prove by induction: 

Let n = k, which is any natural number. Suppose g(k) = 2-(2/3^k)

Let n = k + 1. Since k is a natural number, k + 1 is also a natural number

According to the first equation, g(k+1) = (4/3)g(k) - (1/3)g(k-1). 

According to the second equation, g(k+1) = 2 - 2/3^(k+1) = 2(1 - 1/3^(k+1)). 

Plugging in the second equation into the first, g(k+1) = (4/3)*(2-(2/3^k)) - (1/3)(2-(2/3^(k-1))) = (1/3)[8 - 8/3^(k) - 2 - 2/3^(k-1)] = 2 - [8(3^k)-6(3^k)]/3^(2k-1) = 2 - 2[3^(k-2k-1)] = 2 - 2/3^(k+1) which is the same as the second equation for g(k+1).

Therefore, the statement is correct. ",2,2,2,1,2,2,2,Seth,sp22
27,28,Exam 1,learningStudy/WrittenInduction_Recurrence_v3,"Let $g(n)$ be defined as above.

Let $n,k,j$ be integers such that $k=n+1$ and $j=k+1$

$g(n)=\frac{4}{3}g(n-1)-\frac{1}{3}g(n-2)$

$g(k)=g(n+1)=\frac{4}{3}g(n)-\frac{1}{3}g(n-1)$

$g(j)=g(n+2)=\frac{4}{3}g(n+1)-\frac{1}{3}g(n)$",0,0,0,0,0,0,0,Seth,sp22
28,29,Exam 1,learningStudy/WrittenInduction_Recurrence_v3,"Proof by induction
if g(n) is = 4/3 g (n-1) - 1/3 g (n-2) for any natural number n greater than or equal to 2, we can set variables for g(n) = 2 - 2/3^n and test whether g(n) is equal to that of the restricted g(n).

if n = 2 then the restricted g(n) results to 4/3. The unrestricted g(n) results in 5/n which is not equal to the restricted n, thus g(n) = 2 - 2/3^n is not true for any natural number n.",0,0,0,0,0,0,0,Seth,sp22
29,30,Exam 1,learningStudy/WrittenInduction_Recurrence_v3,"Given the definition above for g(n), the function from the set of natural numbers to the set of real numbers, it provides the arbitrary case for g(n) as $g(n) = \frac{4}{3}g(n-1) - \frac{1}{3}g(n-2)$. It follows then that $g(n+1) = \frac{4}{3}g(n) - \frac{1}{3}g(n-1)$ and $g(n+2) = \frac{4}{3}g(n+1) - \frac{1}{3}g(n)$. assume that the explicit form of $g(n) = 2 -\frac{2}{3^n}$. This implies that $g(n) = \frac{4}{3}(2 -\frac{2}{3^{n-1}}) - \frac{1}{3}(2 -\frac{2}{3^{n-2}}) = \frac{1}{3}(8 - 2 + \frac{2}{3^{n-2}} - \frac{8}{3^{n-1}}) = \frac{1}{3}(6+\frac{6}{3^{n-1}}-\frac{8}{3^{n-1}})= 2 -\frac{2}{3^{n}}$. It follows then that $g(n+2) = \frac{4}{3}(2 -\frac{2}{3^{n+1}}) - \frac{1}{3}(2 -\frac{2}{3^n}) = \frac{1}{3}(8 - 2 + \frac{2}{3^n} - \frac{8}{3^{n+1}}) = \frac{1}{3}(6+\frac{6}{3^{n+1}}-\frac{8}{3^{n+1}})= 2 -\frac{2}{3^{n+2}}$. This, This shows that the arbitrary case and the inductive step hold. Finally, we can prove the base case and evaluate g(2) given the definition as $g(2) = \frac{4}{3}*\frac{4}{3}= \frac{16}{9} = \frac{18}{9} - \frac{2}{9} = 2 - \frac{2}{3^2}$. Thus,$g(n) = 2 - \frac{2}{3^n}$ for any natural number n.",1,2,0,0,2,2,2,Seth,sp22
30,31,Exam 6,learningStudy/WrittenInduction_Recurrence_v3,"Proof:
gn = N>2",0,0,0,0,0,0,0,Seth,sp22
31,32,Exam 6,learningStudy/WrittenInduction_Recurrence_v3,"I will use proof by induction to prove that $g(n) = 2 - \frac{2}{3^{n}}$. We know that g(n-1) = 4/3g(n - 2) - 1/3g(n - 3) by the third given statement above. Moreover, we also know that g(n) = 4/3g(n - 1) - 1/3g(n - 2) because it is given to us. Ultimately, it can be assumed that g(n) = 2 - 2/3^n because the inductive pattern repeats as n increases.",0,0,0,0,0,0,0,Seth,sp22
32,33,Exam 1,learningStudy/WrittenInduction_Recurrence_v3,?,0,0,0,0,0,0,0,Seth,sp22
33,34,Exam 6,learningStudy/WrittenInduction_Recurrence_v3,"Base case: we take n = 2 and we get 16/9 from both equations. This proves the base case.

Let n = k + 1

We get 2 - 2/3^k+1 

Hence k + 1 is proved by induction.",1,2,0,0,0,0,0,Seth,sp22
34,35,Exam 1,learningStudy/WrittenInduction_Recurrence_v3,,0,0,0,0,0,0,0,Seth,sp22
35,36,Exam 1,learningStudy/WrittenInduction_Recurrence_v3,"for n = 2:

g(n) = g(1) g(1) - 1/3 g(n-2)
g(n) = g(1) g(1) - 1/3 g(0)
g(n) = 16/3 - 1/3 (0)
g(n) = 16/3",0,0,0,0,0,0,0,Seth,sp22
36,37,Exam 1,learningStudy/WrittenInduction_Recurrence_v3,"The claim states that for all natural numbers n, (4/3)*g(n-1) - (1/3)g(n-2) = 2-(2/3^n). We will prove this claim using induction. is subtracted sufficiently to reach 4/3 and 0, the second term becomes meaningless as it is multiplied by 0, meaning that the first term reaches 2 - (2/3^n) for any natural number, which is what we needed to show.",0,0,0,0,0,0,0,Seth,sp22
37,38,Exam 6,learningStudy/WrittenInduction_Recurrence_v3,"g(n) = 4/3(g(n-1)) - 1/3(g(n-2)) for n is greater than or equal to 2.

g(n) = 2(1 - 3^(-n))

g(n) = 2 - 2/3^(n)
",0,0,0,0,0,0,0,Seth,sp22
38,39,Exam 1,learningStudy/WrittenInduction_Recurrence_v3,"When n = 0, g(n) = 2 - 2/3^n = 0,
When n = 1, g(n) = 2 - 2/3^n = 4/3,
When n >= 2, g(n) = 2 - 2/3^n = 4/3g(n-1) - 1/3(g(n-2)
Suppose n = 2, g(n) = 16/9 = 16/9 - 0, 
So we can prove that g(n) = 2-2/3^n for any natural number n.",0,0,0,0,0,0,0,Seth,sp22
39,40,Exam 1,learningStudy/WrittenInduction_Recurrence_v3,"Let n be some arbitrary natural number and let g(n) = (4/3)g(n-1) - (1/3)g(n-2) for n >= 2. Also let g(0) = 0 and g(1) = 4/3.

So, let x = 2. Then, g(2) = (4/3)g(1) - (1/3)g(0) = (4/3)(4/3) - (1/3)(0) = 16/9.

Since 2 - 2/(3^n) = 16/9, then when g(0) = 0, g(1) = 4/3, and g(n) = (4/3)g(n-1) - (1/3)g(n-2) for n >= 2, g(n) = 2 - 2/(3^n), which is what we needed to prove.",0,0,0,0,0,0,0,Seth,sp22
40,41,Exam 1,learningStudy/WrittenInduction_Recurrence_v3,g(n + 1) = (4g(n - 1)/3) - (g(n - 2)/3),0,0,0,0,0,0,0,Seth,sp22
41,42,Exam 6,learningStudy/WrittenInduction_Recurrence_v3,"1) Proof by induction
2) Base case: n = 0, 2 - 2/3^0 = 2 - 2 = 0. n = 1, 2 - 2/3^1 = 4/3. So both base cases are true.
3) Inductive Hypothesis: Let n be a natural number and g(n) = 2 - 2/3^n, where n = 1, 2, ..., k+1. 
3) We want to prove that g(k+2) = 2 - 2/3^(k+2).
4) g(k+2) = (4/3)g(k+1) - (1/3)g(k) = (4/3) (2-2/3^(k+1)) - (1/3) (2-2/3^k) = 8/3 - 8/3^(k+2) - 2/3 + 2/3^(k+1) = 6/3 - 8/3^(k+2) + 6/3^(k+2) = 2 - 2/3^(k+2), which is what we needed to prove.",2,2,2,2,2,2,2,Seth,sp22
42,43,Exam 1,learningStudy/WrittenInduction_Recurrence_v3,"Still don't know what induction is. </br> 
Proof: g(n) = 2 - 2/(3^n) for any n. 
Could possibly do something with finding the equations for g(n-1) and g(n-2) and plugging back in? Finding g(n-1) in terms of n?? Not sure. ",0,0,0,0,0,0,0,Seth,sp22
43,44,Exam 6,learningStudy/WrittenInduction_Recurrence_v3,"Let $g(n)$ be defined as above.  
Let P(n) be the following statement: $\forall n \in \mathbb N, g(n)=2-\frac{2}{3^n}$  
Base case:  
$g(0) = 0$ and $2-\frac2 {3^0}=0$ so P(0) is true.  
$g(1) = \frac4 3$ and $2-\frac2 {3^1}=\frac 4 3$ so P(1) is true.  
Inductive hypothesis. Supposed that P(n) is true for $n=0,1...k-1$ for some $k \geq2$. We want to prove that P(k) is true, that is $g(k)=2-\frac{2}{3^k}$  
For P(k) to be true, we need to prove the following $g(k)=2-\frac2 {3^k}$  
Starting from the right we apply the definition of $g(n)$ to get the following:  
$g(k)=\frac4 3g(k-1)-\frac1 3g(k-2)$  
Since we assumed that P(n) is true for n=0,1...k-1, we use the fact that $P(k-1)$ and $P(k-2)$ is true.
$g(k)=\frac4 3g(k-1)-\frac1 3g(k-2)=\frac4 3(2-\frac2 {3^{k-1}})-\frac1 3(2-\frac2 {3^{k-2}})$  
$g(k)=\frac4 3(2-\frac2 {3^{k-1}})-\frac1 3(2-\frac2 {3^{k-2}})=\frac8 3-\frac8 {3^k}-\frac2 3 + \frac 2 {3^{k-1}} = \frac6 3-\frac8 {3^k}+\frac{2(3)}{3(3^{k-1})}=2-\frac8 {3^k}+\frac6 {3^k}$  
$g(k)=2-\frac2 {3^k}$  
This is what we needed to show, as P(k) is true given that P(0) and P(1) is true and P(n) is true for n=0,1...k-1 for some $k\geq2$.


",2,2,2,2,2,2,2,Seth,sp22
44,45,Exam 6,learningStudy/WrittenInduction_Recurrence_v3,"Since g is defined as if natual number, then it is rational. This states that every natural number that n is, it is also a rational number. If we subtract $\frac{4}{3}$ from $\frac{1}{3}$ then we would get 3/3 which will equal one. Knowing that fact, we can infer that g(n) = g(n-1) - g(n-2). If we factor in the g we would get gn-g - gn - 2g. Since gn cancels out we get -g - 2g. This will equal -3g.",0,0,0,0,0,0,0,Seth,sp22
45,46,Exam 6,learningStudy/WrittenInduction_Recurrence_v3,"Proof by induction. Base case 0 and 1 true. Base case 2 = 16/9. Solve for when n = a real number k. 4/3g(k-1)-1/3g(k-2). sub in 2-2/3^k 4/3 g(2-2/3^k - 1/3g(2-2/3^k -2). 4/3g(1-2/3^k) - 1/3g(-2/3^k). Therefore, for k natural number n, g(n) = 2 -2/3^n.  ",2,1,0,0,0,0,0,Seth,sp22
46,47,Exam 6,learningStudy/WrittenInduction_Recurrence_v3,this statement is true. Putting  g(n) =  2 -  2/3^n in to g(n). g(n) = 4/3 * (2 - 2/ 3^n-1)_ - 1/3 (2- 2/ 3^n_-2) = 6/3 - 8/3^n  +2/ 3^n-1 = 2 - 8/3^n + 6 / 3^n = 2- 2/3^n.,0,0,0,0,0,0,0,Seth,sp22
47,48,Exam 1,learningStudy/WrittenInduction_Recurrence_v3,"g(1) = 3/4

g(n) = 4/3 (n-1) - 1/3(n-2)

g(n+1) =  4/3 (n) - 1/3(n-1)

I have no idea after that",0,0,0,0,0,0,0,Seth,sp22
48,49,Exam 6,learningStudy/WrittenInduction_Recurrence_v3,"base case: g(2) = 2-2/3^2 = (4/3)*(4/3) -0 = 16/9

prove by induction:

for g(n)> 2, g(n) = 2-2/3^n

",1,1,0,0,1,0,0,Seth,sp22
49,50,Exam 6,learningStudy/WrittenInduction_Recurrence_v3,"First, we have the base cases that hold true since g(0)=2-2/3^0=0 and g(1)=2-2/3 = 4/3. Assuming g(n)=2-2/3^n, I will show for the n+1 this holds true. At g(n+1), I get 4/3g(n)-1/3g(n-1) = 4/3(2-2/3^n) -1/3(2-2/3^n+1).",2,2,2,1,0,2,2,Seth,sp22
50,51,Exam 1,learningStudy/WrittenInduction_Recurrence_v3,"I know that I supposed to prove g(n + 1) = 2 - 2/(3^(n+1)), so that I can prove g(n) = 2 - 2/3^n. But I can't figure out how to prove it.",0,0,0,0,0,0,0,Seth,sp22
51,52,Exam 6,learningStudy/WrittenInduction_Recurrence_v3,"Proof by induction. Base case: prove that $g(n) = 2 - \frac{2}{3^n}$, where n = 2. Since $g(2) = 4/3(4/3) - 1/3(0) = 16/9$ and $2 - \frac{2}{3^2} = 16/9$, the base case is true. Inductive premise: suppose $g(n) = 2 - \frac{2}{3^n}$, for $n >= 2$. Inductive hypothesis: if the inductive premise is true, then we need to prove k+1 is true. Inductive step: $g(k+1) = 2 - \frac{2}{3^{k+1}}$, for $n >= 2$. By the inductive premise, $g(k+1) = 4/3(g(k)) - 1/3(g(k-1)) = \frac{4}{3}(2 - \frac{2}{3^k}) - \frac{1}{3}(2 - \frac{2}{3^{k-1}})$. Simplifying this gives $\frac{2*3^{k+1} - 2}{3^{k+1}}$, which is equivalent to $2 - \frac{2}{3^{k+1}}$. Therefore, $g(k+1) = 2 - \frac{2}{3^{k+1}}$, which is what we need to prove.",1,2,2,1,2,2,2,Seth,sp22
52,53,Exam 1,learningStudy/WrittenInduction_Recurrence_v3,"g(n) = 4/3(4/3g(n-2) - 1/3g(n -3)) - 1/3(4/3g(n -3) +1/3(n - 4)), which is equals to (16/9g(n-2) - 8/9(n - 3) + 1/9(n - 4). With such expansion. The eventually outcome will be in a tree structure. And we wants to calculate the sum of each level. The g(n - x), x != 0 && x != n will be cancled. The eventually sum will converge to 2 - 2/3^n
",0,0,0,0,0,0,0,Seth,sp22
53,54,Exam 6,learningStudy/WrittenInduction_Recurrence_v3,"Have to do 2 steps, then the hypothesis and inductive step. Have to see if the equation works with both n=0 and n=1, and n=n-1 or n=n+1.",2,0,0,0,0,0,0,Seth,sp22
54,55,Exam 1,learningStudy/WrittenInduction_Recurrence_v3,"From the equation g(n) we can obtain that g(n) = g(n-2/3)

",0,0,0,0,0,0,0,Seth,sp22
55,56,Exam 1,learningStudy/WrittenInduction_Recurrence_v3,I don't know induction.,0,0,0,0,0,0,0,Seth,sp22
56,57,Exam 6,learningStudy/WrittenInduction_Recurrence_v3,"Base: For an nonnegative real number g. g(0) = 0 and g(1) = 4/3. 

Proof: g(n) = 2 - (2/3^n).

Induction: Given g(n) = (4/3)(g(n-1)) - (1/3)(g(n-2)) for any n >= 2, we can began by setting both equations equal to one another. When n = 2 for example, 2 - (2/3^2) = 16/9. Additionally, g(2) = (4/3)(g(2-1)) - (1/3)(g(2-2)) = 16/9. Therfore, these equations allow you to plug in values for any natural number n and get the same result for g(n) regardless of which equation is being used. 

This is what we needed to show.",2,1,2,1,0,0,0,Seth,sp22
57,58,Exam 1,learningStudy/WrittenInduction_Recurrence_v3,"$g(n) = \frac{4}{3}g(n-1)-\frac{1}{3}g(n-2)$.
Substitute $g(n) = 2- \frac{2}{3^{n}}, RHS = \frac{4}{3}(2- \frac{2}{3^{n-1}}) - \frac{1}{3}(2- \frac{2}{3^{n-2}}) = \frac{8}{3} - \frac{8}{3^{n}} - \frac{2}{3} + \frac{2}{3^{n-1}}$
$= 2 - \frac{8}{3^{n}} + \frac{6}{3^{n}} = 2 - \frac{2}{3^{n}} = LHS $
",0,0,0,0,2,2,2,Seth,sp22
58,59,Exam 6,learningStudy/WrittenInduction_Recurrence_v3,"Proof by induction on n.

Induction Predicate: Suppose that $g(n) = 2-\frac{2}{3^n}$ for any natural number $n$.

Base: Let n = 0. Then $g(0) = 0$ as stated above. But $g(0) = 2-\frac{2}{3^0} = 2-2=0$. So $g(n)$ holds true for $n=0$.

Induction Hypothesis: Suppose that $g(n) = 2-\frac{2}{3^n}$ when $n = 0, 1, ... k$. This means that $g(k) = 2-\frac{2}{3^k}$

Induction Step: We need to prove that $g(k+1) = 2-\frac{2}{3^{k+1}}$.

From the induction hypothesis, we know that 

$g(k+1) = g(k) + g(1)$

$= 2-\frac{2}{3^k} + \frac{4}{3}$

$= \frac{2*3^{k}}{3^{k}}-\frac{2}{3^k} + \frac{4*3^{k}}{3^k}$

$= 2-\frac{2+4*3^k}{3^k}*\frac{3}{3}$

$= 2-\frac{6+4*3^{k+1}}{3^{k+1}}$",1,2,2,2,2,1,2,Seth,sp22
59,60,Exam 6,learningStudy/WrittenInduction_Recurrence_v3,"We will prove this by induction.
Our Inductive Predicate is $g(n)=2-\frac{2}{3^n}$

We first look at the base cases n=0, 1. For g(0)=0, we also know g(0)=2-$\frac{2}{3^0}=2-\frac{2}{1}=0$. For g(1), we get g(1)=2-$\frac{2}{3^1}=2-\frac{2}{3}=\frac{4}{3}$ As such, the statement holds true for both base cases.

Now, we can assume this predicate holds true for all natural numbers up to generic natural number n, and we must show it holds for n+1 too.

We can say $g(n)=\frac{4}{3}g(n-1)-\frac{1}{3}g(n-2)$, and so we can say $g(n+1)=\frac{4}{3}g(n)-\frac{1}{3}g(n-1)$. Using $g(n)=2-\frac{2}{3^n}$ for n and n-1, we get:
$g(n+1)=\frac{4}{3}(2-\frac{2}{3^n})-\frac{1}{3}(2-\frac{2}{3^{n-1}})=\frac{8}{3}-\frac{8}{3^{n+1}}-\frac{2}{3}+\frac{2}{3^n}=\frac{6}{3}-\frac{8-2\cdot 3}{3^{n+1}}=2-\frac{2}{3^{n+1}}$.

We have shown that $g(n+1)=2-\frac{2}{3^{n+1}}$, and so the predicate works for n+1. Thus it works for any natural number n.",2,2,2,2,2,2,2,Seth,sp22
60,61,Exam 1,learningStudy/WrittenInduction_Recurrence_v3,I don't know how to do this problem. ,0,0,0,0,0,0,0,Seth,sp22
61,62,Exam 6,learningStudy/WrittenInduction_Recurrence_v3,"We need to prove $g(n) = 2 - \frac{2}{3^{n}}$ by induction on n.

Base Case (for n=1): $2 - \frac{2}{3^{1}} = \frac{6-2}{3} = \frac{4}{3}$

Inductive Hypothesis: $g(n) = 2 - \frac{2}{3^{n}}$ for n = 1, 2, ...k-2, k-1.

$g(k) = \frac{4}{3}g(k-1) - \frac{1}{3}g(k-2) = \frac{4}{3}(2 - \frac{2}{3^{k-1}}) - \frac{1}{3}(2-\frac{2}{3^{k-2}})$

$\implies \frac{8}{3} - \frac{8}{3^{k}} - \frac{2}{3} + \frac{2}{3^{k-1}} = \frac{8-2}{3} -\frac{8}{3^{k}} + \frac{2(3)}{(3)3^{k-1}} = 2 - \frac{2}{3^{k}}$",1,2,2,2,2,2,2,Seth,sp22
62,63,Exam 6,learningStudy/WrittenInduction_Recurrence_v3,"$g(n-1)=\frac{4}{3}g(n-2)-\frac{1}{3}g(n-3)$

$g(n)-g(n-1)=\frac{4}{3}g(n-1)-\frac{5}{3}g(n-2)+\frac{1}{3}g(n-3)$

$g(n)=\frac{7}{3}g(n-1)-\frac{5}{3}g(n-2)+\frac{1}{3}g(n-3)$

I cannot figure it out.",0,0,0,0,0,0,0,Seth,sp22
63,64,Exam 6,learningStudy/WrittenInduction_Recurrence_v3,"We can prove this by induction on n.

Base case: Let g(n) = 2 - 2/(3^n) be true for n = 2, 3, ... k-1.

g(2) = (4/3)g(1) - (1/3)g(0) = 16/9 - 0 = 16/9.

Inductive hypothesis: We can prove Let g(n) = 2 - 2/(3^n) is true for n = k.

Inductive step:  g(k) = 2 - 2/(3^(k))

if k = 2, g(2) = 2 - 2/9 = 16/9.

Therefore, this is true.",2,2,2,2,2,0,0,Seth,sp22
64,65,Exam 1,learningStudy/WrittenInduction_Recurrence_v3,"Let n be a natural number. Suppose that x = 2 - 2/(3^n)

When n = 0, x = 0. When n = 1, x = 4/3. When n = 2, x = 16/9. We can assume this pattern continues as n increases. Therefore, g(n) = = 2 - 2/(3^n). QED

",2,2,0,0,0,0,0,Seth,sp22
65,66,Exam 6,learningStudy/WrittenInduction_Recurrence_v3,"Proof of g by induction

Predicate: g(n) = 4/3g(1-(2/3^n)) - 1/3g(-2/3^n)

Initial: g(2) = 4/3g(1) - 1/3g(0) = 4/3(4/3) - 1/3(0) = 16/9 which is a real number.

Hypothesis: g(n) is a real number.

Proof:  

g(n) = 4/3g(1-(2/3^n)) - 1/3g(-2/3^n) for n >= 2.

g(2) = 4/3 g(1-2/9) - 1/3g(-2/3^n)",1,1,0,0,0,0,0,Seth,sp22
66,67,Exam 6,learningStudy/WrittenInduction_Recurrence_v3,"let $n \in \mathbb{N}$ and suppose $n > 1$ and we want to prove 
$$g(n)=2-\frac2{3^n}$$

$$g(n+1)=2-\frac2{3*3^n}$$

according to the def, $g(n+1) =\frac43g(n)-\frac13g(n-1)$

combine with $g(n)=2-\frac2{3^n}$, we have $2-\frac2{3*3^n}$

Q.E.D.",0,0,0,0,1,1,1,Seth,sp22
67,68,Exam 1,learningStudy/WrittenInduction_Recurrence_v3,"This number will forever approach 2. It can never be 2 because while the number is continually multiplied by 4/3, it's also subtracting 1/3 times one less power of 4/3 then what g(n) is on.",0,0,0,0,0,0,0,Seth,sp22
68,69,Exam 6,learningStudy/WrittenInduction_Recurrence_v3,"Let $n$ be a natural number.

Let $P(n) = g(n) = 2 - \frac{2}{3^n}$ for any $n$.

Base: $P(0) = 2 - \frac{2}{3^0} = 0$ and $P(1) = 2 - \frac{2}{3^1} = \frac43$. Because both base cases hold true, we can continue.

Inductive hypothesis: Let $P(n)$ hold true for $n = 0, 1, ... ,k-1$. 

Therefore, $g(k) = \frac43 (2-\frac{2}{3^{k-1}}) - \frac13(2-\frac{2}{3^{k-2}}) = 2 - \frac{2}{3^k}$ which is what we needed to show.",2,2,2,2,2,0,0,Seth,sp22
69,70,Exam 1,learningStudy/WrittenInduction_Recurrence_v3,"Does the claim hold for $n=0$ and $n=1$? Yes.

According to the claim,

$g(0)=2-\cfrac{2}{3^0}=0,g(1)=2-\cfrac{2}{3^1}=\cfrac{4}{3}$

which is true (according to the definition of $g$ provided).

does the claim agree with the last bullet of the definition of $g(n)$? (regarding values of $n\geq2$) Yes.

$(2-\cfrac{2}{3^n})=\cfrac{4}{3}(2-\cfrac{2}{3^{n-1}})-\cfrac{1}{3}(2-\cfrac{2}{3^{n-2}})$? Yes.

Simplifying the right hand side,

$\cfrac{4}{3}(2-\cfrac{2}{3^{n-1}})-\cfrac{1}{3}(2-\cfrac{2}{3^{n-2}})=$

$\cfrac{8}{3}-\cfrac{8}{3^n}-\cfrac{2}{3}+\cfrac{2}{3^{n-1}}=$

$2-\cfrac{8}{3^n}+\cfrac{2(3)}{3^n}=$

$2-\cfrac{2}{3^n}$ as it should.

This means that the claim holding true for $g(0)$ and $g(1)$ would entail the claim holding true for $g(2)$.

The truth of $g(1)$ and $g(2)$ entails the truth of $g(3)$, etc. for all

$g(4),g(5),g(6),...,g(n) \ n\in \mathbb{N}$ remaining.

The claim has thus been proven.",2,2,0,0,2,2,2,Seth,sp22
70,71,Exam 1,learningStudy/WrittenInduction_Recurrence_v3,"$g(1)=\frac4 3$  
$g(2) = \frac4 3g(1)-\frac1 3g(0) = \frac4 3(\frac4 3)-\frac1 3(0) = 2-\frac2 {3^2}=\frac{16}9$    
$g(k+2) = 2 - \frac2 {3^{k+2}}=2-$
",1,1,0,0,0,0,0,Seth,sp22
71,72,Exam 6,learningStudy/WrittenInduction_Recurrence_v3,"I will use induction to prove the above statement.

Case 1: n = 0. If n = 0, g(0) = 0. This is equal to 2 - $\frac{2}{3^0} = 2 - 2 = 0$

Case 2: n = 1. If n = 1, g(1) = $\frac{4}{3}$. This is equal to 2 - $\frac{2}{3^1} = 2 - \frac{2}{3} = \frac{4}{3}$

Case 3: n = 2. If n = 2, g(2) = $\frac{4}{3}g(2-1) - \frac{1}{3}g(2 - 2) = \frac{4}{3}*\frac{4}{3} - 0 = \frac{16}{9}$. This is equal to 2 - $\frac{2}{3^2} = 2 - \frac{2}{9} = \frac{16}{9}$.

The cases above prove that g(n) = 2 - $\frac{2}{3^n}$.
",2,2,0,0,0,0,0,Seth,sp22
72,73,Exam 6,learningStudy/WrittenInduction_Recurrence_v3,"WE prove that the base case g(n) is trivial. We assume g(n). We prove by induction. That means we can prove it for g(n+1) now. $g(n+1) = 4/3g(n) - 1/3g(n - 1)$. When you simplify, then you get something similar. This induction proof really tricked me. ",1,0,1,1,1,2,0,Seth,sp22
73,74,Exam 1,learningStudy/WrittenInduction_Recurrence_v3,"Suppose that g(n) = 2 - 2/3^n for any natural number n. Using the examples provided above, we find that n=0 and n=1, when plugged into the given equation, equal their expected values. Additionally, when n=2, we find g(2)=16/9, also its expected value. Thus, g of 0,1, and 2 have all proven to satisfy the equation given above. ",2,2,0,0,0,0,0,Seth,sp22
74,75,Exam 6,learningStudy/WrittenInduction_Recurrence_v3,"Base Case: Let the function g(n) be defined as a natural real number

Inductive Hypothesis: Since the functions are all the same, we can substitute values and use induction to prove the final equation for any natural number n.

Inductive Step: For the equation, if we plug in n=2 for g(n), we can use the values of g(0) and g(1), which are within the given bounds. Once we evaluate g(2), we get 16/9 - 0 = 16/9/
To check if the values are the same with final function we can plug in 2 to check out hypothesis. Evaluating g(2) gives us 2 - 2/(3)^2 = 2 - 2/9 = 16/9. Since the numbers are the same and they fall within the constraints of natural numbers and the bounds of n >= 2, we can say we have proved that g(n) = 2 - 2/(3)^2 for any natural number n. QED",1,2,0,0,0,0,0,Seth,sp22
75,76,Exam 6,learningStudy/WrittenInduction_Recurrence_v3,"Let $P(n) = 2 - \frac{2}{3^n}$.

Base cases: We need to prove that $P(0)$ and $P(1)$ are true. $P(0) = 2 - \frac{2}{3^0} = 0$. $P(1) = 2 - \frac{2}{3^1} = \frac{4}{3}$. So both cases are true. 

Inductive hypothesis: $P(n) = 2 - \frac{2}{3^n}$ holds true for $n = 0,1,...k - 1$.

Inductive step: We need to show that $P(k) =  2 - \frac{2}{3^k}$ holds true.

Using the definition of $g(n)$, $g(k)= \frac{4}{3}g(k-1) - \frac{1}{3}g(k-2)$. Through the inductive hypothesis, we can rewrite $g(k) = \frac{4}{3}(2 - \frac{2}{3^{k-1}}) - \frac{1}{3}(2 - \frac{2}{3^{k-2}})$. Distributing, we obtain $g(k) = \frac{8}{3} - \frac{8 \* 3}{3*(3^k)} - \frac{2}{3} + \frac{2 \* 9}{3 * (3^k)} = 2 - \frac{8}{3^k} + \frac{6}{3^k} = 2 - \frac{2}{3^k}$, which is what we wanted to prove. ",2,1,1,2,2,2,2,Seth,sp22
76,77,Exam 6,learningStudy/WrittenInduction_Recurrence_v3,"Assume P(n) be the statement that $\forall n \in N$, g(n) = 2 - $2\over3^n$.
To prove P(1) is true,

LHS = g(1) = $4\over3$; RHS = 2 - $2\over3^1$ = $4\over3$. Because LHS = RHS, P(1) is true.

Assume P(k) is true and therefore, $\forall k \in N$, g(k) = 2 - $2\over3^k$.

Now, we need to prove that P(k+1) is true.

LHS = g(k+1) = $4\over3$g(k) - $1\over3$g(k-1) = $4\over3$(2 - $2\over3^n$) - $1\over3$(2 - $2\over3^(k-1)$ =2 - $2\over3^k+1$ RHS. Thus, P(k+1) is true.

Because P(k+1) is true whenever P(k) is true, by the principle of mathematic induction, P(n) is true.",1,2,2,1,2,2,2,Seth,sp22
77,78,Exam 1,learningStudy/WrittenInduction_Recurrence_v3,"g(n) = 4/3g(n-1) - 1/3g(n-2) for n >_2

split into two equations

4/3g(n-1) = 4/3^(n)

1/3g(n-2) = 1/3^n * 4/3(N

not sure
",0,0,0,0,0,0,0,Seth,sp22
78,79,Exam 1,learningStudy/WrittenInduction_Recurrence_v3,"Let g(n) = 4/3g(n-1) -1/3g(n-2)
g(1) = 4/3

Hence g(n) simplified = 4/3*4/3-1/3*2(4/3)

This = 2-2/3^n",1,1,0,0,0,0,0,Seth,sp22
79,80,Exam 1,learningStudy/WrittenInduction_Recurrence_v3,"Proof:

if n = 2: 

if n > 3:

g(n) = 4/3*(4/3*g(n-2)-1/3*g(n-3)) - 1/3*(4/3*g(n-3) - 1/3*g(n-4))

g(n) = 16/3*g(n-2)-8/9*g(n-3) + 1/6*g(n-4)",0,0,0,0,0,0,0,Seth,sp22
80,81,Exam 6,learningStudy/WrittenInduction_Recurrence_v3,"since g(2) can be written as g(2) = 4/3 g(1) - 1/3g (0) = 16/9, which is equivalent to g(2) = 2 - 2 /3^2 = 16/9, which is our base case. g(2) can also be expressed as 4/3*g(1) - 1/3g(0) = 1/3 *g(1) *4 - 1/3*g(0) = 1/3[(g(1) * 4 - g(0)] which is 1/3 * (4/3) * 4. 2 - 2/3^n can also be written as 2(3^n -1) / 3^n, which is equivalent to 16/9.  ",1,2,0,0,0,0,0,Seth,sp22
81,82,Exam 1,learningStudy/WrittenInduction_Recurrence_v3,i don't know induction.,0,0,0,0,0,0,0,Seth,sp22
82,83,Exam 6,learningStudy/WrittenInduction_Recurrence_v3,"We will prove this by recursion of n.

Base cases: When n = 0, 1, and 2, $\frac{4}{3}g(n-1)-\frac{1}{3}g(n-2) =  2 - \frac{2}{3^n}$. So P(0), P(1), and P(2) are true.

Hypothesis: Let n be a natural number, and suppose $\frac{4}{3}g(n-1)-\frac{1}{3}g(n-2) =  2 - \frac{2}{3^n}$ is true for 0,1,2,...,k+1. We need to show $g(k+2) = \frac{4}{3}g(k+1)-\frac{1}{3}g(k) =  2 - \frac{2}{3^{k+2}}$ is true.

$g(k+2) = \frac{4}{3}g(k+1)-\frac{1}{3}g(k) = \frac{4}{3}(2-\frac{2}{3^{k+1}}) - \frac{1}{3}(2-\frac{2}{3^{k}}) = \frac{8}{3}-\frac{8}{3^{k+2}}-\frac{2}{3}+\frac{2}{3^{k+1}}$

$= 2 - \frac{8}{3^{k+2}} + \frac{6}{3^{k+2}} = 2 - \frac{2}{3^{k+2}}$.

This is what we needed to show.",2,1,1,2,2,2,2,Seth,sp22
83,84,Exam 1,learningStudy/WrittenInduction_Recurrence_v3,"g(1) = 2 - 2/3 = 4/3.

g(n) = 4g/3 (n-1) - g/3 (n-2)

(g/3) (4(n-1) - (n-2))
",0,0,0,0,0,0,0,Seth,sp22
84,85,Exam 6,learningStudy/WrittenInduction_Recurrence_v3,"We will prove the above statement with induction.

Base cases: we need to show that the cases for $g(0)$ and $g(1)$ hold true. So considering any natural number $n$,  $g(0) = 2 - \frac{2}{3^0} = 2- 2 = 0$, and $g(1) =  2 - \frac{2}{3^1} = \frac{4}{3}$. So the base case holds.

Inductive step: Now we need to show that $g(n)$ is true for all natural numbers. $n = {0 , 1, 2, ... , k}$. Suppose that $n = 2,$ so by substituting our base cases, $g(2) = \frac{4}{3}g(1) - \frac{1}{3}g(0) = \frac{16}{9}$. Similarly, the inductive hypothesis evaluates to the same value $g(2) = 2 - \frac{2}{3^2} = \frac{16}{9}$. Therefore, for any natural number $n$,  $g(n) = 2 - \frac{2}{3^n}$ holds. QED.",2,2,0,0,1,0,0,Seth,sp22
85,86,Exam 6,learningStudy/WrittenInduction_Recurrence_v3,"Proof by induction: g(n) = 2 - 2/(3^n). </br>
Base Cases: g(0) = 0 = 2 - 2/(3^0) = 0; g(1) = 4/3 = 2 - 2/3 = 4/3; g(2) = 4/3(4/3) - 1/3(0) = 16/9 = 2 - 2/(3^2) = 2 - 2/9 = 16/9. Therefore, all base cases pass.
Predicate hypothesis: Suppose g(n) = 2 - 2/(3^n) for any natural number n. </br>
Predicate step: Prove g(n+1) = 2 - 2/(3^n+1) for any natural number n. </br> 
g(n+1) = 4/3 ( 2- 2/(3^n)) - 1/3 (2 - 2/(3^n-1)). This equals 8/3 - 8/3(n+1) - 2/3 - 2/(3^n). This simplifies down to 6/3 - 6/3(3^n) = 2  - 2/(3^n). </br>
Therefore, g(n) = 2 - 2/(3^n) for any natural number n, QED.
",2,2,2,1,2,2,2,Seth,sp22
86,87,Exam 6,learningStudy/WrittenInduction_Recurrence_v3,"let n = 2
4/3 g(2-1) - 1/3 g(2-2) = 16/9
2-2/3^2 = 16/9

let n = k
g(n) = 4/3 g(k-1) - 1/3g(k-2)
g(n) + 1/3g(k-2) = 4/3g(k-1)
k + 1/3k-2 = 4/3k-1
3k + 1/3k-2 = 4k-1
3k + 1/3k = 4k+1
3 +1/3 = 4 +1/k
k = -2/3
so k can be any arbitrary number just add to both sides
so 2 - 2/3^k

",1,2,0,0,2,2,0,Seth,sp22
87,88,Exam 1,learningStudy/WrittenInduction_Recurrence_v3,"Let n be any natural number. g(0) = 0. g(1) = 4/3. g(n) = 4/3g(n-1) -1/3g(n-2). Basically, for any n, it is equal to 4/3 of the previous element - 1/3 of the 2nd previous element. But since the second previous element is just 4/3 of the previous element, we get that 2 - 2/3^n should be true for n. ",2,1,0,0,0,0,0,Seth,sp22
88,89,Exam 6,learningStudy/WrittenInduction_Recurrence_v3,"There is an integer k where n = 0, ... k - 1. g(k) = 2 - 2/3^k and we know that g(k) = 4/3g(k - 1) - 1/3g(k - 2).  g(k) = 2 - 2/3^(k-1) * 2/3. This turns into 4/3 * (2 - 2/3^(k-1)) - 1/3 * (2 - 2/3^(k-2)). This turns into 8/3 - 8/9^(k-1) - 2/3 + 1/3^(k-2). 8/3 - 2/3 + 1/3^k-2 - 8/9^k-1. This turns into 2 - 8/9^k-1 + 1/3^k-2 this can be turned into 2 - 8/9^k * 3 + 1/3^k * 9. This then turns into 2 - 24/9^k + 9/3^k. This then can turn into 2 - 2/3^n by some other step which I cannot think of. This is what we needed to show.",0,0,0,0,1,2,1,Seth,sp22
89,90,Exam 1,learningStudy/WrittenInduction_Recurrence_v3,"Since g(0) = 2 - 2 = 0 and g(1) = 2 - 2/3 = 4/3 and these numbers are also a result of 4/3g(n-1) - 1/3g(n-2), we are able to prove and conclude that g(n) = 2-2/3^n",2,2,0,0,0,0,0,Seth,sp22
90,91,Exam 6,learningStudy/WrittenInduction_Recurrence_v3,"Base Case: Let n = 0, g(0) = 0 as given and g(0) = 2 - 2/3^0 = 0 as well.

Induction: Suppose that the statement is true for integers of n up to k (0,1,2,3...k). We need to prove that the statement holds for k + 1. Therefore g(k + 1) = 4/3g(k) - 1/3g(k - 1) = 4/3(2 - 2/3^k) - 1/3(2 - 2/3^k-1) = 2 - 2/3^(k+1) which follows the form that we wanted to prove. Q.E.D.",1,1,2,2,2,2,2,Seth,sp22
91,92,Exam 6,learningStudy/WrittenInduction_Recurrence_v3,"Subsituting the values into the given equation to prove:

Let $n=0$. Then $g(0) = 2-\frac{2}{3^{0}} = 2-2 = 0$, which equals the given $g(0)=0$.


Let $n=1$. Then $g(1) = 2-\frac{2}{3^{1}} = \frac{6}{3} - \frac{2}{3} = \frac{4}{3}$, which equals the given $g(1)=\frac{4}{3}$.

Let $k \in N$ Plugging the $g(k)$ into the given recursive equation, we get:

$g(k) = \frac{4}{3}g(k-1) - \frac{1}{3}g(k-2)
      = \frac{4}{3}(2-\frac{2}{3^{k-1}}) - \frac{1}{3}(2-\frac{2}{3^{k-2}})
      = \frac{8}{3}-\frac{8}{3^{k}} - \frac{2}{3}+\frac{2}{3^{k-1}}
      = \frac{6}{3}-\frac{8}{3^{k}} + \frac{2}{3^{k-1}}
      = 2-\frac{8}{3^{k}} + \frac{2*3}{3^{k}}
      = 2-\frac{8}{3^{k}} + \frac{6}{3^{k}}
      = 2-\frac{2}{3^{k}}$
      
Because $g(k) = 2-\frac{2}{3^{k}}$ holds true for all $k \in Z$, we can conclude that the given equation $g(n) = 2-\frac{2}{3^{n}}$ is indeed true for any natural number $n$.

$QED$",2,2,0,0,2,2,2,Seth,sp22
92,93,Exam 1,learningStudy/WrittenInduction_Recurrence_v3,"We know that g(0) = 0, g(1) = 4/3, and g(n) = (4/3)g(n-1)-(1/3)g(n-2) for any natural number of n greater than or equal to 2.

Let's assume that g(n) = 2 - (2/3^n) for any natural number n.

Using the g(0) = 0, we can test the value in the equation of g(n) = 2 - (2/3^n) for any natural number n, which will result in g(0) = 0 

The same will go for plugging the value 1 into g(n), which will give us 4/3.

The original g(n) functions with values greater than 1 also works with the g(n) = 2 - (2/3^n) for any natural number n.

Plugging 2 for the value of n will result in 16/9 for both equations.

This means that g(n) = 2 - (2/3^n) works for any natural number n which is what we needed to prove.",2,2,2,1,0,0,0,Seth,sp22
93,94,Exam 1,learningStudy/WrittenInduction_Recurrence_v3,"Consider the definitions of g given above.

When trying to find g(n) for n >= 2 we can use these definitions to find a formual. 

Lets suppose g = 2.

If we plug this in to the formual for g(n) above we get g(2) = 4/3g(2-1) - 1/3 g(2-2)

Simplifying this we get g(2) = 4/3g(1) - 1/3 g(0). 

Since g(0) = 0 and g(1) = 4/3 this leaves us with g(2) = 16/9

The denominator of this fraction can be rewritten as 3^2. This leaves us with g(2) = 16/3^2

Again, assuming by the definition I am supposed to somehow plug in these numbers and use the 0 and 1 case given to help me with my proof, but not quite sure how to connect to the end. 



So g(n) = 2 - 2/3^n for any natural number n. ",1,1,0,0,0,0,0,Seth,sp22
94,95,Exam 1,learningStudy/WrittenInduction_Recurrence_v3,the pattern for g(n) can be written as (4g(n - 1) - g(n + 2))/3 which is equal to 1/3. Now we have to addg(0) and g(1) for the summation. Therefore the expression becomes 4 + 4g(n-1) - g(n-2).,0,0,0,0,0,0,0,Seth,sp22
95,96,Exam 6,learningStudy/WrittenInduction_Recurrence_v3,"Prove by induction:
Induction predicts that g(n)=2-2/3^n = 4/3g(n-1) - 1/3g(n-2)
Base case: g(n)=2-2/3^n when n=0
g(0)=0=2-2/(1), g(1) = 4/3 = 2-2/(3)
Inductive step: prove g(n)=2-2/3^n = 4/3g(n-1) - 1/3g(n-2) when n=k-1
g(k-1) = 2-2/3^(k-1) = 
g(k-1) = 4/3g(k-2) - 1/3g(k-3) = 
When two results are the same, we can deduce that g(n) = 2-2/3^n = 4/3g(n-1) - 1/3g(n-2) when n=k, by the definition of induction and domino theory.",2,2,0,1,2,2,0,Seth,sp22
96,97,Exam 6,learningStudy/WrittenInduction_Recurrence_v3,"Induction by n.
Since g(0) = 0 g(1) = 4/3 and g(n) = 4/3*g(n-1)  - 1/3*g(n-2)
Checking when n - 2, g(2) = 4/3*g(1) - 1/3*g(0) = 4/3*(4/3) - 1/3*(0) = 16/3.
Checking with g(n) = 2 - (2/(3^n)), g(2) = 2 - (2/9) = 16/9 which is valid.
WIth this as n is greater than or equal to two when inducting by n, we can confirm that g(n) = 4/3 * g(n-1) + 1/3*g(n-2) = 2 - (2/(3^n))",1,1,0,0,0,0,0,Seth,sp22
97,98,Exam 6,learningStudy/WrittenInduction_Recurrence_v3,"proof by induction of n

inductive predicate: g(n) = 2 - $\frac{2}{3^n}$ for any natural number n

base cases: g(0) = 0 = 2 - $\frac{2}{3^0}$ = 2 - 2 = 0. g(n) holds true when n = 0.

g(1) =  $\frac{4}{3}$ = 2 - $\frac{2}{3^1}$ = 2 - $\frac{2}{3}$ = $\frac{4}{3}$ . g(n) holds true when n = 1.

inductive hypothesis: suppose g(n) = 2 - $\frac{2}{3^n}$ for any natural number n = 1, 2, 3 $...$ k, so n = k

inductive step: g(n) = 2 - $\frac{2}{3^k}$

math steps 

proven that g(n) = 2 - $\frac{2}{3^n}$ by induction of n QED",2,2,2,2,0,0,0,Seth,sp22
98,99,Exam 6,learningStudy/WrittenInduction_Recurrence_v3,"Base case(s): g(2),g(3)

$g(2) = \frac{16}{9}+0 = \frac{18-2}{9} = 2-\frac{2}{3^2}$

$g(3) = \frac{64}{27}-\frac{12}{27} =  = \frac{54-2}{27} = 2-\frac{2}{3^3}$

Now for the general case. If it holds true for n-1 and n-2, then 

$g(n) = \frac{4}{3} g(n-1)-\frac{1}{3}g(n-2) = \frac{4}{3} (2-\frac{2}{3^{n-2}})-\frac{1}{3}(2-\frac{2}{3^{n-1}}) = \frac{3}{3} 2 - \frac{8+6}{3^n} = 2-\frac{2}{3^n}$

Since it holds true for the general case assuming our base case, this is proven true by induction",1,2,0,0,2,2,2,Seth,sp22
99,100,Exam 1,learningStudy/WrittenInduction_Recurrence_v3,"Let n be an arbitrary natural number. 

By definition, g(n) = (4/3)g(n-1) - (1/3)g(n-2). Then, g(n) = (4/3)((4/3)g(n-2) - (1/3)g(n-3)) - (1/3)((4/3)g(n-3) - (1/3)g(n-4)) = (16/9)g(n-2) - (8/9)g(n-3) - (1/3)g(n-4). ",0,0,0,0,0,0,0,Seth,sp22
100,101,Exam 1,learningStudy/WrittenInduction_Recurrence_v3,"Base case g(0) = 0, g(1) = 4/3
Inductive hypothesis: ??",1,1,0,0,0,0,0,Seth,sp22
101,102,Exam 6,learningStudy/WrittenInduction_Recurrence_v3,"Proof by induction on $n$.

$P(n): g(n) = \frac{4}{3}g(n-1) - \frac{1}{3}g(n-2) = 2 - \frac{2}{3^n}$.

Base Case: $n=2$
On the right side, $\frac{4}{3}*\frac{4}{3} - 0= \frac{16}{9}$ and on the left side, $2 - \frac{2}{3^2} = \frac{16}{9}$. So, $\frac{16}{9}=\frac{16}{9}$ and $P(n)$ is true for the base case, $n=2$.

Inductive hypothesis: Suppose $P(n)$ holds for $n=k$. Then, $g(k) = \frac{4}{3}g(k-1) - \frac{1}{3}g(k-2) = 2 - \frac{2}{3^k}$ is true.

Inductive step: Prove $P(n)$ holds for $n=k+1$. $g(k+1)$ $= \frac{4}{3}g(k)$ $- \frac{1}{3}g(k-1)$ $=2$ $- \frac{4}{3}$$*\frac{2}{3^k}$ $-\frac{1}{3}g(k-1)$. So, $g(k+1) =$ $\frac{4}{3}$*$\frac{2}{3^k}$ $- \frac{1}{3}*\frac{2}{3^{k-1}}$. This simplifies to $\frac{8}{3}$ $-\frac{8}{3^{k+1}}$ $-\frac{2}{3}$ $+\frac{2}{3^k}$ = $2 - \frac{2}{3^{k+1}}$.

So, because $P(n)$ holds for $n=2$, $n=k$, and $n=k+1$, $P(n)$ holds for all $n\in \mathbb{N}$, which is what we needed to show.",1,2,2,1,2,2,2,Seth,sp22
102,103,Exam 6,learningStudy/WrittenInduction_Recurrence_v3,"Inductive hypothesis, inductive step:

$ P(a): g(a) = 2 - \frac{2}{3^n} $, for any value a contained in $ 0,1,...,k+1$

Base cases: 

$ P(0): g(0) = 0 = 2 - \frac{2}{3^0} = 0$

$ P(1): g(1) = \frac{4}{3} = 2 - \frac{2}{3^1} = \frac{4}{3}$

$ P(1): g(2) = \frac{4}{3}g(1) - \frac{1}{3}g(0) = \frac{4}{3}(\frac{4}{3}) - \frac{1}{3}(0) = 16/9 = 2 - \frac{2}{3^2} = 16/9$

Proof by induction:

$ P(k+1): g(k+1) = \frac{4}{3}g(k) - \frac{1}{3}g(k-1) = \frac{4}{3}g(k) - \frac{1}{3}g(k-1) = \frac{4}{3}(2 - \frac{2}{3^k}) - \frac{1}{3}(2 - \frac{2}{3^{k-1}})$ 


$= 2 - \frac{2}{3^k}(\frac{4}{3} - 1) = 2 - \frac{2}{3^{k+1}}$

Thus the claim is proved by proof through induction.",2,2,2,1,2,2,2,Seth,sp22
103,104,Exam 1,learningStudy/WrittenInduction_Recurrence_v3,"Let g be a real number and a natural number.

When you plug in 0 for n in g(n) you get g(n) = 2 - 2/3^n.

g(n) = 2 - 2/3^n for any natural number n.",1,2,0,0,0,0,0,Seth,sp22
104,105,Exam 6,learningStudy/WrittenInduction_Recurrence_v3,"Proof by induction

Assume that for natural number n, n= 0, 1, 2, ..., k, $g(n) = 2 - \frac{2}{3^n}$

Using the definition of function g, $\frac{4}{3}g(n-1)-\frac{1}{3}g(n-2)$, we can substitute g(n-1) and g(n-2) terms with the inductive hypothses.

$g(k)=\frac{4}{3}(2-\frac{2}{3^{k-1}})- \frac{1}{3}(2-\frac{2}{3^{k-2}})$

Simplifying the exponents in the base 

$g(k)=\frac{4}{3}(2-\frac{6}{3^k})- \frac{1}{3}(2-\frac{18}{3^k})$

$g(k)=\frac{4}{3}(\frac{2*3^k-6}{3^k})- \frac{1}{3}(\frac{2*3^k-18}{3^k})$

...

$g(k) = 2- \frac{2}{3^k}$

Thus proving our orginal claim $g(n) = 2 - \frac{2}{3^n}$ is true.",0,0,2,2,2,2,2,Seth,sp22
105,106,Exam 1,learningStudy/WrittenInduction_Recurrence_v3,"Same thing. Don't know what ""induction"" is.

g(n) has 1/3 of the second previous number subtracted from 4/3's of the previous number.

g(n) can be rewritten as $\frac{1}{3} (4g(n-1) - g(n-2))$

I don't know where I'd go from here",0,0,0,0,0,0,0,Seth,sp22
106,107,Exam 6,learningStudy/WrittenInduction_Recurrence_v3,"We will be solving using proof by induction on n.

Induction Predicate

g(n) = 2 - 2/3^n for any natural number n.

Base Case

We are given that g(0) = 0, plugging in 0 to the g(n) = 2 - 2/3^n equation also gets you 0, so the base case is satisfied.

Induction Hypothesis

g(n) = 2 - 2/3^n is equal to 4/3g(n-1) - 1/3g(n-2) for any number n that is greater than or equal to two.

Induction Steps 

Through algebra, we can prove that both of these equations are equal when n is greater than or equal to two, and that the equation satisfies the values given for g(0) and g(1).

This proves that g(n) = 2 - 2/3^n for any natural number n.

",1,1,2,1,0,0,0,Seth,sp22
107,108,Exam 6,learningStudy/WrittenInduction_Recurrence_v3,"Proof:

Base Case: g(0) = 2 - 2/3^0 = 2 -2 = 0
g(1) = 2 - 2/3 = 4/3

Let's take an arbitrary natural number, 2. Then g(2) = 2 - 2/3^(2) = 2 - 2/9 = 16/9
g(2) = 4/3*g(1) - 1/3(g(0)) = 4/3(4/3) = 16/9

Since both are equal, this shows that g(n) = 2 - 2/3^n.",2,2,0,0,0,0,0,Seth,sp22
108,109,Exam 6,learningStudy/WrittenInduction_Recurrence_v3,"Proof by induction on n

Base Case: When natual number n = 0, g(0) = 0. 2-(2/3^0)=0, making the above claim true when n = 0. When n = 1, g(1) = 4/3. 2 - 2/3^1 = 4/3, making this claim true when n = 1. 

Induction Predicate: P(n) is the same as the function g(n) in this case and is valid for all natural numbers n.

Induction Hypothesis: Assume that the above statement is true for all n between 0 and k. 

g(k+1) = 4/3(g(k))-1/3(g(k-1)). This can be simplified to 4/3(2-(2/3^k)) - 1/3(2-(2/3^(k-1))). This can be simplified to 24/9 - 8/3^(k+1) - 6/9 +2/3k.  This equals to 2 - (8/3^(k+1) + 2/3^k. Further, this can be simplified to 2 - (8/3^(k+1)) + 6/3^(k+1). This equals 2 - 2/3^(k+1), making the statement true for all k+1, making it true for all natural numbers n. 

",2,2,1,1,2,2,2,Seth,sp22
109,110,Exam 1,learningStudy/WrittenInduction_Recurrence_v3,"If we get g(n) = 2 - 2/3^n, apply it to g(n) = 4/3g(n-1) - 1/3g(n-2), for n >= 2. Then g(n) = 4/3(2-2/3^n-1) - 1/3(2-2/3^n-2) = 8/3 - 8/3^n - 2/3 + 2/3^n-1 = 2 - 2/3^n. So g(n) = 2-2/3^n",0,0,0,0,2,2,2,Seth,sp22
110,111,Exam 1,learningStudy/WrittenInduction_Recurrence_v3,"This is a recursion problem. Bacause n greater or equal than 2, so we will minus from 2. 2/3^n can be calculated from each recursion.",0,0,0,0,0,0,0,Seth,sp22
111,112,Exam 6,learningStudy/WrittenInduction_Recurrence_v3,"g(n) = 4/3g(n-1) - 1/3g(n-2), for n >= 2
base case: g(0) = 0
proof by induction on n.
inductive hypothesis: g(n) = 4/3g(n-1) - 1/3g(n-2), for n>= 2
inductive step: n>= 2 -> n = 2 -> g(2) = 4/3g(1) - 1/3g(0) = 16/9 - 0 = 16/9.
G(2) = 2 - 2/3^2 = 18/9 - 2/9 = 16/9 
so, g(n) = 2- 2/3^n",1,1,2,1,0,0,0,Seth,sp22
112,113,Exam 6,learningStudy/WrittenInduction_Recurrence_v3,"We will solve this by proof by induction.

Base Case: For n = 0 g(0) = 2 - 2/1 = 0 and n = 1, g(1) = 2 - 2/3 = 4/3. So both hold.

Induction Hypothesis: So for some integer k, k + 1, k +2... this should hold.

Induction Step: g(k+1) = 2 - 2/3^k+1

2 - 2/3^k+2 = 2- 2/(3^k * 3^2) 

So, -- which is what we needed to show.



",2,2,2,1,2,0,0,Seth,sp22
113,114,Exam 6,learningStudy/WrittenInduction_Recurrence_v3,"Let n be a natural number and let g(n) = 4/3 * g(n-1) - 1/3 * g(n-2) for n >= 2. Assume g(n) = 2 - 2/3^n for any natural number n when n = {0, 1, 2, ..., k}. In order to prove that this statement is true we need to prove that this is true for k + 1. g(k+1) = 4/3 * g(k) - 1/3 * g(k - 1) = 4/3 * (2 - 2/3^k) - 1/3 * (2 - 2/3^(k-1)) = 8/3 - 8/3^(k+1) - 2/3 + 2/3^k = 6/3 - 8/3^(k+1) + 6/3^(k+1) = 2 - 2/3^(k+1). This proves that g(k+1) = 2 - 2/3^(k+1) which shows that g(n) = 2 - 2/3^n for any natural number n which is what we needed to show.",0,0,2,2,2,2,2,Seth,sp22
114,115,Exam 1,learningStudy/WrittenInduction_Recurrence_v3,"Proof:
Supose there is a function g who input is a natural number and whose output is a real number. Let's say that n = 2. Then, g(n) = 4/3(g(1)) - 1/3(g(0)) = 8/3. ",1,1,0,0,0,0,0,Seth,sp22
115,116,Exam 6,learningStudy/WrittenInduction_Recurrence_v3,"since we know what g(n) is, we see that at g(2) = 16/9.  Similarly, we know g(2) = 2 - 2(3^2) = 16/9.  Thus our base case is satisfied.

If we make n = k + 1, we get 4/3g(k) - 1/3g(k-1).  if we substitute, we get 4/3(2 - 2/(3^k)) - 1/3(2 - 2/(3^k-1)).  IF we simplify, we eventually get 2 - 2(3^k), which is what we needed to prove.",1,2,0,0,2,2,2,Seth,sp22
116,117,Exam 1,learningStudy/WrittenInduction_Recurrence_v3,"First, we notice that $g(0)=0 = 2-\tfrac{2}{3^0}$ and $g(1)=\tfrac{4}{3}=2-\tfrac{2}{3^1}$. Next, we use strong induction on all $n \geq 2$. Our base case is $n=2$. We have that $$g(2)=\tfrac{4}{3}g(1)-\tfrac{1}{3}g(0)=\tfrac{4}{3} \cdot \tfrac{4}{3} - \tfrac{1}{3} \cdot 0 = \tfrac{16}{9} = 2 - \tfrac{2}{3^2},$$ so our base case holds. Now, suppose that $$g(k)=2-\tfrac{2}{3^k}$$ for all natural numbers less than or equal to $k$. We want to show that $$g(k+1)=2-\tfrac{2}{3^{k+1}}.$$ We know that $$g(k+1)=\tfrac{4}{3}g(k)-\tfrac{1}{3}g(k-1).$$ From our induction hypothesis, this rewrites as $$g(k+1)=\tfrac{4}{3}(2-\tfrac{2}{3^k})-\tfrac{1}{3}(2-\tfrac{2}{3^{k-1}}).$$ Note that $$\tfrac{4}{3}(2-\tfrac{2}{3^k})-\tfrac{1}{3}(2-\tfrac{2}{3^{k-1}})=\tfrac{8}{3}-\tfrac{8}{3^{k+1}}-\tfrac{2}{3}+\tfrac{2}{3^{k}}=2-\tfrac{2}{3^{k+1}}.$$ Thus, we have completed our induction.",2,2,2,2,2,2,2,Seth,sp22
117,118,Exam 1,learningStudy/WrittenInduction_Recurrence_v3,"Let n be any natural number. 4/3(g(n - 1)) - 1/3g(n-2) g(n - 1). The equations cancel each other out. Thus, g(n) = 2 - 2/3^n. QED",0,0,0,0,0,0,0,Seth,sp22
118,119,Exam 1,learningStudy/WrittenInduction_Recurrence_v3,"g(n) = 4/3*g(n-1) - 1/3*g(n-2) for n greater than or equal to 2.

Since n has to be a natural number, suppose n = 2. Then g(2) = 4/3*g(2-1) - 1/3*g(2-2) = g(2) = 4/3*4/3 - 1/3*0 = 16/9.

This can be rewritten as 2 - 2/(3^2).

Thus, by induction, g(n) = 2 - 2/(3^n) for any natural number n.",1,2,0,0,0,0,0,Seth,sp22
119,120,Exam 6,learningStudy/WrittenInduction_Recurrence_v3,"hypothesis

basis
",0,0,0,0,0,0,0,Seth,sp22
120,121,Exam 6,learningStudy/WrittenInduction_Recurrence_v3,"When n = 2, $g(2) = \frac{4}{3}(\frac{4}{3}) - \frac{1}{3}(0) = (\frac{4}{3})^{2} = \frac{16}{9} = 2 - \frac{2}{3^{2}}. g(3)= \frac{4}{3}g(2) - \frac{1}{3}g(1) = \frac{4}{3}(2 - \frac{2}{3^{2}}) - \frac{1}{3}(\frac{4}{3}) = \frac{52}{27}$. Assume that $g(n)=2 - \frac{2}{3^{n}}, g(n-1) = 2 - \frac{2}{3^{n-1}} g(n) - g(n-1) = -\frac{2}{3^{n}} +\frac{2}{3^{n-1}} = \frac{4}{3^{n}}$. If n keep reducing to 3, g(3) - g(2) = $\frac{52}{27} - \frac{16}{9} = \frac{4}{27} = \frac{4}{3^{3}}$. Since g(3) and g(2) follows the rule, g(n) should be equal to $2-\frac{2}{3^{n}}$.",1,2,2,0,0,0,0,Seth,sp22
121,122,Exam 6,learningStudy/WrittenInduction_Recurrence_v3,"Base case:
$g(1) = 4/3 = 2 - 2/3$

$g(2) = (4/3)g(1) - (1/3)g(0) = 16/9 = 2 - 2/(3^2)$

Inductive hypthesis
Suppose that $g(n) = 4/3g(n-1) - 1/3g(n-2) = 2 - 2/3^n$ holds true for any natural number $n = 1, 2, 3, ..., k$.

Inductive step.
We want to show that $g(k+1) = 2 - 2/3^{k+1}$
By the inductive hypothesis:
$g(k+1) = (4/3)g(k) - (1/3)g(k-1) = (4/3)(2-(2/3^k)) - (1/3)(2-(2/3^{k-1}))$

... some arithmetic that i was not able to figure out.

We have proven that $g(k+1) = 2 - 2/3^(k+1)$. Q.E.D.",2,2,1,2,2,2,2,Seth,sp22
122,123,Exam 6,learningStudy/WrittenInduction_Recurrence_v3,"Proof of n by induction

Induction Hypothesis:

Induction Predicate:

Inductive Step:

Base Case: P(0)

$g(n) = 2 - \frac{2}{3^n}$ and this is what we needed to show.",1,0,0,0,0,0,0,Seth,sp22
123,124,Exam 1,learningStudy/WrittenInduction_Recurrence_v3,"We are given information in the question that states that g(n) = 4/3g(n-1) - 1/3g(n-2) for n >= 2. We can rewrite g(n-1) = 4/3g(n-2) - 1/3g(n-3). When substituting this back into our original equation, we get g(n) = 4/3(4/3g(n-2) - 1/3g(n-3)) - 1/3g)n-2. ",0,0,0,0,0,0,0,Seth,sp22
124,125,Exam 6,learningStudy/WrittenInduction_Recurrence_v3,"Base Case:

k = 2

g(2) = 16/9;

2-2/3^k = 16/9;

Hence, this is true for k = 2. 

Inductive step:

If this is true for k = 0, It must be true for k = 3 ... k-1.

Algebraic step: 


I don't know how to continue from here. 
",1,2,1,1,0,0,0,Seth,sp22
125,126,Exam 6,learningStudy/WrittenInduction_Recurrence_v3,"We will prove for n by induction. We have the base case n = 2 where g(n) evaluates to 16/9. We see that the equation g(n) = 2 - 2/3^n also evalutues to 16/9 for the base case. This should hold true for n = 0,1,2,3,...n-1. When we plug in n -1 into the equation we see that g(n) = 2 - 2/ 3 ^n-1 which is what we needed to prove.",1,2,1,2,1,0,0,Seth,sp22
126,127,Exam 1,learningStudy/WrittenInduction_Recurrence_v3,I tried but unfortunatley could not come up with a proof.,0,0,0,0,0,0,0,Seth,sp22
127,128,Exam 6,learningStudy/WrittenInduction_Recurrence_v3,"g(n) = 2- 2/3^n

n = 0, g(0) = 0, n = 1, g(1) = 2 -2/3 = 4/3

n = 1, 2, ... k - 1

g(k - 1) = 4/3(g( k -2) - 1/3g(k -3)

g(k - 1) = 4/3(2- 2/3^(k - 2)) - 1/3(2 - 2/3^k -3))

= 2 - 8/9^(k - 2) +  2/9^(k - 3)

= 2 - 2/3^(k - 1)

",2,2,0,1,2,2,2,Seth,sp22
128,129,Exam 1,learningStudy/WrittenInduction_Recurrence_v3,"In order to prove the given claim, we shall again take an example, with n = 2. 

Thus, g(2) = (4/3)g(2-1) - (1/3)g(2-2)

or, g(2) = (4/3)g(1) - (1/3)g(0)
=> g(2) = (4/3)*(4/3) - (1/3)(0)

=> g(2) = 16/9.

If we plug in the value of 2 in place of n in 2 - 2/(3^n), we get, 

2 - 2/(3^2) = 2 - 2/9 = (18-2)/9 = 16/9.

Since both the values that we get are the same, we can say that the given claim is true. ",0,0,0,0,0,0,0,Seth,sp22
129,130,Exam 1,learningStudy/WrittenInduction_Recurrence_v3,I do not know how to do this proof by induction because his maaterial has not be covered yet in our course and I havent seen it before.,0,0,0,0,0,0,0,Seth,sp22
130,131,Exam 6,learningStudy/WrittenInduction_Recurrence_v3,"We will prove the following statement by induction. Suppose n = 0. Then $g(0) = 2 - \frac{2}{3^0} = 0$. Let's suppose the statement holds for n = 1, 2, 3, ..., k. We will prove that the statement holds for k + 1. So $g(k + 1) = \frac{4}{3}g(k) - \frac{1}{3}g(k - 1) = \frac{4}{3}(2 - \frac{2}{3^k}) - \frac{1}{3}(2 - \frac{2}{3^{k-1}}) = 2 - \frac{2}{3^n}$, which is what we needed to show.",1,2,2,2,2,2,2,Seth,sp22
131,132,Exam 6,learningStudy/WrittenInduction_Recurrence_v3,"Suppose g(n)=2-2/(3^n)

",0,0,0,0,0,0,0,Seth,sp22
132,133,Exam 1,learningStudy/WrittenInduction_Recurrence_v3,"Since this function is recursive, you would have to plug in g(n-1) n-2 times in order to get an equation in which there is only 1 term, g(1), you would need to plug in to recieve a correct answer. The denominator increases by a factor of 3 with each recursion, giving 3^n for the final answer. 

I'm not sure where to go with the rest of this.",0,0,0,0,0,0,0,Seth,sp22
133,134,Exam 1,learningStudy/WrittenInduction_Recurrence_v3,"g(n) = 4/3g(n-1) - 1/3g(n-2)

= 4gn/3 -1gn/3 -4/3 + 2/3

= gn -2/3

?",0,0,0,0,0,0,0,Seth,sp22
134,135,Exam 1,learningStudy/WrittenInduction_Recurrence_v3,"Step 1: Prove for case n = 1

LHS $= g(1) = \frac{4}{3}$

RHS $= 2-\frac{2}{3^1} = \frac{4}{3} =$ LHS

Step 2: Assume statement is true for n = m

$\frac{4}{3}g(m-1)-\frac{1}{3}g(m-2) = 2-\frac{2}{3^m}$

Step 3: n = m + 1

LHS $= \frac{4}{3}g(m)-\frac{1}{3}g(m-1) = \frac{4}{3}(2-\frac{2}{3^m})-\frac{1}{3}(2-\frac{2}{3^{m-1}}) = \frac{8}{3}-\frac{8}{3^{m+1}}-\frac{2}{3}+\frac{2}{3^m} = 2 - \frac{2}{3^{m+1}}$

RHS $= 2 - \frac{2}{3^{m+1}}$ = LHS

Hence proved by P.M.I.",1,2,2,1,2,2,2,Seth,sp22
135,136,Exam 6,learningStudy/WrittenInduction_Recurrence_v3,"Inductive predicate: Let's assume that $P(n): g(n) = 2 - \frac{2}{3^n}$ for integers n = 0, 1, 2, ..., k + 1.

Base case: At $n = 0$,  $g(0) = 0$ and also $2 - \frac{2}{3^0}$. At $n = 1$,  $g(1) = \frac{4}{3}$ and also $2 - \frac{2}{3^1}$. At $n = 2$,  $g(2) = \frac{4}{3}(\frac{4}{3}) - \frac{1}{3}(0)$ and also $2 - \frac{2}{3^2}$. Thus the predicate holds true for our base cases. 

Inductive hypothesis: According to our assumption, the predicate should hold true for n = k and n = k + 1. So, $P(k): g(k) = 2 - \frac{2}{3^{k}}$ and $P(k + 1): g(k +1 ) = 2 - \frac{2}{3^{k + 1}}$. 

Now let us try to prove that the predicate holds for n = k + 2. Using the definition g(n), we see that $P(k + 1): g(k +2 ) = \frac{4}{3}(k+1) - \frac{1}{3}(k) = \frac{4}{3}(2 - \frac{2}{3^{k + 1}}) - \frac{1}{3}(2 - \frac{2}{3^{k}}) = \frac{8}{3} - \frac{2}{3} - \frac{8}{3^{k+2}} + \frac{2}{3^{k+1}}$
$= 2 + \frac{6-8}{3^{k + 2}} = 2 - \frac{2}{3^{k+2}}$

Since, $P(k + 1): g(k +2 ) = 2 - \frac{2}{3^{k+2}}$. We see that the predicate holds true for k + 1. By induction, it holds true for any natural number n. ",2,2,2,2,1,1,2,Seth,sp22
136,137,Exam 1,learningStudy/WrittenInduction_Recurrence_v3,"For the base case where n = 2, g(2) = 16/9  = 2 - 2/9 true.

Induction: 
g(n - 2) = 4/3g(n-1) - 1/3g(n-2) ",1,2,0,0,0,1,2,Seth,sp22
137,138,Exam 6,learningStudy/WrittenInduction_Recurrence_v3,"We need to prove that g(k) = 2 - 2/3^k. Since there we know that 4/3g(k-1) - 1/3(k-2), we can use these values. Since n is a natural number, the numbers must n>0, therefore, since n must be greater than or equal to 2, we know that g(k) = 2 - 2/3^k.",0,0,0,0,0,0,0,Seth,sp22
138,139,Exam 6,learningStudy/WrittenInduction_Recurrence_v3,"Base case:
g(0) = 2 - 2/1 = 0. This shows that g(0) holds true.
g(1) = 2 - 2/3 = 4/3. This shows that g(1) holds true.

Inductive hypothesis:
Let g(n) = 2 - (2/3^n)

Inductive step:
We can let n = k+1. Then, we get that g(n) = 4/3 g(k) - 1/3 g(k-1). We know that g(k) = 2 - 2/3^k. By substitution, we can get 4/3 (2 - 2/(3^k)) - 1/3 (2 - 2/(3^k-1)). Simplifying this further, we arrive to the conclusion that g(n) is indeed 2 - (2/3^n). This is what we needed to show.",2,2,2,0,2,2,2,Seth,sp22
139,140,Exam 1,learningStudy/WrittenInduction_Recurrence_v3,"Let g be a natural real number. By definition of g(0) = 0, g(1) = 4/3, and g(n) = 4/3g(n-1)-1/3 g(n-2) for n >= 2. By substitution 2- 2/3^n = 4/3(g(n-1)) - 1/3(g(n-2)). This only works if n >= 2.",0,0,0,0,0,0,0,Seth,sp22
140,141,Exam 6,learningStudy/WrittenInduction_Recurrence_v3,"Since n is in the set from natural numbers to real numbers, we can see that g(1) = 4/3. We are given that g(n) = 4/3g(n - 1) - 1/3g(n - 2). Continuing that pattern, we would get 2 - 2/3^n, which proves our claim.",0,0,0,0,0,0,0,Seth,sp22
141,142,Exam 1,learningStudy/WrittenInduction_Recurrence_v3,0 + 4/3 = 4/3g(n-1),0,0,0,0,0,0,0,Seth,sp22
142,143,Exam 1,learningStudy/WrittenInduction_Recurrence_v3,g(n) = (4/3n - n),0,0,0,0,0,0,0,Seth,sp22
143,144,Exam 6,learningStudy/WrittenInduction_Recurrence_v3,"Sustituing 1 to g(n) = 2-2/3^n, we find the answer is equal to 4/3, which is equals to g(1) = 4/3. This formula works for 0 to n-1. When n, sustituing to the formula and we find it also works.",1,2,0,0,0,0,0,Seth,sp22
144,145,Exam 6,learningStudy/WrittenInduction_Recurrence_v3,"We will prove the claim by induction on $n$.

Base step: We will start with the first base step, $n=0$. Then, $2-\frac{2}{3^0} = 2-2 = 0$ and also $0 = 0$. Therefore, $g(0)$ holds true. The next base step is $n=1$, so $2-\frac{2}{3^1} = 2 - \frac{2}{3} = \frac{4}{3}$ and also $\frac{4}{3} = \frac{4}{3}$. Therefore, $g(1)$ holds true. We will prove the final base step, $n=2$, so $2-\frac{2}{3^2} = 2 - \frac{2}{9} = \frac{16}{9}$ and also $\frac{4}{3}g(2-1) - \frac{1}{3}g(2-2) = \frac{4}{3}(\frac{4}{3}) - \frac{1}{3}(0) = \frac{16}{9}$, so $g(2)$ holds true.

Induction hypothesis: Suppose $\frac{4}{3}g(k-1) - \frac{1}{3}g(k-2) = 2-\frac{2}{3^k}$ for all $k \geq 2$. Then we need to prove $\frac{4}{3}g(k) - \frac{1}{3}g(k-1) = 2-\frac{2}{3^{k+1}}$ for all $k \geq 2$.

Induction step: Starting with the left hand side, $\frac{4}{3}g(k) - \frac{1}{3}g(k-1)$ is equal to $\frac{4}{3}(\frac{4}{3}g(k-1) - \frac{1}{3}g(k-2)) - \frac{1}{3}g(k-1)$ by definition of $g(n)$.

Simplifying, we get $\frac{16}{9}g(k-1) - \frac{4}{9}g(k-2) - \frac{1}{3}g(k-1) = \frac{13}{9}g(k-1) - \frac{4}{9}g(k-2)$

...

Therefore, we have proven $\frac{4}{3}g(k) - \frac{1}{3}g(k-1) = 2-\frac{2}{3^{k+1}}$ for all $k \geq 2$, so the original claim is proven by induction.",2,2,2,1,2,2,0,Seth,sp22
145,146,Exam 1,learningStudy/WrittenInduction_Recurrence_v3,"let us look at the first two cases given, g(0) = 0 and g(1) = 4/3  
suppose a = g(0) = 0 and b = g(1) = 4/3  
if we put n = 0 into the formula g(n) = 2 - 2/(3^n), we get g(0) = 2 - 2/1 = 0 which equals a  
if we put n = 1 into the formula, we get g(1) = 2 - 2/3 = 4/3 which equals b   
now let us look at the third case, g(n) = 4/3g(n-1) - 1/3g(n-2) for n >= 2 
suppose c = g(3) = 4/3g(2) - 1/3g(1)  
g(2) = 4/3g(1) - 1/3g(0) = 16/9  
g(1) = 4/3  
c = g(3) = 4/3g(2) - 1/3g(1) = 4/3(16/9) - 1/3(4/3) = 1.9259   
if we put n = 3 into the formula g(n) = 2 - 2/(3^n), we get g(3) = 2 - 2/(3^3) = 2- 2/27 = 1.9259 which equals c  
In all three cases, the formula holds true, thus g(n) = 2 - 2/3^n must be true for any natural number n.
",2,2,0,0,0,0,0,Seth,sp22
146,147,Exam 6,learningStudy/WrittenInduction_Recurrence_v3,"Inductive predicate: $P_n$ : $g(n) = 2- \frac{2}{3^n}$ for $n\in\mathbb{N}$

Base case: When $n=0$, $2- \frac{2}{3^n} = 0$ and $g(0) = 0$. Therefore, $P_0$ is true. When $n=1$, $2-\frac{2}{3^n} = \frac{4}{3}$ and $g(1) = \frac{4}{3}$. Therefore,$P_1$ is true.

Inductive hypothesis: If $P_n$ is true for $n=0,1,...,k$, then $P_{k+1}$ is also true. $k\in\mathbb{N}$.

Inductive step: For $P_{k+1}$, starting from the left hand side, $g(k+1) = \frac{4}{3}g(k) - \frac{1}{3}g(k-1)$. Since $P_{k}$ and $P_{k-1}$ is true, $g(k+1) = \frac{4}{3}(2-\frac{2}{3^k}) - \frac{1}{3}(2- \frac{2}{3^{k-1}}) = 2-\frac{2}{3^{k+1}}$. Therefore, $P_{k+1}$ is true.",2,2,2,2,2,2,2,Seth,sp22
147,148,Exam 6,learningStudy/WrittenInduction_Recurrence_v3,"Suppose $g:\mathbb{N} \to \mathbb{R}$ be a function with $g(0) = 0,$ $g(1) = 4/3,$ and,$\forall n \ge 2, g(n) = (4/3)g(n-1)- (1/3)g(n-1).$

$\forall n \in \mathbb{N}$, let, $P(n) := g(n) = 2 - 2/3^n.$

We will use induction to show $\forall n \in \mathbb{N},g(n)$ is true.

First, consider $g(0) = 2 - 2/1 = 0$ and $g(1) = 2 - 2/3,$ hence, $P(1), P(2)$ are true.

Now we will assume $P(n-2), P(n-1)$ are true.

By our inductive hypothesis, $g(n) = 4/3 (2 - 2/3^{n-1}) - 1/3 (2 - 2/3^{n-2})$.

That is, $g(n) = 8/3 - (8/3)/3^{n-1} - 2/3 + 2/3^{n-1} = 2 - 2/3^n.$

Hence, $P(n)$ is true given that $P(n-1), P(n-2)$ are.

$\square$",2,2,2,2,2,2,2,Seth,sp22
148,149,Exam 6,learningStudy/WrittenInduction_Recurrence_v3,g(n) = 4/3 g(n - 1) - 1/3 g(n - 2) = 2 - 2/$3^n$,0,0,0,0,0,0,0,Seth,sp22
149,150,Exam 1,learningStudy/WrittenInduction_Recurrence_v3,"by induction, g(n) = 2 - 2/3^n",0,0,0,0,0,0,0,Seth,sp22
150,151,Exam 1,learningStudy/WrittenInduction_Recurrence_v3,"Let n be a natural number. 

The base case is for n = 0 where g(0) = 0 and n = 1 where g(1) = 4/3. 


",2,1,0,0,0,0,0,Seth,sp22
151,152,Exam 1,learningStudy/WrittenInduction_Recurrence_v3,"Let $n$ be a natural number.

Because $g(0) = 2 - \frac{2}{3^0} = 2 - 2 = 0$, $g(1) = 2 - \frac{2}{3^1} = \frac43$, and $g(2) = 2-\frac{2}{3^2} = \frac{16}{9}$, we can conclude that $g(n) = 2 - \frac{2}{3^n}$ holds true for any natural number $n$.",2,2,0,0,0,0,0,Seth,sp22
152,153,Exam 6,learningStudy/WrittenInduction_Recurrence_v3,"g(1) is true

Assume g(n) is true

g(n+1) = 4/3g(n) - 1/2g(n-1) = 8/3-8/(3^(n+1))-2/3+2/3^n

= 2 - 2/3^(n+1)

QED",1,1,1,0,2,2,2,Seth,sp22
153,154,Exam 6,learningStudy/WrittenInduction_Recurrence_v3,"Proof by induction on n.

Induction Predicate: Suppose that g is a function that takes a natural number and returns a real number.  For any natural number n, $P(n): g(n) = 2 - \frac2{3^n}$.

Base Case: P(0) is true.  $g(0) =  0, \ 2 - \frac2{3^0} = 2 - 2 = 0.$  Therefore the base case is true.

Inductiuon Hypothesis:  Where n = {0, 1, 2,..., k - 1, k}, if P(n) is true, than P(k+1) is true.

Inductive Step:  Suppose that P({0, 1, 2,..., k - 1, k}) is true.  This means that $g(k - 1) = 2 - \frac2{3^{k - 1}}$ and $g(k) = 2 - \frac2{3^k}$.  $g(k + 1) = \frac43g(k) - \frac13g(k-1) = \frac43(2 - \frac2{3^k}) - \frac13(2 - \frac2{3^{k - 1}}) = \frac83 - \frac8{3^{k+1}} - \frac23 + \frac2{3^k} = \frac63 + \frac2{3^k} - \frac8{3^{k+1}}$ 
$= 2 + \frac6{3^{k+1}} - \frac8{3^{k+1}} = 2 - \frac2{3^{k+1}}.$ Which means P(k+1) is true, which means the Induction Hypothesis is true.

Conclusion: Because both the base case and the induction hypoithesis is true, $g(n) = 2 - \frac2{3^n}$ is true via induction on n. QED.",1,2,2,2,2,2,2,Seth,sp22
154,155,Exam 1,learningStudy/WrittenInduction_Recurrence_v3,Suppose g(n) = 4/3 g(n-1) - 1/3 g(n-2). Then when n = 2 we get 4/3 (4/3) = 16/9. 16/9 = 2 - 2/9 or 2 - 2/3^2 which the 3 is squared due to the fact that n is 2. This is because each term is multiplyed by 4/3 which is equivalent to 2 - 2/3 and thus the claim is true.,1,2,0,0,0,0,0,Seth,sp22
155,156,Exam 1,learningStudy/WrittenInduction_Recurrence_v3,"Proof: We'll prove the claim using proof by induction

Let g be $N$ -> $R$.

Suppose g(0) = 0, g(1) = 4/3, and g(n) = (4/3)*g(n - 1) - (1/3)*g(n - 2) for, n >= 2.

Base case:

Let n = 0

Since n = 0, then g(0) = 0

Let n = 1

Since n = 1, then g(1) = 2 - (2 - $3^n$) = 4/3

Hence base case holds true

Induction step:

Since base case is true, we can say:

g(n) -> g(n + 1)

We then get that g(n) = 2 - (2/$3^n$)

Hence, through proof by induction, g(n) = 2 - (2/$3^n$)",2,2,1,1,0,0,0,Seth,sp22
156,157,Exam 6,learningStudy/WrittenInduction_Recurrence_v3,"g(n) = 2 - 2/3^2 is true for any natural number n since g(n) = (4/3)g(n-1) - (1/3)g(n-2) for n >= 2. We are also given g(0) and g(1), so as a result we can conclude that the claim is true for all natural numbers n.",0,0,0,0,0,0,0,Seth,sp22
157,158,Exam 1,learningStudy/WrittenInduction_Recurrence_v3,"Let g(2) = (4/3)4/3 - 1/3(0) = 16/9

16/9 = 2(3^2 - 1)/3^2

Let g(3) = 4/3(g(2)) - 1/3(4/3) = 52/27 = 2(3^3 - 1)/3^3

g(4) = 4/3(2(3^2 - 1)/3^2 - 1/3(2(3^3 - 1)/3^3 = 2(3^4 -1)/3^4

By following this pattern, the claim is proved.





",1,2,0,0,0,0,0,Seth,sp22
158,159,Exam 1,learningStudy/WrittenInduction_Recurrence_v3,"Let's set n=4

2-(2/3^n) = 160/81

g(2) - (4/3)g(1)-(1/3)g(0) = 16/9

g(3) = (4/3)g(2)-(1/3)g(1) = (4/3)(16/9) - (1/3)(4/3) = 52/27

g(4) = (4/3)g(3)-(1/3)g(2) = (4/3)(52/27) - (1/3)(16/9) = 160/81

So, g(n) = 2- 2/3^n. I know this isn't the right way to do this but we haven't learned proof by induction
",0,0,0,0,0,0,0,Seth,sp22
159,160,Exam 6,learningStudy/WrittenInduction_Recurrence_v3,"Base case: For n = 0

$g(0)=2-\frac{2}{1}=0$

Showing that the statement is true for n = 0.

Inductive hypothesis:

Assument that the statment is true for some n = k.

$g(k)=2-\frac{2}{3^k}$

Inductive Step:

We must show that for some n = k + 1,

$g(k+1)=2-\frac{2}{3^{k+1}}$

holds.

Consider:

By the inductive hypothesis

$g(k+1) = \frac{4}{3} g(k)- \frac{1}{3} g(k-1)= \frac{4}{3}(2- \frac{2}{3^{k}} )- \frac{1}{3} (2- \frac{2}{3^{k-1}}) = \frac{8}{3}-\frac{8}{3^{k+1}}-\frac{2}{3}+\frac{2(3)}{3^k(3)}$

$=\frac{6}{3}-\frac{2}{3^{k+1}}=2-\frac{2}{3^{k+1}}$

Showing that the inductive step holds when assuming the inductive hypothesis is true, signifing that the original statement is true.",1,2,2,1,2,2,2,Seth,sp22
160,161,Exam 6,learningStudy/WrittenInduction_Recurrence_v3,"n is inductive. Base case: g(0) = 0 and g(1) = 4/3. Hypothese: g(n) = 4/3g(n-1) - 1/3(n-2) for n >= 2 = 2 - 2/3^n. Inductive step: h(n) = 2-2/3^n by plugging in k - 1, where k is an natural number. 4/3g(k-2) - 1/3g(k-3). We can plug in k = 3. 4/3g(3-2) - 1/3g(3-3) = 4/3 g(1) - 1/3g(0) = 16/9. g(3) = 2 - 2/3^3 = 2 - 2/9 = 16/9. With k - 1, we proved that g(n) = 2 - 2/3^n. Therefore, g(n) = 2 - 2/3^n which is what we wanted to prove.",1,2,1,1,0,0,0,Seth,sp22
161,162,Exam 6,learningStudy/WrittenInduction_Recurrence_v3,"Let n = 0 be our base case. 0 = 0. Let us assume the equality holds for n = 1, ..., k. We wish to show that it holds for n = k + 1. Note that g(n + 1) expands to 4g(n)/3 - g(n-1)/3. Subsituting them with the RHS formula, we get 4/3 * (2 - 2/3^k) - (2 - 2/3(k-1))/3. Expanding and simplifying, we get 2 - 2/3(k+1), which is what we set out to show.",1,2,2,1,2,2,2,Seth,sp22
162,163,Exam 6,learningStudy/WrittenInduction_Recurrence_v3,"
Suppose n , g(n)=4/3g(n-1)-1/3g(n-2)=4/3(2-2/3^(n-1))-1/3(2-3^(n-2))=8/3-2/3-8/3^n+18+6/3^n=2-2/3^n;
which is the same as the claim, so the claim is true by induction.",0,0,0,0,2,2,2,Seth,sp22
163,164,Exam 1,learningStudy/WrittenInduction_Recurrence_v3,"Let g be a natural number, such that g is an integer that is greater that or equal to 0. 
We know that g(n) = 4/3g(n-1) - 1/3 g(n-2), for n greater than or equal to 2. If we were to plug in 2 to this defined equation we would get that g(2) = 16/9, since we know that g(1) = 4/3 and g(0) = 0. g(2) is greater than g(1) by 4/9 and g(1) was greater than g(0) by 4/3. With this recognizable pattern we can determine that g(n) follows the relationship
g(n) = 2 - 2/(3^n) for any natural number n, since 2 is when the relationship is identifiable, and when the relationship difference between each increment in n starts to be reduced. 

This shows that g(n) = 2 - 2/(3^n) for any natural number n which was what we were trying to show.",0,0,0,0,0,0,0,Seth,sp22
164,165,Exam 1,learningStudy/WrittenInduction_Recurrence_v3,"Let $G(n)$ represent the claim. $G(0)$ means $g(0)=2-2=0$ and is true by the definition of g(0). $G(1)$ means $g(1)=2-\frac{2}{3}=\frac{4}{3}$ and is also true by the definition of g(1). If $G(k)$ and $G(k+1)$ are true for k as some natural number, then $g(k+2)=\frac{4}{3}g(k+1)-\frac{1}{3}g(k)$$=\frac{4}{3}(2-\frac{2}{3^{k+1}})-\frac{1}{3}(2-\frac{2}{3^k})$$=2-(\frac{8}{3^{k+2}}-\frac{2}{3^{k+1}})$$=2-\frac{2}{3^{k+2}}$ which means $G(k+2)$. This means $G(k)$ and $G(k+1)$ implies $G(k+2)$. Since $G(0)$ and $G(1)$ are true, $G(3)$, $G(4)$, $G(n)$ are all true according to the implication.The claim is true.",2,2,2,2,2,2,2,Seth,sp22
165,166,Exam 1,learningStudy/WrittenInduction_Recurrence_v3,"Let k be a natural number greater than or equal to 2. Base case is k = 2. 

g(2) = 2 - 2/(3^2) = 2 - 2/9 = 16/9. 

Using the recursion: g(2) = (4/3)g(1) - (1/3)g(0) = (4/3)(4/3) - (1/3)(0) = (4/3)(4/3) = 16/9. 16/9 = 16/9.

Now, let's prove this statement for k + 1.

g(k + 1) = 2 - 2/(3^(k+1))

Using the recursion: g(k+1) = (4/3)(g(k)) - (1/3)(g(k-1)). (??)
",1,2,0,0,2,0,0,Seth,sp22
166,167,Exam 1,learningStudy/WrittenInduction_Recurrence_v3,I still do not have any idea how to prove this. ,0,0,0,0,0,0,0,Seth,sp22
167,168,Exam 1,learningStudy/WrittenInduction_Recurrence_v3,I don't know where to start. I don't know what induction is.,0,0,0,0,0,0,0,Seth,sp22
168,169,Exam 6,learningStudy/WrittenInduction_Recurrence_v3,"g(n-1) = 4/3 g(n-2)-1/4g(n-3)
g(n-2) = 4/3 g(n-3) - 1/4g(n-4)",0,0,0,0,0,0,0,Seth,sp22
169,170,Exam 1,learningStudy/WrittenInduction_Recurrence_v3,"Sine g(n) = $\frac{4}{3}$g(n-1) - $\frac{1}{3}$g(n - 2), then we can assume g(n + 1) = $\frac{4}{3}$g(n) - $\frac{1}{3}$g(n - 1). As n continues to increase, g(n) increases. Therefore, g(n + 1) = 2 - $\frac{2}{3^n+3}$. ",0,0,0,0,0,0,0,Seth,sp22
170,171,Exam 1,learningStudy/WrittenInduction_Recurrence_v3,"g(n) = 4/3 * g(n - 1) - 1/3 * g(n - 2) = 2 - 2/3^n

4g(n - 1) - g(n - 2) = 6 - 2/3^(n-1)",0,0,0,0,0,0,0,Seth,sp22
171,172,Exam 1,learningStudy/WrittenInduction_Recurrence_v3,"Since g(1) = 4/3 using the equation, we can conclude that 2-2/3 =4/3

So by plugging in n into the equation, we would get 2-2/3^n.

Which is what we needed to show.",1,2,0,0,0,0,0,Seth,sp22
172,173,Exam 1,learningStudy/WrittenInduction_Recurrence_v3,"g(n) = 4/3 g(n - 1) - 1/3 g(n - 2)

g(n - 1) = 4/3 g(n - 2) - 1/3 g(n - 3)

....

g(2) = 4/3 g(1) - 1/3 g(0)

Adding the left hand sides and the right hand sides of the above equations, we get

g(n) = 1/3 g(n - 1) + 4/3

Therefore, 

g(n) - 1/3 g(n - 1) = 4/3 (the value of n inside g doesnt change the equation)

1/3 g(n - 1) - 1/9 g(n - 2) = 4 / 9 (dividing the equation by 3)

......

1/(3^(n - 1)) g(1) - 1/(3^n) g(0) = 4/(3^n)

Adding the left and the right hand sides of the above equations, we get 

g(n) = 4/3 + 4/9 + .... 4/(3^n)

Applying the formula for the sum of a Geometric Progression, we get

g(n) = 2 -2/(3^n)

Hence proved",0,0,0,0,0,0,0,Seth,sp22
173,174,Exam 1,learningStudy/WrittenInduction_Recurrence_v3,"Let g(n) = 2 - $\frac{2}{3^n}$

Let n = k

Assume that P(k) is true 

P(k) = 2 - $\frac{2}{3^k}$

Consider P(k+1):

P(k+1) = 2 - $\frac{2}{3^(k+1)}$
",0,0,2,1,0,0,0,Seth,sp22
174,175,Exam 1,learningStudy/WrittenInduction_Recurrence_v3,"g(2) = (4/3)g(1) - (1/3)g(0), so g(2) = 16/9.",1,2,0,0,0,0,0,Seth,sp22
175,176,Exam 1,learningStudy/WrittenInduction_Recurrence_v3,"If $n = 0$, By the claim, $g(0) = 2 - \frac{2}{3^0} = 2 - 2 = 0$. 
If $n = 1$, $g(1) = 2 - \frac{2}{3^1} = 2 - \frac{2}{3} = \frac{4}{3}$.
If $n = 2$, $g(2) = 2 - \frac{2}{9} = \frac{16}{9}$.
By the formula, $g(2) = \frac{4}{3}g(2 - 1) - \frac{1}{3}g(2 - 2) = \frac{4}{3}g(1) - \frac{1}{3}g(0) = \frac{4}{3} * \frac{4}{3} - \frac{1}{3} * 0 = \frac{16}{9}$. Therefore, the claim is true.",2,2,0,0,0,0,0,Seth,sp22
176,177,Exam 6,learningStudy/WrittenInduction_Recurrence_v3,"Not getting anywhere but I'll document my thoughts and see if anything comes up.

What I'm currently trying to do is see what happens when n = 2, thus making k = 3 and then going through the equations since g(0) and g(1) are provided. Unfortunetly this isn't resulting in any significant pattern jumping out to me. 

One thing I'm noticing is that the statement to prove should work for any natural number n but the g(n) formula provided is only for when n >= 2 but obviously this is cause g(0) and g(1) are already numerically provided.

I think the issue is the fact that the inductive hypothesis (and subsequently inductive step) aren't jumping out to me like they did in the previous question. If I try to use k similarly to the other question, I get stuck with g(k) = 4/3 g(n) - 1/3 g (n-1) and am not sure what follows.",0,0,0,0,0,0,0,Seth,sp22
177,178,Exam 6,learningStudy/WrittenInduction_Recurrence_v3,"Let $f(0) = 0$, $f(1) = 4/3$, and $f(n) = \frac{4}{3}f(n-1)-\frac{1}{3}f(n-2)$, for $n \geq 2$. Let $g(n) = 2 - \frac{2}{3^n}$.

Show that $f(n) = g(n)$ for any natural number $n$.

***

Base Case:

$g(0) = 2 - \frac{2}{3^0} = 2 - \frac{2}{1} = 0$.

$g(1) = 2 - \frac{2}{3^1} = 2 - \frac{2}{3} = \frac{4}{3}$.

$f(0) = g(0)$ and $f(1) = g(1)$.

***

Let $k$ be an arbitrary natural number greater than or equal to 2, such that $f(n) = g(n)$ for all $n = 1,2,....,k$

$f(k+1) = \frac{4}{3}f(k) - \frac{1}{3}f(k-1) = \frac{4}{3}g(k) - \frac{1}{3}g(k-1) = \frac{4}{3}(2-\frac{2}{3^k})-\frac{1}{3}(2-\frac{2}{3^{k-1}})$

$= \frac{8}{3} - \frac{2}{3} - (\frac{8}{3^{k+1}}-\frac{2}{3^k})= 2 - (\frac{8}{3^{k+1}}-\frac{6}{3^{k+1}}) = 2 - \frac{2}{3^{k+1}} = g(k+1)$.

Therefore, $f(k+1) = g(k+1)$, which is what we wanted to show.",2,2,2,2,2,2,2,Seth,sp22
178,179,Exam 1,learningStudy/WrittenInduction_Recurrence_v3,"if n = 0, g(0) = 2 - 2/3^0 = 2 - 2 = 0. True.
if n = 1, g(1) = 2 - 2/3^1 = 2 - 2/3 = 4/3. True.
Assume that g(n) = 2 - 2/3^n for any natural number n. Then, we may also assume that g(n-1) = 2 - 2/3^(n-1). Then, 
g(n+1) = 4/3 * g(n) - 1/3 * g(n-1)
= 4/3 * (2 - 2/3^n) - 1/3 * (2 - 2/3^(n - 1))
= 8/3 - 8/3^(n + 1) - 2/3 + 2/3^n
= 8/3 - 2/3 - 8/3^(n + 1) + 6/3^(n + 1)
= 2 - 2/3^(n + 1).
QED",2,2,2,1,2,2,2,Seth,sp22
179,180,Exam 1,learningStudy/WrittenInduction_Recurrence_v3,4/3g(n-1) - 1/3 g(n-2) = 2 - 2/3^n when n is a natural number and n is greater than or equal to 2. ,0,0,0,0,0,0,0,Seth,sp22
180,181,Exam 6,learningStudy/WrittenInduction_Recurrence_v3,"g(2) = $\frac{4}{3}$*$\frac{4}{3}$-$\frac{1}{3}$*0 = $\frac{16}{9}$ = 2-$\frac{2}{3^n}$;

g(3) = $\frac{16}{9}$*$\frac{4}{3}$-$\frac{1}{3}$*$\frac{4}{3}$ = $\frac{16}{9}$ = $\frac{52}{27}$ = 2-$\frac{2}{3^n}$;

Sorry not sure what should I do next, wish you good luck on your research. Have a nice day.
",1,2,0,0,0,0,0,Seth,sp22
181,182,Exam 1,learningStudy/WrittenInduction_Recurrence_v3,"Let g(0) equal 0, g(1) equal 4/3 and g(n) = 4/3g(n-1) - 1/3g(n - 2) for n values greater than or equal to 2. We are also given that if all natural numbers, then all real numbers.

We can plug in multiple values to both g(n) equations to test if g(n) = 2 - 2/3^n for any natural number n. For example, when using n = 2 for the provided g(n) equation, we find that 4/3g(1) - 1/3g(0) = 4/3(4/3) - 1/3(0) = 16/9. We can also use n = 2 for the equation we are trying to prove to see if it also works for the natural number n. g(n) = 2 - 2/9 = 18/9 - 2/9 = 16/9. Both outcomes are the same using either equation.

Hence, g(n) = 2 - 2/3^n, which is what we needed to prove.",1,2,0,0,0,0,0,Seth,sp22
182,183,Exam 6,learningStudy/WrittenInduction_Recurrence_v3,"g(0) = 0 

g(1) = 2 - 2/3^1 = 2 - 2/3 = 4/3

g(n) = g/3(4(n-1) - (n-2)) 

g(n) = g/3 ( 4n-4 - n + 2)

g(n) = g/3 (3n - 2)

g(n) = n - 2g/3

n >= 2

g(n) = 2 - 2/3^n",1,1,0,0,0,0,0,Seth,sp22
183,184,Exam 1,learningStudy/WrittenInduction_Recurrence_v3,"Allow g(0) = ), g(1) = 4/3, and g(n) = (4/3)(g(n-1)) - 1/3(g(n-2)) for any natural number n. 

g(n) simplifies to g(n) = gn - 2g for n is greater than or equal to 2.

g(n) = g(n - 2).

g(n) = 2(1 - 3^-n).

g(n) = 2 - 2(3^-n).

Which shows g(n) = 2 - 2/3^n",0,0,0,0,0,0,0,Seth,sp22
184,185,Exam 6,learningStudy/WrittenInduction_Recurrence_v3,"Base: suppose n = 1, then g(n) is equal to 4/3, which is equal to the given g(1)

from whats given we know that g(2) = 4/3g(1)-1/3g(0) which equals 16/9

we also can calculate that g(2) = 2-2/9.

if we keep incresing n, 4/3g(n-1)-1/3g(n-2) always equals 2-2/3^n, so we have proven what we needed to prove





",1,2,0,0,0,0,0,Seth,sp22
185,186,Exam 1,learningStudy/WrittenInduction_Recurrence_v3,"g(n - 1) = 4/3g(n - 2) - 1/3g(n - 3)
g(n - 2) = 4/3g(n - 3) - 1/3g(n - 4)
g(n) = 4/3 * (4/3g(n - 2) - 1/3g(n - 3)) - 1/3 * 4/3g(n - 3) - 1/3g(n - 4)
g(n) = 16/9 g(n -2) - 4/9g(n - 3) - 4g(n - 3) + 1/9g(n - 4)
g(n) = 2 - 2/3^n


",0,0,0,0,0,0,0,Seth,sp22
186,187,Exam 6,learningStudy/WrittenInduction_Recurrence_v3,"We will prove this claim by induction on $n$. <br>
Base case(s): There are 2 base cases: $n=0$  and $n=1$. <br>
For $n=0$, $g(0) = 0$ and $2-\frac{2}{3^0} = 2- \frac{2}{1}= 2 - 2 = 0 =  g(0)$. <br>
For $n=1$, $g(1) = \frac{4}{3}$ and $2-\frac{2}{3^1} = 2 - \frac{2}{3} = \frac{4}{3} = g(1).$ <br>
Thus, all base cases hold.<br>
Inductive hypothesis: $g(n) = 2-\frac{2}{3^n}$ holds for all $n = 0, 1, 2,...,k$. <br>
Proof: <br>
We will prove that $g(n) = 2-\frac{2}{3^n}$ holds for $n=k+1$ which can be rewritten as $g(k+1) = 2-\frac{2}{3^{k+1}}$. <br>
$g(n) = g(k+1) = \frac{4}{3}g(k)-\frac{1}{3}g(k-1)$. <br>
By the inductive hypothsis, $g(k) = 2-\frac{2}{3^k}$ and $g(k-1) = 2-\frac{2}{3^{k-1}}$. <br>
Substituting these values into the equation, we get $\frac{4}{3}g(k)-\frac{1}{3}g(k-1) = \frac{4}{3}(2-\frac{2}{3^k})-\frac{1}{3}(2-\frac{2}{3^{k-1}})$. <br>
$\frac{4}{3}(2-\frac{2}{3^k})-\frac{1}{3}(2-\frac{2}{3^{k-1}})$ can distributed out to become $\frac{8}{3}-\frac{8}{3^{k+1}} - \frac{2}{3}-\frac{2}{3^k}$. <br>
$\frac{8}{3}-\frac{8}{3^{k+1}} - \frac{2}{3}-\frac{2}{3^k} = \frac{6}{3}-\frac{8}{3^{k+1}}-\frac{2(3)}{3^{k+1}} = 2 - \frac{8-6}{3^{k+1}} = 2-\frac{2}{3^{k+1}}$ which is what we needed to show.",2,2,2,2,2,2,2,Seth,sp22
187,188,Exam 1,learningStudy/WrittenInduction_Recurrence_v3,"Assume g(n) = 2 - 2/(3^n) for natural number n>=2.

g(n) = 4/3*g(n-1) - 1/3*g(n-2) = 4/3*(2- 2/(3^n-1)) - 1/3*(2- 2/(3^n-2))

simplified, it will produce a function where g(0) = 0 and g(1) = 4/3, QED.
",0,0,2,1,2,2,2,Seth,sp22
188,189,Exam 6,learningStudy/WrittenInduction_Recurrence_v3,"Suppose we take a number k to be defined as n + 1.

To show that the function g(n) is also suitable for g(k) we can subsitutie the value of k = n + 1 in to the funtion

g(k) = g(n+1) = 2 - 2/(3^(n+1)

= 2 - 2/(3*3^n) if we substitute the value n = 0 we get g(0 + 1) = 4/3

If we subsitute g(1+1) = 2- 2/9 the values for which are defined for numbers of the function where if 

g(k) is the same function but translated. Thus g(k) = g(n+ 1) = g(n) + g(1), which is what we needed to show

Q.E.D",1,1,0,0,0,0,0,Seth,sp22
189,190,Exam 1,learningStudy/WrittenInduction_Recurrence_v3,"let n be a natural number and therefore a real number

it is given that g(n) = (4/3)g(n-2) for n >= 2

so g(2) = (4/3)g(2-2)
g(2) = (4/3)g(0)
g(2) = (4/3)(0) = 0",0,0,0,0,0,0,0,Seth,sp22
190,191,Exam 6,learningStudy/WrittenInduction_Recurrence_v3,"When $n=0, g(0)=0=2-\frac{2}{3^0}=2-2=0$.
When $n=1, g(1)=\frac{4}{3}=2-\frac{2}{3^1}=\frac{4}{3}$.

Let $g(n) = 2-\frac{2}{3^n}$ for n=0, 1, 2, ... k.

Let us show that $g(n)=2-\frac{2}{3^n}$ for n=k+1 to prove that g(n) is true for any natural number n.

When $n=k+1, g(k+1)=\frac{4}{3}g(k+1-1)-\frac{1}{3}g(k+1-2)$.

$g(k+1) = \frac{4}{3}g(k)-\frac{1}{3}g(k-1) = \frac{4}{3}(2-\frac{2}{3^{k}})-\frac{1}{3}(2-\frac{2}{3^{k-1}})$

$= \frac{8}{3}-\frac{2}{3}-\frac{8}{3^{k+1}}+\frac{2}{3^k}=2+\frac{-8+6}{3^{k+1}} =2-\frac{2}{3^{k+1}}=2-\frac{2}{3^n}$ QED",2,2,2,2,2,2,2,Seth,sp22
191,192,Exam 1,learningStudy/WrittenInduction_Recurrence_v3,"When n = 0,
g(0) = 2 - $\frac{2}{3^0}$ = 2 - 2 = 0.

Hence the statment is true for n = 0.

Assume the statement is true for n = k.

g(k) = 2 - $\frac{2}{3^k}$

For n = k + 1

g(k + 1) =  2 - $\frac{2}{3^{k+1}}$

Consider 

g(k + 1) = $\frac{4}{3}$g(k) - $\frac{1}{3}$g(k - 1) = $\frac{4}{3}$$(2- \frac{2}{3^k})$ - $\frac{1}{3}$$(2-\frac{2}{3^{k-1}})$ = $\frac{8}{3} -\frac{8}{3^{k+1}}$ - $\frac{2}{3} - \frac{2}{3^k} $ = $\frac{6}{3} - \frac{2}{3^{k+1}}$

As the statement has been shown true for n = 0 and n = k+1 when assumed true for n = k, the statement is true by the properties of mathematical induction.",1,2,2,1,2,2,2,Seth,sp22
192,193,Exam 1,learningStudy/WrittenInduction_Recurrence_v3,"Suppose that there exists a natural number n, that is used in the equation g(n) = 4/3g(n-1) -1/3g(n-2) such that for all numbers greater than or equal to 2, this equation can be used to find g(n). ",0,0,0,0,0,0,0,Seth,sp22
193,194,Exam 1,learningStudy/WrittenInduction_Recurrence_v3,"this is true. take g(n) = 2- 2/3^n into g(n) in the title, 4/3(2-2/3^(n-1)) - 1/3(2-2/3^(n-1)) = 8/3 -8/3^n - 2/3 + 2/3^(n-1) = 2-2/3^n",0,0,0,0,0,1,1,Seth,sp22
194,195,Exam 6,learningStudy/WrittenInduction_Recurrence_v3,"Lets have n be a real number and prove g(n) = 2n -2/3^n for any n by induction.

then g(0) is 2 - 2/1 = 0 which satisfies g(0)=0

g(1) is 2 - 2/3 = 4/3 which satisfies g(1)=4/3

suppose g(n) = 2n -2/3^n is true for any natural number, then g(k) = 4/3g(k-1) - 1/3g(k-2)
",2,2,1,1,0,0,0,Seth,sp22
195,196,Exam 6,learningStudy/WrittenInduction_Recurrence_v3,"We use induction on $n$.

Inductive predicate: $g(n)=2-\tfrac{2}{3^n}$ for all $n \in \mathbb{N}$.

Our base case is $n=2$. Clearly, $g(0)=0=2-\tfrac{2}{3^0}$ and $g(1)=\tfrac{4}{3}=2-\tfrac{2}{3^1}$. Now, $g(2)=\tfrac{4}{3}g(1)-\tfrac{1}{3}g(n-2)=\tfrac{4}{3}\cdot\tfrac{4}{3}-\tfrac{1}{3}\cdot 0 = \tfrac{16}{9} = 2- \tfrac{2}{3^2}$, so our base case holds.

Inductive hypothesis: Suppose that for all $n=0,1,2,\ldots,k$, we have that $g(n)=2-\tfrac{2}{3^n}$.

Inductive step: We want to show that $g(k+1)=2-\tfrac{2}{3^{k+1}}$. We are given that $g(k+1)=\tfrac{4}{3}g(k)-\tfrac{1}{3}g(k-1)$. From our inductive hypothesis, we have that $$\tfrac{4}{3}g(k)-\tfrac{1}{3}g(k-1)=\tfrac{4}{3}(2-\tfrac{2}{3^k})-\tfrac{1}{3}(2-\tfrac{2}{3^{k-1}})$$$$=\tfrac{8}{3}-\tfrac{8}{3^{k+1}}-\tfrac{2}{3}+\tfrac{2}{3^k}=2-\tfrac{8}{3^{k+1}}+\tfrac{6}{3^{k+1}}=2-\tfrac{2}{3^{k+1}},$$ which is exactly what we wanted to show.",2,2,2,2,2,2,2,Seth,sp22
196,197,Exam 1,learningStudy/WrittenInduction_Recurrence_v3,"First let us prove that the equation holds true for the edge case n=1

if n=1

g(1) = 2 - 2/(3^1) = 4/3, so this holds true

Now for the general argument,

If we plug values in increasing by 1, starting from 2 into our original g(n) = (4/3)g(n-1) - (1/3)g(n-2) function

we will note that the result is follows a trend, the denominator keeps being multiplied by 3 with each increment of n, starting from 1, when n = 0, So we can denote the demoninator with the expression 3^n

Similarly if we look at the numenator, we can see a similar trend, the numenator is always (2 x the denominator) - 2, so we can denote this with the expression 2(3^n) - 2,

This leaves us with the function

g(n) = (2(3^n) - 2)/(3^n)

Which can be simplified to,

g(n) = 2 - 2/(3^n) proving that this equation holds true for all natural numbers QED",1,2,0,0,0,0,0,Seth,sp22
197,198,Exam 1,learningStudy/WrittenInduction_Recurrence_v3,"Let k be a natural number.


g(k+1) = 2-2/3^(k+1)

g(k) = 2-2/3^k

g(k+1) - g(k) = -2/3^k+1 + 2/3^k = (4/3^(k+1)) the difference between arbitrary natural numbers k+1 and k


And then

g(k) = 4/3g(k-1) - 1/3 g(k-2)

g(k+1) = 4/3g(k) - 1/3g(k-1)

g(k+1) - g(k) = 4/3g(k) - 1/3g(k-1) - (4/3g(k-1) - 1/3 g(k-2))

g(k+1) - g(k) = 4/3g(k) + 1/3(g(k-2)) +g(k-1)",0,0,0,0,0,0,0,Seth,sp22
198,199,Exam 6,learningStudy/WrittenInduction_Recurrence_v3,"Let g be defined for all real numbers. When plugging in an a natural number, the output is also a subset of real numbers, g(n)=2-2/3^n. So for g(n), if we plugged in 2 for n in the last equation, we would get 4/3*g(1)-1/3*g(0)=4/3*4/3-1/3*0=16/9-0=16/9. Thus we can see that for any natural number n, g(n)=2-2/3^n",0,2,2,2,2,2,2,Seth,sp22
199,200,Exam 6,learningStudy/WrittenInduction_Recurrence_v3,"Prove by induction. Let n = 0, 1, 2, n. We need to prove that g(n) holds true for n = 0 amd n = n + 1
When n = 0, g(0) = 0 and g(n) = 2 - 2 = 0. So the case is tru for n = 0.
When n = n +1, sorry I forget how to do this part. ",1,2,0,0,0,0,0,Seth,sp22
200,201,Exam 1,learningStudy/WrittenInduction_Recurrence_v3,g(n) = 2 - 2/3^n,0,0,0,0,0,0,0,Seth,sp22
201,202,Exam 1,learningStudy/WrittenInduction_Recurrence_v3,"like x to be a natural number.

By definition of g(n), we could write g(x) as

g(x) = 4/3 g(x-1) - 1/3 g(x-2)

g(x-1) = 4/3 g(x-2) - 1/3 g(x-3)

plug this back into the function we got that

g(x) = 13/9 g(x-2) - 1/3 g(x-3) = 52/27 g(x-3) - 1/3g(x-4) = a*g(x-a) - 1/3 g(x-a-1)

and since this trend will continue until that x - a < 2, which means that x-a = 1, and x-a-1 =0, thus we could ignore the finla term.

And we could also see that we could reform a as

$\frac{4}{3} ^n - n/3$.

and take g(1) in we have

g(n) = 2 - 2/3^n",0,0,0,0,0,0,0,Seth,sp22
202,203,Exam 1,learningStudy/WrittenInduction_Recurrence_v3,"g(0) = 2 - (2 / (3^0)) = 0

g(1) = 2 - (2 / (3^1)) = 4/3

g(2) = (4 / 3)g(1) - (1 / 3)g(0) = 2 - (2 / (3^2)) = 16/9

g(2) = (4 / 3)(g(2 - 1)) - (1 / 3)(g(2 - 2))

if g(n) = 2 - (2/3^n) then 2 - (2/3^n) should be 4/3g(n - 1) - 1/3(g(n - 2))

(4 / 3)g(n - 1) - (1 / 3)(g(n - 2)) = (4 / 3)(2 - (2/(3^(n-1)))) - (1 / 3)(2 - (2/(3^(n-2)))) 

= (8 / 3) - (8 / (3^n)) - (2 / 3) + (2 / 3^n-1)

= 2 + (6 / 3^n) - (8 / 3^n)

= 2 - (2 / 3^n)

Proved g(n) = 2 - (2 / 3^n)",2,2,0,0,2,2,2,Seth,sp22
203,204,Exam 6,learningStudy/WrittenInduction_Recurrence_v3,"We are trying to prove that P(k)=2-2/3^k. 
This means that P(k-1)= 2-2/3^k-1,
and that P(k-2) = 2-2/3^k-2.

Using these statements, we have g(k)= 4/3(2-2/3^(k-1))-1/3(2-2/3^(k-2)).
This simplifies down to 8/3-8/3^k-2/3+6/3^k, 
which further simplifies down to 2-2/3^k.

We have shown that P(k) is true.",0,0,0,1,1,2,2,Seth,sp22
204,205,Exam 1,learningStudy/WrittenInduction_Recurrence_v3,"Since 2 - 2/(3^n) will always be positive,
since 2/(3^n) < 2
Then it will always be a natural number and there for a real number
THerefore N -> R is true since both the right side and left are always true",0,0,0,0,0,0,0,Seth,sp22
205,206,Exam 6,learningStudy/WrittenInduction_Recurrence_v3,"We will prove that g(n) = 2 - 2/3^n is equivalent  to g(n) = 4g(n-1)/3 - g(n-2)/3 for any natural number n.

Let n be a natural number, and let g(0) = 0 and g(1) = 4/3

Let n = k + 1, where n = {0, 1,... k, k + 1}

g(k + 1) = 4g(k + 1 - 1)/3 - g(k + 1 - 2)/3 = 4g(k)/3 - g(k-1)/3

Using the equation g(n) = 2 - 2/3^n, we now get the equation g(k) = 4(2 - 2/3^k)/3 - (2 - 2/3^(k - 1))/3

Simplifying: g(k) = (8 - 8/3^k)/3 - (2 - 2/3^(k - 1))/3

Substituting k for 0 and we get the solutions of g(0) = 0 and g(1) = 4/3, which is what we needed to show to prove that g(n) = 2 - 2/3^n is equivalent  to g(n) = 4g(n-1)/3 - g(n-2)/3 for any natural number n.",0,0,0,0,0,2,1,Seth,sp22
206,207,Exam 6,learningStudy/WrittenInduction_Recurrence_v3,"Proof by induction on $n$.

Inductive Predicate: $g(n) = 2 - \frac{2}{3^n}$ for $n = 0, 1, ..., k$.

Inductive Hypothesis: We need to show that $g(k + 1) = 2 - \frac{2}{3^{k + 1}}$.

Using the recursive definition, $g(k + 1) = \frac{4}{3}g(k) - \frac{1}{3}g(k - 1)$. By induction, we find that $g(k + 1) = \frac{4}{3}(2 - \frac{2}{3^k})-\frac{1}{3}(2 - \frac{2}{3^{k-1}})$. This becomes $g(k + 1) = \frac{8}{3} - \frac{8}{3^{k + 1}} - \frac{2}{3} + \frac{2}{3^k} = 2 - \frac{8}{3^{k + 1}} + \frac{6}{3^{k + 1}} = 2 - \frac{2}{3^{k + 1}}$.

Since $g(k + 1) = 2 - \frac{2}{3^{k + 1}}$, $g(n) = 2 - \frac{2}{3^n}$ for any natural number $n$. QED",0,0,1,2,2,2,2,Seth,sp22
207,208,Exam 1,learningStudy/WrittenInduction_Recurrence_v3,"Let g be defined as above.

i have no idea where to start :(",0,0,0,0,0,0,0,Seth,sp22
208,209,Exam 1,learningStudy/WrittenInduction_Recurrence_v3,"g(0) = 2 - (2/3^0) = 2 -2 = 0. This is true.
g(1) = 2 - (2/3) = 4/3. This is true.
g(n) = ((4/3)(2-(2/3^(n-1)))) - ((1/3)(2-(2/3^(n-2)))).
g(n) = ((8/3)-(8/(3*3^(n-1)))) - ((2/3)-(2/(3*3^(n-2)))).
g(n) = ((8/3)-(8/3^n)) - ((2/3)-(2/3^(n-1))).
g(n) = (8/3) - (8/3^n) - (2/3) + (2/3^(n-1)).
g(n) = (6/3) - (8/3^n) + (2/3^(n+1)).
g(n) = 2 - ((8*3^(n+1)) + (2*3^n))/(3^(2n+1)).
g(n) = 2 -(2*3^n((4*3) + 1))/(3^n * 3^(n+1)).
g(n) = 2 - (2(12 + 1))/(3^(n+1)).
g(n) = 2 - (26/3^(n+1)).
g(n) = 2 - (3(26/3)/3^(n+1)).
g(n) = 2 - (26/3)/(3^n). I can't do this one",2,2,0,0,0,2,2,Seth,sp22
209,210,Exam 6,learningStudy/WrittenInduction_Recurrence_v3,"To prove the claim g(n) = 2 - $\frac{2}{3^n}$

We must prove that g(n+1) stands which is equal to 2 - 2/(3^(n+1))

Given we have, g(n) = $\frac{4}{3}$g(n-1) - $\frac{1}{3}$g(n-2) in the range {2, 3, .... n}

so we can write, g(n+1) = $\frac{4}{3}$g(n) - $\frac{1}{3}$g(n-1)

or, g(n+1) = $\frac{4}{3}$($\frac{4}{3}$g(n-1) - $\frac{1}{3}$g(n-2)) - $\frac{1}{3}$g(n-1)

So thus the claim is true, and has been proved by induction. ",0,0,2,2,2,2,0,Seth,sp22
210,211,Exam 1,learningStudy/WrittenInduction_Recurrence_v3,"Again, I can't prove this universally, but I can informally prove it.
Let n = 3 and g = 4. Then g(3) = 4/3 * 4 (2) - 1/3 (4)(1) = 32/3 - 4/3 = 28/3
This is not equal to g(3) = 2 - (2/27) = 52/27, so I'm not sure. Sorry.",0,0,0,0,0,0,0,Seth,sp22
211,212,Exam 1,learningStudy/WrittenInduction_Recurrence_v3,"Let n = 2, $g(n)=\frac{4}{3}g(1)-\frac{1}{3}g(0)=\frac{16}{9}-0=\frac{16}{9}=2-\frac{2}{9}$, which means the statement is true when n=2
Suppose that the statement is true when n = k, while k is a natural number.
$g(k)=\frac{4}{3}g(k-1)-\frac{1}{3}g(k-2)=2-\frac{2}{3^n} \newline$
Let n = k + 1, then $g(k+1)=\frac{4}{3}g(k)-\frac{1}{3}g(k-1)=\frac{4}{3}(\frac{4}{3}g(k-1)-\frac{1}{3}g(k-2))-\frac{1}{3}g(k-1)=\frac{4}{3}(2-\frac{2}{3^n})-$",1,2,2,1,1,2,0,Seth,sp22
212,213,Exam 6,learningStudy/WrittenInduction_Recurrence_v3,I don't remmeber this one either,0,0,0,0,0,0,0,Seth,sp22
213,214,Exam 1,learningStudy/WrittenInduction_Recurrence_v3,we can use induction to prove this,0,0,0,0,0,0,0,Seth,sp22
214,215,Exam 6,learningStudy/WrittenInduction_Recurrence_v3,"Proof by induction on n.

Base cases: n = 0: g(0) = 0 = 2-2/3^0. g(1) = 4/3 = 2 - 2/3^1

Both base cases are true.

Take n = 0,1,..k. We have to prove for k+1.

g(k+1) = 4/3*g(k) - 1/3*g(k-1) = 4/3*(2-2/3^k) - 1/3*(2-2/3^(k-1))

This equals (8/3 - 8/3^(k+1)) - (2/3 - 2/3^k)

This becomes 6/3 - 8/3^(k+1) + 2/3^k.

Multiply 2/3^k by 3/3 so it becomes 6/(3^k)*3 = 6/3^(k+1)

Then the equation simplifies to 6/3 - 8/3^(k+1) + 6/3^(k+1) = 2 - 2/3^k which is what we were trying to prove.",2,2,0,2,2,2,2,Seth,sp22
215,216,Exam 1,learningStudy/WrittenInduction_Recurrence_v3,"No idea, sorry.",0,0,0,0,0,0,0,Seth,sp22
216,217,Exam 1,learningStudy/WrittenInduction_Recurrence_v3,I am not sure how to complete this question.,0,0,0,0,0,0,0,Seth,sp22
217,218,Exam 1,learningStudy/WrittenInduction_Recurrence_v3,2 - $\frac{2}{3^n}$ exists for any natural number n.  ,0,0,0,0,0,0,0,Seth,sp22
218,219,Exam 1,learningStudy/WrittenInduction_Recurrence_v3,"Let n be a natural number. For n = 0 and n = 1, we get g(0) = 0 = 2 - 2/3^n and g(1) = 4/3 = 2 - 2/3. For n >= 2, we multiply 4/3 by the result of g(n - 1) and subtract the product of 1/3 and g(n - 2) from it.",2,2,0,0,0,0,0,Seth,sp22
219,220,Exam 1,learningStudy/WrittenInduction_Recurrence_v3,"For n = 1, g(n) = 2 - 2/3 = 4/3; for n = 0, g(n) = 2 - 2/3^0= 2 - 2 = 0",2,2,0,0,0,0,0,Seth,sp22
220,221,Exam 1,learningStudy/WrittenInduction_Recurrence_v3,"Let g be a relation on a base set A, such that A is a set containing all natural numbers.

Suppose g(0) = 0, g(1) = 4/3, and g(n) = [4/3 * g * (n-1)] - [1/3 * g * (n-2)] for any natural number n >= 2.

g(n) = 2 - 2/(3^n) for any natural number n.",0,0,0,0,0,0,0,Seth,sp22
221,222,Exam 1,learningStudy/WrittenInduction_Recurrence_v3,"Letting n be any natural number greater than 1 such that:
$g(n) = \frac{4}{3}g(n-1)-\frac{1}{3}g(n-2)$ and $g(0)=0$ and $g(1)=\frac{4}{3}$

Again I have no idea what proof by induction is and how to go about solving this problem. ",0,0,0,0,0,0,0,Seth,sp22
222,223,Exam 6,learningStudy/WrittenInduction_Recurrence_v3,"induction predicts: g(n) = 4/3 g(n-1)-1/2 g(n-2), for n >= 2.

",0,0,0,0,0,0,0,Seth,sp22
223,224,Exam 6,learningStudy/WrittenInduction_Recurrence_v3,I don't remember how to do this. I know you need a base case and an inductive step. You need to show how it works for all values of n. ,0,0,0,0,0,0,0,Seth,sp22
224,225,Exam 6,learningStudy/WrittenInduction_Recurrence_v3,"proof by induction on n

$P(N)$ : $g(n)  = 2 - \frac{2}{3^n}$

Base case:

$g(0)  = 2 - \frac{2}{3^0}$ = $ 2 - 2$ = $0$

$g(0) = 0$

Both sides work for the base case

Inductive hypothesis:
we assume that the statement is true for all $k$ from $1$ to $n -1$.

$g(n) = \frac{4}{3}g(n-1) - \frac{1}{3}g(n-2)$


$g(n) = \frac{4}{3}(2-\frac{2}{3^{n-1}}) - \frac{1}{3}(2-\frac{2}{3^{n-2}})$

$g(n) = (2-\frac{2}{3^{n}})$

",1,2,2,2,2,2,2,Seth,sp22
225,226,Exam 6,learningStudy/WrittenInduction_Recurrence_v3,"For $n=2$:

LHS: $\frac{4}{3}g(1)-\frac{1}{3}g(0)=\frac{16}{9}$

RHS: $2-\frac{2}{3^2}=\frac{16}{9}$

Hence, true for $n=1$.

Assume true for $n=k$ for some integer $n$.

Proving true for $n=k+1$:

$g(k+1)=\frac{4}{3}g(k)-\frac{1}{3}g(k-1)$

$\frac{4}{3}(2-\frac{2}{3^k})-\frac{1}{3}(2-\frac{2}{3^{k-1}})=\frac{8}{3}-\frac{8}{3^{k+1}}-\frac{2}{3}+\frac{2}{3^{k}}=\frac{6}{3}-\frac{8-6}{3^{k+1}}=2-\frac{2}{3^{k+1}}=g(k+1)$

Hence, true for $n=k+1$.

Since the statement is true for the base case and $n=k+1$, assuming true for $n=k$, by the principle of mathematical induction, the statement is true for all natural numbers $n$.",1,2,2,1,2,2,2,Seth,sp22
226,227,Exam 6,learningStudy/WrittenInduction_Recurrence_v3,"inuduction for n
let n =  and n = 0. Therefore g(0) = 0 and g(1) = 4/3 just as how it is describged above.",0,0,0,0,0,0,0,Seth,sp22
227,228,Exam 6,learningStudy/WrittenInduction_Recurrence_v3,"To prove that g(n) = g(n). Let there be two cases:

1) Let g(0). $g(0) = 2 - \frac{2}{3^ 0} = 2 -2 = 0$. So g(0) = g(0)

2) Let g(1). $g(1) = 2 - \frac{2}{3^ 1} = \frac{6}{3} -\frac{2}{3} = \frac{4}{3}$. So g(1) = g(1).

Since the two cases show that g(n) = g(n) then $g(n) = 2- \frac{2}{3^n}$ for any natural number n, QED.",1,2,0,0,0,0,0,Seth,sp22
228,229,Exam 1,learningStudy/WrittenInduction_Recurrence_v3,if we test the the instance 1 we see that 2-(2/3^1) is equal to 4/3 which is what we are told g(1) is equal to,1,2,0,0,0,0,0,Seth,sp22
229,230,Exam 1,learningStudy/WrittenInduction_Recurrence_v3,"Let g(0) = 0, g(1) = 4/3, and g(n) = (4/3)g(n-1) - (1/3)g(n-2).
Suppose we wanted to gind g(2) = 16/9 and then g(3) = 52/27 and then g(4) = 156/81, g(5) = 468/243, g(6) = 1584/729.
We can see the denominator is increasing at a factor of 3^n.
We can also see that the numerator is almost close to double of the denominator, but not quite.  Thus, it must be asymptoting to 2. 
So, by algebra, we know our equation g(n) = 2 - 1/(3^n).  To test it works, lets plug in 1.  With our formula, we get g(1) to be 5/3, which is not right.  we need to minus another 1/3 to get 4/3.  LEts to algebra
4/3 = 2 - 1/(3^1)
</p> -2/3 = - 1/3
</p> -2 = - 1.  THis shows our numerator is wrong and it should be two.  So our equation is g(n) = 2 - 2/(3^n)

",0,0,0,0,0,0,0,Seth,sp22
230,231,Exam 1,learningStudy/WrittenInduction_Recurrence_v3,"Observe $g(0) = 0 = 2 - 2/3^0$ and $g(1) = 4/3 = 2 - 2/3^1$.

Assume $\forall n \in N, g(n) = 2 - 2/3^n$.

Consider $g(n + 1) = 2 - 2/3^{n+1}$.

Rewritting using the recursive defintion of $g$ yields, $g(n+1) = 4/3(g(n)) - 1/3(g(n - 1))$, then by our inductive hypothesis we have $g(n+1) = 1/3 (8 - 8/3^n - 2 + 2/3^{n - 1}) = 1/3(6 - 8/3^{n} +2/3^{n-1}) = 1/3(6 - 8/3^n + 6/3^n) = 2 - 2/3^{n+1}$.

$\square$",2,2,2,1,2,2,2,Seth,sp22
231,232,Exam 1,learningStudy/WrittenInduction_Recurrence_v3,"- Let g(0)=0 and g(1)=$\frac{4}{3}$
- Since, n is greater than or equal to 2, we can get that (n-1) must be greater or equal to $\frac{4}{3}$. Similarly, (n-2) must be either 0, $\frac{4}{3}$, or greater than both. 
- Therefore, $\frac{4}{3}$g(n-1) can be written as $\frac{16}{9}$. Moreover, $\frac{1}{3}$g(n-2) can be written as 0 or $\frac{4}{9}$. 
- Since we know that the number subtracted is $\frac{16}{9}$, we know that the value will always be less than 2. Therefore, we can the final equation as g(n)=2-$\frac{2}{3^n}$ where we got the $3^n$ from the denominator $\frac{4}{9}$, which is what we needed to prove
",0,0,0,0,0,0,0,Seth,sp22
232,233,Exam 6,learningStudy/WrittenInduction_Recurrence_v3,"Let function $g$ be natural number to real number.
Suppose that $g(0)=0, g(1)=\frac{4}{3},g(n)=\frac{4}{3}g(n-1)-\frac{1}{3}g(n-2)$, for $n \geq2$.

We will prove this claim by induction.

Suppose our inductive hypothesis is $g(k)=2-\frac{2}{3^k}$ where $n$ is an integer that ranges $0$ to $k-1$.

Base case is when $n=0$, so $g(0)=2-\frac{2}{3^0}=2-2=0$ and when $n=1$, so $g(1)=2-\frac{2}{3^1}=2-\frac{2}{3}=\frac{2}{3}$.

When $n=k-1$, $g(k-1)=2-\frac{2}{3^{k-1}}$ and when $n=k-2$, $g(k-2)=2-\frac{2}{3^{k-2}}$.

So $g(k)=\frac{4}{3}(2-\frac{2}{3^{k-1}})-\frac{1}{3}(2-\frac{2}{3^{k-2}})=\frac{8}{3}-\frac{8}{3^k}-\frac{2}{3}+\frac{2}{3^{k-1}}=2-\frac{8}{3^k}+\frac{6}{3^k}=2-\frac{2}{3^k}$.

Therefore, $g(n)=2-\frac{2}{3^n}$. $\square$",2,2,1,2,2,2,2,Seth,sp22
233,234,Exam 1,learningStudy/WrittenInduction_Recurrence_v3,"

4/3(1-(2/3^n)) - 1/3(-2/3^n) = 4/3 - 8/(3*3^n)+2/(3*3^n)

4/3 - 6/(3*3^n) = 4/3 - (3/3)*(2/3^n)

4/3 - 2/3^n

",0,0,0,0,0,0,0,Seth,sp22
234,235,Exam 1,learningStudy/WrittenInduction_Recurrence_v3,"By definetion, g(2)=16/9, g(3)=52/27 .... take g(n-1) and g(n-2) into g(n) by definition. ",0,0,0,0,0,0,0,Seth,sp22
235,236,Exam 1,learningStudy/WrittenInduction_Recurrence_v3,"Proof:

Let n be a natural number. We want to show that the function $g(n) = 2-\frac{2}{3^n}$ for any n. 

Base Case: By the definition of g, we know that $g(0)=0$ and that $g(1) = \frac{4}{3}$. Plugging in 0 to the equation we want to prove, we get that $g(0)=2-\frac{2}{3^0} = 2-2=0$. Plugging in 1 to the same equation, we get $g(1)=2-\frac{2}{3}=\frac{6}{3}-\frac{2}{3} = \frac{4}{3}$. In both cases, $g(n) = 2-\frac{2}{3^n}$= is consistent with the definition of g.

Inductive Case: Now, we want to show that if n-2 and n-1 are true, that n is also true. For the new equation for g(n) to be true, it must satisfy the original definition of g(n). In this case, we get:

$g(n) = \frac{4}{3}g(n-1)-\frac{1}{3}g(n-2) = \frac{4}{3}(2-\frac{2}{3^{n-1}})-\frac{1}{3}(2-\frac{2}{3^{n-2}})=\frac{8}{3}-\frac{8}{3^n}-\frac{2}{3}+\frac{2}{3^{n-1}}=2-\frac{8}{3^n}+\frac{6}{3^n}$.

Simplifying this last part, we get that :
$g(n) = 2-\frac{2}{3^n}$.

We know from the base case plugging in n=0 and n=1 to our new g(n) complies with the original definition of g. We also know from the inductive case that if n-2 and n-1 both comply with the definition of g, that n also complies with the definition of g. Therefore, we have proven that for all n, $g(n) = 2-\frac{2}{3^n}$, which is what we wanted to show.",2,2,2,2,2,2,2,Seth,sp22
236,237,Exam 1,learningStudy/WrittenInduction_Recurrence_v3,"We can input the g(n) = 2 - 2/(3^n) in the known formula for g(n), g(n) = (4/3)g(n-1) - (1/3)g(n-2), and theoratically it should give us g(n) = 2 - 2/(3^n) again.

g(n) = (4/3)(2 - 2/3^(n-1)) - (1/3)(2 - 2/(3^(n-2)))

g(n) = (8/3 - 8/3^n) - (2/3 - 2/3^(n-1))

g(n) = (8-2)/3 - 8/3^n + (1/3^(-1))2/3^n

g(n) = 6/3 - 8/3^n + 6/3^n

g(n) = 2 - 2/3^n",0,0,0,0,2,2,2,Seth,sp22
237,238,Exam 6,learningStudy/WrittenInduction_Recurrence_v3,We know that $g(0)$ and $g(1)$ exist as they are given above. Let us first prove that $g(k + 1)$ where $k = 1$ exists. $g(1 + 1) = \frac{4}{3}g((1+1)-1) - \frac{1}{3}g((1+1) - 2)$ when simplified becomes $g(2) = \frac{4}{3}g(1) - \frac{1}{3}g(0)$ which turns out to be $g(2) = \frac{16}{9}$. ,1,2,0,0,0,0,0,Seth,sp22
238,239,Exam 1,learningStudy/WrittenInduction_Recurrence_v3,"Let the function $g$ be defined for all natural numbers.
Consider that $g(n) = (4/3)g(n-1) - (1/3)g(n-2)$, for $b \gt= 2$. Also consider that $g(0) = 0$ and $g(1) = 4/3$.
",0,0,0,0,0,0,0,Seth,sp22
239,240,Exam 1,learningStudy/WrittenInduction_Recurrence_v3,"Let n is any natural number and g(n) is any real number. Suppose g(n) = (4/3)*g(n-1) - (1/3)*g(n-2) for n >= 2

if n = 0, g(0) = 0 and if n = 1, g(1) = 2- (2/3) = 4/3. So, the equation satisfies both conditions where n >= 2.

For n >= 2, if n = 2 then via g(n) = 2 - 2/(3^n) g(2) = 2 - 2/9 = (16/9) and via g(n) = (4/3) g(2) =",2,1,0,0,0,0,0,Seth,sp22
240,241,Exam 1,learningStudy/WrittenInduction_Recurrence_v3,"Proof:

Base Case: n = 0,

g(0) = $2 - 2/(3^0)$ = 0

Base case holds true.

Induction step: n $\rightarrow$ n + 1, Assume g(n) = $2 - 2/3^n$ true for any natural number n

Then,

g(n + 1) must equal $2 - 2/(3^(n+1))$

We know that g(n + 1) = 4/3 g(n) - 1/3 g(n - 1)

By our induction hypothesis, we know that

g(n + 1) = 4/3 ($2 - 2/3^n$) - 1/3 ($2 - 2/(3^(n-1))$) =

1/3(4(2 - 2/3^n)- (2 - 2/(3^(n-1))) = 1/3(6 - 8/3^n + 2/3^(n-1)) = 

1/3(6 - 8/3^n + 6/3^n) = 1/3(6 - 2/3^n) = 2 - 2/3^(n+1)

Hence, g(n) = 2 - 2/3^n holds true.

QED.
",1,2,0,1,2,2,2,Seth,sp22
241,242,Exam 6,learningStudy/WrittenInduction_Recurrence_v3,"Base case: g(0) = 2 - 2/$(3^0)$ = 0

Proof:

We have to show that g(n) =  2 - 2/$3^n$ = 4/3(g(n-1)) - 1/3(g(n-2)) stands for n>=2

Taking left hand side:

4/3(g(n-1)) - 1/3(g(n-2))

= 4/3(2 - 2/$3^{n-1}$) - 1/3(2 - 2/$3^{n-2}$)

= 8/3 - 8/$3^n$ - 2/3 + 2/$3^{n-1}$

= 2 - 8/$3^n$ + 6/$3^n$

= 2 - 2/$3^n$

Left hand side = Right hand side

QED",1,2,0,0,2,2,2,Seth,sp22
242,243,Exam 1,learningStudy/WrittenInduction_Recurrence_v3,"Let g be a natural number that implies all real numbers.
We want to prove g(n)=2-(2/(3^n)).
Given g(0)=0.
g(0)=2-(2/(3^0)) = 2-(2) = 0.
Given g(1)=4/3.
g(1)=2-(2/(3^1)) = 2-(2/3) = 4/3.
For values n equal than or greater than 2, we are given g(n)=4/3g(n-1)-1/3g(n-2), for n is >= 2.
We test g(2)=2-(2/(3^2)) = 16/9.
We test 4/3g(2-1)=4/3*2-(2/(3^2-1)) - 1/3g(2-2)=1/3*2-(2/(3^2-2)) = 16/9 - 0 = 16/9.
16/9 == 16/9.
We have shown what is needed to prove the statement by induction.",2,2,0,0,0,0,0,Seth,sp22
243,244,Exam 6,learningStudy/WrittenInduction_Recurrence_v3,"Base: g(0) = 0. g(1) = 4/3

Induction: we should prove that g(n+1) = 2 - 2/3^(n+1)

Proof: g(n) = 4/3g(n-1) - 1/3g(n-2) = 4/3(2 - 2/3^(n-1)) - 1/3(2 - 2/3^(n-2)) = 2 - 2/3^n",2,1,0,0,2,2,2,Seth,sp22
244,245,Exam 1,learningStudy/WrittenInduction_Recurrence_v3,"Base case: 
g(2) = $\frac43g(1) - \frac13 g(0) = \frac43*\frac43 - \frac13 * 0 = 16/9$

g(2) = 2 - 2/(3^2) = 2 - 2/9 = 16/9.


Induction:

Assume that $g(k) = 2 - \frac{2}{3^k}$

...

So $g(k+1) = 2 - \frac{2}{3^{k+1}}$

Therefore by induction g(n) = 2 - 2/(3^n) for any natural number n. QED.",1,2,2,1,2,0,0,Seth,sp22
245,246,Exam 6,learningStudy/WrittenInduction_Recurrence_v3,"Base case: suppose n=2, then g(2) = 4/3g(1)-1/3g(0)=16/9=2-2/9=2-2/9^2. Thus, the base case is proved. Suppose n=k and k is a natural number. Then g(k)=2-2/3^k and g(k-1)=2-2/3^(k-1). Then, n+1=k+1. g(k+1)=4/3g(k)-1/3g(k-1)=4/3(2-2/3^k)-1/3(2-2/3^(k-1))=2-8/3^(k+1)+2/3^k=2-2/3^(k+1). This fits the form of 2-2/3^(n+1). Therefore, the statement is proved.",1,2,1,2,2,2,2,Seth,sp22
246,247,Exam 1,learningStudy/WrittenInduction_Recurrence_v3,"Base case: When $n = 1$, $g(1) = 2$ $-\frac{2}{3}  = \frac{4}{3}$. When $n = 2$, $g(2) = 2$ $-\frac{2}{3^2}  = \frac{16}{9}$ $=$ $\frac{4}{3}g(1)-\frac{1}{3}g(0)$.

Inductive step: Suppose $g(n)$ holds for $n = 1, 2, 3, ...n - 1$. Then we need to prove that $g(n)$ $=$ $2-\frac{2}{3^n}$. $g(n) = \frac{4}{3}g(n-1)-\frac{1}{3}g(n-2)$. Since the inductive hypothesis holds true for $n-1$ and $n-2$, $g(n-1)$ $=$ $2-\frac{2}{3^{n-1}}$ and $g(n-2)$ = $2-\frac{2}{3^{n-2}}$. Then $g(n) = \frac{4}{3}(2-\frac{2}{3^{n-1}})-\frac{1}{3}(2-\frac{2}{3^{n-2}})$ $=$ $2-\frac{8}{3^n}+\frac{2}{3^{n-1}}$ $=$ $2-\frac{2}{3^n}$. $QED$",1,1,2,2,2,2,2,Seth,sp22
247,248,Exam 1,learningStudy/WrittenInduction_Recurrence_v3,"For any natural number n, 
if n = 0
g(0) = 0
if n = 1
g(1) = 2- {2/(3^1)} = 4/3
Therefore, 
g(n) would have to equal 4/3(g(n-1)) - 1/3(g(n-2))",2,2,0,0,0,0,0,Seth,sp22
248,249,Exam 6,learningStudy/WrittenInduction_Recurrence_v3,g(n) =  2 - 2/3^n,0,0,0,0,0,0,0,Seth,sp22
249,250,Exam 6,learningStudy/WrittenInduction_Recurrence_v3,"Base case: let n = 2. 4/3g(1) - 1/3g(0) = (4/3)(4/3) - (1/3)(0) = (4/3)(4/3) = 16/9. Then, g(2) = 2 - 2/(3^2) = 2 - 2/9 =  18/9 - 2/9 = 16/9. The base case holds true.

Now, let the statement hold true for integers 0, ..., k.

Then if n = k + 1, plugging this in to right hand side g(n), g(k+1) = 2 - 2/(3^(k+1))

Furthermore, plugging this in to the left hand side g(n), g(k+1) = 4/3g(k) - 1/3g(k-1).

g(k+1) = 4/3(4/3g(k-1) - 1/3g(k-2)) - 1/3(4/3g(k-2) - 1/3g(k-3)) which simplifies down to the right hand side.

Therefore the claim is true.",1,2,2,2,2,2,0,Seth,sp22
250,251,Exam 1,learningStudy/WrittenInduction_Recurrence_v3,Not sure how to do this one. Playing around with plugging g(n+1) into the general formula however taking that and subtracting it from g(n) gives ((4/3)g(n)) - (5/3g(n-1)) + (1/3g(n-2)) which isn't showing anything substantial to me. ,0,0,0,0,0,0,0,Seth,sp22
251,252,Exam 1,learningStudy/WrittenInduction_Recurrence_v3,"this function is applicabe for both 0 and 1 above.

the 4/3 g(n-1) could be written as 4/3 g(n-2) - 1/3 g(n-3) and all the way could to the g (1) or g (0) and then it is proved.",2,1,0,0,0,0,0,Seth,sp22
252,253,Exam 1,learningStudy/WrittenInduction_Recurrence_v3,"Let $n$ be a natural number, and let $g(n)$ be as defined above.  
Case A: let $n = 0$. $g(0) = 0$, and $2 - \frac{2}{3^n} = 2 - 2 = 0$, so it holds that $g(n) = 2 - \frac{2}{3^n}$.   
Case B: let $n = 1$. $g(1) = \frac{4}{3}$, and $2 - \frac{2}{3^1} = 2 - \frac{2}{3} = \frac{4}{3}$, so it holds that $g(n) = 2 - \frac{2}{3^n}$.   
Case C: For any $n$ greater than or equal to 2,  
In all cases, $g(n) = 2 - \frac{2}{3^n}$, which is what we needed to show.",2,2,0,0,0,0,0,Seth,sp22
253,254,Exam 1,learningStudy/WrittenInduction_Recurrence_v3,"Let n = 2 <br>
Hence, g(2) = 4/3 * g(1) - 1/3 * g(0) <br>
g(2) = 4/3 * 4/3 - 1/3 * 0<br>
g(2) = 16/9 = 2 - 2/3^2<br>
Hence, we can see that by PMI, the aboce statement is true",1,2,0,0,0,0,0,Seth,sp22
254,255,Exam 6,learningStudy/WrittenInduction_Recurrence_v3,"Proof by induction on $n,n\in \mathbb N$  
Predicate: $P(n):g(n)=2-\frac{2}{3^n}$  
$2-\frac{2}{3^0}=2-2=0=g(0)$, this means $P(0)$ is true. $2-\frac{2}{3^1}=2-2/3=4/3=g(1)$, this proves $P(1)$.  
Hypothesis: $P(n-1)\land P(n)\implies P(n+1)$  
Assume that $P(n-1)\land P(n)$ holds for $n=2,...,k$  
$g(k+1)=\frac{4g(k)-g(k-1)}{3}$. Since $P(k-1)$ and $P(k)$, this is equal to $\frac{4(2-\frac{2}{3^k})-(2-\frac{2}{3^{k-1}})}{3}$$=\frac{6-\frac{8}{3^k}+\frac{2}{3^{k-1}}}{3}$$=2-\frac{\frac{8}{3^k}-\frac{6}{3^k}}{3}$$=2-\frac{2}{3^{k+1}}$ which exactly means $P(k+1)$. This proves the hypothesis$P(n-1)\land P(n)\implies P(n+1)$   
Since we know $P(0)$,$P(1)$, and $P(n-1)\land P(n)\implies P(n+1)$, we prove that $P(n)$ for all $n\in \mathbb N$. $g(n)=2-\frac{2}{3^n} $ for any natural number $n$. ",2,2,2,2,2,2,2,Seth,sp22
255,256,Exam 6,learningStudy/WrittenInduction_Recurrence_v3,"4/3g(2-1) - 1/3g(2-2)

4/3(4/3)-1/3(0)

16/9

2-2/362 = 2-2/9 = 18/9-2/9 = 16/9

i know im missing some setup steps but im not exactly sure what they were, this is as much as i remember i think that was part of it.",1,2,0,0,0,0,0,Seth,sp22
256,257,Exam 6,learningStudy/WrittenInduction_Recurrence_v3,"Proof by induction.

Base Case: Suppose g(0) = 0. 2 - 2/(3^0) = 2 - 2 = 0. Suppose g(1). 2 - 2/(3^1) = 2 - 2/3 = 4/3. Suppose g(n) = (4/3)g(n-1) - (1/3)g(n-2), for n >= 2. Then g(2) = (4/3)(4/3) - (1/3)(0) = 16/9. 2 - 2/(3^2) = 2 - 2/9 = 16/9. Therefore all three base cases hold.

Induction hypothesis: Suppose g(n) = 2 - 2/(3^n) for 0 < n <= k for a natural number k.

Induction predicate: Consider g(k+1).

g(k + 1) = g(k) + g(1). By definition of our induction hypothesis, g(k) + g(1) = (2 - 2/(3^k)) + (2 - 2/(3^1)) = (2 - 2/(3^k)) + (4/3) = 2 - 6 /(3^(k+1)) + 4 / (3^(k+1)) = 2 - 2/(3^(k+1)).

Since g(k + 1) = 2 - 2/(3^(k+1)), then our induction hypothesis is true. This is what we needed to show.",2,2,2,2,2,1,2,Seth,sp22
257,258,Exam 6,learningStudy/WrittenInduction_Recurrence_v3,"Let's prove the claim by induction on $n$.

Suppose $g(n)=2-\frac{2}{3^{n}}$, and suppose $n\geq 2$.

Case 1: For $n=0$, $g(0)=2-\frac{2}{3^{0}}=2-2=0$ and $g(0)=0$. So $n=0$ holds.

Case 2: For $n=1$, $g(1)=2-\frac{2}{3^{1}}=2-\frac{2}{3}=\frac{4}{3}$ and $g(1)=\frac{4}{3}$. So $n=1$ holds.

We need to prove that $g(n)=2-\frac{2}{3^{n}}$ for $n=0,1,...,k-1$.

...

So $g(n)=2-\frac{2}{3^{n}}$ for any natural number $n$, which is what we needed to prove.
",2,2,0,0,0,0,0,Seth,sp22
258,259,Exam 1,learningStudy/WrittenInduction_Recurrence_v3,"Let n = 3
Then g(3) = (4/3)g(2) - (1/3)g(1) = (4/3)((4/3) * g(1) - (1/3)g(0)) - (1/3)(4/3) = (4/3)(4/3)(4/3) - 4/9 = 52/27
If we plug in n = 3 into g(n) = 2 - 2/3^n, we get that g(3) = 2 - 2/3^3 = 52/27",0,2,0,0,0,0,0,Seth,sp22
259,260,Exam 1,learningStudy/WrittenInduction_Recurrence_v3,"For any natural number n, g(n) stands true.",0,0,0,0,0,0,0,Seth,sp22
260,261,Exam 6,learningStudy/WrittenInduction_Recurrence_v3,"Proof by Induction

Base Case: g(0) = 0, g(1) = 1

Induction Hypothesis: g(n) = 2-2/3^n for n = 2...k-2, k-1
Induction Proof: Prove the statement is true for n = k
g(k) = 4/3g(k-1) - g(k-2)/3 = 4/3(2-2/3^k-1) - 1/3(2-2/3^k-2) = 8/3 - 2/3 + 2/3^k-1 - 8/3^k 
= 6 + 6/3^k - 8/3^k = 6 - 2/3^k. So the statement is true.",2,1,2,2,1,2,2,Seth,sp22
261,262,Exam 1,learningStudy/WrittenInduction_Recurrence_v3,I do not know how to use induction.,0,0,0,0,0,0,0,Seth,sp22
262,263,Exam 1,learningStudy/WrittenInduction_Recurrence_v3,"$g(2)=\frac{4}{3}g(1)-\frac{1}{3}g(0)=\frac{4}{3}(\frac{4}{3})-\frac{1}{3}(0)=\frac{16}{9}$

$g(2)=2-\frac{2}{3^2}=2-\frac{2}{9}=\frac{16}{9}$

Thus, true for $g(2)$

For g(k) where is k is some integer:

$g(k)=\frac{4}{3}g(k-1)-\frac{1}{3}g(k-2)=2-\frac{2}{3^{k}}$

Proving for $g(k+1)$:

$\frac{4}{3}g(k)-\frac{1}{3}g(k-1)=\frac{4}{3}(2-\frac{2}{3^{k}})-\frac{1}{3}(2-\frac{2}{3^{k-1}})$

$\frac{8}{3}-\frac{8}{3^{k+1}}-\frac{2}{3}+\frac{2}{3^k}=4-\frac{8}{3^{k+1}}-2+\frac{2}{3^k}$

$2(2-\frac{8}{3^{k+1}})-(2-\frac{2}{3^k})=\frac{4}{3}g(k)-\frac{1}{3}g(k-1)$",1,2,2,1,0,2,2,Seth,sp22
263,264,Exam 6,learningStudy/WrittenInduction_Recurrence_v3,"I will solve using induction for n is a natural number. Let g(n) = (4/3)g(n-1)-(1/3)g(n-2) for n >= 2.

P(x)= 2-(2/(3^x))

base cases:
P(0) = 2-(2/(3^0)) = 2- 2=0

P(1) = 2-(2/(3^1)) = 2- (2/3) = 4/3

Both base cases hold true. So P(x) = 2-(2/(3^x)) holds true for x = {0, 1, 2,..., x+1}.

g(x+1) = (4/3)g(x+1-1)-(1/3)g(x+1-2)
= (4/3)g(x)-(1/3)g(x-1)


P(x+1) = 2-(2/(3^(x+1)))

g(x+1) = P(x+1) , which is what we needed to show.",2,2,1,2,1,2,0,Seth,sp22
264,265,Exam 1,learningStudy/WrittenInduction_Recurrence_v3,I don't know how to do induction.,0,0,0,0,0,0,0,Seth,sp22
265,266,Exam 6,learningStudy/WrittenInduction_Recurrence_v3,"Base case is that g(n) = 2 - 2/3^n

Inductive step is to show that this theory holds true for g(n+1)
",0,0,0,0,0,0,0,Seth,sp22
266,267,Exam 6,learningStudy/WrittenInduction_Recurrence_v3,"We will prove g(n) = 2 - 2/3^n via proof by induction on n. First, we must show that it holds true for the base case of n = 2. 4/3(4/3) - 0 = 2-2/9; 16/9 = 16/9. So, the predicative statement holds true for the base case. Now let's assume that this predicative statement holds true for all n = 2... k+1. To complete our proof we must show that it holds true for n = k+2. g(k+2) = 4/3g(n-1) - 1/3g(n-2). Using our assumption we can rewrite this as g(k+2) = 4/3(2-(2/(3^(k+1))) - 1/3(2-(2/(3^(k))). Simplifying we get (8/3 - 8/(3^k+2)) - (2/3 - 2/(3^k+1). Multiplying the last term by 3/3 we get, (8/3 - 8/(3^k+2)) - (2/3 - 6/(3^k+2). Combining terms we now get 2 - 2/(3^(k+2)) which is what we had to show, QED.",1,2,2,2,2,2,2,Seth,sp22
267,268,Exam 6,learningStudy/WrittenInduction_Recurrence_v3,"Proof:

$g(n) = \frac{4}{3}g(n-1) - \frac{1}{3}g(n-1) = 2 - \frac{2}{3^n}$, for $n \geq 2$

Base Case:

$g(2) = \frac{4}{3}(\frac{4}{3}) - \frac{1}{3}(0) = \frac{16}{9}$

$g(2) = 2 - \frac{2}{3^2} = \frac{18}{9}-\frac{2}{9} = \frac{16}{9}$

Inductive Predicate:

Assuming the statement is true for case $n = 2,3,4 ... k-1$, then if the statement is proven true for $k$ it works for all cases.

Inductive Question:

$g(k) = 2 -\frac{2}{3^k}$

$g(k) = \frac{4}{3}g(k-1) - \frac{1}{3}g(k-2) = \frac{4}{3}(2-\frac{2}{3^{k-1}}) - \frac{1}{3}(2-\frac{2}{3^{k-2}}) = $

$\frac{8}{3} - \frac{8}{3(3^{k-1})} - \frac{2}{3} + \frac{2}{3(3^{k-2})} = 2 - \frac{8}{3^k} + \frac{2}{3^{k-1}}(\frac{3}{3}) = 2- \frac{8}{3^k} + \frac{6}{3^k} =$

$2 -\frac{2}{3^k}$, Which is what we were tyring to prove.",1,2,2,2,2,2,2,Seth,sp22
268,269,Exam 6,learningStudy/WrittenInduction_Recurrence_v3,"since g2 =g(1)-g(0), g3 = g2 - g1. so it is 2-2/3g(n-2)",0,0,0,0,0,0,0,Seth,sp22
269,270,Exam 6,learningStudy/WrittenInduction_Recurrence_v3,"Let n be all number greater than or equal to 2, such as 2, 3, 4, ...up to k+1. In this case, suppose n = k+1. Setting the two g(n) equations equal to each other with the given substitution, we have (4/3)g(k)-(1/3)g(k-1) = 2-(2/3^(k+1)). Given that our substitution was n=k+1, this means k = n-1, so the first term in the equation is actually (4/3)(4/3), which is 16/9. This means also that k-1 would be g(0), so the whole equation now is just 16/9 = 2-2/3^(k+1). Now, if we substitute 1 for k, we get 2-2/9, which is 18-2/9, the same value as the left side. This proves that g(n) = 2-2/3^n. ",0,0,0,0,0,0,0,Seth,sp22
270,271,Exam 1,learningStudy/WrittenInduction_Recurrence_v3,"suppose g(n) - 2 - 2/3^n
let n = 2
(4/3)*g(2-1) - 1/3*g(2-2) = (4/3)^2-(1/3)*0 roughly equals 1.77777
2-(2/3^2) = 2 - (2/9) = roughly equals 1.77777
thus g(2) = 1.77777 = 16/9

thus 2-2/3^n = 4/3(2-2/3^n)-1/3(2-2/3^n)
thus 2-2/3^n = 4/3-1/3(2-2/3^n)
thus 2-2/3^n = 3/3(2-2/3^n)
this should hold for any n, QED",1,1,0,0,0,0,0,Seth,sp22
271,272,Exam 1,learningStudy/WrittenInduction_Recurrence_v3,No clue how to approach,0,0,0,0,0,0,0,Seth,sp22
272,273,Exam 6,learningStudy/WrittenInduction_Recurrence_v3,"Base case: let n = 2. g(n) = 4/3*4/3-1/3*0=16/9. h(n) = 2 -2/9 = 16/9. So the claim hold.
Inuduction proof: let n = k+1. g(k+1) = 4/3g(k)-1/2g(k-1) = 4/3*(2-2/3^k) - 1/2*(2=2/3^k-1) = 2-2/3^k+1). This is what we needs to show.",1,1,0,0,2,2,2,Seth,sp22
273,274,Exam 6,learningStudy/WrittenInduction_Recurrence_v3,"Proof: suppose g(n)=4/3g(n-1) - 1/3g(n-2) 
After I checked the results of the question last time, I'm still consufed with the understanding of the content. I think we need to have more concept-related materials to better grasp the key point of induction. When having questions that contains stuff that I'm not familliar with really lower my study passion and efficiency. I wrote these stuff is to simply provide some feedbacks. ",0,0,0,0,0,0,0,Seth,sp22
274,275,Exam 1,learningStudy/WrittenInduction_Recurrence_v3,"Let n = 1. 2 - (2/3^1) = 4/3, Which is how g(1) is defined. Also, given the definition of g(n), if we solve for g(n-2) for n = 1, we get that g(n-2) = -4. n - 2 = -1. g(-1) = 2 - 2/3^-1 = -4. Thus, g(n) = 2 - 2/3^n for any natural number n.",1,2,0,0,0,0,0,Seth,sp22
275,276,Exam 1,learningStudy/WrittenInduction_Recurrence_v3,4g(n-1)/3-g(n-2)/3=4g(n-1)/3-g(n-1-1)/3=g(n)=2-2/3^n,0,0,0,0,0,0,0,Seth,sp22
276,277,Exam 6,learningStudy/WrittenInduction_Recurrence_v3,Consider g(2) = 2-2/(3^n). ,0,0,0,0,0,0,0,Seth,sp22
277,278,Exam 6,learningStudy/WrittenInduction_Recurrence_v3,"Proof by induction on n

Suppose g(n) = 4/3g(n-1) - 1/3g(n-2)

Base cases: 1: n = 0

Then 0 = 0 

2: n = 1

Then 4/3 = 4/3(0) - 1/3(-4) = 4/3

So, both base cases are true 

Inductive Hypothesis:

Suppose g(n) = 4/3g(n-1) - 1/3g(n-2) is true for all natural numbers (0,1,...k), k being a natural number

Now consider the natural number k + 1. Suppose n = k + 1

So, g(n) = 4/3(2 - 2/(3^k)) - 1/3(2-2/(3^k-1))

Notice 4/3(2 - 2/(3^k)) - 1/3(2-2/(3^k-1)) = 8/3 - 8/3^k+1 - (2/3 + 2/3^k) = 2 -2/3^k+1

Notice k is an integer so k + 1 is an integer. Let us call it v 

Therefore, g(k+1) = 2 - 2/3^v for some natural number v 

So, g(n) = 2 - 2/3^n for g(k+1) 

Therefore it holds true for every natural number n 

QED",2,2,1,2,2,2,2,Seth,sp22
278,279,Exam 6,learningStudy/WrittenInduction_Recurrence_v3,"Establish induction on n.

Indusive hypothesis: g(n) = 2 - $\frac{2}{3^n}$, where n = 0, n = 1, ... n = k.

Basic case: when n = 0, g(0) = 0. when n = 1, g(1) = 4/3.
g(n) = 2 - $\frac{2}{3^n}$, where n = 0, n = 1, ... n = k.

Indusives steps:when n = k+1,  g(n) = 2 - $\frac{2}{3^n}$ = 2 - $\frac{2}{3^{k+1}}$ 

so g(k+1) = $\frac{4}{3}$g(k) -$\frac{1}{3}$g(k-1) = 4/3 (2 - $\frac{2}{3^k}$) - 1/3 (2 - $\frac{2}{3^{k-1}}$) = 2 - $\frac{2}{3^{k+1}}$.QED",2,1,2,2,2,2,2,Seth,sp22
279,280,Exam 1,learningStudy/WrittenInduction_Recurrence_v3,"I do not know what induction is.
I do not know how to prove this.",0,0,0,0,0,0,0,Seth,sp22
280,281,Exam 6,learningStudy/WrittenInduction_Recurrence_v3,"We need to show that $g(n)=2-\frac{2}{3^n}$ for any positive integer $n$.

First we will look at the case where $n=1$. $g(1)=\frac{4}{3}$. $2-\frac{2}{3^1}=\frac{4}{3}$. So $g(n)=2-\frac{2}{3^n}$ for $n=1$. We can also look at $g(2)$: $g(2)=\frac{4}{3}g(1)-\frac{1}{3}g(0)=\frac{4}{3}*\frac{4}{3}-0=\frac{16}{9}$. $2-\frac{2}{3^2}=\frac{18}{9}-\frac{2}{9}=\frac{16}{9}$. So $g(n)=2-\frac{2}{3^n}$ for $n=1,2$

If $g(n)=2-\frac{2}{3^n}$ for $n=1,2,3,4,...,k$, then showing that $g(k+1)=2-\frac{2}{3^{k+1}}$ will prove that $g(n)=2-\frac{2}{3^n}$ for all positive integers.

We know that $g(k+1)=\frac{4}{3}g(k)-\frac{1}{3}g(k-1)$. In our induction hypothesis we claim that $g(k)=2-\frac{2}{3^k}$ and $g(k-1)=2-\frac{2}{3^{k-1}}$. Putting these equations together we have $g(k+1)=\frac{4}{3}(2-\frac{2}{3^k})-\frac{1}{3}(2-\frac{2}{3^{k-1}})$

$\frac{4}{3}(2-\frac{2}{3^k})-\frac{1}{3}(2-\frac{2}{3^{k-1}})=\frac{8}{3}-\frac{8}{3^{k+1}}-\frac{2}{3}+\frac{2}{3^k}=2-\frac{2}{3^{k+1}}$

So we have $g(k+1)=2-\frac{2}{3^{k+1}}$ which is what we needed to show",1,2,2,2,2,2,2,Seth,sp22
281,282,Exam 1,learningStudy/WrittenInduction_Recurrence_v3,"Let g(n) = 4/3g(n-1) - 1/3g(n-2) for n >= 2. 
Then, we can distribute the coefficients to get 4/3gn - 4/3g - 1/3gn + 2/3g. Combining like terms and factoring will allow us to receive g(n) = g(n-(2/3)). ",0,0,0,0,0,0,0,Seth,sp22
282,283,Exam 1,learningStudy/WrittenInduction_Recurrence_v3,"Let n be a natural number. 

Suppose that g(0)=0, g(1)=3/4, and g(n)=(4/3)g(n-1)-(1/3)g(n-2) for n >=2.

MIDDLE

So g(n)=2-(1/3)g(n-2) for any natural number n.",0,0,0,0,0,0,0,Seth,sp22
283,284,Exam 6,learningStudy/WrittenInduction_Recurrence_v3,"we should use proof by induction to solve this problem

by the induction hypopthesis

1, 2 ,3 n-1

for g

therefore g(n) = 2 - 2/3^n 

Which is what we needed to show

Q.E.D",0,0,0,1,0,0,0,Seth,sp22
284,285,Exam 1,learningStudy/WrittenInduction_Recurrence_v3,I don't know how to do induction.,0,0,0,0,0,0,0,Seth,sp22
285,286,Exam 1,learningStudy/WrittenInduction_Recurrence_v3,"g(0) = 0

g(1) = 4/3

g(n) = $\frac{4}{3}$g(n-1) - $\frac{1}{3}$g(n-2) when n >= 2

$\frac{4}{3}$g(n-1) - $\frac{1}{3}$g(n-2) = $\frac{16}{9}$ when n = 2.

when we plug in 0, 1, and 2 into g(n) = 2 - $\frac{2}{3^n}$, we see

g(0) = 0, g(1) = $\frac{2}{3}$, g(2) = $\frac{16}{9}$, which align with the rules that were given above.

g(n) = 2 - $\frac{2}{3^n}$ for any natural number n, which is what we needed to show.",2,1,0,0,0,0,0,Seth,sp22
286,287,Exam 6,learningStudy/WrittenInduction_Recurrence_v3,"Proof:
We'll prove the claim through proof by induction

Induction Predicate: Let P(n) = g(n) = $2 -  \frac{2}{3^n}$

Base Cases:

Let n = 0,

Then g(0) = 2 - $2/3^0$, which can be written as 0 = 2 - 2 = 0 = 0

Let n = 1,
Then g(1) = 2 - $2/3^1$, which can be written as 4/3 = 2 - 2/3 = 4/3 = 6/3 - 2/3 = 4/3 = 4/3

Hence the base cases hold

Induction hypothesis: Suppose P(n) = g(n) = $2 -  \frac{2}{3^n}$ for n >= 2

Induction step: We want show that P(k) = g(k) = 2 - $2/3^k$ for k = 0, 1,..., n - 1 such that n is a natural number

Since we know g(n) = (4/3)*g(n - 1) - (1/3) * g(n - 2), we can plug k into g(n) to get:

g(k) = (4/3)*g(k - 1) - (1/3) * g(k - 2)

Recall that g(n) = $2 -  \frac{2}{3^k}$

Then we can write g(k) = (4/3)*g(k - 1) - (1/3) * g(k - 2) as:

(4/3)*g(k - 1) - (1/3) * g(k - 2) = (4/3)*(2 - $2/3^(k - 1)$) - (1/3) * (2 - $2/3^(k - 2)$)

$(4/3)*(2 - (2/($3^(k - 1)$))) - (1/3) * (2 - 2/$3^(k - 2)$) = $\frac{8}{3} - \frac{8}{3*3^(k - 1)} - \frac{2}{3} + \frac{2}{3*3^(k - 2)}$

$\frac{8}{3} - \frac{8}{3*3^(k - 1)} - \frac{2}{3} + \frac{2}{3*3^(k - 2)}$ = $\frac{8}{3} - \frac{8}{3^k} - \frac{2}{3} + \frac{2}{3^(k - 1)}$ 

$\frac{8}{3} - \frac{8}{3^k} - \frac{2}{3} + \frac{2}{3^(k - 1)}$ = $\frac{6}{3} - \frac{8}{3^k} + \frac{2}{3^(k - 1)}$ 

$\frac{6}{3} - \frac{8}{3^k} + \frac{2}{3^(k - 1)}$ = $2 -  \frac{8}{3^k} + \frac{2*3}{3^(k)}$ = $2 -  \frac{8}{3^k} + \frac{6}{3^(k)}$

$2 -  \frac{8}{3^k} + \frac{6}{3^(k)}$ = $2 -  \frac{2}{3^k}$


Hence, g(k) = $2 -  \frac{2}{3^k}$, which is what we needed to show.

Therefore, through proof by induction, g(n) = $2 -  \frac{2}{3^n}$ for any natural number n.",2,2,2,2,2,2,2,Seth,sp22
287,288,Exam 1,learningStudy/WrittenInduction_Recurrence_v3,"__*Proof*__: To prove the statement above by induction, we need to show that the statement is true when $n=1$ and when $n=n+1$.
<br>
*Case 1*: $n=1$.
<br>
As described above, $g(1)=\frac{4}{3}$. When we substitute $n$ into the expression $2-\frac{2}{3^n}$, we get $2-\frac{2}{3}$, which is equal to the rational number $\frac{4}{3}$.
<br>
Because $\frac{4}{3} = \frac{4}{3}$, the equation $g(n) = 2-\frac{2}{3^n}$ is __true__ when $n=1$, which is what we needed to show.
<br>
*Case 2*: $n=n+1$.
<br>
For the natural number $n=n+1$, we would likely have to use the given values for $g(0)$, $g(1)$, and $g(n)$.
<br>
In particular, $g(n+1)=\frac{4}{3}g(n)-\frac{1}{3}g(n-1)$.
<br>
Therefore, we would have to substitute the equation for $g(n)$ and $g(n-1)$ to solve for $g(n+1)$.
<br>
This behavior is similar to that of a __series__, where the maximum possible value is 2.
<br>
As the  value of the natural number index $i$ __increases__ in this series, the sum __decreases__ by $\frac{2}{3^i}$.
<br>
Therefore, $g(n+1) = 2-\frac{2}{3^{n+1}}$, which is what we needed to show.",1,2,0,0,2,2,1,Seth,sp22
288,289,Exam 6,learningStudy/WrittenInduction_Recurrence_v3,"Inductive Predicate: P(n) = g(n) = 2 - $\frac{2}{3^n}$

Base case:

P(0) = 2 - $\frac{2}{3^0}$ = 0 which is correct

P(1) = 2 - $\frac{2}{3^1}$ = 4/3 which is correct

Proof by Induction

P(k) = g(k) = 4/3 * g(k-1) - 1/3 * g(k-2)

By induction: g(k-1) = 2 - $\frac{2}{3^(k-1)}$ and g(k-2) = $\frac{2}{3^(k-2)}$

By substituting those back in and reducing, P(k) = 2 - $\frac{2}{3^k}$ which is what was needed to be shown",2,2,2,0,2,2,2,Seth,sp22
289,290,Exam 1,learningStudy/WrittenInduction_Recurrence_v3,"Using the formula g(n) = 2 - 2/(3^n), we can rewrite this as g(n) = 6/3 - 8/(3^n) + 6/(3^n). We can expand this further to get g(n) = (8/3 - 8/(3^n)) - (2/3 - 2/(3^(n-1))). This can then give us g(n) = 4/3*(2 - 2/3^(n-1)) - 1/3*(2 - 2/3^(n-2)). We can then change this into g(n) = 4/3*g(n-1) - 1/3*g(n-2) which is our formula.",0,0,0,0,2,2,2,Seth,sp22
290,291,Exam 1,learningStudy/WrittenInduction_Recurrence_v3,"For every n >= 2,  
g(n) = 4(2-2/3^(n-1))/3-(2-2/3^(n-2))/3

= 4*2/3-2/3 -3*(4/3)*(2/3^n)-9*(1/3)*(2/3^n) 

= 2-(4-3)*(2/3^n)

= 2-2/3^n

",0,0,0,0,2,2,2,Seth,sp22
291,292,Exam 1,learningStudy/WrittenInduction_Recurrence_v3,"g(2)=4/3g(1)-1/3g(0)= 16/9
g(n-1)=4/3(4/3g(n-2)-1/3g(n-3))
g(n-2)=4/3g(n-3)-1/3g(n-4)
So g(n)=2-2/3^n.",1,1,0,0,0,0,0,Seth,sp22
292,293,Exam 1,learningStudy/WrittenInduction_Recurrence_v3,"Suppose g(0) = 0, g(1) = \frac{4}{3}. 
Let us take natural number n = 2, for example. When we plug this into the given equation, we receive /frac{4}{3}g(1) - 0, which simplifies to 4/3 * 4/3. As the denominator, we can simplify this to $3^n$. For the numerator, we are able to get \frac{18}{9} - 2/9. 18/9 naturally simplifies to 2 and 2/9 is the same as 2/$3^2$. Generalising 2 to n, as defined above, we get 2 - 2/$3^n$, which is what we needed to prove.",1,1,0,0,0,0,0,Seth,sp22
293,294,Exam 1,learningStudy/WrittenInduction_Recurrence_v3,"$n = 0: g(0) = 2 - \frac{2}{3^0} = 0$

$n = 1: g(1) = 2 - \frac{2}{3^1} = \frac{4}{3}$

Assume that the statement above holds for all n. Then 

$n -> n + 1: g(n+1) = \frac{4}{3} g(n) - \frac{1}{3} g(n-1) = \frac{4}{3}(2-\frac{2}{3^n})-\frac{1}{3}(2-\frac{2}{3^{n-1}})$

$= \frac{8}{3} - \frac{8}{3^{n+1}} - \frac{2}{3} - \frac{2}{3^n} = \frac{8}{3} - \frac{2}{3}- \frac{8}{3^{n+1}} -\frac{2}{3^n} = 2 - \frac{8}{3^{n+1}} -\frac{2*3}{3^n*3}= 2-\frac{8-6}{3^{n+1}} = 2-\frac{2}{3^{n+1}}$

$QED$",2,2,2,1,2,2,2,Seth,sp22
294,295,Exam 1,learningStudy/WrittenInduction_Recurrence_v3,"I do not know what induction is, but recurrence most likely means that the question is a recurring set of concepts throughout the equations.

4/3g(n-1) - 1/3g(n-2) = 4/3gn - 4/3g - 1/3gn - 2/3g

=> 3gn - 2g

=> g(3n-2)

I do not know what the next steps are but they would go to show that this is equal to 2 - 2/(3^n)",0,0,0,0,0,0,0,Seth,sp22
295,296,Exam 6,learningStudy/WrittenInduction_Recurrence_v3,"We will prove this statement by induction on $n$.  
Predicate: for $g(n)$ as defined above, $g(n) = 2-\frac{2}{3^n}$ for any natural number $n$.  
Base case: for $n=0,$ $g(0) = 0 = 2-\frac{2}{1}$, so the predicate holds. for $n=1$, $g(1)=\frac{4}{3}=2-\frac{2}{3}$, so the predicate holds.  
Hypothesis: For any $n = 1...(k-1)$, $g(n) = 2 - \frac{2}{3^n}$. we need to show that $g(k) = 2-\frac{2}{3^k}$.  
$g(k) = \frac{4}{3}g(k-1)-\frac{1}{3}g(k-2)$ for all $k\geq2$. By the inductive hypothesis, this is equivalent to $\frac{4}{3}(2-\frac{2}{3^{k-1}}) - \frac{1}{3}(2-\frac{2}{3^{k-2}}).$   
By distributing, we get $\frac{8}{3}-\frac{8}{3^k}-\frac{2}{3}+\frac{2}{3^{k-1}}$, which simplfies to $\frac{6}{3}-\frac{8}{3^k}+\frac{2}{3^{k-1}}$. By multiplying the last term by $\frac{3}{3}$, we obtain $\frac{6}{3}-\frac{8}{3^k}+\frac{6}{3^{k}}$, which simplifies to $2-\frac{2}{3^k}$.  
So $g(k) = 2-\frac{2}{3^k}$, which is what we needed to show.",2,2,2,2,2,2,2,Seth,sp22
296,297,Exam 6,learningStudy/WrittenInduction_Recurrence_v3,"Base Case:

g(2) = 4/3g(1) - 1/3g(0) = (4/3)(4/3) - (1/3)(0) = (4/3)(4/3) = 16/9

and

g(2) = 2 - 2/3^2 = 18/9 - 2/9 = 16/9

$g(n+1) = 4/3g(n) - 1/3g(n-1) = 4/3(2-2/3^n) - 1/3(2 - 2/3^n-1) = $

$(4/3)((2(3^n)-2)/3^n) - 1/3((2(3^{n-1})-2)/3^{n-1})$ 

$ = (4(3^n)-4)/(3^n)(3) - (2(3^{n-1})-2)/3^{n-1}(3)$

$ = (4(3^n)-4)/(3^n)(3) - (2(3^{n-1})-2)(3)/3^{n-1}(3)(3)$

$ = (4(3^n)-4)/(3^n)(3) - (2(3^{n-1})-2)(3)/3^{n}(3)$

$ = (4(3^n)-4) - (6(3^{n-1})-6)/(3^n)(3)$

$ = 4(3^n) - 6(3^{n-1})+2/(3^n)(3)$

$ = 4/3 - 2/3 + 2/(3^n)(3)$

$ = 2 + 2/(3^n)(3)$




",1,2,0,0,2,2,2,Seth,sp22
297,298,Exam 1,learningStudy/WrittenInduction_Recurrence_v3,"For the new function that define g(n), we can compare it to the piece-wise function that originally defined g. g(0) = 0 and when you plug 0 in for n in the new function, g(0) = 2 - 2/(3^0) = 0, you get the same answer. g(1) = 4/3 and when you plug 1 in for n in the new fuction, g(1) = 2 - 2/(3^1) = 6/3 - 2/3 = 4/3, you get the same answer.
Now the last original function is for g when n >= 2. Let's compare the old and new function using the value 3 for example.
g(3) = 4/3 * g(3-1) - 1/3 * g(3-2) = 4/3 * (4/3 * g(2-1) - 1/3 * g(2-2)) - 1/3 * 4/3 = 4/3 * (4/3 * 4/3 - 1/3 * 0) - 1/3 * 4/3 = 4/3 * 16/9 - 4/9 = 52/27
vs.
g(3) = 2 - 2/(3^3) = 2 - 2/27 = 54/27 - 2/27 = 52/27 which is equal to the original function's value.
Since all of examples provided for values in each of the equations in the piece-wise functions equated to the values given by the new equation, this means that g(n) = 2 - 2/(3^n) for any natural number n.",2,2,0,0,0,0,0,Seth,sp22
298,299,Exam 1,learningStudy/WrittenInduction_Recurrence_v3,"when n = 1

g[1] = 4/3

let g[n] be true

Need to prove g[n+1]",1,1,0,0,0,0,0,Seth,sp22
299,300,Exam 6,learningStudy/WrittenInduction_Recurrence_v3,"We will solve this proof using strong induction.

Proof:

Let P(n) := g(n) = $\frac{4}{3}g(n-1) - \frac{1}{3}g(n-2), \forall n \geq 2$

Base Case(s):

g(0) = 2 - 2/1 = 0

g(1) = 2 - 2/3 = 6/3 - 2/3 = 4/3

Induction step: $n \implies n+1$. Assume P(n) holds true.

We need to show that g(n+1) = 2 - $\frac{2}{3^(n+1)}$

g(n+1) = 4/3 (g(n)) - 1/3(g(n-1) = $\frac{4}{3}(2 - \frac{2}{3^n}) - \frac{1}{3}(2-\frac{2}{3^(n-1)}) =$

$\frac{8}{3} - \frac{8}{3^(n+1)} - \frac{2}{3} + \frac{2}{3^n} = 2 - \frac{2}{3^(n+1)}$

which is what we needed to show. Hence, P(n) is true.

QED.",2,2,1,1,2,2,2,Seth,sp22
300,301,Exam 6,learningStudy/WrittenInduction_Recurrence_v3,"Proof by n

g(k) = 4/3g(k-1) - 1/3g(k-2) for K>= 2

BASE CASE: if k = 0 this statment is still true so that means we can do the proof by n

Hypotheis: g(k) = 4/3g(k-1) - 1/3g(k-2) for K>= 2

Doing the algebra this statment is true hence the claim is proved",1,0,0,0,0,0,0,Seth,sp22
301,302,Exam 6,learningStudy/WrittenInduction_Recurrence_v3,"Let n be equal to any natural number, so n = 1, 2, 3,..., k+1. Let P(n) = g(n). S0, the base cases hold true, as P(0) = g(0) = 2 - 2/3^0 = 2 - 2 = 0, and P(1) = g(1) = 2 - 2/3^1 = 6/3 - 2/3 = 4/3. g(2) - 4/3 * 4/3 - 0 = 16/9. g(3) = 4/3*16/9 - 1/3*4/3 = 52/27. Both values are in the form of being 2/3^n numbers away from the numerator being exactly 2 values away from the answer of g(n). Because this equation is recursive, the next iteration of the function will always call back on the previous one, ensuring that the format of the answer will stay consistent with the future answers. Thus, for any natural number n, g(n) = 2 - 2/3^n.",2,2,0,0,0,0,0,Seth,sp22
302,303,Exam 1,learningStudy/WrittenInduction_Recurrence_v3,"For n = 2, g(n) = 4/3g(n-1) - 1/3g(n-2), g(1) = 4/3 and g(0) = 0, so g(2) = 4/3 * 4/3 - 0 = 16/9 = 2-2/9",1,2,0,0,0,0,0,Seth,sp22
303,304,Exam 6,learningStudy/WrittenInduction_Recurrence_v3,"Plugging in g(0) for the equation 2- 2/3^n, we get 0, so g(0) holds. 
Pugging in g(1) for the equation 2- 2/3^n, we get 4/3, so g(1) holds. 

Let g(k) = 2 - 2/3^n.

If we substitute n = k, we get 2- 2/3^n. 

Applying this to the other equation, we get 4/3g(k-1)-1/3g(k-2)

Substituing in g(k), we get 4/3(2-2/3^k - 1) - 1/3(2-2/3^k - 2).

Simplifying this, we get the equation to be 2-2/3^k, which is what we needed to prove. 

",2,2,0,0,2,2,2,Seth,sp22
304,305,Exam 1,learningStudy/WrittenInduction_Recurrence_v3,"Consider $n = 2$. $g(2) = 4/3(g(1)) - 1/3(g(0))$

$g(2) = 4/3(4/3) - 0 = 16/9$

$g(2) = 2 - 2/(3^2)$

$g(2) = 2 - 2/9 = 16/9$
",2,2,0,0,0,0,0,Seth,sp22
305,306,Exam 6,learningStudy/WrittenInduction_Recurrence_v3,"Proof:

Let g(n) = 2 - 2/3^n.

For n = 0, g(0) = 2-2/1 = 0. For n = 1, g(1) = 2-2/3 = 4/3.

I don't know how to write the rest of the proof. We still haven't gone over induction in class.",2,2,0,0,0,0,0,Seth,sp22
306,307,Exam 1,learningStudy/WrittenInduction_Recurrence_v3,Factor out the 1/3(n-1) which gives us 1/3(n-1)((4)g +g) which equals 2-2/3^n,0,0,0,0,0,0,0,Seth,sp22
307,308,Exam 1,learningStudy/WrittenInduction_Recurrence_v3,No clues on how to do it.,0,0,0,0,0,0,0,Seth,sp22
308,309,Exam 1,learningStudy/WrittenInduction_Recurrence_v3,g(n)=$\frac{1}{3}$g(4n-3),0,0,0,0,0,0,0,Seth,sp22
309,310,Exam 6,learningStudy/WrittenInduction_Recurrence_v3,"base case: when n = 1, left side = $\frac{4}{3} = 2 - \frac{2}{3^1}$ = right side

hypothesis: for every natural number k,  $g(k) = 2 - \frac{2}{3^k}$

induction: there exists a natural number k + 1 such that $g(k + 1) = 2 - \frac{2}{3^{k+1}}$

Proof:  left side = $g(k + 1) = \frac{4}{3}g(k) - \frac{1}{3}g(k-1)$ 

$= \frac{4}{3}(2 - \frac{2}{3^{k}}) - \frac{1}{3}(2 - \frac{2}{3^{k-1}}) $

$=\frac{8}{3} - \frac{8}{3^{k+1}} - \frac{2}{3} + \frac{2}{3^k}$

$=2-\frac{8}{3^{k+1}} + \frac{2 \times 3}{3^{k+1}}$

$= 2 - \frac{2}{3^{k+1}}$

= right side

Thus, $\forall n \in N, g(n) = 2 - \frac{2}{3^n}$",1,2,2,1,2,2,2,Seth,sp22
310,311,Exam 1,learningStudy/WrittenInduction_Recurrence_v3,"

This is why g(n) = 2 - 2/(3^n) for any natural number n.",0,0,0,0,0,0,0,Seth,sp22
311,312,Exam 6,learningStudy/WrittenInduction_Recurrence_v3,"We will prove that $g(n) = 2 - \frac{2}{3^n}$ for any natural number n via induction of n. 

When n = 0, g(0) = 0 and $2 - \frac{2}{3^0} = 2 - 2 = 0$, so when n = 0 the statement holds.

When n = 1, g(1) = $\frac{4}{3}$ and $2 - \frac{2}{3^1} = 2 - \frac{2}{3} = \frac{4}{3}$, so when n = 1 the statement holds.

Suppose that $g(n) = 2 - \frac{2}{3^n}$ holds for n = 2, 3, 4, ..., k - 1. We need to prove $g(n) = 2 - \frac{2}{3^n}$ for n = k.

When n = k, $g(k) = \frac{4}{3}g(k - 1) - \frac{1}{3}g(k - 2).$ because the statement holds for n = k - 1 and n = k - 2, we can say that $g(k - 1) = 2 - \frac{2}{3^{k - 1}}$ and $g(k - 2) = 2 - \frac{2}{3^{k - 2}}$. 

As a result, $g(k) = \frac{4}{3} (2 - \frac{2}{3^{k - 1}}) - \frac{1}{3}(2 - \frac{2}{3^{k - 2}}) =$

$ \frac{4}{3} (2 - \frac{2}{3^{k - 1}}) - \frac{1}{3}(2 - \frac{2}{3^{k - 2}}) = $

$\frac{8}{3} - \frac{8}{3^{k}} - \frac{2}{3} + \frac{2}{3^{k - 1}} = $

$\frac{6}{3} - \frac{8}{3^{k}}+ \frac{6}{3^{k}} = $

$2 - \frac{2}{3^{k}}$

Proving what we need to prove.
",2,2,2,2,2,2,2,Seth,sp22
312,313,Exam 1,learningStudy/WrittenInduction_Recurrence_v3,"Case 1: $n = 0$

When $n=0$, $g(0) = 2-\frac{2}{3^0} = 2-2=0$, which is true.

Case 2: $n = 1$

When $n=1$, $g(1) = 2-\frac{2}{3^1} = 2-\frac{2}{3} = \frac{4}{3}$, which is true.

Case 3: $n \>= 2$

The claim is that $\frac{4}{3}g(n-1) - \frac{1}{3}g(n-2) = 2-\frac{2}{3^n}$

$g(2) = 2 - \frac{2}{3^2} = \frac{16}{9} = \frac{4}{3}g(2-1)-\frac{1}{3}g(2-2) = \frac{4}{3}(\frac{4}{3})-\frac{1}{3}(0) = \frac{16}{9}$",2,2,0,0,0,0,0,Seth,sp22
313,314,Exam 1,learningStudy/WrittenInduction_Recurrence_v3,"Let n be a natural number.
$g(n) = \frac{4}{3}g(n-1) - \frac{1}{3}g(n-2)$<br>
$g(n-1) = \frac{4}{3}g(n-2) - \frac{1}{3}g(n-3)$<br>
$g(n-2) = \frac{4}{3}g(n-3) - \frac{1}{3}g(n-4)$<br>
(I don't know how to do induction)",0,0,0,0,0,0,0,Seth,sp22
314,315,Exam 6,learningStudy/WrittenInduction_Recurrence_v3,"Proof by induction on n 

Induction Hypothesis: For all n belongs to natural numbers, g(n) = 2 - 2/3^n

Base Case: This statement holds true for n = 2

Let n = k

Induction Predicate: g(k) = 4/3 g(k-1) - 1/3 g(k-2)

Inductive Step: g(k+1) = 4/3 g(k) - 1/3 g(k-1)

",1,0,1,1,0,0,0,Seth,sp22
315,316,Exam 1,learningStudy/WrittenInduction_Recurrence_v3,"Proof: Let n be a natural number. Suppose that there is function g where g(0) = 0, g(1) = 1, g(n) = $\frac{4}{3}$g(n - 1) - $\frac{1}{3}$g(n - 2) for any $n \geq 2$. Consider the equation g(n) = 2 - $\frac{2}{3^n}$.

If n = 0, g(0) = 2 - 2 = 0. If n = 1, g(1) = 2 - $\frac{2}{3}$ = $\frac{4}{3}$. If n = 2, g(2) = $\frac{4}{3}$g(1) - $\frac{1}{3}$g(0) = ($\frac{4}{3}$)($\frac{4}{3}$) - 0 = $\frac{16}{9}$. In addition g(2) = 2 - $\frac{2}{3^2}$ = 2 - $\frac{2}{9}$ = $\frac{16}{9}$. So the equation g(n) = 2 - $\frac{2}{3^n}$ holds for n = 0, 1 , 2.

Suppose n = k - 1 is true. g(k - 1) = 2 - $\frac{2}{3^{(k-1)}}$. Suppose n = k is true. g(k) = 2 - $\frac{2}{3^k}$.

If n = k + 1. g(k + 1) = $\frac{4}{3}$g(k) - $\frac{1}{3}$g(k - 1) = $\frac{4}{3}$(2 - $\frac{2}{3^k}$) - $\frac{1}{3}$(2 - $\frac{2}{3^{(k-1)}}$) = $\frac{8}{3}$ - $\frac{8}{3^{(k+1)}}$ - $\frac{2}{3}$ + $\frac{2}{3^{(k)}}$ = 2 - ($\frac{8}{3^{(k+1)}}$ - $\frac{6}{3^{(k+1)}}$) = 2 - $\frac{2}{3^{(k+1)}}$.

Thus, if fo rn = k - 1 and n = k the equation g(n) = 2 - $\frac{2}{3^n}$ is true, for n = k + 1 the equation is true. In addition, the equation is already true for n = 1 and n = 2. Thus, the equation is true for every natural number n. QED.",2,2,1,2,2,2,2,Seth,sp22
316,317,Exam 1,learningStudy/WrittenInduction_Recurrence_v3,"Let $n$ be a natural number. 

There are three cases according to the given definition: 1) where $g$ takes $0$ as an argument, 2) where $g$ takes $1$ as an argument, and 3) where $g$ takes a natural number $n \geq 2$ as an argument.

Case 1: $g(0)$ <br/>
According to the given definition, $g(0) = 0$. <br/>
We can observe that $g(2) = 0 = 2-2 = 2 - \frac{2}{3^0}$.

Case 2: $g(1)$ <br/>
According to the given definition, $g(1) = \frac{4}{3}$. <br/>
We can observe that $g(1) = \frac{4}{3} = \frac{6}{3} - \frac{2}{3} = 2 - \frac{2}{3^1}$.

Case 3: $g(n)$ <br/>
According to the given definition, $g(n) = \frac{4}{3}g(n-1) - \frac{1}{3}g(n-2)$ for $n \geq 2$. <br/>
Let us observe $n = 2$. <br/>
$g(2) = \frac{4}{3}g(1) - \frac{1}{3}g(0) = \frac{4}{3}(\frac{4}{3}) - \frac{1}{3}(0) = \frac{16}{3^2} = \frac{18}{3^2} - \frac{2}{3^2} = 2 - \frac{2}{3^2}$.

In all three cases, $g(n) = 2 - \frac{2}{3^n}$. This is what we needed to show. QED",2,2,0,0,0,0,0,Seth,sp22
317,318,Exam 6,learningStudy/WrittenInduction_Recurrence_v3,"Proof by induction on n. 
Inductive hypothesis: g(n) = 2 - $\frac{2}{3^n}$ for any natural number n. 

Base case: let n = 2. Then g(2) = $\frac{4}{3}$($\frac{4}{3}$) - $\frac{1}{3}$(0) = 16/9, and g(2) = 2 - $\frac{2}{3^2}$ = $\frac{16}{9}$ which is true. 

We need to prove that for n = k+1, 4/3g(n-1) - 1/3g(n-2) = 2 - 2/3^n. 

Substituting in k + 1, we get g(k + 1) = 2 - $\frac{2}{3^{k+1}}$. 
So, $\frac{4}{3}$ * (2 - $\frac{2}{3^{k}}$) - $\frac{1}{3} * (2 - $\frac{2}{3^{k-1}}) = 2 - $\frac{2}{3^{k+1}}$ which is what we needed to prove.
",1,2,0,0,2,2,2,Seth,sp22
318,319,Exam 6,learningStudy/WrittenInduction_Recurrence_v3,"Suppose the function g takes in a natural number, implying the output value is a real number.
We can prove g(n) = 2 - 2/3^n for any natural number n.
g(0)= 2 - 2/3^0 = 0.
g(1)= 2 - 2/3^1 = 4/3.
For values n greater than or equal to 2, we use g(n)= 4/3g(n-1) - 1/3g(n-2).
Let's replace n with 2 to get g(2)= 4/3g(2-1) - 1/3g(2-2).
g(2) = 4/3g(1)-1/3g(0).
g(2)=4/3(4/3)-1/3(0) = 16/9.
Let's now replace n with 2 for our universal equation g(n) = 2 - 2/3^n.
g(2)=2 - 2/3^2 = 2 - 2/9 = 18/9 - 2/9 = 16/9.
Since 16/9 = 16/9, we have shown what is needed to prove the function.",2,2,0,0,0,0,0,Seth,sp22
319,320,Exam 6,learningStudy/WrittenInduction_Recurrence_v3,"base case of n = 0: 2 - 2/3^0 = 2-2 = 0. 

n + 1: (4/3)(g(n)) - (1/3)(g(n - 1)). expand g(n) into 2 - 2/3^n and g(n-1) into 2 - 2/3^(n-1) then algebra.",1,2,0,0,0,2,2,Seth,sp22
320,321,Exam 6,learningStudy/WrittenInduction_Recurrence_v3,"Proof: g(n) = 2 - (2/3^n)

Best case: if n = 0, then g(n) = 2-2 = 0 which is best case scenario

g(1) = 4/3 = 2 - (2/3) = 4/3
g(2) = (4/3) (4/3) - (1/3)(0) = 16/9
g(2) = 2 - 2/9 = 16/9

Induction hypothesis:

g(n) = 2 - (2/3^n) for any natural number n which is what we wanted to show",2,2,0,0,0,0,0,Seth,sp22
321,322,Exam 6,learningStudy/WrittenInduction_Recurrence_v3,"We will prove by induction on n.

Base Cases: At n = 0, g(0) = 0 a 2 - 2/(3^0) = 0. At n = 1, g(1) = 4/3 and 2 - 2/(3^1) = 4/3. At n = 2, g(2) = (4/3)(4/3) - 0 = 16/3 and 2-2/(3^2) = 16/3.

Inductive Hypothesis: Suppose g(n) = (4/3)(g(n - 1) - (1/3)(g(n-2)) = 2 - 2/(3^n) at n = 2, 3, 4, ..., k + 1.

Proof: We must prove that the claim is true for k + 2. Suppose n = k + 2. Then, g(k+2) = (4/3)g(k + 1) - (1/3)g(k). Using our inductive hypothesis, g(k+2) = (4/3)(2 - 2/(3^(k+1)) - (1/3)(2 - 2/(3^k)) = 2 - 2/(3^(k+2). This is what we needed to show. []",2,2,2,2,2,2,2,Seth,sp22
322,323,Exam 6,learningStudy/WrittenInduction_Recurrence_v3,"We can first check the base cases n=0 and n=1. These are valid, as when n=0, g(0) = 0 and g(1) 4/3. We need to prove that g(n) = 2 - 2/(3^n) is valid for any natural number k. So we plug k into g(k) = 4/3g(k-1) - 1/3g(k-2). We can then use g(n) = 2 - 2/(3^n) and plug in g(k-1) and g(k-2). We plug this back into the original equation and get 4/3(2-2/(3^(k-1))) - 1/3(2-2/(3^(k-2))). We can start simplifying, and get 8/3 - 8/3^k - 2/3 + 2/3^(k-1). This becomes 2 - 8/3^k + 2/3^(k-1), which simplifies to 2-2/3^k. This means g(n) = 2 - 2/3^n is valid for any natural number n. QED",2,1,0,0,2,2,2,Seth,sp22
323,324,Exam 6,learningStudy/WrittenInduction_Recurrence_v3,"We will probe by induction. Let P(n) be the statement that $ g(n)=2-\frac{2}{3^n}$. Foe P(0),$ g(0)=0=2-\frac{2}{3^0}$. For P(1), $ g(1)=2-\frac{2}{3^1}=\frac{4}{3}$. Thus, P(0) and P(1) are true. Assume P(n-1) and P(n-2) are true for n in natual number. For P(n), $g(n)=\frac{4}{3}g(n-1)-\frac{1}{3}g(n-2)=\frac{4}{3}(2-\frac{2}{3^{n-1}})-\frac{1}{3}(2-\frac{2}{3^{n-2}})=2-\frac{2}{3^n}$ Thus P(n) is true.

Since P(1) and P(0) are true and P(n-1) and P(n-2) are true implies P(n) is true, by the principle of mathematical induction, $ g(n)=2-\frac{2}{3^n}$ is true for n in natural number.",2,2,2,2,2,2,2,Seth,sp22
324,325,Exam 6,learningStudy/WrittenInduction_Recurrence_v3,"base case: g(0) = 2 - 2/(3^0) = 2-2 = 0, which holds true.

g(1) = 2- 2/(3^1) = (6-2)/3 = 4/3, which holds true.

inductive hypothesis: g(n) = 2 - 2/(3^n) for n >= 2

For n >= 2,
g(2) = 2- 2/(3^2) = 16/9


g(2) = 4/3 g(1) - 1/3 g(0) = 1/3.0 - 4/3. 4/3 = 16/9
The inductive hypothesis holds true.
",2,2,2,1,0,0,0,Seth,sp22
325,326,Exam 6,learningStudy/WrittenInduction_Recurrence_v3,"we put any n into these two different functions, we can find that, they are amost same, expect 1 or 2. ",0,0,0,0,0,0,0,Seth,sp22
326,327,Exam 6,learningStudy/WrittenInduction_Recurrence_v3,"Proof by induction on n.
Base case: Let n = 0, so g(0) = 2 - 2/3^0 = 0. Let n = 1, so g(1) = 2 - 2/3^1 = 4/3.
Induction hypothesis: g(n) = (4/3)g(n-1) - (1/3)g(n-2) = 2 - 2/3^n for all n = 2, 3, ... , k.
Inductive step: We need to show that g(k + 1) = (4/3)g(k) - (1/3)g(k - 1) = 2 - 2/3^(k + 1) holds.
Let's start on the left side. By the induction hypothesis, we know that (4/3)g(k) - (1/3)g(k - 1) = (4/3)(2 - 2/3^k) - (1/3)(2 - 2/3^(k-1)).
After simplifying, we get that g(k + 1) = (4/3)(2 - 2/3^k) - (1/3)(2 - 2/3^(k-1)) = 2 - 2/3^(k + 1), which is what we needed to show.",2,2,2,2,2,2,2,Seth,sp22
327,328,Exam 6,learningStudy/WrittenInduction_Recurrence_v3,"$........

















$",0,0,0,0,0,0,0,Seth,sp22
328,329,Exam 1,learningStudy/WrittenInduction_Recurrence_v3,"suppose n = 2, g(2) = 4/3g(2-1) - 1/3g(0) = 4/3g(1) - 1/3g(0) = 4/3*4/3-1/3=16/9 g(2) = 2-2/(3^2) = 2-2/9=18/9-2/9=16/9. for g(3) = 4/3*g(2) -1/3g(1) = 4/3*16/9 -1/3*4/3= 52/27=. g(3) = 2-2/(3^3) = 52/27. ",1,2,0,0,0,0,0,Seth,sp22
329,330,Exam 1,learningStudy/WrittenInduction_Recurrence_v3,"Let $x$ be a natural number such that $x \in \N$

...

Therefore, $g(n) = 2 - \frac{2}{3^n}$ for all $x \in \N$

$Q.E.D.$",0,0,0,0,0,0,0,Seth,sp22
330,331,Exam 1,learningStudy/WrittenInduction_Recurrence_v3,"Let n be any non-negative real number, and suppose that g(n) = 4/3 * g(n-1) - 1/3 * g(n-2). 

Consider that n = 2. Let's substitute n = 2 to our given equation and the equation we want to prove. 

Let g(2) = 4/3 * g(1) - 1/3 * g(0) 

g(2) = 4/3 * 4/3 - 1/3 * 0

g(2) = 16 / 9

Let g(2) = 2 - (2 / (3^2))

g(2) = 2 - 2/9

g(2) = 18/9 - 2/9 

g(2) = 16/9

This shows that both equations output the same value for the same input value. ",1,2,0,0,0,0,0,Seth,sp22
331,332,Exam 1,learningStudy/WrittenInduction_Recurrence_v3,"$g(2) = \frac{4}{3}g(1)-\frac{1}{3}g(0)=\frac{16}{9} = 2-\frac{2}{9}$

This shows that the solution works in this single case.

I do not know how to continue with this proof because I do not know how to use induction",1,2,0,0,0,0,0,Seth,sp22
332,333,Exam 6,learningStudy/WrittenInduction_Recurrence_v3,2-2/3^n,0,0,0,0,0,0,0,Seth,sp22
333,334,Exam 6,learningStudy/WrittenInduction_Recurrence_v3,"Let's prove this by induction

Base step: g(2) = (4/3)g(1) - (1/3)g(0) = 16/9. 2-2/3^2 = 2-2/9 = 16/9

Inductive step: g(n) = 2-2/3^n

To prove this, we have to show that g(n-1) = 2-2/3^(n-1)

2-2/3^(n-1) = 2-6/3^n

g(n-1) = (4/3)g(n-2) - (1/3)g(n-3) = 2 - 2/3^n, so g(n-1) = 2-2/3^(n-1), which is what we needed to show.",1,2,0,0,1,2,0,Seth,sp22
334,335,Exam 1,learningStudy/WrittenInduction_Recurrence_v3,"Let g be a function that takes N -> R and n be a natural number. Suppose g(0) = 1, g(1) = 4/3, g(n) = (4/3)g(n-1) - (1/3)g(n-2) such that n >= 2. Therefore g(0) + g(1) + g(n) = 2 - 2/(3^n).",0,0,0,0,0,0,0,Seth,sp22
335,336,Exam 1,learningStudy/WrittenInduction_Recurrence_v3,"Since $g(0) = 0 = 2 - \frac 2 {3^0}$, $g(1) = \frac 4 3 = 2 - \frac 2 {3 ^ 1}$, $g(n) = 2 - \frac 2 {3 ^ n}$ for $n \leq 1$

Let $n = 2$

By the definition of $g(n)$, $g(n) = \frac 4 3 g(n - 1) - \frac 1 3 g(n - 2)$

Since $g(n - 1) = 2 - \frac 2 {3 ^ {n - 1}}$ and $g(n - 2) = 2 - \frac 2 {3 ^ {n - 2}}$,

$g(n) = \frac 4 3 (2 - \frac 2 {3 ^ {n - 1}}) - \frac 1 3 (2 - \frac 2 {3 ^ {n - 2}})$

$ =  \frac 8 3 - \frac 8 {3 ^ n} - \frac 2 3 + \frac 2 {3 ^ {n - 1}}$

$ = 2 - \frac {8 - 2 \times 3} {3 ^ n}$

$ = 2 - \frac 2 {3^n} $

Similarly, for any natural number $n$ such that $n \geq 2$, we can prove that $ g(n) = 2 - \frac 2 {3^n} $ because $g(n - 1) = 2 - \frac 2 {3 ^ {n - 1}}$ and $g(n - 2) = 2 - \frac 2 {3 ^ {n - 2}}$.

Therefore, for any natural number $n$, $g(n) = 2 - \frac 2 {3 ^ n}$ Q.E.D.",2,2,2,1,2,2,2,Seth,sp22
336,337,Exam 1,learningStudy/WrittenInduction_Recurrence_v3,"let n be an integer and suppose
$$g(n)=\frac43g(n-1)-\frac13g(n-2)$$
suppose t = n - 1, k = n-2 because n is an integer, so do t and k
$$g(n)=\frac43g(t)-\frac13g(k)$$
according to lamma 3, 
$$g(n)=\frac43g(t)-\frac13g(k)=\frac43(\frac43(g(t-1)-\frac13g(t-2))-\frac13((k-1)-\frac13g(k-2))$$
then, we continuely apply the same process to reduce `g(t-1)`, `g(t-2)`, `g(k-1)`, `g(k-2)` to `g(1)` and `g(0)`

`NO ENOUGH TIME, BUT I BELIEVE IT CAN BE PROVED`

Finally, we can get
$$g_n = 2 - \frac{2}{3^n}$$

Q.E.D.",0,0,0,0,2,2,0,Seth,sp22
337,338,Exam 6,learningStudy/WrittenInduction_Recurrence_v3,"We can solve this formula using induction. Proving the base case: since g(0) and g(1) is 0 and 4/3 respectively, g(2) = (4/3)g(1) - (1/3)g(0) = (4/3)(4/3) - (1/3)(0) = 16/9. Induction hypothesis: let n = k+1 so that g(k+1) = (4/3)g(k) - (1/3)g(k-1). This would mean that 4/3g(k) = g(k+1) + (1/3)g(k-1), which is g(k) = 3/4g(k+1) + 1/4g(k-1). This equals 2 - 2/3^n, which is what we needed to prove.",1,2,2,1,2,2,0,Seth,sp22
338,339,Exam 1,learningStudy/WrittenInduction_Recurrence_v3,"1. for n = 2

LHS = g(2) = 4/3(g(2-1)) - 1/3(g(2-2)) = 4/3 * 4/3 = 16/9

RHS = 2-(2/3^2) = 2-(2/9) = (18-2)/9 = 16/9 = LHS

2. assume 1. to be true for all n = m.

g(m) = 2 - (2/3^m)

3. for all n = m + 1

RHS = 2 - 2/(3^(m+1))

LHS = g(m+1) = 4/3(g(m+1-1)) - 1/3(g(m+1-2)) = 4/3(g(m)) - 1/3(g(m-1))

from the assumption, g(m) = 2 - (2/3^m), LHS = 8/3 - 8/(3^(m+1)) - 1/3(g(m-1))

1/3(g(m-1)) can be written recursively as 1/3(2-2/(3^(m+1)))

LHS = 8/3 - 8/(3^(m+1)) - 1/3(2-2/(3^(m+1))) = 8/3 - 8/(3^(m+1)) - 2/3 + 6/3^(m+1) = 6/3 - 2/3^(m+1)

6/3 - 2/3^(m+1) = 2 - 2/(3^(m+1)) = RHS

Therefore the g.e is true for all N belonging to R by the Principle of Mathematical Induction.",1,2,2,1,2,2,1,Seth,sp22
339,340,Exam 1,learningStudy/WrittenInduction_Recurrence_v3,"Claim: $g(n) = 2 - \frac{2}{3^n}$ for any natural number $n$.  
Proof: Suppose $g(0) = 0$. Put into the claim, $g(n) = 2 - \frac{2}{3^n}$, $g(0) = 2 - \frac{2}{3^0}= 0$  
Suppose $g(1) = \frac{4}{3}$. Put into the claim, $g(1) = 2 - \frac{2}{3^{1}}= \frac{4}{3}$  
Therefore $g(n) = 2 - \frac{2}{3^n}$ for any natural number $n$ by induction which is what we needed to show.",2,2,0,0,0,0,0,Seth,sp22
340,341,Exam 1,learningStudy/WrittenInduction_Recurrence_v3,"2-2/3^n works for g(1) as when you plug in 1 for 2-2/3^n, you get 4/3 ",1,2,0,0,0,0,0,Seth,sp22
341,342,Exam 6,learningStudy/WrittenInduction_Recurrence_v3,"Proof by induction

Inductive predicate: g(n) = 2 - 2/(3^n).

Base Cases: g(0) = 0 which holds. g(1) = 4/3 which holds. g(2) = 16/9 which holds.

Inductive hypothesis: g(k) = 2 - 2/(3^k) for any natural number k

By substitution, we get 4/3(2 - 2/(3^k) - 1) - 1/3(2 - 2/(3^k) - 2).

By simplifying, we get g(k) = 2 - 2/(3^k). QED.",2,1,2,1,1,1,1,Seth,sp22
342,343,Exam 1,learningStudy/WrittenInduction_Recurrence_v3,"Let the proposition be that for every $n\in \mathbb{N}$, $g(n) = 2 -\frac{2}{3^n}$.

Let the proposition $P_n$, $0 \leq n, n\in \mathbb{N}$ be that $g(n) = 2 -\frac{2}{3^n}$.

If $n=0$, $g(n) = 2-2 = 0$. Therefore, $g(n) = 2 -\frac{2}{3^n}$.

Assume that $P_{m}$ is true,$0 < m, m\in \mathbb{N}$. This means that $g(m) = 2 -\frac{2}{3^m}$.

Assume that $P_{m-1}$ is true, $0 < m, m\in \mathbb{N}$. This means that $g(m -1) = 2 -\frac{2}{3^{m-1}}$.

For the proposition $P_{m+1}$, $g(m+1) = \frac{4}{3}g(m)-\frac{1}{3}g(m - 1)$. $\frac{4}{3}g(m)-\frac{1}{3}g(m - 1) = \frac{4}{3}(2 -\frac{2}{3^m}) - \frac{1}{3}(2 -\frac{2}{3^{m-1}}) = 2 - \frac{8}{3^{m+1}}+\frac{2}{3^{m}} = 2-\frac{2}{3^{m+1}}$. 

Since $g(m+1) =2-\frac{2}{3^{m+1}}$, $P_{m+1}$ is true.


Since $P_0$ and $P_1$ are true, $P_{m+1}$ is true when $P_{m}$ and $P_{m-1}$ are true,$0 < m, m\in \mathbb{N}$. By the principle of mathemtical induction, $P_k$ is true for all $k\in \mathbb{N}$. Therefore, the statement is true.",1,2,2,2,2,2,2,Seth,sp22
343,344,Exam 1,learningStudy/WrittenInduction_Recurrence_v3,g(1) = 2 - 2/3^1 equals 4/3.,1,2,0,0,0,0,0,Seth,sp22
344,345,Exam 1,learningStudy/WrittenInduction_Recurrence_v3,"$g(0) = 2 - \frac{2}{3^0} = 2-2=0$

$g(1) = 2 - \frac{2}{3^1} = 2-(\frac{2}{3})^1$

$g(2) = \frac{4}{3}g(1) - \frac{1}{3}g(0) = 2 - (\frac{2}{3})^2$

$g(n) = \frac{4}{3}g(n-1) - \frac{1}{3}g(n-2)$

$g(n-1) = 2 - (\frac{2}{3})^{n-1}$

$g(n-2) = 2 - (\frac{2}{3})^{n-2}$

$g(n) = \frac{4}{3}(2 - (\frac{2}{3})^{n-1}) - \frac{1}{3} (2 - (\frac{2}{3})^{n-2})$

$g(n) = 2 - \frac{2}{3^n}$",2,2,0,0,2,2,2,Seth,sp22
345,346,Exam 6,learningStudy/WrittenInduction_Recurrence_v3,"$g(n) = 2 - \frac{2}{3^n}$ for any natural number n.

$g(n) = \frac{4}{3}g(n - 1) - \frac{1}{3}g(n - 2)  = \frac{4}{3}gn -\frac{4}{3}g - \frac{1}{3}gn - \frac{1}{3}g$

$ = 1gn - \frac{5}{3}g$

Since this equation is for n >= 2. Therefore, the solution of g(n) increase 1g everytime we increase n.

//Sorry I do not know how to keep going....",0,0,0,0,0,0,0,Seth,sp22
346,347,Exam 1,learningStudy/WrittenInduction_Recurrence_v3,"Suppose there is a natural number n that is related to a real number r. Since g(n) is defined as 4/3g(n - 1) - 1/3g(n - 2) for n>= 2, we know that g(n) will always be positive since g(2) evaluates to 4/3 and every natural number increasing from 2 becomes a larger positive number. Concurrently, the expression 2 - 2/3^n also becomes a larger positive number for increasing natural numbers. Q.E.D.",0,0,0,0,0,0,0,Seth,sp22
347,348,Exam 6,learningStudy/WrittenInduction_Recurrence_v3,"g(n) = 2-2/3^n

for every n = 0, 1, 2... k+ 2

base case: n = 0, n = 1

g(0) = 2- 2/1 = 0, g(1) = 2 - 2/3 = 4/3

g(k+2) = (4/3)g(k+1) - (1/3)g(k) = (4/3)(2-2/3^(k+1)) - (1/3)(2-2/3^k) = (1/3)(8 - 8/3^(k+1) - 2 + 2/3^k) = (1/3)(6 + (6 - 8)/3^(k+1)) = 2 + 2/3^(k+2) = g(k+2)",2,2,0,0,2,2,2,Seth,sp22
348,349,Exam 6,learningStudy/WrittenInduction_Recurrence_v3,"Let $k$ be a natural number.

Suppose $g$ is a function defined for $\mathbb{N} \implies \mathbb{R}$ as $g(n) = \frac 4 3g(n-1) - \frac 1 3g(n-2)$, where $n$ is a natural number $\geq 2$.

$g$ is also defined for 0 and 1, namely $g(0) = 0$ and $g(1) = \frac 4 3$.

There are 3 cases:

Case 1: $k \geq 2$. Suppose $k = 2$. Then $g(k)$ is then defined as $\frac 4 3g(1) - \frac 1 3g(0) = \frac {16} 9 = 2 - \frac {2} {3^2}$.

Case 2: $k = 1$. Then $g(k) = g(1) = \frac 4 3 = 2 - \frac {2} {3^1}$.

Case 3: $k = 0$. Then $g(k) = g(0) = 0 = 2 - \frac {2} {3^0}$.

In all cases, it is observed that $g(k) = 2 - \frac {2} {3^k}$.

$g(k)$ thus can be defined as $2 - \frac {2} {3^k}$, where $k$ is any natural number, which is what we needed to show.",2,2,0,0,0,0,0,Seth,sp22
349,350,Exam 1,learningStudy/WrittenInduction_Recurrence_v3,"g(0) = 2 - 2/1 = 0

g(1) = 2 - 2/3 = 4/3

no idea, not familiar with induction.",2,2,0,0,0,0,0,Seth,sp22
350,351,Exam 1,learningStudy/WrittenInduction_Recurrence_v3,"(4/3)^n*g(n-1)-(1/3)^ng(n-2)
",0,0,0,0,0,0,0,Seth,sp22
351,352,Exam 1,learningStudy/WrittenInduction_Recurrence_v3,"g(2) = 4/3g(1) - 1/3g(0) = 4/3 * 4/3 - 0 = 16/9

g(3) = 4/3g(2) - 1/3g(1) = 4/3*16/9 - 1/3*4/3 = 52/27

g(4) = 4/3g(3) - 1/3g(2) = 160/81

...

The numerators are 4, 16, 52, 160... These are all divisible by 2. The denominators are 3, 9, 27, 81,... which are all divisible by 3. They are all n powers to 3. The answers, i.e., 16/9 or 52/27, once subtracted by 2, equal to the numberator being 2. Since this is a recursive equation, the format of the answer will stay the same. Thus, g(n) = 2 - 2/(3^n).",1,1,0,0,0,0,0,Seth,sp22
352,353,Exam 6,learningStudy/WrittenInduction_Recurrence_v3,"we have out induction hypothesis:


g(n) = 2 - 2/(3^n)


To prove this first we will have to prove our base case

which is g(0) and g(1)

so, when we plug them into the equation:

for g(0), we get 2-2/1 = 0

for g(1), we get 2-2/3 = 4/3 

Hence our base cases are true,

then we use the given equation for the values(2,3,4,5 . . . k) 

Then if we keep plugging values in we notice a trend in the values of g(n)

the numenator is always 2(3^n) - 2,

and the denomenator is always 3^n

putting these together we get 2(3^n - 2)/3^n

this can also be written as 2 - 2/3^n

hence proving the equation


",2,2,2,0,0,0,0,Seth,sp22
353,354,Exam 1,learningStudy/WrittenInduction_Recurrence_v3,"Proof by induction on n.

Assume P(n) is the statment that for a natural number n which is >=2, g(n) = 2 - 2/3^n.

To prove P(2) is true: 

LHS = g(2) = 4/3 g(1) - 1/3 g(0) = 16/9 - 0 = 16/9; 

RHS = 2 - 2/3^2 = 2 - 2/9 = 16/9. Because LHS = RHS, P(2) is true;

Suppose P(k) is true, then the following statement is true:  g(k) = 2 - 2/3^k.
Now, we want to prove that P(k+1) is also true.

LHS = 4/3 g(k) - 1/3 g(k - 1) = 4/3*(2 - 2/3^k) - 1/3*(2 + 2/3^(k - 1)) = 8/3 - 8/3^(k+1) - 2.3 + 2/3^(k) = 
2 - 2/3^(k+1).

RHS = 2 - 2/3^(k+1) and because LHS = RHS, P(k+1) is true.

To conclude, P(k+1) is true whenever P(K) is true. Therefore, P(n) is true.

Q.E.D",1,2,2,1,2,2,2,Seth,sp22
354,355,Exam 1,learningStudy/WrittenInduction_Recurrence_v3,"As we are given, $g(n)$ $=$ $\frac{4}{3}$$g(n-1)$ - $\frac{1}{3}$$g(n-2)$ for $n > 1$, where n belongs to $N$.

Therefore, taking that into account, $g(n+1)$ $=$ $\frac{4}{3}$$g(n)$ - $\frac{1}{3}$$g(n -1)$

Let us assume that, for n = k, $g(k)$ $=$ $2$ - 2/3^k, is true.

Then, $g(k+1)$ $=$ 8/3 - 8/2^(k+1) - 2/3 + 2/3^k = 2 - 2/3^(k+1), which is what we had to prove.",0,0,2,1,2,2,2,Seth,sp22
355,356,Exam 1,learningStudy/WrittenInduction_Recurrence_v3,We can set 2 - 2/3^n = 4/3g(n-1) - 1/3g(n-2) for any n >= 2. The resulting of these two numbers should be equal to g(n) = 2-/3^n.,0,0,0,0,0,0,0,Seth,sp22
356,357,Exam 6,learningStudy/WrittenInduction_Recurrence_v3,"We use strong induction on $n$. Let $P(n)$ be the assertion $g(n)=2-2/3^n.$

Base Case: $n=0$. $P(0)\equiv g(0)=2-2/3^0,$ which is true.

Inductive step: Assume for an arbitrary positive integer $k$, $P(0)\wedge\cdots\wedge P(k-1)$ hold. Then
$$g(k)=\frac43g(k-1)-\frac13g(k-2)\stackrel{(\bullet)}=\frac43\left(2-\frac2{3^{k-1}}\right)-\frac13\left(2-\frac2{3^{k-2}}\right)$$
$$=\frac83-\frac8{3^k}-\frac23+\frac2{3^{k-1}}=2-\frac8{3^k}+\frac6{3^k}=2-\frac2{3^k},$$
so $P(k)$ holds. The statement $(\bullet)$ holds from the induction hypothesis.

By strong induction, $P(n)$ holds for all nonnegative integers $n$. $\blacksquare$",1,2,2,2,2,2,2,Seth,sp22
357,358,Exam 6,learningStudy/WrittenInduction_Recurrence_v3,"Prove n by induction.

Base Case: $g(2) = \frac{4}{3}g(2 - 1) - \frac{1}{3}g(2 - 2) = \frac{16}{9} = 2 - \frac{2}{3^2}$

Suppose $g(n) = 2 - \frac{2}{3^n}$ is true for n = 1, 2, 3, ..., k - 1.

By definition, $g(k) = \frac{4}{3}g(k - 1) - \frac{1}{3}g(k - 2)$

But $\frac{4}{3}g(k - 1) - \frac{1}{3}g(k - 2)= \frac{4}{3}(2 - \frac{2}{3^{k - 1}}) - \frac{1}{3}(2 - \frac{2}{3^{k - 2}}) = 2 - \frac{2}{3^k} - \frac{6}{3^k} + \frac{2}{3^{k-1}} = 2 - \frac{2}{3^k}$

So $g(k) = 2 - \frac{2}{3^k}$, which is what we needed to show.",1,2,2,2,2,2,2,Seth,sp22
358,359,Exam 1,learningStudy/WrittenInduction_Recurrence_v3,"Inductive variable: n;
Base case: g(2) = 4/3 * g(1) - 1/3 * g(0) = 16/9. which equals to 2 - 2/3^2.
Induction step: Suppose that the claim is true for n = 0, 1, 2,..., k. Therefore g(k - 1) = 2 - 2/3^(k-1) and g(k) = 2 - 2/3^k. For k+1. g(k+1) should be 2 - 2/3^(k+1). g(k+1) = 4/3g(k)-1/2g(k-1) = 1/3 * (8 - 8/3^k - 2 - 2/3^(k-1)) = 1/3 * (6 - (8*2^(k-1)+2*3^k)/3^k) = 1/3 * (6 - 3/3^k) = 2 - 2/3^ (k+1). Therefore, the claim is ture for all n.",1,2,2,2,2,2,2,Seth,sp22
359,360,Exam 6,learningStudy/WrittenInduction_Recurrence_v3,"=> Induction Hypothesis: g(n) = 2 - (2/(3^n)) for all natural number n;
=> Induction Proof:
=> Let natural number n such that g(n) = 2 - (2/(3^n)) for n = 2, 3, 4, 5, 7, ... , k - 2, k - 1, k; where k is also a natural number;
=> Base Case: When n = 0; g(0) = 2 - (2/(3^0)) = 0;
When n = 1; g(1) = When n = 1; = 4/3
=> General Case: When n = 1; g(n) = (4/3)*g(k-1) - (1/3)*g(k - 2) = (4/3)(2 - (2/(3^(k - 1)))) - (1/3)(2 - (2/(3^(k - 2)))) = ((8/3) - (2/3)) - (8/(3 * 3^(k - 1)) - 2/(3 * 3^(k - 2))) = 2 - (8 - 6)/(3^k) = 2 - (2/(3^k)) = g(n);
=> Thus, It matches for all cases of n;
=> Therefore, we can say that g(n) = 2 - (2/(3^n)) for all natural number n;
",2,2,2,1,2,2,2,Seth,sp22
360,361,Exam 6,learningStudy/WrittenInduction_Recurrence_v3,"At the starting case when n = 2, g(n) = 4/3. This is equal to 2-2/3^n. Therefore, the base case is correct. Then we let then last term be k, and we prove that k + 1 also satisfy the statement given our induction hypothesis. G(K+1) = 4/3g(k) - 1/3g(k-1). With tour induction hypothesis, we have G(K+1) = 4/3(2-2/3^k) - 1/3(2-2/3^k-1). = 2 - 4/3x2/3^k + 1/3x2/3^K-1. by manipulating the exponential, we have 2 - 4x2/3^k+1 + 3x2/3^k+1. Which is equal to 2 - (4-3)x2/3^k+1. Which is 2 - 2/3^k+1. This is what we have to show. Proof ends.",1,2,0,1,2,2,2,Seth,sp22
361,362,Exam 1,learningStudy/WrittenInduction_Recurrence_v3,"let n be some natural number 

g(n) = 4/3g(n-1) - 1/3g(n-2); n >= 2


g(2) = 4/3g(1) - 1/3g(0)

g(2) = 4/3*4/3 - 0 = 16/9

g(n) = 2- 2/3^n

g(2) = 2 - 2/3^2 = 2 - 2/9 = 16/9",1,2,0,0,0,0,0,Seth,sp22
362,363,Exam 6,learningStudy/WrittenInduction_Recurrence_v3,"I will use proof by induction
Base case: n=0, g(0)=2-2/3^0 = 0. n=1, g(1)=2-2/3^1 = 4/3. Holds for base cases.
Let n=k+1 where k is some natural number bigger than or equal to 2. then 4/3g(k)-1/3g(k-1)=2-2/3^(k+1)
plugging in g(k) and g(k-1) on the left side of the equation, we get 4/3(2-2/3^k)-1/3(2-2/3^(k-1)=2-2/3^(k+1).
4/3(2-2/3^k)-1/3(2-2/3^(k-1) = 8/3-8/3^(k+1)-2/3+2/3^k = 2-2/3^(k+1). Which was what we needed to show.
",2,2,0,1,2,2,2,Seth,sp22
363,364,Exam 1,learningStudy/WrittenInduction_Recurrence_v3,"g(1) = 2 - 2/3^1 = 4/3, g(0) = 2 - 2/3^0 - 0, g(2) = 4/3(4/3) = 16/9 which is equivalent to g(2) = 2 - 2/3^2 = 16/19",2,2,0,0,0,0,0,Seth,sp22
364,365,Exam 6,learningStudy/WrittenInduction_Recurrence_v3,"Using induction, g(n) = 4/3g(n - 1) - g(n - 2) / 3. The formula can be expanded until it reach to g(0) which equals to 0 and g(1) which equals to 4/3. The formula of sum for an array of number while each item equals to a times of previous item is sum = 1/ 1-a. Then g(n) = 2 * (1 - 1 / 3^n) = 2 - 2 / 3 ^ n.",0,0,0,0,0,0,0,Seth,sp22
365,366,Exam 1,learningStudy/WrittenInduction_Recurrence_v3,I have no idea what induction is :(,0,0,0,0,0,0,0,Seth,sp22
366,367,Exam 6,learningStudy/WrittenInduction_Recurrence_v3,"Proof by induction. <br/>
Let $n \in \mathbb{N}$. 

Hypothesis: $g(n) = 2-\frac{2}{3^n}$ for any $n$.

Base case: $n=0$. <br/>
$g(0) = 2-\frac{2}{3^0} = 2-\frac{2}{1} = 2-2 = 0$. <br/>
According to the definition of $g$, $g(0) = 0$. So the hypothesis holds true for $n = 0$.

Base case: $n = 1$. <br/>
$g(1) = 2-\frac{2}{3^1} = 2-\frac{2}{3} = \frac{6}{3} - \frac{2}{3} = \frac{4}{3}$. <br/>
According to the definition of $g$, $g(1) = \frac{4}{3}$. So the hypothesis holds true for $n=1$.

So we are proving $\forall n \in \mathbb{N}, g(n) = 2-\frac{2}{3^n}$.

Let $k \in \mathbb{N}$. Let $k = 2$.<br/>
$g(2) = 2-\frac{2}{3^2} = 2-\frac{2}{9} = \frac{18}{9} - \frac{2}{9} = \frac{16}{9}$. <br/>
According to the definition of $g$, <br/>
$g(2) = \frac{4}{3}g(2-1) - \frac{1}{3}g(2-2)$ <br/>
$g(2) = \frac{4}{3}g(1) - \frac{1}{3}g(0)$ <br/>

From what we proved to be true earlier, we have the values of $g(1)$ and $g(0)$. Then: <br/>
$g(2) = \frac{4}{3}(\frac{4}{3}) - \frac{1}{3}(0) = \frac{16}{9} - 0 = \frac{16}{9}$. <br/>



So the hypothesis holds true for $n \geq 2$.

Then $g(n) = 2-\frac{2}{3^n}$ for any $n$, which is what we needed to show. QED.",2,2,0,0,0,0,0,Seth,sp22
367,368,Exam 6,learningStudy/WrittenInduction_Recurrence_v3,"The function g is from the natural numbers to real numbers.

g(n) = 2 - 2/3^n for any natural number n.

Proof By Induction:

1) Use induction on g(n)

2) g(1) = 4/3 --> g(1) = 2 - 2/3^1 = 4/3 // g(0) = 0 --> g(0) = 2 - 2/3^0 = 0 (Therefore the base case works).

3) For any natural number n, g(n) = 4/3g(n-1) - 1/3g(n-2). for n >= 2.
If n = 2, then g(2) = 4/3(g(1) - 1/3(g(0)) = 4/3*4/3 - 0 = 16/9.
If g(n) = 2 - 2/3^n then g(2) = 2 - 2/3^2 = 16/9.

Therefore g(n) = 2 - 2/3^n which is what we needed to show.",2,2,0,0,0,0,0,Seth,sp22
368,369,Exam 6,learningStudy/WrittenInduction_Recurrence_v3,"Proof by induction on n.
We havae g(n) = 2 - 2/3^n and g(0) = 0 and g(1) = 4/3. We will test these definitions. g(0) = 2 - 2/3^0 = 0 and g(1) = 2 - 2/3 = 4/3, so it passes the base cases.
g(k+1) = 2 - 2/3^(K+1)",2,2,0,0,0,0,0,Seth,sp22
369,370,Exam 6,learningStudy/WrittenInduction_Recurrence_v3,"Base Case: 
For n = 0, g(0) = 0

2 - (2/ 3^0) = 2 - (2/1) = 0

For n = 1, g(1) = 4/3

2 - (2 / 3^1) = (6 / 3) - ( 2 / 3) = 4 /3

The function g(n) can be solved for g and rewritten as 4n = 8/3, which can be rearranged to 2 - 2/3^n

Therefore, g(n) = 2 - (2/3^n) for any natural number n.",2,2,0,0,0,0,0,Seth,sp22
370,371,Exam 1,learningStudy/WrittenInduction_Recurrence_v3,g(n) = g(1)g(n-1) - (g(1) - 1)g(n-2) = g(1)g(n-1) -g(1)g(n-2)+g(n-2) = g(1)(g(n-1)-g(n-2)) + g(n - 2) = 4/3((4/3)^(n-1) - (1/3)^(n-2) + (1/3)^(n-2) = (4/3)^n - (4/3)(1/3)^(n-2) + (1/3)^(n-2) = (4/3)^n - (1/3)^(n-2) = 4^n/3^n - 1/3^(n -2) = (4^n - 9) / 3^n,0,0,0,0,0,0,0,Seth,sp22
371,372,Exam 6,learningStudy/WrittenInduction_Recurrence_v3,"Sorry, I forgot this one :(",0,0,0,0,0,0,0,Seth,sp22
372,373,Exam 6,learningStudy/WrittenInduction_Recurrence_v3,"Base case: For n = 0, g(0) = 2 - 2/$3^0$

0 = 2 - 2/1

0 = 2 - 2

0 = 0, so our base case holds true

Inductive step: For n = k, g(k) = 2 - 2/$3^k$

4/3 * g(k - 1) - 1/3 * g(k - 2) = 2 - 2/$3^k$

4/3 * g(k) - 4/3 * 4/3 - 1/3 * g(k) - 1/3 * 16/9 = 2 - 2/$3^k$

g(k) - 16/9 - 16/27 = 2 - 2/$3^k$

This is all I can remember",1,2,0,0,0,0,0,Seth,sp22
373,374,Exam 6,learningStudy/WrittenInduction_Recurrence_v3,"I will prove the following statement using induction:

base case:

let n be a Natural Number such that n = 1. Given this, we can say that g(n) = 2 - (2/3^n) = 4/3, which is equivalent to our given value for g(1) 

induction:

for all values of n such that n = {0,1,..., k - 1), we can extend this notion to prove that for all values of n. For example we can deduce that g(k+1) + g(k) = (4/3)g(k) - (1/3)g(k-1) + (4/3)g(k-1) - (1/3)g(k-2) = 
",1,2,0,0,0,0,0,Seth,sp22
374,375,Exam 6,learningStudy/WrittenInduction_Recurrence_v3,"Proof: by induction on $n4.

Base: Say that $n = 2$. Then, $\frac43(\frac43)-\frac13(0) = 2 - \frac{2}{3^2}$

$\frac{16}{9} = \frac{18}{9} - \frac{2}{9}  =  \frac{16}{9}$

Inductive Step: Suppose that $g(n) = 2 - \frac{2}{3^n}$ is true for $n = 0, 1, 2,... k$. We have to show that $g(k+1) = 2 + \frac{2}{3^{k+1}}$.


$g(k+1) = \frac43(k) - \frac13(k-1)$

By the inductive hypothesis, $g(k) = 2 - \frac{2}{3^k}$

By the inductive hypothesis, $g(k-1) = 2 - \frac{2}{3^{k-1}} = 2 - \frac2{3^k} * \frac{2}{3^{-1}} = 2 - \frac2{3^k}*6 = 2 - \frac{12}{3^k}$

$g(k+1) = \frac43(2 - \frac{2}{3^k}) - \frac13(2 - \frac{12}{3^k}) = \frac83 - \frac{8}{3^{k+1}} - \frac23 + \frac{12}{3^{k+1}} = 2 +\frac{4}{3^{k+1}}$",1,2,2,2,2,2,2,Seth,sp22
375,376,Exam 6,learningStudy/WrittenInduction_Recurrence_v3,"Same here. I have lost most of my memory with regards to the question except for terms like: Proof by Induction, Induction Hypothesis, and The Induction Base you start with while attempting to solve this problem.",0,0,0,0,0,0,0,Seth,sp22
376,377,Exam 1,learningStudy/WrittenInduction_Recurrence_v3,"We will prove by induction on n.

Base case. Let n be a natural number. Suppose n = 0. Then g(0) = 0 and 2 - 2/(3^0) = 0. Suppose n = 1. Then g(1) = 4/3 and 2 - 2/(3^1) = 4/3. Suppose n = 2. Then g(2) = (4/3)g(1) - (1/3)g(0) = 16 /9 and 2 - 2/(3^2) = 16/9.

Inductive Hypothesis: Let n be a natural number. Suppose g(n) = 2 - 2/(3^n) for n = 0, 1, 2, ..., k.

Proof: Let k + 1 be a natural number. 4/3g(k + 1 - 1) - (1/3)g(k + 1 - 2) = (4/3)(2 - 2/3^k) - (1/3)(2 - 2/3^k-1) = 8/3 - 8/(3^(k+1)) - 2/3 + 2/3^k = 2 - 8/(3^k+1) + (2/3^k) = 2 - 2/(3^k+1). Since k + 1 was arbitrarily chosen, this is what we needed to show.",2,2,2,2,2,2,2,Seth,sp22
377,378,Exam 1,learningStudy/WrittenInduction_Recurrence_v3,"Again, I have never seen induction before and don't know where to start.",0,0,0,0,0,0,0,Seth,sp22
378,379,Exam 1,learningStudy/WrittenInduction_Recurrence_v3,"Proof:<br>
Let g be a natural number.<br>
There are 4 cases of claim. <br>
Case 1: n = 0, $g(0) = 0$. <br>
Case 2: n = 1, $g(1) = \frac{4}{3}$ <br>
Case 3: n = 2, $g(2) = \frac{16}{9}$ <br>
Case 4: n = 3, $g(3) = \frac{52}{27}$ <br>

So, $g(n) = 2 - \frac{2}{3^n}$, which we need to prove.<br>",2,1,0,0,0,0,0,Seth,sp22
379,380,Exam 6,learningStudy/WrittenInduction_Recurrence_v3,"Let g(n) = (4/3)g(n-1) - (1/3)g(n - 2) = true for all n = 2, 3, ..., k. g(0) = 0 and g(1) = 4/3. g(k) = (4/3)g(k-1) - (1/3)g(k-2).",0,0,2,1,0,2,0,Seth,sp22
380,381,Exam 1,learningStudy/WrittenInduction_Recurrence_v3,"Let $n$ be a natural number.

We calculate $g(2) = \frac{4}{3}(\frac{4}{3}) - \frac{1}{3} (0) = \frac{16}{9}$.

We calculate $g(3) = \frac{4}{3}(\frac{16}{9}) - \frac{1}{3} (\frac{4}{3}) = \frac{52}{7}$.

Since all of the cases of $g(n)$ for $0 \leq n \leq 3$ also satisfy the equation $g(n) = 2 - \frac{2}{3^n}$, this pattern will hold for the rest of the natural numbers.
Therefore, $g(n) = 2 - \frac{2}{e^n}$ for any natural number $n$. QED",1,2,0,0,0,0,0,Seth,sp22
381,382,Exam 1,learningStudy/WrittenInduction_Recurrence_v3,"For any natural number n, if n = 0, then 2 - 2/3^0 = 0. If g(1) = 2 - 2/3 = 4/3. If n = 2, 4/3*g(1)-1/3*g(0) = 16/9 and 2 - 2/3^2 equals 16/9. Therefore 2 - 2/3^n is equivalent to the equation 4/3*g(n-1) - 1/3*g(n-2) for n greater than or equal to 2.",2,2,0,0,0,0,0,Seth,sp22
382,383,Exam 1,learningStudy/WrittenInduction_Recurrence_v3,idk,0,0,0,0,0,0,0,Seth,sp22
383,384,Exam 1,learningStudy/WrittenInduction_Recurrence_v3,"By plugging in 0 into $g(n) = 2 - \frac{2}{3^n}$, we get $g(0) = 2-\frac{2}{3^0}$ which evaluates to 0. 

Comparing this value to the defition proided to us  that $g(0) = 0$, we can confirm that $g(n) = 2 - \frac{2}{3^n}$ holds true for n = 0

Similarly for n = 1, we get $g(1) = 2-\frac{2}{3^1}$ =  $\frac{4}{3}$, which is the same as the definition given to us for $g(1)$

Thus, $g(n) = 2 - \frac{2}{3^n}$ is the non-recursive algorithm for solving g(n) for any natural number n

",2,2,0,0,0,0,0,Seth,sp22
384,385,Exam 1,learningStudy/WrittenInduction_Recurrence_v3,"Suppose that $g$ is a function that satisfies the problem's conditions

Let $P(n)$ stands for ""$g(n) = 2 - \frac{2}{3^n}$""

We will prove that $P(n)$ is true for any natural number n

$\underline{Base\ Step:}$

$P(0)$ : Since $g(0) = 0$, we get that $g(0) = 2 - 2 = 2 - \frac{2}{3^0}$. Thus, $P(0)$ is true.

$P(1)$ : Since $g(1) = \frac{4}{3}$, we get that $g(1) = 2 - \frac{2}{3} = 2 - \frac{2}{3^1}$. Thus, $P(1)$ is true.

$\underline{Inductive\ Step:}$

Suppose that $P(0), P(1), ..., P(k)$ are true for some natural number k. We want to show that $P(k + 1)$ is true.

Since $P(k-1)$ and $P(k)$ are true.

We get that $g(k-1) = 2 - \frac{2}{3^{k-1}}$ and $g(k) = 2 - \frac{2}{3^k}$

Since $g(k+1) = \frac{4}{3}g(k) - \frac{1}{3}g(k-1)$, we get that $g(k+1) = \frac{4}{3}(2 - \frac{2}{3^k}) - \frac{1}{3}(2 - \frac{2}{3^{k-1}})$

Thus, $g(k+1) = (\frac{8}{3}-\frac{8}{3^{k+1}}) - (\frac{2}{3} - \frac{2}{3^k}) = 2 - \frac{8}{3^{k+1}} + \frac{2}{3^k} = 2 - \frac{2}{3^{k+1}}$

Therefore, $P(k+1)$ is true as we wanted.

In conclusion, by strong mathematical induction, we get that $P(n)$ is true for all natural number n.",2,2,2,2,2,2,2,Seth,sp22
385,386,Exam 1,learningStudy/WrittenInduction_Recurrence_v3,"Let n be a natural number.

When n = 2, g(n) = 16/9 = 2 - 2/(3^2).

I don't know where to go next.",1,2,0,0,0,0,0,Seth,sp22
386,387,Exam 6,learningStudy/WrittenInduction_Recurrence_v3,I forgot induction.,0,0,0,0,0,0,0,Seth,sp22
387,388,Exam 1,learningStudy/WrittenInduction_Recurrence_v3,"I do not know induction but this is my best attempt. I have read that there is always a base case so that is 4/3. As we move on and on going n =2. n = 3, etc. We see that it follows the pattern of 2 - 2/3^n.Thus we can assume or induce that the pattern holds for any natural number n. ",1,0,0,0,0,0,0,Seth,sp22
388,389,Exam 6,learningStudy/WrittenInduction_Recurrence_v3,"We will use induction on $n$.

Base: $g(0)=0=2-\frac{2}{3^0}=0$

Suppose $g(n)=2-\frac{2}{3^n}$ for $n=0,1,...,k-1$

We need to show that $g(k)=2-\frac{2}{3^k}$

$g(k)=\frac{4}{3}g(k-1)-\frac{1}{3}g(k-2)$

Since we know $g(k-1)=2-\frac{2}{3^{k-1}}$ and $g(k-2)=2-\frac{2}{3^{k-2}}$, we can substitute those in

$g(k)=\frac{4}{3}(2-\frac{2}{3^{k-1}})-\frac{1}{3}(2-\frac{2}{3^{k-2}})$

$=(\frac{8}{3}-\frac{8}{3^k})-(\frac{2}{3}-\frac{2}{3^{k-1}})$

$=\frac{8}{3}-\frac{2}{3}+\frac{2}{3^{k-1}}-\frac{8}{3^k}$

$=2+\frac{6}{3^k}-\frac{8}{3^k}$

$=2-\frac{2}{3^k}$, which is what we needed to show.",1,2,2,2,2,2,2,Seth,sp22
389,390,Exam 6,learningStudy/WrittenInduction_Recurrence_v3,"Proof by induction.  
P(n) = 2 - 2/3^n   
P(0) = 2 - 2 = 0 = g(0)  
P(1) = 2 - 2/3 = 4/3 = g(1)  
g(2) = 4/3g(1) - 1/3g(0) = 4/3 x 4/3 = 16/9  
P(2) = 2 - 2/3^2 = 16/9 = g(2). 
So, we can assume that P(n) is true for all natural numbers n = 0, 1, 2 ... k-1.  
Let's prove P(k).  
",2,2,1,2,0,0,0,Seth,sp22
390,391,Exam 6,learningStudy/WrittenInduction_Recurrence_v3,"Proof by induction on n.

Suppose $g(n) = 2-\frac{2}{3^n}$ for $n = 0, 1, 2...k-1$
$g(0) = 2 - \frac{2}{3^0} = 0$, and $g(1) = 2 - \frac{2}{3^1} = \frac{4}{3}$. The base cases hold. We need to prove the above statement then, for n = k.

$g(k)=\frac{4}{3}g(k-1)-\frac{1}{3}g(k-2)= \frac{4}{3}(2-\frac{2}{3^{k-1}})-\frac{1}{3}(2-\frac{2}{3^{k-2}}) $. Distributing and solving gives us: 

$\frac{8}{3}-\frac{8}{3^k} -\frac{2}{3}+\frac{2}{3^{k-1}} = \frac{6}{3}-\frac{8}{3^k}+\frac{2\cdot 3}{3^k}=2-\frac{-8+6}{3k}=2-\frac{2}{3^k}$, which is what we needed to show.",2,2,2,2,2,2,2,Seth,sp22
391,392,Exam 6,learningStudy/WrittenInduction_Recurrence_v3,"Proof by induction of n:

Inductive equation: $g(n) = 2 - \frac{2}{3^n}$

Proof by base cases from recursive equation:

$g(0) = 2 - \frac{2}{3^0} = 2 - \frac{2}{1} = 0$

$g(1) = 2 - \frac{2}{3^1} = \frac{6}{3} - \frac{2}{3} = \frac{4}{3}$

Since these base cases are the same for $g(0)$ and $g(1)$, the base cases are valid.

Proof by induction: $P(n) : 2 - \frac{2}{3^n} = \frac{4}{3}g(n-1) - \frac{1}{3}g(n-2)$ for $n \ge 2$

Substituting g(n) equation:

$2 - \frac{2}{3^n} = \frac{4}{3}(2 - \frac{2}{3^{n-1}}) - \frac{1}{3}(2 - \frac{2}{3^{n-2}})$

$= \frac{4}{3}(2 - \frac{2 \times 3}{3^{n}}) - \frac{1}{3}(2 - \frac{2 \times 3^2}{3^{n}})$

$= \frac{8}{3} - \frac{8}{3^{n}} - \frac{2}{3} + \frac{2 \times 3}{3^{n}}$

$= \frac{8-2}{3} - \frac{8}{3^{n}} + \frac{6}{3^{n}}$

$= \frac{6}{3} - \frac{2}{3^n}$

$= 2 - \frac{2}{3^n}$

This proves induction $P(n) : 2 - \frac{2}{3^n} = \frac{4}{3}g(n-1) - \frac{1}{3}g(n-2)$ for $n \ge 2$

Thus, given the matching base cases for $g(0)$ and $g(1)$, as well as proof of induction $P(n)$, the expression $g(n) = 2 - \frac{2}{3^n}$ is true.",2,2,0,1,2,2,2,Seth,sp22
392,393,Exam 1,learningStudy/WrittenInduction_Recurrence_v3,"Proof: Lets suppose that g is a Natural number and suppose that g(0) = 0 and g(1) = 4/3.
    With this, we can define that g(n) = 4/3g(n-1) - 1/3g(n-2) for n >- 2.
    Since g(n) for n >=2. we get that g(n) is equal to 2-4/3g(n-1) - 1/3g(n-2).
    Thus g(n) = 2 - 2/3^n.
    QED",0,0,0,0,0,0,0,Seth,sp22
393,394,Exam 1,learningStudy/WrittenInduction_Recurrence_v3,"When n = 2, g(2) = 4/3g(1) - 1/3g(0) = 4/3 * 4/3 - 1/3 * 0 = 2 - 2/3^2 = 16/9. For ant natural number n. g(n) = 2 - 2/3^n.",1,2,0,0,0,0,0,Seth,sp22
394,395,Exam 1,learningStudy/WrittenInduction_Recurrence_v3,I don't know what proving by induction is and I have no idea how to go about this question,0,0,0,0,0,0,0,Seth,sp22
395,396,Exam 6,learningStudy/WrittenInduction_Recurrence_v3,"Proof by induction

To prove: g(n) = 2 - 2/(3^n)

Base case: g(0) = 0 = 2 - 2/(3^0), g(1) = 4/3 = 2 - 2/(3^1)

Suppose the claim is true for n = 0 ... k

g(k+1) = 4/3 g(k) - 1/3 g(k-1) = 4/3 (2-2/(3^k)) - 1/3 (2-2/(3^(k-1))) = 8/3 - 8/(3^(k+1)) - 2/3 + 2/(3^k) 
        
        = 2 - (8/(3^(k+1)) - 6/(3^(k+1))) = 2 - 2/(3^(k+1)) 
        
Setting k + 1 = m, 2 - 2/(3^(k+1)) = 2 - 2/(3^m) = g(k+1) = g(m)

Therefore, the claim holds true for all natural number n.",1,2,2,2,2,2,2,Seth,sp22
396,397,Exam 6,learningStudy/WrittenInduction_Recurrence_v3," Proof: By induction on n.
 
 Base: When n = 2, g(2) = 2 - 2/$3^2$ = 16/9 which is true for the given definition as well. 
 
 Proof: Let g(n) = 2 - 2/$3^n$ for n = 0, 1, ..., n-1. Then g(n) = 6/3 - 2/$3^n$ = 1/3(18/3 - 2/$3^{n-1}$). This becomes 1/3(4/3*(4/3) - 2/3 - 1/3(2/$3^{n-1}$)) = 1/3(4/3*(4/3) - 1/3(2 + 2/$3^{n-1}$)) which is equivalent to g(n) = 4/3*(g-1) - 1/3*g(n-2) (where n $\geq$ 2, g(0) = 0, and g(1) = 4/3). So, by induction, we have showed what we needed to show.",1,2,2,2,0,0,0,Seth,sp22
397,398,Exam 6,learningStudy/WrittenInduction_Recurrence_v3,"prove: g(n) = 2 - 2/3^n for any n

base: 4/3*g(n-1)-1/3*g(n-2) for n >= 2, g(2) = 4/3*4/3-1/3*0 = 16/9 = 2-2/3^2 = 16/9 

step: 4/3*(2-2/3^n-1) - 1/3*(2-2/3^n-2) = (8/3 - 2/3) - 8/3*3^n-1 + 2/3*3^n-2 = 2 - (8/3^n - 2/3^n-1) = 2 - (8/3^n - 6/3^n) = 2 - 2/3^n",1,2,0,0,0,0,0,Seth,sp22
398,399,Exam 1,learningStudy/WrittenInduction_Recurrence_v3,"g(n-1) = 4/3^n

4/3*4/3^n = 2/3^n
g(n-2) onoly happend when its greater than 2 so 2 - that",0,0,0,0,0,0,0,Seth,sp22
399,400,Exam 1,learningStudy/WrittenInduction_Recurrence_v3,"Since g(n) = $\frac{4}{3}$g(n-1)-$\frac{1}{3}$g(n-2) for n > 2, g(n)-g(n-1) = $\frac{1}{3}$g(n-1)-$\frac{1}{3}$g(n-2) = $\frac{1}{3}$(g(n-1)-g(n-2)). So g(n)-g(n-1) = $\frac{1}{3}$(g(n-1)-g(n-2)) = $\frac{1}{3}$^2(g(n-2)-g(n-3)) = ... = $\frac{1}{3}$^(n-1)(g(1)-g(0)) = $\frac{1}{3}$^(n-1)*$\frac{4}{3}$ = $\frac{4}{3^n}$. So g(n) = g(n-1)+$\frac{4}{3^n}$ = g(n-2)+$\frac{4}{3^n}$+$\frac{4}{3^{n-1}}$ = ... = g(0)+$\frac{4}{3^n}$+$\frac{4}{3^{n-1}}$+...+$\frac{4}{3}$ = $\frac{4}{3^n}$+$\frac{4}{3^{n-1}}$+...+$\frac{4}{3}$ = 4*$\frac{1}{2}$(1-$\frac{1}{3^n}$) = 2-$\frac{2}{3^n}$.",0,0,0,0,0,0,0,Seth,sp22
400,401,Exam 6,learningStudy/WrittenInduction_Recurrence_v3,"Claim: Use induction to prove thay g(n) = 2 - 2/(3^n) for any natural number n. 

Proof: 
Using the definition of natural, we know that the number n will always be positive. 

g(0) = 0

g(1) = 4/3 

Our base case is g(1) = 4/3. And because natural numbers are positive, 2 - 2/(3^n) will always be positive, which is what we needed to show.",0,0,0,0,0,0,0,Seth,sp22
401,402,Exam 1,learningStudy/WrittenInduction_Recurrence_v3,"Since g(0) = 0, g(1) = 4/3, we can know that g(0) - 2 = -2, g(1) - 2 = -2/3.

Since g(n) = 4/3*g(n-1) - 1/3*g(n-2), we can calculate that g(3) = 52/27, so g(3)-2 = -2/27.

In this case, g(1)-2/g(0)-2 = 1/3, g(2)-2/g(1)-2 = 1/3, and g(3)-2/g(2)-2 = 1/3.

So we can say that g(n) - 2 is an array with the same multiple number between each element.

So g(n) -2 = k/3^n, where k is a real number.

Since g(0) - 2 = -2, k = -2.

So g(n)-2 = -2/3^n.

So g(n) = 2-2/3^n, which is what we need to show.",0,0,0,0,0,0,0,Seth,sp22
402,403,Exam 1,learningStudy/WrittenInduction_Recurrence_v3,I have no idea how induction works (the last answer was just a guess) and recursion makes my head hurt. I do not know how to prove this one.,0,0,0,0,0,0,0,Seth,sp22
403,404,Exam 1,learningStudy/WrittenInduction_Recurrence_v3,induct d to get y,0,0,0,0,0,0,0,Seth,sp22
404,405,Exam 6,learningStudy/WrittenInduction_Recurrence_v3,"Assertion: $g(n) = 2-\frac{2}{3^n}$ for any natural number n

Case 0: $g(0) = 2 - \frac{2}{3^0} = 2 - 2 = 0$, true

Case 1: $g(1) = 2 - \frac{2}{3^1} = 2 - \frac{2}{3} = \frac43$, true

Case k: $g(k) = \frac43 * g(k-1) - \frac13 * g(k-2)$

$g(k) = \frac43 * (2 - \frac{2}{3^{k-1}}) - \frac13 * (2 - \frac{2}{3^{k-2}})$

$g(k) = 2 - \frac{8}{3^k} + \frac{2}{3^{k-1}}$

Using case k, we can prove that this equation holds true for any natural number larger than k, lets say k+1

$g(k+1) = \frac43 * g((k+1)-1) - \frac13 * g((k+1)-2) = 2 - \frac{8}{3^{k+1}} + \frac{2}{3^{(k+1)-1}}$

$g(k+1) = \frac43 * g(k) - \frac13 * g(k-1) = 2 - \frac{8}{3^{k+1}} + \frac{2}{3^k}$

Substitute g(k)

$g(k+1) = \frac43 * [2 - \frac{8}{3^k} + \frac{2}{3^{k-1}}] - \frac13 * [2 - \frac{8}{3^{k-1}} + \frac{2}{3^{(k-1)-1}}] = 2 - \frac{8}{3^{k+1}} + \frac{2}{3^k}$

$g(k+1) = \frac43 * [2 - \frac{8}{3^k} + \frac{2}{3^{k-1}}] - \frac13 * [2 - \frac{8}{3^{k-1}} + \frac{2}{3^{(k-1)-1}}] = 2 - \frac{8}{3^{k+1}} + \frac{2}{3^k}$

$g(k+1) = 2 - \frac{32}{3^{k+1}} + \frac{16}{3^k} - \frac{2}{3^{k-1}} = 2 - \frac{8}{3^{k+1}} + \frac{2}{3^k}$

reorganize

$\frac{24}{3^{k+1}} + \frac{2}{3^{k-1}} = \frac{14}{3^k}$

$\frac{24}{(3)*3^k} + \frac{2*3}{3^k} = \frac{14}{3^k}$

$\frac{8}{3^k} + \frac{6}{3^k} = \frac{14}{3^k}$

$\frac{14}{3^k} = \frac{14}{3^k}$

This equation evaluates to be true for all k, so this function is indeed true.",2,2,1,1,2,2,2,Seth,sp22
405,406,Exam 6,learningStudy/WrittenInduction_Recurrence_v3,"g(n) equivalent to 2- 2/3^n for all natural numbers greater than or equal to 2

",0,0,0,0,0,0,0,Seth,sp22
406,407,Exam 1,learningStudy/WrittenInduction_Recurrence_v3,"1. If g(n) = 4/3 g(n - 1) - 1/3 g(n - 2), then g(n) is written recursively as a sum of two multiplied factors of its previous 2 elements.
2. Plugging in 2 for n, we get g(2) = 16/9, which is equal to 2 - 2 / (3^2) = 2 - 2 / 9 = 16 / 9.
3. Therefore, the following pattern shows that g(n) = 2 - 2 / (3^n).",1,2,0,0,0,0,0,Seth,sp22
407,408,Exam 6,learningStudy/WrittenInduction_Recurrence_v3,"Suppose g(n) is true

To prove g(n+1):

g(n+1) = (4/3)g(n) - (1/3)g(n - 1)",0,0,0,0,0,0,0,Seth,sp22
408,409,Exam 1,learningStudy/WrittenInduction_Recurrence_v3,"Let the function $g(n)$ be defined as above, and let $n$ be a natural number. Since the function $g(n)$ is recursive, and the two passed arguments are $(n-1)$ and $(n-2)$, we know that after some $x$ amount of calls, there will be one call to $g(0)$ and one call to $g(1)$. 

Case 1: $n$ is even. Then zero will be retured by $\frac{1}{3}g(n-2)$, so the previous statement will return $\frac{4}{3}$

Case 2: $n$ is odd.",0,0,0,0,0,0,0,Seth,sp22
409,410,Exam 6,learningStudy/WrittenInduction_Recurrence_v3,"Base Case: The base case for the given equation will be true if it holds true for n = 0 and n = 1.. 

For n = 0, the LHS of the equation evaluates to 0 and the RHS evaluates to 2 - 2, i.e., 0.

For n = 1, the LHS of the equation evaluates to 4/3 and the RHS evaluates to 2 - (2/3), i.e., 4/3.

Hypothesis: Let us assume that this equation holds true for n = k.

Proof: If we, now, somehow prove that the equation is true for n = k + 1, we will establish it from induction that the equation holds true for all natural numbers.

For n = k + 1, we have to prove g(k + 1) = 4/3 g(k) - 1/3 g(k - 1)

LHS = 2 - 2/(3^(k+1))

RHS = 4/3(2 - 2/3^k) - 1/3*(2 - 2/3^(k-1)) = 8/3 - 8/3^(k+1) - 2/3 + 2/3^k = 2 - 8/3^(k+1) + 6/3^(k+1) = 2 - 2/(3^(k+1))

As LHS = RHS, it has been proved by induction that the equation is true for all natural numbers.",2,2,2,1,2,2,2,Seth,sp22
410,411,Exam 1,learningStudy/WrittenInduction_Recurrence_v3,"Let n be a natural number. If we plug in 2 for n we get g(2) = 4/3(2-1) - 1/3g(2-2) which then equals g(2) = 16/9. On the other hand, if we plug in g(2) = 2 - 2/3^3, we also get 16/9. ",1,2,0,0,0,0,0,Seth,sp22
411,412,Exam 1,learningStudy/WrittenInduction_Recurrence_v3,"g(0) = 0 using given 

g(0) = 2 - 2/3^0 = 0

next: 

g(1) = 4/3 using given

g(1) = 2 - 2/3^1 = 4/3

next:

g(2) = (4/3)*(4/3) - (1/3)*(0) = 16/9 using given 

g(2) = 2 - 2/3^2 = 2 - 2/9 = 16/9

Therefore, g(n) = 2 - 2/3^n for any natural number n
",2,2,0,0,0,0,0,Seth,sp22
412,413,Exam 6,learningStudy/WrittenInduction_Recurrence_v3,"for some n = 2: 2 - 2/9 = 16/9

4/3(4/3) - 1/3(0) = 16/9

The two are equal for n = 2. Now, we must prove that it is the same for some n + 1. 


g(n+1) = 4/3 * g(n) - 1/3 * g(n-1)

We can set this equal to 2 - 2/3^(n + 1)

1/3( 4g(n) - g(n-1) ) = 2 - 2/3 * 3^(-n)

6 - 2*3^(-n) = 4g(n) - g(n-1)

We can see that the two are equal to each other. ",1,2,0,0,0,0,0,Seth,sp22
413,414,Exam 1,learningStudy/WrittenInduction_Recurrence_v3,g(n) = 4gn/3 - 4g/3 - gn/3 - 2g/3 = gn/3 - 2g = 2 - 2/3^n,0,0,0,0,0,0,0,Seth,sp22
414,415,Exam 6,learningStudy/WrittenInduction_Recurrence_v3,"$n = 0: g(0) = 2 - \frac{2}{3^0} = 0$

$n = 1: g(1) = 2 - \frac{2}{3^1} = \frac{4}{3}$

Assume that the statement holds for all $n \leq n+1$. Now we must prove that the statement holds for $n+1$.

$n ->n+1: g(n+1) = \frac{4}{3}g(n)-\frac{1}{3}g(n-1) = \frac{4}{3}(2 - \frac{2}{3^n}) -\frac{1}{3}(2 - \frac{2}{3^{n-1}}) = \frac{8}{3} - \frac{8}{3^{n+1}} - \frac{2}{3} + \frac{2}{3n}$

$= 2 - \frac{8}{3^{n+1}}+\frac{6}{3^{n+1}} = 2 - \frac{2}{3^{n+1}}$

$Q.E.D$",2,2,2,1,2,2,2,Seth,sp22
415,416,Exam 6,learningStudy/WrittenInduction_Recurrence_v3,"Let n = 2.
Using the left hand side: $g(2) = \frac{4}{3}g(1) - \frac{1}{3}g(0) = \frac{16}{9}$. 
Using the right hand side: $g(2) = 2 - \frac{2}{3^2} = 2 - \frac{2}{9} = \frac{16}{9}$.
Therefore, the claim above is true. Which is what we needed to show.",1,2,0,0,0,0,0,Seth,sp22
416,417,Exam 6,learningStudy/WrittenInduction_Recurrence_v3,"Base Case: When n is 2, n is 16/9 which equals 2 - 2/3^2 so it checks out.
Suppose that g(k) = 2 - 2/3^k.
Then, g(k+1) = 4/3g(k) - 1/3g(k-1) = 4/3 (2-2/3^k) - 1/3 (2-2/3^k-1) = 8/3 - 8/3^k+1 - 2/3 + 2/3^k = 2 - 8/3^k+1 + 6/3^k+1 = 2 - 2/3^k+1 which is what we needed to prove.",1,2,2,0,2,2,2,Seth,sp22
417,418,Exam 1,learningStudy/WrittenInduction_Recurrence_v3,Not sure what proof by induction is yet.,0,0,0,0,0,0,0,Seth,sp22
418,419,Exam 1,learningStudy/WrittenInduction_Recurrence_v3,"Assume g(n) = 2 - 2/(3^n) is true.

g(n) = 2 - 8/(3^n)+2/3^(n-1)

g(n + 1) = 4/3gn-1/3g(n-1) = 2 - 8/(3^(n+1)) + 2/3^(n)

then g(n + 1) is true

QED",0,0,2,0,1,2,0,Seth,sp22
419,420,Exam 1,learningStudy/WrittenInduction_Recurrence_v3,"###Proof:

Consider the defined $g(n)$. Suppose that $g(n) = 2-\frac{2}{3^n}$.

When $n = 2$, $g(2) = \frac{4}{3}g(1) - \frac{1}{3}g(0) = \frac{16}{9} = 2 - \frac{2}{3^2}$ meets the suppose.

When $n>2$, we get $g(n) = 2-\frac{2}{3^n}$, while $g(n-1) = 2-\frac{2}{3^{n-1}}$. Let's find the $g(n+1)$.

By defination of $g(n)$, $g(n+1) = \frac{4}{3}g(n-1) - \frac{1}{3}g(n-2) = \frac{4}{3}(2-\frac{2}{3^n}) - \frac{1}{3}(2-\frac{2}{3^{n-1}}) = \frac{8}{3} - \frac{8}{3^{n+1}} - \frac{2}{3} + \frac{2}{3^n}$.

This equation could be simplify and transmit to $2 - (\frac{8}{3^{n+1}} - \frac{6}{3^{n+1}}) = 2-\frac{2}{3^{n+1}}$, which meet the suppose.

Hence, bny induction, we conlude that $\forall n \in N, g(n) = 2-\frac{2}{3^n}$.",1,2,1,2,2,2,2,Seth,sp22
420,421,Exam 6,learningStudy/WrittenInduction_Recurrence_v3,"We shall use induction to prove this claim.

Induction proposition - For natural numbers till n, g(n) = 2 - 2/(3^n).

Base case - For n = 0, g(0) = 2 - 2/(3^0) = 2 - 2/1 = 2 - 2 = 0.

Therefore the base case holds.

Induction step - Suppose for natural numbers till n - 1, g(n-1) = 2 - 2/(3^(n-1)), prove that for natural numbers till n , g(n) = 2 - 2/(3^n).

According to the claim,

g(n) = (4/3)g(n-1) - (1/3)g(n-2)

From our assumption in the inductive step,

g(n) = (4/3)(2 - 2/(3^(n-1))) - (1/3)(2 - 2/(3^(n-2)))

= 8/3 -8/(3^n) - 2/3 + 2/(3^(n-1))

= 2 - 2/(3^n)

Hence proved.",1,2,1,2,2,2,2,Seth,sp22
421,422,Exam 1,learningStudy/WrittenInduction_Recurrence_v3,"g(n) =4/3g(n-1) - 1/3g(n-2)

g(n+1) =4/3g(n) - 1/3g(n-1) ",0,0,0,0,0,0,0,Seth,sp22
422,423,Exam 6,learningStudy/WrittenInduction_Recurrence_v3,"proof by induction
base case n = 2
if n  = 2, g(2) = 16/9
Therefore by inputting a natural number, we will output a real number",1,1,0,0,0,0,0,Seth,sp22
423,424,Exam 6,learningStudy/WrittenInduction_Recurrence_v3,"Base Cases: When n = 0, g(0) = 2 - 2/3^0 = 2-2/1 = 2-2 = 0 which matches the definition above.

When n = 1, g(1) = 2 - 2/3^1 = 2 - 2/3 = 4/3 which matches the definition.

Induction Predicate: Assume that g(n) = 2 - 2/3^n is true for all n from 0 to k.
Induction Hypothesis: We then need to prove that g(n) is true when n is equal to k + 1

g(k+1) = 4/3g(k) - 1/3g(k-1) = 4/3(2-2/3^k) - 1/3(2-2/3^(k-1)) = 8/3 - 8/3^(k+1) - 2/3 + 2/3^k = 2 - 8/3^(k+1) + 6/3^(k+1) = 2 - 2/3^(k+1), so g(k+1) = 2 - 2/3^(k+1) which matches the definition for g(n) that we needed to prove.",2,2,2,2,2,2,2,Seth,sp22
424,425,Exam 6,learningStudy/WrittenInduction_Recurrence_v3,"2 - (2 / 3^n) where n = 1 is equal to 2 - (2 / 3)  = 4 / 3.
This is equal to g(1) = 0 - 1/3g(-1) = 1/3g. Since g = 4, g(1) = 4/3. So we have no reason to think otherwise.",1,1,0,0,0,0,0,Seth,sp22
425,426,Exam 1,learningStudy/WrittenInduction_Recurrence_v3,"Since when natural number n = 1, the function g = 3/4 and g(0) = 0 we can test the full function of g(n).

Since integer n has to be greater than or equal to 2, we can input a natural number of 2 into the function of g(n) to get an answer. We would get 16/9 - 0. 

Similarly if we plug in 2 for the second function of g(n), we would get 2 - 2/27, which equals 52/27. ",1,1,0,0,0,0,0,Seth,sp22
426,427,Exam 6,learningStudy/WrittenInduction_Recurrence_v3,Exactly know how to do this but always can't figure out the last step when n = k in this question.,0,0,0,0,0,0,0,Seth,sp22
427,428,Exam 6,learningStudy/WrittenInduction_Recurrence_v3,"Proof by induction on n.

Base Cases:

            g(0) = 0
            
            g(1) = 4/3

Inductive Proposition: g(k) = 4/3g(k-1) - 1/3g(k-2) $\forall$ k>=2

Inductive step: g(k+1) = 4/3g(k) - 1/3g(k-1)

=> g(k+1) = 4/3(4/3g(k-1) - 1/3g(k-2)) - 1/3g(k-1)

=> g(k+1) = 16/9 g(k-1) - 3/9 g(k-1) - 4/9 g(k-2)

=> g(k+1) = 13/9 g(k-1) - 4/9 g(k-2) 

but, k-1 and k-2 would eventually reach g(1) and g(0), hence, 

g(k) = 2 - 2/(3^k) $\forall$ k belonging to N.

Hence Proved.",2,1,2,1,2,2,0,Seth,sp22
428,429,Exam 1,learningStudy/WrittenInduction_Recurrence_v3,"Let there be cases of $g(0)$ and $g(1)$. Case1, $g(0) = 0$ so $g(0)$ = $2$ - $\frac{2}{3^n}$ must equal to 0. $g(0)$ = $2$ - $\frac{2}{3^0}$ = $2$ - $\frac{2}{1}$ = $0$. Case 2, $g(1) = \frac{4}{3}$ so $g(1)$ = $2$ - $\frac{2}{3^n}$ must equal to $\frac{4}{3}$. $g(1)$ = $2$ - $\frac{2}{3^1}$ = $2$ - $\frac{2}{3}$ = $\frac{4}{3}$. Since both cases are true, then $g(n)$ = $2$ - $\frac{2}{3^n}$ is true QED.",2,2,0,0,0,0,0,Seth,sp22
429,430,Exam 1,learningStudy/WrittenInduction_Recurrence_v3,"We are given that g(0) = 0, g(1) = 4/3, and g(n) = (4/3)*g(n-1) - (1/3)*g(n-2). We want to prove that g(n) can also be written as 2 - (2/(3^n)). 
To look at the equivelence, let us compare the values of (4/3)*g(n-1) - (1/3)*g(n-2) written as unreduced and impropper fractions to view the patterns. Since, g(0) = 0, g(1) = 4/3, g(2) = 16/9, g(3) = 52/27, g(4) = 60/81 and so on where the top value increases by an unknown amount, and the bottom increases by a multiple of 3, where the exponent is 3. 
Since the g(n) will approach 2, but never reach two, because (4/3)*y - (1/3)*y where y is any real number approaches two because of the limit as y goes to infinity, we can conclude that the value must be subtracted from 2. Thus, if we take the arbetrary value of 2, and subtract 2/(3^n) from 2, since we know the value must never grow above two, and that the denominator remains a constant multiple of 3, we get 2 - (2/(3^n)).
Thus, g(n) = (4/3)*g(n-1) - (1/3)*g(n-2) = 2 - (2/(3^n)). This is what we were trying to prove.",0,0,0,0,0,0,0,Seth,sp22
430,431,Exam 1,learningStudy/WrittenInduction_Recurrence_v3,"g(n) = $\frac{4}{3}$g(n-1) - $\frac{1}{3}$g(n-2)
     = $\frac{1}{3}$(4g(n-1) - g(n-2))
     =",0,0,0,0,0,0,0,Seth,sp22
431,432,Exam 6,learningStudy/WrittenInduction_Recurrence_v3,"Let P(n): 4/3g(n-1)-1/3g(n-2), for n>=2 <br>
Now, P(2): 2 <br>
Thus, this holds for P(2) <br>
For P(k): 4/3g(k-1)-1/3g(k-2), for k>=2 <br>
Now, P(k+1): 4/3g(k+1-1) - 1/3g(k-2) = P(k)

Thus, this P(n) is true for all natural numbers n>=2",0,0,0,0,0,0,0,Seth,sp22
432,433,Exam 1,learningStudy/WrittenInduction_Recurrence_v3,"Not sure what induction means:
g(2) = 4/3 * 4/3 - 1/3 * 0 = (4/3)^2 = 16/9
g(2) = 2 - (2/9) = 16/9

Same answer and since this same pattern continues we can use the formula to represent the mapping.

",1,2,0,0,0,0,0,Seth,sp22
433,434,Exam 1,learningStudy/WrittenInduction_Recurrence_v3,"Since the first two starting values are 0 and 4/3, the pattern of the following values become dependent on them, which means that the pattern from 0, then 4/3, then 16/9 follow the equation 2 - 2/3^n",0,0,0,0,0,0,0,Seth,sp22
434,435,Exam 6,learningStudy/WrittenInduction_Recurrence_v3,not sure how to do this question,0,0,0,0,0,0,0,Seth,sp22
435,436,Exam 1,learningStudy/WrittenInduction_Recurrence_v3,"Let $n$ be some natural number and $n >= 2$.

Suppose $g(0) = 0$ and $g(1) = 4/3$.

Suppose $g(n) = \frac{4}{3}g(n-1)-\frac{1}{3}g(n-2)$.

Therefore, $g(n) = 2 - \frac{2}{3^{n}}$, which is what we needed to prove.",0,0,0,0,0,0,0,Seth,sp22
436,437,Exam 1,learningStudy/WrittenInduction_Recurrence_v3,"$g(n)=\dfrac{4}{3}g(n-1)-\dfrac{4}{3}g(n-2)=(\dfrac{4}{3})^n*\dfrac{4}{3}-(\dfrac{1}{3})^{n}*0$

$g(n)=\dfrac{2\cdot3^n-2}{3^n}=2-\dfrac{2}{3^n}$",0,0,0,0,0,0,0,Seth,sp22
437,438,Exam 6,learningStudy/WrittenInduction_Recurrence_v3,"Let us prove the base case. g(2) = 2 - 2/9 = 2-16/9 = 7/4 = 4/3(4/3) - 1/3(0). The base case holds. Now let us prove that the equation 2 - 2/3^n holds for n = k st k is a natural number >= 2. If n = k, g(n) = 4/3g(k-1) - 1/3(g(k-2). g(n) will also equal 2 - 2/3^k. g(k-1) = 4/3(g(k-2)) - 1/3g(k - 3). This becomes (4/3)^(k) - (1/3)^(k-2)(Stuck.",1,2,1,1,0,2,0,Seth,sp22
438,439,Exam 1,learningStudy/WrittenInduction_Recurrence_v3,"$g(0) = 0$

$g(1) = \frac{4}{3}$

$g(2) = \frac{4}{3}(\frac{4}{3}) - \frac{1}{3}(0) = \frac{16}{9}$

The function is recursive so if it works for one case then it will continue to work for all.

Thus, the formula above $g(n)$ works for any natural number $n$",0,0,0,0,0,0,0,Seth,sp22
439,440,Exam 1,learningStudy/WrittenInduction_Recurrence_v3,"g(n) = (4/3)g(n-1) - (1/3)g(n-2) 

g(n+1) = (4/3)g(n) -  (1/3)g(n-1) = (4/3)((4/3)g(n-1)) - 1/3g(n-1) = (16/9 - 1/3)g(n-1) = (13/9)g(n-1)
",0,0,0,0,0,0,0,Seth,sp22
440,441,Exam 6,learningStudy/WrittenInduction_Recurrence_v3,"Base: for g(n)=2-$\frac{2}{3^n}$, n=0, 0=0. n=1,g(1)=4/3. 
Suppose g(n)=2-$\frac{2}{3^n}$ for n=0,1....k-1. g(k)=$\frac{4}{3}$g(k-1)-$\frac{1}{3}$g(k-2) = $\frac{4}{3}$(2-$\frac{2}{3^{k-1}}$)-$\frac{1}{3}$(2-$\frac{2}{3^{k-2}}$) = 
$\frac{8}{3}$-$\frac{8}{3^{k}}$-$\frac{2}{3}$+$\frac{2}{3^{k-1}}$ = 2-($\frac{8}{3^{k}}$-$\frac{6}{3^{k}}$) = 2-$\frac{2}{3^k}$",2,2,2,2,2,2,2,Seth,sp22
441,442,Exam 1,learningStudy/WrittenInduction_Recurrence_v3,"g(n) = 4/3gn - 4/3g - 1/3 gn + 2/3 g

=gn - 2/3 g
= g(n-2/3)
",0,0,0,0,0,0,0,Seth,sp22
442,443,Exam 1,learningStudy/WrittenInduction_Recurrence_v3,"Proof: </br>
Let n be a natural number. </br>
Note that g(0) must = 0 and g(0) = 2 - $\frac{2}{3^0}$ = 2-2 = 0.<br>
Note that if n = 1, g(1) must be $\frac{4}{3}$ and g(1) = 2 - \frac{2}{3^1} = \frac{4}{3}.</br>
So we have that g(n) = $2 - \frac{2}{3^n}$ is true if n = 0 or n = 1.
Let us consider g(n + 1) for $n \geq 2$. </br>
g(n+1) = $\frac{4}{3}g(n+1 - 1) - \frac{1}{3}g(n + 1 - 2) = \frac{4}{3}g(n) - \frac{1}{3}g(n-1) $</br>
$ = \frac{4}{3}(\frac{4}{3}g(n - 1) - \frac{1}{3}g(n - 2)) - \frac{1}{3}g(n-1) = \frac{16}{9}g(n-1) - \frac{4}{9}g(n-2) - \frac{1}{3}g(n-1)$. </br>
$ = \frac{13}{9}g(n-1) - \frac{4}{9}g(n-2)$
</br>
Unsure of how to proceed to show how $\frac{13}{9}g(n-1) - \frac{4}{9}g(n-2)$ can be put in the form $2 - \frac{2}{3^{n+1}}$",2,2,0,1,0,2,0,Seth,sp22
443,444,Exam 6,learningStudy/WrittenInduction_Recurrence_v3,"base case: g(0) = 0
base case: n = 1 =>1
prove for n - 1 => 4/3(n - 1) - 1/3(g(n - 3). ",1,1,0,0,0,0,0,Seth,sp22
444,445,Exam 6,learningStudy/WrittenInduction_Recurrence_v3,"Proof by induction.
Let $g(k) = \frac{4}{3}g(k-1)-\frac{1}{3}g(k-2), k\in N, k\geq2$.
Assume $g(k) = 2 - \frac{2}{3^{n}}$ is true for all $k\in N, k\geq2$.
Base case: $k = 2, g(2) = \frac{4}{3}*\frac{4}{3} - \frac{1}{3}*0 = \frac{16}{9} = 2 - \frac{2}{3^{2}}$.
$g(k) = \frac{4}{3}g(k-1)-\frac{1}{3}g(k-2) = \frac{4}{3}(2-\frac{2}{3^{k-1}})-\frac{1}{3}(2-\frac{2}{3^{k-2}}) = \frac{8}{3} - \frac{8}{3^k} - \frac{2}{3} + \frac{2}{3^{k-1}} = 2 - \frac{8}{3^k} + \frac{6}{3^k}$
$= 2-\frac{2}{3^k}$.
Therefore the statement is true.",1,2,2,1,2,2,2,Seth,sp22
445,446,Exam 1,learningStudy/WrittenInduction_Recurrence_v3,"The initial claim shows that g(n) = 4/3g(n-1) - 1/3g(n-2), for n >= 2. 
Plugging in g(1) = 4/3 into the initial g(n) function, we get that g = 3. 

Suppose that n = 2: 

g(n) = g(2) = 4/3(3)(2-1) - 1/3(3)(2-2)= 4 
g(n) = g(2) = 2 - 2/3^n = 2- 2/3^(2) = 16/9

Although these two values are not equal, it is important to note that the first equation is for for n >= 2, while the second is meant for any natural number n. This is why the answer resulting from the second equation is so small, thus proving the claim.",0,0,0,0,0,0,0,Seth,sp22
446,447,Exam 1,learningStudy/WrittenInduction_Recurrence_v3,"Let n = 2. Then, $g(2) = \frac{4}{3} g(1) - \frac{1}{3} g(0)$

$=\frac{16}{9} = \frac{18-2}{3^2}$ So, $ \frac{4}{3} g(n-1) - \frac{1}{3} g(n-2) = 2 - \frac{2}{3^2}$ is true for n = 2.

=$\frac{4g(k-1) - g(k-2)}{3} = \frac{2(3^k)-2}{3^k}$

=$4g(k-1) - g(k-2) = (3^{1-k})(2(3^k)-2)$

Let k be a natural number. Suppose that $ \frac{4}{3} g(k-1) - \frac{1}{3} g(k-2) =  2 - \frac{2}{3^k}$ is true for k greater than 2.

Then, for n = (k+1), $ \frac{4}{3} g(k) - \frac{1}{3} g(k-1)$

= $$

So,because $ \frac{4}{3} g(n-1) - \frac{1}{3} g(n-2) = 2 - \frac{2}{3^2}$ is true for n = 2, n = k, and n = (k+1), it is true for all natural numbers.",1,2,2,1,0,0,0,Seth,sp22
447,448,Exam 6,learningStudy/WrittenInduction_Recurrence_v3,"**Proof:**

We will use proof by induction over n.

Inductive Predicate: g(n) = 2 - 2/3^n

Base Cases: 
g(0) = 0, 

g(1) = 4/3, 

g(2) = 4/3*g(n-1) - 1/3*g(n-2) = 4/3(4/3) - 1/3(0) = 16/9 = 2 - 2/3^n = 2 - 2/9 = 16/9.

So the inductive predicate holds for our base cases.

Inductive Hypothesis: For any natural number n, g(n) = 2 - 2/3^n holds.

Inductive Step: 
g(k-1) = 4/3*g(k-2) - 1/3*g(k-3)

g(k-1) = 2 - 2/3^(k-1)

Forgot what to do next.",2,1,2,1,0,2,0,Seth,sp22
448,449,Exam 1,learningStudy/WrittenInduction_Recurrence_v3,"Let n be a natural number when n >= 2. Given that for any number n >= 2, g(n) would be a recursive sequence, g(n) = 2 -2/3^n would be the base case. In support as well, given a case where n = 3, 4/3(g(2) - 1/3(4/3) = 4/3(4/3)(4/3-0) + 4/9. This is equivalent to 2-2/3^n",0,0,0,0,0,0,0,Seth,sp22
449,450,Exam 1,learningStudy/WrittenInduction_Recurrence_v3,"Let g: N -> R have the following values at 0,1 and n where n >= 2.

for n = 2, g(n) = 16/9 which is of the form 2 - 2/3^n for any natural number n.

on substituting n = 2 into 2 - 2/3^n we also get 16/9

Similarly, for n = 3 g(3) evaluates to 52/27 which is also of the form 2 - 2/3^n.

This implies LHS = RHS and the claims is true.

QED

",1,2,0,0,0,0,0,Yael,sp22
450,451,Exam 1,learningStudy/WrittenInduction_Recurrence_v3,"Let g(0) = 0, g(1) = 4/3, and g(n) = 4/3g(n-1) - 1/3g(n-2), for n$\geq$2. 

When n = 0, g(0) = 2 - $\frac{2}{2}$ = 0.

When n = 1, g(1) = 2 - 2/3 = 4/3.

Therefore, g(n) = 2 - 2/3^n for any natural number n.",2,2,0,0,0,0,0,Yael,sp22
451,452,Exam 6,learningStudy/WrittenInduction_Recurrence_v3,"Since g is integer and real number, g(0) = 2-2/3^0 = 0 and g(1) = 2-2/3^1 = 4/3 and g(2) = 4/3*g(2-1) - 1/3*g(2-2) = 2-2/3^2. So we cam prove that g(n) = 2 - 2/3^n for any natural number n.",2,2,0,0,0,0,0,Yael,sp22
452,453,Exam 1,learningStudy/WrittenInduction_Recurrence_v3,"Suppose that g: N -> R is defined by g(0) = 0, g(1) = $\frac{4}{3}$, g(n) = $\frac{4}{3}$g(n-1) - $\frac{1}{3}$g(n-2) for n >= 2.

Given that n is any natural number, there are three possible cases.

        i. When n = 0
        
            Then g(0) = 2 - 2/(3^n) = 2 - 2/1 = 0
            
            
        ii. When n = 1
        
            Then g(1) = 2 - 2/3^1 = 2 - 2/3 = 4/3
            
            
        iii. When n >= 2
        
            1) When n = 2
            
                g(2) = 4/3 g(1) - 1/3 g(0) = 4/3 * 4/3 = 16/9 = 2 - 2/3^2
                
            2) When n = 4
                
                Suppose the equation to prove is true.
                
                g(4) = 2 - 2/3^4 = 2 - 2/81 = 160/81
                
                g(3) = 4/3 g(2) - 1/3 g(1) = 4/3 * 16/9 - 1/3 * 4/3 = 52/27 = 2 - 2/3^3
                
                Since n + 1 is true when n is true, the statement is always true.
            
        
        ",2,2,0,1,0,0,0,Yael,sp22
453,454,Exam 6,learningStudy/WrittenInduction_Recurrence_v3,"predicate: P(n): g(n) = 2 - $\frac{2}{3^n}$

base case: P(0): 2 - $\frac{2}{3^0}$ = 2 - 2 = 0 = g(0)

P(1): 2 - $\frac{2}{3^1}$ = 2 - $\frac{2}{3}$ = $\frac{4}{3}$ = g(1)

hypothesis: P(n) is true for n = 0, 1, ..., k

induction step: P(n) is true for n = k + 1

proof:

g(k+1) = $\frac{4}{3}$g(k) - $\frac{1}{3}$g(k-1) = $\frac{4}{3}$(2 - $\frac{2}{3^k}$) - $\frac{1}{3}$(2 - $\frac{2}{3^{k-1}}$)

= $\frac{8}{3} - \frac{2}{3} - \frac{8}{3(3^{k})} + \frac{2}{3^k}$

= 2 - $4*\frac{2}{3^{k+1}} + 3 *\frac{2}{3^{k+1}}$

= 2 - $\frac{2}{3^{k+1}}$ which is what we needed to prove",2,2,2,2,2,2,2,Yael,sp22
454,455,Exam 1,learningStudy/WrittenInduction_Recurrence_v3,"Since g(0) = 0, g(1) = 4/3, and g(n) = 4/3g(n-1)-1/3g(n-2), for n >= 2. We can differentiate the g(n-1) and g(n-2). This causes 4/3 - 1/3 nd g(n-1-2) for n >= 2. If we substitute 4/3 for n we can come up with g(n) = 2-2/3^2.",2,0,0,0,0,0,0,Yael,sp22
455,456,Exam 1,learningStudy/WrittenInduction_Recurrence_v3,"$g(n) = \frac43 (\textup{term before n}) - \frac13 (\textup{term two before n})$.

$g(2) = (4/3)(4/3) - (1/3)(0) = (4/3)^2 = \boxed{(4/3)^{n-1}((4/3 - (1/3))}$.

$g(3) = (4/3)(4/3)(4/3) - (1/3)(4/3) = (4/3)((4/3)(4/3) - (1/3)) = \boxed{(4/3)^{n-1}((4/3 - (1/3))}$.

$g(4) = (4/3)(4/3)(4/3)(4/3) - (1/3)(4/3)(4/3)(4/3)) = \boxed{(4/3)^{n-1}((4/3) - (1/3))} $.

$\boxed{(4/3)^{n-1}((4/3 - (1/3)) = (4/3)^n(4/3)^{-1}}$



",0,0,0,0,0,0,0,Yael,sp22
456,457,Exam 6,learningStudy/WrittenInduction_Recurrence_v3,"We are using proof by induction. The base case both equal what they are given when plugged into g(n). The range is n = 0, 1, ..., k - 1. So when plugging in for k we get (4/3)(g(k-1)) - (1/3)(g(k-2). When simplified using the range of values we end up getting 2 - 2/(3^n), which is what we are trying to prove.",1,0,0,2,0,0,0,Yael,sp22
457,458,Exam 1,learningStudy/WrittenInduction_Recurrence_v3,"g(2) = 4/3(4/3) - 1/3(0) = 16/9
     
g(3) = 4/3(16/9) - 1/3(4/3) = 52/27

g(2) = 2 - 2/3^(2) = 16/9

g(3) = 2 - 2/3^(3) = 52/27",1,1,0,0,0,0,0,Yael,sp22
458,459,Exam 6,learningStudy/WrittenInduction_Recurrence_v3,"- Prove by induction on n.
- Base case: Let g(n)=$\frac{4}{3}$g(n-1)-$\frac{1}{3}$g(n-2) for n$\geq$2, where g(0)=0 and g(1)=$\frac{4}{3}$.
- when n=2, g(2)=$\frac{4}{3}$g(1)-$\frac{1}{3}$g(0)=$\frac{16}{9}$.
- Now we have to solve for k, where g(k)=$\frac{4}{3}$g(k-1)-$\frac{1}{3}$g(k-2) where k is 2, 3, 4,...k.
- g(2)=$\frac{4}{3}$($\frac{4}{3}$)-$\frac{1}{3}$(0)=$\frac{16}{9}$. g(2)=$\frac{16}{9}$=2-$\frac{2}{3^2}$. 2=2.
- Therefore, g(k)=2-$\frac{2}{3^n}$, which is what we needed to show.",2,0,1,1,0,0,0,Yael,sp22
459,460,Exam 6,learningStudy/WrittenInduction_Recurrence_v3,"because g(0) = 0, g(1) = 4/3, g(n) = 4/3g(n-1)-1/3g(n-2), using induction, we getg(n) = 2-2/3^n",2,0,0,0,0,0,0,Yael,sp22
460,461,Exam 6,learningStudy/WrittenInduction_Recurrence_v3,"Notice that $g(2) = \frac{4}{3}g(1)-\frac{1}{3}g(0)=\frac{16}{9}=2-\frac{2}{3^2}$.

Now assume $g(k)=2-\frac{2}{3^k}$.

$g(k+1) = \frac{4}{3}g(k)-\frac{1}{3}g(k-1)=\frac{4}{3}(2-\frac{2}{3^k}) -\frac{1}{3}(2-\frac{2}{3^{k-1}})=2-\frac{8-6}{3^{k+1}}=2-\frac{2}{3^{k+1}}$

This is what we need to prove.",0,0,2,2,2,2,2,Yael,sp22
461,462,Exam 1,learningStudy/WrittenInduction_Recurrence_v3,"Suppose g(n) = 2- 2/(3^n) for any natural number n. Now consider g(0), g(0) = 0 in this case, whcih is true. Let's consider g(1), g(1) = 2 - 2/3 = 4/3, which is also true. let's consider g(n+1), g(n+1) = 4/3 g(n) -1/3 g(n-1), by definition. when we apply to the equation, g(n + 1) = 2- 2/(3^(n+1)), g(n -1) = 2- 2/(3^(n-1)). g(n+1) = 4/3(2- 2/3^n) - 1/3(2 - 2/3^n-1) = 2- 2/3^(n+1). which is what we need to proove.",2,2,2,2,2,2,2,Yael,sp22
462,463,Exam 6,learningStudy/WrittenInduction_Recurrence_v3,"We want to show that $g(n) = 2-\frac{2}{3^n}$ for any natural number $n$, which we will prove by induction on $n$.

Base Case: First we consider $n=0$. This means $g(0) = 0$. Also, $2-\frac{2}{3^0} = 0$. Therefore, $g(n)$ is consistent with $n=0$. Next we consider $n=1$. We know $g(1) = \frac{4}{3}$. We also know that $2-\frac{2}{3^1}=\frac{4}{3}$. Therefore, $g(n)$ is consistent when $n=1$.

Inductive Step: Suppose that $g(n)=2-\frac{2}{3^n}$ for all natural numbers $n \leq k-1$ . We want to show that this is true for $n=k$. 

First consider the definition of $g$:

$g(k)=\frac{4}{3}g(k-1)-\frac{1}{3}g(k-2)$

Since the formula is true for $n \leq k$:

$g(k) = \frac{4}{3}(2-\frac{2}{3^{k-1}}) - \frac{1}{3}(2-\frac{2}{3^{k-2}}) = \frac{8}{3}-\frac{8}{3^k}-\frac{2}{3}+\frac{2}{3^{k-1}}=2-\frac{8}{3^k}+\frac{6}{3^k} = 2-\frac{2}{3^k}$

Therefore, $g(k) = 2-\frac{2}{3^k}$, which is what we wanted to show.",2,2,2,2,2,2,2,Yael,sp22
463,464,Exam 6,learningStudy/WrittenInduction_Recurrence_v3,"Proof by induction.

Let $P(n) =  \frac43 g(n-1) - \frac13 g(n-2) = 2 - \frac{2}{3^n}$.

Base cases: $P(0) = 0$ and $P(1) = 4/3$.

Hypothesis: $P(n)$ is true for all $n$ from $n = 0$ to $n = k - 1$.

Inductive step: $P(k - 1) = \frac43 g((k - 1)-1) - \frac13 g((k - 1)-2) = 2 - \frac{2}{3^{k - 1}}$.

$P(k - 1) = \frac43 g(k - 2) - \frac13 g(k - 3) = 2 - \frac{2}{3^{k - 1}}$
",2,1,2,2,1,2,0,Yael,sp22
464,465,Exam 1,learningStudy/WrittenInduction_Recurrence_v3,"let some natural number n exist
if n = 0
g(n) = 0 = 2 - 2/3^0 = 2-2/3^n
if n = 1
g(n) = 4/3 = 2 - 2/3 = 2 - 2/3^n

if n >= 2
g(n) = 4/3 g(n-1) - 1/3g(n-2) 
due to our previous proofs we can recursively conclude g(n-1) and g(n-2) will both eventually take the form of 2-2/3^n
so we can conclude that eventually g(n) will take the form of (4/3)^(n+2) (2-2/3^n) - 1/3)^n+1(2-2/3^m) which will simplify down to the form of 2-2/3^n",2,2,0,0,0,0,0,Yael,sp22
465,466,Exam 1,learningStudy/WrittenInduction_Recurrence_v3,"g(n) = 4/3g(n-1) - 1/3g(n-2) for n >= 2 Therefore, we have g(n) = 4/3 times [4/3g(n-2) - 1/3g(n-3)]
By iterating the sequence. We will get to the smallest gn that n equals 2. At that point, gn = 4/3 times 4/3. ",0,0,0,0,0,0,0,Yael,sp22
466,467,Exam 6,learningStudy/WrittenInduction_Recurrence_v3,"we want to prove that a variable $k-1$ works for the rule of $g(n) = 2 - \frac{2}{3^n}$ so that if we prove $k$ in this rule then we would be able to use proof by induction.

$g(k-1) = \frac{4}{3}g(k-2) - \frac{1}{3}g(k-3)$ for $k \geq 2$

= $\frac{4}{3} (2 - \frac{2}{3^{k-2}}) - \frac{1}{3} (2 - \frac{2}{3^{k-3}})$

if the variable $k$ holds, then it would be equal to $g(k-1) + 4/3$.

$g(k) = \frac{4}{3}g(k-1) - \frac{1}{3}g(k-2)$ for $k \geq 2$

= $\frac{4}{3} (2 - \frac{2}{3^{k-1}}) - \frac{1}{3} (2 - \frac{2}{3^{k-2}})$


$\frac{4}{3} (2 - \frac{2}{3^{k-2}}) - \frac{1}{3} (2 - \frac{2}{3^{k-3}}) + \frac{4}{3}$ = $\frac{4}{3} (2 - \frac{2}{3^{k-1}}) - \frac{1}{3} (2 - \frac{2}{3^{k-2}})$

$4 (2 - \frac{2}{3^{k-2}}) - (2 - \frac{2}{3^{k-3}}) + 4$ = $4 (2 - \frac{2}{3^{k-1}}) - (2 - \frac{2}{3^{k-2}})$

$8 - \frac{8}{3^{k-2}} - 2 + \frac{2}{3^{k-3}} + 4$ = $8 - \frac{8}{3^{k-1}} - 2 + \frac{2}{3^{k-2}}$

$10 - \frac{8}{3^{k-2}} + \frac{2}{3^{k-3}}$ = $6 - \frac{8}{3^{k-1}} + \frac{2}{3^{k-2}}$

$4$ = $\frac{8}{3^{k-1}} + \frac{2}{3^{k-2}} + \frac{8}{3^{k-2}} - \frac{2}{3^{k-3}}$

$4$ = $\frac{8}{3} +2 - 8 - 6$
",0,0,1,2,2,2,2,Yael,sp22
467,468,Exam 6,learningStudy/WrittenInduction_Recurrence_v3,"Let $g$ be a function that satisfies all of the conditions above.


Let $P(n)$ stands for $g(n) = 2 - \frac{2}{3^n}$

I will prove that $P(n)$ is true for all natural number n by induction.

$\underline{Base\ Step:}$

For n = 0: $g(n) = g(0) = 0 = 2-\frac{2}{3^0} = 2 - \frac{2}{3^n}$. 

Thus, P(0) is true.

For n = 1: $g(n) = g(1) = \frac{4}{3} = 2-\frac{2}{3^1} = 2 - \frac{2}{3^n}$. 

Thus, P(1) is true.

$\underline{Inductive\ Step:}$

Suppose that $P(0), P(1), ..., P(k)$ are true for a natural number $k$.

Since $P(k)$ and $P(k-1)$ are true, we get that $g(k) = 2 - \frac{2}{3^k}$ and $g(k-1) = 2 - \frac{2}{3^{k-1}}$

Thus, $g(k+1) = \frac{4}{3}g(k) - \frac{1}{3}g(k-1) = \frac{4}{3}(2 - \frac{2}{3^k}) - \frac{1}{3}(2 - \frac{2}{3^{k-1}}) = \frac{6}{3} - \frac{8}{3^{k+1}} + \frac{2}{3^k} = 2 - \frac{2}{3^{k+1}}$

Therefore, $P(k+1)$ is true, which is what we are required to prove.

Therefore, $g(n) = 2 - \frac{2}{3^n}$ is true for all natural number n.",2,2,2,2,2,2,2,Yael,sp22
468,469,Exam 6,learningStudy/WrittenInduction_Recurrence_v3,"Base case: g(0) = 0

g(n+1) = 4g(n)/3 - 1g(n-1)/3

g(n) - g(1)

2 - 4/3 --> 2/3

g(0) - g(n + 1)

2 - 2/3^n",1,0,0,0,0,0,0,Yael,sp22
469,470,Exam 1,learningStudy/WrittenInduction_Recurrence_v3,"Suppose n = 2  
g(n) = 4/3 g(1) - 1/3 g(0) = 19/9  
19/9 = 2 - 2/3^n
g(n) = 2 - 2/3^n
",0,0,0,0,0,0,0,Yael,sp22
470,471,Exam 1,learningStudy/WrittenInduction_Recurrence_v3,"Our base cases are $n=0$ and $n=1$, which hold since $g(0)=0=2-\frac{2}{3^0}$ and $g(1)=\frac43=2-\frac{2}{3^1}.$

For $n\ge2$, assume that for all $0\le k<n$, $g(k)=2-\frac{2}{3^k}$ holds. (We only need $n-1$ and $n-2$, but we need something stronger than weak induction.) Then
$$g(n)=\frac43g(n-1)-\frac13g(n-2)=\frac43\left(2-\frac2{3^{n-1}}\right)-\frac13\left(2-\frac2{3^{n-2}}\right)$$
$$=\frac{8}{3}-\frac23-\frac8{3^n}+\frac2{3^{n-1}}=2-\frac8{3^n}+\frac6{3^n}=2-\frac2{3^n},$$
completing the induction. $\blacksquare$",2,2,2,2,2,2,2,Yael,sp22
471,472,Exam 1,learningStudy/WrittenInduction_Recurrence_v3,"(I do not know induction)

We are given that n is a natural number.

If we plug in 0 into the equation of g(n) = 2 - (2/3^n) we would get 0 which is what g(0) says.

If we plug in 1 into the equation of g(n) = 2 - (2/3^n) we would get 4/3 which is what g(1) says.

Therefore, the following proof is true.

QED.",2,2,0,0,0,0,0,Yael,sp22
472,473,Exam 6,learningStudy/WrittenInduction_Recurrence_v3,"Base cases:

for n < 2, n = 0 or 1 because n is a member of the set of natural numbers

g(0) = 0

g(1) = 4/3

g(n) = 4/3g(n-1) -1/3g(n -2)

g(2) = 4/3*4/3 - 1/3*0 = 16/9 = 4^2/3^2 = 2 - 2/3^2

g(3) = 4/3*16/9 - 1/3*4/3 = 4^3/3^3 - 4/3^2 = 2 - 2/3^3

Therefore, g(n) = 2 - 2/3^n which is what we needed to prove. ",2,1,0,0,0,0,0,Yael,sp22
473,474,Exam 1,learningStudy/WrittenInduction_Recurrence_v3,"when n = 2, g = 4/3 *4/3= 16/9. or 2-2/9= 16/9",0,0,0,0,0,0,0,Yael,sp22
474,475,Exam 6,learningStudy/WrittenInduction_Recurrence_v3,"Base case: $n=2$, so $g(2) = \frac{4}{3}g(1)-\frac{1}{3}g(0) = \frac{16}{3}$. The other equation gives $2-\frac{2}{3^n} = 2-\frac{2}{9} = \frac{16}{3}$

Now we need to prove $n = k$

$g(k) = \frac{4}{3}g(k-1)-\frac{1}{3}g(k-2)$

...

Which shows $2-\frac{2}{3^k}$

Thus, the statment is proved by induction",1,2,0,1,1,1,0,Yael,sp22
475,476,Exam 1,learningStudy/WrittenInduction_Recurrence_v3,I cannot figure it out.,0,0,0,0,0,0,0,Yael,sp22
476,477,Exam 6,learningStudy/WrittenInduction_Recurrence_v3,"1.) Base Cases $2-2/3^n$, $4/3 g(n-1) - 1/3 g(n-2)$ 

2.) Induction Hypothesis: g(0) = 0, g(1) = 4/3 Since g(n) is true for all n greater than or equal to 2, g(n) = $2 - 2/3^n$ must be equal to $4/3 g(n-1) - 1/3 g(n-2)$ for all values n greater than or equal to 2

3.) Induction Predicate:

4.) Induction Step:",0,0,0,0,0,0,0,Yael,sp22
477,478,Exam 6,learningStudy/WrittenInduction_Recurrence_v3,"Induction hypothesis: For n = 0, 1, 2, .., k, g(n) = 2 - 2/3^n. we nned to prove that for n = k + 1, g(n) = 2 - 2/3^(n + 1). ",0,0,2,2,2,0,0,Yael,sp22
478,479,Exam 6,learningStudy/WrittenInduction_Recurrence_v3,"Proof by induction on $n$.

Suppose $g(n)=2-\frac{2}{3^n}$ for $0, 1, 2... k-1$

Base cases: <br \>
$g(0)=2-\frac{2}{3^0} = 0$ and $g(0)=0$ <br \>
$g(1)=2-\frac{2}{3^1} = 0$ and $g(1)=\frac{4}{3}$ <br \>

Induction: We must show that $g(k)=2-\frac{2}{3^k}$<br \>
$g(k)=2-\frac{2}{3^k}$ for $0, 1, 2... k-2$ <br \>
Since $g(n)=\frac{4}{3}g(n-1) - \frac{1}{3}g(n-2)$, we know that for $k$, $g(k)=\frac{4}{3}g(k-1) - \frac{1}{3}g(k-2) =$ <br \>
$=\frac{4}{3}(2-\frac{2}{3^{k-1}}) - \frac{1}{3}(2-\frac{2}{3^{k-2}}) = \frac{6}{3}-\frac{4}{3}\cdot\frac{2}{3^k}\cdot3+\frac{1}{3}\cdot\frac{2}{3^k}\cdot9=2-\frac{8}{3^k}+\frac{6}{3^k}=2-\frac{2}{3^k}$

Thus, $g(k)=2-\frac{2}{3^k}$, QED.",2,2,2,2,2,2,2,Yael,sp22
479,480,Exam 6,learningStudy/WrittenInduction_Recurrence_v3,"Base Cases. For g(0) the statement is true because 2 - 2/1 = 0. For g(1) it holds true because 2 - 2/3 = 4/3

Assume that all cases 0, 1, . . . k hold true.

To prove this statement we must prove that the case works for k + 1 as well.

g(k+1) = 4/3g(k) - 1/3g(k - 1).

Using inductive reasoning, g(k+1) = 8/3 - 8/(3^(k+1)) - 2/3 +2/(3^k)

Solving this we are left with g(k+1) = 2 -2/(3^(k+1)) which is what we needed to prove.",2,2,2,2,2,2,2,Yael,sp22
480,481,Exam 1,learningStudy/WrittenInduction_Recurrence_v3,"### Base Case:
let n = k where k = 0, $g(0) = 0, g(n) = g(k) = 2-\frac{2}{3^k}=2-\frac{2}{3^0}=0$, the case stands.

### Case 1:
let n = k where k = 1, $g(1) = \frac{4}{3}, g(n) = g(k) = 2-\frac{2}{3^k}=2-\frac{2}{3^1}=\frac{4}{3}$, the case stands.

### Case k:
let n = k where k is an arbitary integer. $g(n) = \frac{4}{3} g(n-1)-\frac{1}{3}g(n-2)= something$

Well that is all I can remember from high school.",2,2,1,2,0,0,0,Yael,sp22
481,482,Exam 6,learningStudy/WrittenInduction_Recurrence_v3,"Check the base case first.
g(1) = 4/3 = 2-2/3^1 = 2-2/3 = 4/3
Suppose n is a positive integer
Check if n = k-1 is true
g(k-1) = 4/3g(k-2) - 1/3g(k-3) = 2-2/3^(k-1)
This will be the same as when n= k
g(k) = 4/3g(k-1)-1/3g(k-2) = 2-2/3^(k)
Therefore the statement is true.",1,2,1,1,1,0,0,Yael,sp22
482,483,Exam 1,learningStudy/WrittenInduction_Recurrence_v3,"We will prove the claim by induction.

First, suppose that for integer $k=2$, $g(k) = 2 - \frac{2}{3^k}$. 

Next, we must prove that $g(k+1) = 2 - \frac{2}{3^{k+1}}$. 

$g(k+1) = \frac{4}{3}g(k+1-1) - \frac{1}{3}g(k+1-2)$.

Thus, $g(k+1) = \frac{4}{3}g(k) - \frac{1}{3}g(k-1)$.

As our $k = 2$, $g(k+1) = \frac{4}{3}g(2) - \frac{1}{3}g(1)$.

Thus, $g(k+1) = \frac{4}{3}(2-\frac{2}{3^2}) - \frac{1}{3}(\frac{4}{3})$.

Simplifying, $g(k+1) = \frac{8}{3}-\frac{8}{3^3} - \frac{4}{9}$.

This can also be written as $g(k+1) = \frac{72}{27} - \frac{8}{27} - \frac{12}{27}$.

This is equivalent to $g(k+1) = \frac{52}{27}$ or $g(k+1) = 2 - \frac{2}{3^3}$.

As $k+1 = 3$, we have proved that $g(k+1) = 2 - \frac{2}{3^{k+1}}$. 

",0,0,2,1,2,1,1,Yael,sp22
483,484,Exam 6,learningStudy/WrittenInduction_Recurrence_v3,"<b>Claim:</b> $\forall n \ge 2 \in N, g(n) = \frac{4}{3}g(n - 1) + \frac{1}{3}g(n - 2) = 2 - \frac{2}{3^n}$

<b>Base Case:</b> $g(0) = 0, g(1) = \frac{4}{3}$

<b>Induction Hypothesis:</b> $g(n) = 2 - \frac{2}{3^n}$, where $n : 0,1,..., k + 1$

<b>Induction Proof:</b> 

$g(k) = \frac{4}{3}g(k - 1) + \frac{1}{3}g(k - 2)
    = \frac{4}{3}(2- \frac{2}{3^{k - 1}}) + \frac{1}{3}(2- \frac{2}{3^{k - 2}})
    = \frac{8(3^{k - 1}) - 8}{3^k} - \frac{2(3^{k - 2}) - 2}{3^{k - 1}}$
    
$   = \frac{8(3^{k - 1}) -8 - 2(3^{k - 1}) +6}{3^k}
    = \frac{6(3^k)}{3(3^k)} - \frac{2}{3^k}
    = 2 - \frac{2}{3^k}$
    
Then by induction, $\forall n \in N, g(n) = 2 - \frac{2}{3^n}$",2,1,2,1,2,2,2,Yael,sp22
484,485,Exam 6,learningStudy/WrittenInduction_Recurrence_v3,"Base case: g(0) = 0. 2-2/3^0 = 2-2=0

Recursive step: Assume k is an integer. 4/3(k-1) - 1/3(k-2) would be equivalent to g(k) = 2-2/3^k. This is because the function increases linearly by 4/3 for the previous number and also linearly by -1/3 for the number before that. Therefore, g(k) = 2-2/3^k which is what we were trying to show.",1,2,1,1,0,0,0,Yael,sp22
485,486,Exam 6,learningStudy/WrittenInduction_Recurrence_v3,Sorry I think since last time I did not practice this type of questions so I still cannot do it this time. I am so sorry about this.,0,0,0,0,0,0,0,Yael,sp22
486,487,Exam 1,learningStudy/WrittenInduction_Recurrence_v3,"We need to show that $g(n) = 2 - \frac{2}{3^n}$, for any natural number n

Base case n = 2:

$g(2) = \frac{4}{3}g(1) - \frac{1}{3}g(0) = (\frac{4}{3})(\frac{4}{3}) + 0 = \frac{16}{9}$

$g(2) = 2 - \frac{2}{3^{2}} = 2 - \frac{2}{9} = \frac{16}{9}$

We can see that this condition is satisfied for n=2

Let us assume that $g(n) = 2 - \frac{2}{3^n}$ is true for n = k, k-1.

$g(k) = 2 - \frac{2}{3^k}; g(k-1) = 2 -\frac{2}{3^{k-1}}$

$g(k+1) = \frac{4}{3}g(k) - \frac{1}{3}g(k-1) = \frac{4}{3}(2 - \frac{2}{3^k}) - \frac{1}{3}(2 - \frac{2}{3^{k-1}})$

$\implies \frac{8}{3} - \frac{8}{3^{k+1}} - \frac{2}{3} + \frac{2}{3^k} = 2 + \frac{2}{3^k}(1 - \frac{4}{3})$

$\implies 2 - \frac{2}{3^{k+1}}$

We proved that the statement was true for n=2 and by assuming it to be true for n = k and  n = k-1, we showed that it was true for n=k+1. By induction, $g(n) = 2 - \frac{2}{3^n}$ is true for any natural number",1,2,2,2,2,2,2,Yael,sp22
487,488,Exam 6,learningStudy/WrittenInduction_Recurrence_v3,"Proof by induction:

Let there be natural number n such that g(n) = 2 - 2/3^n. Let n = 2. Plugging values in, g(2) = 4/3g(1) - 1/3g(0). Substituting, we get g(0) = 0, and g(1) = 4/3, so we get g(2) = 4/3(4/3) - 0, which is just 16/9.

Plugging in values to g(2), we get g(2) = 2 - 2/(3^2) = 16/9, so the statement holds true. Let k + 1 be a natural number, so g(n) = 2 - 2/(3^k+1). 

Thus, g(n) = 2 - 2/3^n, which is what we needed to show.",1,2,0,0,0,0,0,Seth,sp22
488,489,Exam 6,learningStudy/WrittenInduction_Recurrence_v3,"g(0) = 2 - 2/3^0 = 0
g(0) = 4/3g(-1) -1/3g(-2) = -16/3 + 16/3 = 0

",1,1,0,0,0,0,0,Seth,sp22
489,490,Exam 1,learningStudy/WrittenInduction_Recurrence_v3,"I'm assuming induction is recursion because you have provided us with a base case. I am not sure how to prove this recursively, other than by typing in example cases.",0,0,0,0,0,0,0,Seth,sp22
490,491,Exam 1,learningStudy/WrittenInduction_Recurrence_v3,"Lets have g : N->R and that g(0)=0, g(1)=4/3, and g(n)=4/3 g(n-1) - 1/3 g(n-2), for n>= 2

...

Therefore g(n) = 2 - $\frac{2}{3^n}$",0,0,0,0,0,0,0,Seth,sp22
491,492,Exam 1,learningStudy/WrittenInduction_Recurrence_v3,"According to the definition, when n = 2. g(2) = 1/3 * (16/3  - 0) = 16/9. In conclusion, g(2) = 2 - 2/9 = 16/9. The two equation are equavalent. when n = 3, g(3) = 4/3 * g(2) - 1/3 * g(1) = 64/27 - 4/9 = 52/9. In conclusion, g(3) = 2 - 2/27 = 52/9. The two equation are equavalent. So, the conclusion is that they are all equavalent. ",1,2,0,0,0,0,0,Seth,sp22
492,493,Exam 6,learningStudy/WrittenInduction_Recurrence_v3,"We will prove this statement by induction.

Base claim: Let n=0, such that g(0) = 2 - 2 = 0. This is true.

Induction hypothesis: Let f(n) equal 2 - $\frac{2}{3^2}$ for any natural number n. 

Induction steps:

We can show that f(0) = 0 which is true because g(0) = 0. We can also show that f(1) = 4/3 which is true because g(1) = 4/3. Lastly, we can show that f(2) = 16/9 which is true because g(2) = 16/9. We see that for all natural numbers, f(n) is true which is what we needed to show.",1,2,1,1,0,0,0,Seth,sp22
493,494,Exam 1,learningStudy/WrittenInduction_Recurrence_v3,"We know that g(0) = 0, and g(1) = 1 and $g(n) = \frac{4}{3} g(n-1) - \frac{1}{3} g(n-2)$ for any n $\geq 2$.

Let us assume that $g(n) = 2 - \frac{2}{3^n}$ for any natural number n.

Looking at the base cases, we see that at n = 2, $g(2) = \frac{4}{3} g(1) - \frac{1}{3} g(2) = \frac{4}{3} \cdot \frac{4}{3} - 0 = \frac{16}{9}$. Using the other formula, we get $g(2) = 2 - \frac{2}{3^2} = \frac{18 - 2}{9} = \frac{16}{9}$. Thus our statement holds true for n = 2. 


Let us take the any n = k, where k is a natural number greater than 2. Using our statement, $g(k) = 2 - \frac{2}{3^k}$. Looking at n = k + 1, we get $g(k + 1) = 2 - \frac{2}{3^{k+1}}$.

Let us now try to find g(n) for n = k + 2. Using our first formula, we see that  $g(k + 2) = \frac{4}{3} g(k+1) - \frac{1}{3} g(k) = \frac{4}{3}(2 - \frac{2}{3^k}) - \frac{1}{3}(2 - \frac{2}{3^{k+1}}) = \frac{8}{3} - \frac{8}{3^{k+1}} - \frac{2}{3}+ \frac{2}{3^{k + 2}} = 2 - \frac{2}{3^{k + 2}}$ which is what we needed to prove.   ",1,2,2,1,2,2,2,Seth,sp22
494,495,Exam 1,learningStudy/WrittenInduction_Recurrence_v3,"Let g be an natural number. Suppose that g(0) = 0, g(1) = 1, g(n) is given above.
I have no idea.",0,0,0,0,0,0,0,Seth,sp22
495,496,Exam 1,learningStudy/WrittenInduction_Recurrence_v3,Since g(n) is defined from n >= 2 as well as the inclusion of integer values at n = 0 and n = 1 we know that g(n) is defined for any natural number n. I have no clue where to go from here.,0,0,0,0,0,0,0,Seth,sp22
496,497,Exam 1,learningStudy/WrittenInduction_Recurrence_v3,"Lets say n is a natural number such that n >= 2; 
Let g be a function such that g(0) = 0; g(1) = 4/3; and g(n) = 4/3g(n-1) - 1/3g(n-2);
By computing the smallest n possible i.e. when n = 2;
g(2) = (4/3)(4/3) + 0 = 16/(3^2) = (18 - 2)/(3^2) = 2 - (2/(3^2));
similarly, we find that when n = 3; g(n) = 2 - (2/(3^3));
similarly, we find that when n = 4; g(n) = 2 - (2/(3^4));
Thus, we can write it in a general form as g(n) = 2 - (2/(3^n)).
=",1,2,0,0,0,0,0,Seth,sp22
497,498,Exam 6,learningStudy/WrittenInduction_Recurrence_v3,"Predicate: P(n): 4*g(n-1)/3 - g(n-2)/3 = 2 - 2/3^n

Base Cases:<br>
n=0: 2-2/3^0 = 2-2 = 0
n=1: 2-2/3^1 = 4/3

Hypothesis: P(n) is valid for 0, 1, ..., k-1

Inductive step:
g(k) = 4*g(k-1)/3 - g(k-2)/3. Substituting in for g(k-1) and g(k-2), we get 4*(2-2/3^(k-1))/3 - (2-2/3^(n-2))/3. Using some basic algebra, this exapnds to (8-2)/3 - 8/3^k + 2/3^(k-1). Simplifying, we get 2 - 2/3^k which is what we needed to show.",2,2,2,2,2,2,2,Seth,sp22
498,499,Exam 1,learningStudy/WrittenInduction_Recurrence_v3,"to prove : g(n) = 2 -2/3^n for any natural number n

for n = 1

g(1) = 4/3
g(1) = 2 - 2/3 = 4/3
holds true 

Lets assume for some natural number k
g(k) = 2 - 2/3^k = 4g(k-1)/3 - g(k-2)/3

We need to prove g(k+1) = 2 - 2/3^(k+1)

g(k+1) = 4g(k)/3 - g(k-1)/3 = ((2- 2/3^k)*4 - g(k-1))/3 
",1,2,2,1,2,2,2,Seth,sp22
499,500,Exam 1,learningStudy/WrittenInduction_Recurrence_v3,"Let g: N -> R. There are three cases. When n = 0, 1, or n >= 2.

Case 1: n = 0. The given says that g(0) = 0. based off the given g(n) equation that we are trying to prove (2 - 2/3^n), when you plug in 0, you get 2 - 2/1 = 2-2 = 0.

Case 2: n = 1. The given says that g(1) = 4/3. Plugging in 1 to the g(n) given equation, g(1) = 2 - 2/3^1 = 2 - 2/3 = 4/3.

Case 3: n >= 2. Using the first given g(n) equation and the second g(n) equation, when the first equation references g, use the second to substitute, so:

g(n) = 4/3 g(n-1) becomes 4/3 (2 - 2/3^(n-1)). Following this,

g(n) = (4/3)(2 - 2/3^(n-1)) - (1/3)(2-2/3^(n-2)) = (8/3) - 8/3^n - 2/3 - 2/3^(n-1) = 2 - 8/3^n - 2/3^(n-1) = 2 - 8/3^n - 6/3^n = 2 - 2/3^n.

In all 3 cases, the equation g(n) = 2 - 2/3^n follows the pattern because when plugging in the given variables, the results are equal.",2,2,0,0,2,2,2,Seth,sp22
500,501,Exam 6,learningStudy/WrittenInduction_Recurrence_v3,"We can say that P(n) = 2 - 2/(3^n).

We can start by proving the base cases:

P(0) = 2 - 2/(3^0) = 2 - 2/1 = 2 - 2 = 0.

P(1) = 2 - 2/(3^1) = 2 - 2/3 = 4/3.

Now proving the general case:

P(n) = (4/3)(2 - 2/(3^(n-1))) - (1/3)(2 - 2/(3^(n-2))) = (4/3)(2 - 6/(3^n)) - (1/3)(2 - 18/(3^n)) = (8/3) - (24/(3 * 3^n)) - (2/3) + (18/(3 * 3^n)) = (8/3) - (8/3^n) - (2/3) + (6/3^n) = (6/3) - (2/3^n) = 2 - (2/3^n).

As seen, it is proven that g(n) = 2 - (2/3^n).",2,2,0,0,2,2,2,Seth,sp22
501,502,Exam 6,learningStudy/WrittenInduction_Recurrence_v3,"To prove for 0....k+1 natural numbers, we must use induction. 

g(0) = 2 - 2/1 = 0 This works

2-2(3^k + 1) will slowly pan out to a number very close to two. 

4/3(g(k) - 1/3g(k - 1) for n >= 2 so k >= 2 which in turn shows that it works for all natural numbers since 0 and 1 were also proven to work.",1,2,0,0,0,0,0,Seth,sp22
502,503,Exam 6,learningStudy/WrittenInduction_Recurrence_v3,"Base Case: g(2) = 4/3(g(1)) - 1/3(g(0)) = 16 / 3.
Solving the base case the other way, we will also get 16/3. 
I still do not know how to solve the iterative case. ",2,2,0,0,0,0,0,Seth,sp22
503,504,Exam 1,learningStudy/WrittenInduction_Recurrence_v3,not sure how to use induction. ,0,0,0,0,0,0,0,Seth,sp22
504,505,Exam 1,learningStudy/WrittenInduction_Recurrence_v3,"Proof: By induction on n

Base: Assume that for any natural number $n$, $g(n)=2-\frac{2}{3^n}$. We must show that $g(n+1)=2-\frac{2}{3^{n+1}}$.

So $g(n+1)=\frac{4}{3}g(n)-\frac{1}{3}g(n-1)$ $=\frac{4}{3}(2-\frac{2}{3^n})-\frac{1}{3}(2-\frac{2}{3^{n-1}})$ $=\frac{8}{3}-\frac{4}{3}*\frac{2}{3^n}-\frac{2}{3}+\frac{2}{3^n}$ $=\frac{8}{3}-\frac{8}{3^{n+1}}-\frac{2}{3}+\frac{2}{3^n}$ $=2-\frac{8}{3^{n+1}}+\frac{2}{3^n}$ $=2-\frac{8}{3^{n+1}}+\frac{6}{3^{n+1}}$ $=2-\frac{2}{3^{n+1}}$.

Therefore, $g(n+1)=2-\frac{2}{3^{n+1}}$ which is what we needed to show.",0,0,2,1,2,2,2,Seth,sp22
505,506,Exam 6,learningStudy/WrittenInduction_Recurrence_v3,"Let g be a function where g(0) =0, g(1)=4/3

Base cases: For n=0, g(0) = $2-\frac{2}{3^0}$ = 2-2 = 0
For n=1, g(1) = $2-\frac{2}{3^1}$ = $\frac63-\frac23$ = $\frac43$
For n=2,

Inductive step

",2,2,0,0,0,0,0,Seth,sp22
506,507,Exam 6,learningStudy/WrittenInduction_Recurrence_v3,"Prove n by induction  
Base cases: $n=0$ $g(0) = 2-\frac{2}{3^0}= 2-2 =0$ which matches the given $g(0) = 0$.  
$n=1$, $g(1) = 2-\frac{2}{3^1}= \frac{4}{3}$, which matches the given $g(1) = \frac{4}{3}$  
$n=2$ , $g(2) = 2 - \frac{2}{3^2} = \frac{16}{9}$ which matches the given $g(2) = \frac{4}{3}g(2-1)-\frac{1}{3}g(2-2)=  \frac{16}{9}$  
Inductivite hyopthesis: Suppose $g(n) = 2 - \frac{2}{3^n}$ holds for $n = 1,2,3,...k$  
Inductive claim: for $n=k+1$, $g(k+1) = 2-\frac{2}{3^{k+1}}$  
$g(k+1) = \frac{4}{3} g(k+1-1)- \frac{1}{3}g(k+1-2)$, $g(k+1)= \frac{4}{3}g(k) -\frac{1}{3}g(k-1)$  
Which is what we needed to show.",2,2,2,2,2,0,0,Seth,sp22
507,508,Exam 1,learningStudy/WrittenInduction_Recurrence_v3,g(n) = 2 - 2/3^n for any natural number n.,0,0,0,0,0,0,0,Seth,sp22
508,509,Exam 6,learningStudy/WrittenInduction_Recurrence_v3,"Proof by induction on n. 
Induction predicate: g(n) = 2 - 2/3^n for any natural number n.
Base case: n = 0, g(0) = 2 - 2/3^0 = 2 - 2 = 0.
n = 1, g(1) = 2 - 2/3^1 = 2 - 2/3 = 4/3.
Induction hypothesis: g(n) = 2 - 2/3^n for any natural number n.
Assume that the Induction hypothesis is true for natural number k. Then,  g(k) = 2 - 2/3^k. We may also assume that the Induction Hypothesis is true for k-1. Then, g(k-1) = 2 - 2/3^(k-1).
Then, g(k+1) = 4/3*g(k) - 1/3*g(k-1) = 4/3*(2 - 2/3^k) - 1/3*(2 - 2/3^(k-1))
= 8/3 - 8/3^(k+1) - 2/3 + 2/3^k
= 8/3 - 2/3 - 8/3^(k+1) + 2/3^k
= 2 - 8/3^(k+1) + 6/3^(k+1)
= 2 - 2/3^(k+1)
QED.",2,2,2,1,2,2,2,Seth,sp22
509,510,Exam 1,learningStudy/WrittenInduction_Recurrence_v3,none,0,0,0,0,0,0,0,Seth,sp22
510,511,Exam 6,learningStudy/WrittenInduction_Recurrence_v3,"base cases: 

g(0)=0

g(1)=4/3

Induction Hypothesis...

g(n-1)=2-2/(3^(n-1))",0,0,0,0,0,0,0,Seth,sp22
511,512,Exam 6,learningStudy/WrittenInduction_Recurrence_v3,"Proof: by induction on n.

Inductive predicate: g(n+1) = 2 - 2/(3^(n+1))

Base cases: g(0) = 0. 2 - 2/(3^0) = 2 - 2 = 0, which is equal to g(0). g(1) = 4/3. 2 - 2/(3^1) = 2 - 2/3 = 4/3, which equals g(1).

Inductive hypothesis: Suppose g(k) = 2 - 2/(3^k) for all k = 0,1,...n

Inductive step: g(k+1) = (4/3)g(k) - (1/3)g(k-1) = (4/3)(2 - 2/(3^k)) - (1/3)(2 - 2/(3^(k-1)))

= (8/3) - 8/(3^(k+1)) - (2/3) + (2/(3^k)) = (6/3) - 8/(3^(k+1)) + 6/(3^(k+1)) = 2 - 2/(3^(k+1)), which is what we needed to show.",2,2,2,2,1,2,2,Seth,sp22
512,513,Exam 6,learningStudy/WrittenInduction_Recurrence_v3,"It seems right, but I do not know how to prove that, sorry.",0,0,0,0,0,0,0,Seth,sp22
513,514,Exam 6,learningStudy/WrittenInduction_Recurrence_v3,"Prove by induction of n.

Induction condition: the n is natural number and g(0) = 0 and g(1) = 4/3.

Induction step: we know g(0) = 0 and g(1) = 4/3, and the follow up expression above, we need to show that this apply for n.

Since the at the situation of g(n) shown above, we could simplify the expression by make the n term smaller and smaller all the way to the base case. So it could be proved and that what we need to show.",0,0,0,0,0,0,0,Seth,sp22
514,515,Exam 1,learningStudy/WrittenInduction_Recurrence_v3,"Let n be 1 for the base case. 

g(n) = 2 - (2/3^n) 

-> g(n) = 2-(2/3)

-> g(n) = 4/3

This works as intended. 

Now for the (n+1) case. I am lost after this. ",1,1,0,0,0,0,0,Seth,sp22
515,516,Exam 6,learningStudy/WrittenInduction_Recurrence_v3,"We are trying to prove that g(n) = 2 - 2/3^n. We can start with base cases. Plugging in 2 to g(n) = 4/3g(n-1) - 1/3g(n-2), we find that --> 4/3(4/3) - 1/3(0) = 16/9. We can plug in to to 2-2/3^n as well, which turns out to be 18/9 - 2/9 = 16/9. This checks out for n values greater than or equal to 2, proving that g(n) = 2 - 2/3^n for values greater than or equal to 2. Now we must test this with 0 and 1, the remaining natural numbers. When n = 1,  6/3 - 2/3 = 4/3. We were provided that g(1) = 4/3, which proves that g(n) = 2 - 2/3^n when x = 1. Finally, when x = 0, 2 - 2 = 0. Hence, with all of this information, we can prove that g(n) = 2 - 2/3^n for any natural number n, and since we know that natural numbers are only positive, we can use these three base cases to prove that this is true.",1,2,0,0,0,0,0,Seth,sp22
516,517,Exam 6,learningStudy/WrittenInduction_Recurrence_v3,"Prove by induction on n.
Base case: for n = 2, $g(2)=\frac{4}{3}(\frac{4}{3})-0=\frac{16}{9}=2-\frac{2}{3^2}=$ The claim is true for n = 2.
Inductive hypothesis: Suppose the claim is true for n = 0, 1, 2, ..., k.
Inductive step: We need to prove that $g(k+1)=\frac{4}{3}g(k)-\frac{1}{3}g(k-1)=2-\frac{2}{3^{k+1}}$ By induction hypothesis, $g(k)=2-\frac{2}{3^{k}}$ and $g(k-1)=2-\frac{2}{3^{k-1}}$. Subsitute them to the equaltion, $g(k+1)=\frac{4}{3}g(k)-\frac{1}{3}g(k-1)$, we can get that $g(k+1)=2-\frac{2}{3^{k+1}}$ Therefore, the claim is true for k+1. By induction, the claim is true for all natural nunber n.",1,2,2,2,2,2,2,Seth,sp22
517,518,Exam 1,learningStudy/WrittenInduction_Recurrence_v3,"$P_{n}:$ For any natural number $n$, $g(n) = 2 - \frac{2}{3^{n}}.$

When $n=0$, $g(0) = 0 = 2-2 = 2 - \frac{2}{3^{0}}$, so $P_{0}$ is true.

When $n=1$, $g(1) = \frac{4}{3} = 2-\frac{2}{3} = 2 - \frac{2}{3^{1}}$, so $P_{1}$ is true.

1) when $n=2:$ 

$LHS = g(2) = \frac{4}{3}g(2-1) - \frac{1}{3}g(2-2) = \frac{4}{3}g(1) - \frac{1}{3}g(0) = \frac{4}{3} \times \frac{4}{3} - \frac{1}{3} \times 0 = \frac{16}{9}$

$RHS = 2 - \frac{2}{3^{2}} = \frac{16}{9} = LHS$

$\therefore P_{2}$ is true. 

2) When $n=k$ $(k \in N, k >= 2):$

Suppose $ P_{k}$ is true, that is

$g(k) = \frac{4}{3}g(k-1) - \frac{1}{3}g(k-2) = 2 - \frac{2}{3^{k}}.$

3) When $n=k+1:$

$LHS = g(k+1)$ 

$ = \frac{4}{3}g(k+1-1) - \frac{1}{3}g(k+1-2)$

$ = \frac{4}{3}g(k) - \frac{1}{3}g(k-1)$ 

$ = \frac{4}{3} ( \frac{4}{3}g(k-1) - \frac{1}{3}g(k-2) ) - \frac{1}{3} g(k-1)$

$ = \frac{16}{9}g(k-1) - \frac{3}{9} g(k-1) - \frac{4}{9} g(k-2)$

$ = \frac{4}{3}g(k) - \frac{3}{9} g(k-1)$

$RHS = 2 - \frac{2}{3^{k+1}} = \frac{4}{3} (2 - \frac{2}{3^{k}}) - \frac{3}{9} (2 - \frac{2}{3^{k-1}}) = LHS$

$\therefore P_{k}$ is true. 

Since $P_{1}$ is true, and $P_{k+1}$ is true whenever $P_{k}$ is true, for all natural number $n$, $P_{n}$ is true, that is for any natural number $n$, $g(n) = 2 - \frac{2}{3^{n}}.$",2,2,2,1,2,2,0,Seth,sp22
518,519,Exam 1,learningStudy/WrittenInduction_Recurrence_v3,"Let g be a function sich that it input takes natural numbers and outputs those of real numbers for the following three cases.

1. g(0) = 0 

2. g(1) = 4/3

3. (gn) = 4/3g(n-1) - 1/3g(n-2) for n >= 2.

As you can see in the third case, the function is recursive, calling it self for smaller and smaller values until the last condition renders false.

Suppose the base case where g(2), then the output would be 16/9 9a rational number)

Notice that for n>= 2 all outputs belong to the set of Rational numbers

Going back to the base case example, 

16/9 = 18/9 - 2/9 = 2 - 2/ 3^n

Therefore 

g(n) = 2 - 2/(3^n)
Q.E.D",1,2,0,0,0,0,0,Seth,sp22
519,520,Exam 6,learningStudy/WrittenInduction_Recurrence_v3,"1. For n = 2 (Since the least value n can take is 2 to prevent mathematical error);

LHS = g(2) = 4/3 (g(1)) - 1/3 (g(0)) = (4/3 * 4/3) - (1/3*0) = 16/9

RHS = 2 - (2/3^2) = 2 - (2/9) = 16/9 = LHS

assume 1. to be true for all values of n = m

g(m) = 2 - (2/3^m)

g(m) = 4/3 (g(m - 1)) - 1/3 (g(m - 2))

for n = m + 1

RHS = 2 - (2/3^(m+1))

LHS = g(m + 1) = 4/3 (g(m + 1 - 1)) - 1/3 (g(m + 1 - 2)) = 4/3 (g(m)) - 1/3 (g(m - 1))

from the assumption, we can simplify 4/3 (g(m)) - 1/3 (g(m - 1)) and write it as 4/3 * (2 - (2/3^m)) - 1/3 * (2 - 2 / 3^(m-1)) = 8/3 - 8/3^(m+1) - 2/3 + 2/3^m = 6/3 - 2/3^(m+1) = 2 - 2/3^(m + 1) = RHS

Therefore, by the Principle of Mathematical Induction, the given claim is true for all natural numbers n.
",1,2,1,1,2,2,2,Seth,sp22
520,521,Exam 6,learningStudy/WrittenInduction_Recurrence_v3,"Base case: g(2) = 4/3g(1) - 1/3g(0) = 16/9

Let n = k:

Let n = k + 1.

By the proof of mathematical induction g(n) = 2 - 2/3^n.

I can't remember how to do this.",1,1,0,0,0,0,0,Seth,sp22
521,522,Exam 1,learningStudy/WrittenInduction_Recurrence_v3,"I don't know what proof by induction is.

g(n) is a recursive equation with base case when g(n-1) = g(1) and g(n-2) = 0 since these values are given.",0,0,0,0,0,0,0,Seth,sp22
522,523,Exam 1,learningStudy/WrittenInduction_Recurrence_v3,"What is induction?

Let n be any natural number. ",0,0,0,0,0,0,0,Seth,sp22
523,524,Exam 6,learningStudy/WrittenInduction_Recurrence_v3,"g(0) = 2 - 2/3^0 = 2 - 2/1 - 2 - 2 = 0

g(1) = 2 - 2/3^1 = 2 - 2/3 = 4/3

g(n) = (1/3)g [ 4n - 4 - n + 2 ]

g(n) = (1/3)g [3n-2]

g(n) = g(n - 2/3)",2,2,0,0,0,0,0,Seth,sp22
524,525,Exam 1,learningStudy/WrittenInduction_Recurrence_v3,"Proof: since g(n) = 4/3 g(n-1) - 1/3 g(n-2),so g(n) - g(n-1) = 1/3 g(n-1) - 1/3 g(n-2)

so g(n) - g(n-1) = 1/3 (g(n-1) - g(n-2)).

So g(n) - g(n-1) = (1/(3^n)) (g(1)-g(0))=4/(3^(n+1))

 ",0,0,0,0,0,0,0,Seth,sp22
525,526,Exam 6,learningStudy/WrittenInduction_Recurrence_v3,"We will use proof by induction on n.

Base cases: $P(0)$: $g(0) = 0 = 2 - \frac{2}{3^n} = 2 - \frac{2}{1} = 0$. Thus, $P(0)$ holds.

$P(1): g(1) = \frac{4}{3} = 2 - \frac{2}{3^n} = 2 - \frac{2}{3} = \frac{4}{3}$. Thus, $P(1)$ holds.

Inductive hypothesis: $P(n)$ holds for $n=0,1,2,...,k$.

Inductive step: We need to show that $P(k+1)$ holds: $g(k+1) = 2 - \frac{2}{3^{k+1}}$ given the definition of $g$ above.

$g(k+1) = \frac{4}{3}g(k) - \frac{1}{3}g(k-1).$ We assume $g(k) = 2 - \frac{2}{3^k}$ and $g(k-1) = 2 - \frac{2}{3^{k-1}}$ to get

$g(k+1) = \frac{4}{3} (2 - \frac{2}{3^k}) - \frac{1}{3}(2 - \frac{2}{3^{k-1}}) = \frac{8}{3} - \frac{8}{3^{k+1}} - \frac{2}{3} + \frac{2}{3^k} = \frac{6}{3}+\frac{6}{3^{k+1}}-\frac{8}{3^{k+1}} = 2 - \frac{2}{3^{k+1}}.$ Thus, $P(k+1)$ holds, so the claim is true by induction.",2,2,2,2,2,2,2,Seth,sp22
526,527,Exam 6,learningStudy/WrittenInduction_Recurrence_v3,"Proof:

Induction: $g(n) =$",0,0,0,0,0,0,0,Seth,sp22
527,528,Exam 6,learningStudy/WrittenInduction_Recurrence_v3,"**Proof**

We got three cases:
1. $g(0) = 2 - \frac{2}{3^0} = 0$
2. $g(1) = 2 - \frac{2}{3^1} = \frac{4}{3}$
3. $g(2) = 2 - \frac{2}{3^2} = \frac{16}{9}$

So, Then we got $g(n) = 2 - \frac{2}{3^n}$, which we need to prove.",2,2,0,0,0,0,0,Seth,sp22
528,529,Exam 6,learningStudy/WrittenInduction_Recurrence_v3,"Proof by induction of n. Inductive Hypothesis: g(0)=0. Base Case: g(1) = 4/3. Inductive Step: g(2) = 4g/3(2-1) - g/3(2-2) = 4/3g(1) = 16/9. Since g(2) = 2 - 2/3^2 = 16/9. this is what we needed to prove, so proof by induction is complete.",1,1,0,0,0,0,0,Seth,sp22
529,530,Exam 1,learningStudy/WrittenInduction_Recurrence_v3,"g(n) = (4/3)g(n-1) - (1/3)g(n-2)

g(n) = (4/3)gn - (4/3)g - (1/3)gn + (2/3)g

g(n) = (1/3)g(4n - 4 - n + 2)

g(n) = (1/3)g(3n - 2)

g(n) = ng - (2/3)g",0,0,0,0,0,0,0,Seth,sp22
530,531,Exam 1,learningStudy/WrittenInduction_Recurrence_v3,I do not know how to do this.,0,0,0,0,0,0,0,Seth,sp22
531,532,Exam 1,learningStudy/WrittenInduction_Recurrence_v3,"When n equals to 0 or 1, g(n) = 2 - $\frac{2}{3^n}$.
We suppose that this equation is right when n equals to 2, ..., k, so we get g(k) = 2 - $\frac{2}{3^k}$. Then we need to prove g(k + 1) = 2 - $\frac{2}{3 *3 ^ k}$ is still right when n equals to k + 1.

From the question, we have following equations.

g(k) = 2 - $\frac{2}{3^k}$

g(k - 1) = 2 - $\frac{6}{3^k}$

g(k) = $\frac{4}{3}$g(k - 1) - $\frac{1}{3}$g(k - 2)

g(k + 1) = $\frac{4}{3}$g(k) - $\frac{1}{3}$g(k - 1)

Therefore, g(k + 1) = $\frac{4}{3}$(2 - $\frac{2}{3^k}$) - $\frac{1}{3}$(2 - $\frac{6}{3^k}$) = 2 - $\frac{2}{3 *3 ^ k}$, QED.",2,1,2,2,2,2,2,Seth,sp22
532,533,Exam 6,learningStudy/WrittenInduction_Recurrence_v3,"To begin we can declare that n is a natural number

We know that g(0) is equal to 0

If we plug in 2 for g(n) we get (4/3)(4/3) - (1/3 * 0) = 16/9

Now if we plug into the second equation we can see g(2) = 2 - 2(3^2) = 16/9

QED.",1,2,0,0,0,0,0,Seth,sp22
533,534,Exam 6,learningStudy/WrittenInduction_Recurrence_v3,"Let's prove by induction.

We need to prove the base case. Suppose n is a natural number

g(2) = 4/3g(1) - 1/3g(0))

So g(2) = 4/3*4/3 - 1/3*0 - 16/9

and g(2) = 2-2/3^2 = 2-2/9 = 16/9

So the base case holds true.

Let there be a natural number k where g(k+1) = 4/3g(k) - 1/3*g(k-1)

g(k+1) = 1/3 (4g(k) - g(k-1))

Not sure where to go from here
",1,2,2,1,0,0,0,Seth,sp22
534,535,Exam 1,learningStudy/WrittenInduction_Recurrence_v3,Unable to prove from induction,0,0,0,0,0,0,0,Seth,sp22
535,536,Exam 1,learningStudy/WrittenInduction_Recurrence_v3,"4/3 * g(n-1) - 1/2 * g(n-2) = 1/3 * ( 4g(n-1) - g(n-2))

Because g(n) is a recursive call until n = 2, the 1/3 will be multiplied by itself n number of times, which can be written as 1/(3^n). g(n-1) will be called n-1 number of times, meaning 4 will be multiplied by g(n-1) for (n-1) number of times. 

g(n-2) calls will get to n = 0 or n = 1 twice as fast as g(n-1). g(n-1) calls will eventually call g(n-2) for the same n, so g(n-2) gets called twice as many times as g(n-1). g(1) will be called n-1 number of times. 

Using this information, we can say g(n) = 2 -2/(3^n)
",0,0,0,0,0,0,0,Seth,sp22
536,537,Exam 6,learningStudy/WrittenInduction_Recurrence_v3,"First, we must prove the base case: that the claim is true for n = 2. If n = 2, the left hand side = 16/9, while the right hand side = 2 - 2/9 = 16/9. The left hand side equals the right hand side, so the claim is true for the base case.

Next, we must prove the inductive case: that the claim is true for n = k + 1. If n = k + 1, the left hand side equals 4/3 g(k) - 1/3 g(k - 1), which equals 8/3 - 8/(3^(k+1)). The right hand side = 2 - 2/3^(k+1). We have proven that the left hand side is equal to the right hand side, and so the overall claim must be true.",1,2,0,0,2,2,1,Seth,sp22
537,538,Exam 1,learningStudy/WrittenInduction_Recurrence_v3,"For $n \ge 2$, $g(n) = \frac{4}{3} g(n-1) - \frac{1}{3} g(n-2)$, where $g(0) = 0$ and $g(1) = \frac{4}{3}$

$g(2) = \frac{4}{3} g(1) - \frac{1}{3} g(0) 
= \frac{4}{3}(\frac{4}{3}) - \frac{1}{3}(0) 
= \frac{4^2}{3^2} - 0
= \frac{16}{9}$

$g(3) = \frac{4}{3} g(2) - \frac{1}{3} g(1) 
= \frac{4}{3}(\frac{4^2}{3^2}) - \frac{1}{3}(\frac{4}{3}) 
= \frac{4^3}{3^3} - \frac{4}{3^2}
= \frac{48}{27}$

$g(4) = \frac{4}{3} g(3) - \frac{1}{3} g(2)
= \frac{4}{3}(\frac{48}{3^3}) - \frac{1}{3}(\frac{16}{9})
= \frac{}{}$

I don't know where I am going with this",0,0,0,0,0,0,0,Seth,sp22
538,539,Exam 1,learningStudy/WrittenInduction_Recurrence_v3,"Let x be some natural number, and suppose that g(0) = 0 and g(1) = 4/3.

Suppose x = 3, so we need to find g(3),

g(3) = (4/3)*(g(2)) - (1/3)*(g(1)),

g(2) = (4/3)*(g(1)) - (1/3)*(g(0)), 

g(1) = 4/3 and g(0) = 0, from the given,

So, g(2) = 16/9 and g(3) = (64/27) - (4/9) = 52/27.

g(2) = 2 - 2/(3^2) = 2 - 2/9 = 16/9 and

g(3) = 2 - 2/(3^3) = 2 - 2/27 = 52/27, 

Since the two values are the same, it can be concluded that the recursive method is equivalent to g(n) = 2 - 2/(3^n).",1,2,0,0,0,0,0,Seth,sp22
539,540,Exam 1,learningStudy/WrittenInduction_Recurrence_v3,"**Solution:**

Base cases: g(0) = 0 and g(1) = 4/3

Inductive step: Don't know how to do this.",2,0,0,0,0,0,0,Seth,sp22
540,541,Exam 1,learningStudy/WrittenInduction_Recurrence_v3,"This question is actually pretty hard to solve and I got the constant wrong at first time. Could we get more extra point for this exam. Please:):):)
we could add up from g(1) to g(n) 
then we could get g(n) = 4/3g(n-1) + 4/3
then we could change its form to g(n) + m = 1/3(g(n-1)+m);
this will be g(n)-2 = 1/3(g(n-1)-2);
we ccould assume that G(n) = g(n)-2
and we could get G(n) = G(1)*1/3^(n-1);
then G(n) = -2*(1/3)^n
g(n) = 2 - 2/((2/3)^n);",0,0,0,0,0,0,0,Seth,sp22
541,542,Exam 6,learningStudy/WrittenInduction_Recurrence_v3,"plugging in 2 into the third given equation, we see that : (4/3)(g(1)) - (1/3)(g(0)) = (16/9) - 0 = 16/9

plugging in 0, 1, and 2 into the equation we need to show, we see that :

when n = 0, 2 - 2/(3^0) = 0; when n = 1, 2 - 2/(3^1) = 4/3; when n = 2, 2 - 2/(3^2) = 18/9 - 2/9 = 16/9

since these values align with their given values, we can assume that :

for any natural number n, g(n) = 2 - 2/(3^n), which is what we needed to show",1,2,0,0,0,0,0,Seth,sp22
542,543,Exam 6,learningStudy/WrittenInduction_Recurrence_v3,"Claim: g(n) = 2 - 2/(3^n)

Base case: We are given g(0) = 0 and g(1) = 4/3. Our base case for this equation would be n = 2, as that is the smallest value of n for this parametrized function. 4/3(g(1)) - 1/3*g(0) = 16/9 - 0 = 16/9. Similarly, 2 - 2/9 = 16/9, so the base case holds true for 2.

We need to prove that this given equation works for all n, so we can plug in all values from 2, 3, 4,... k - 1, where k is substituted in for n. 

Since this equation works for 2, based on the fact it continues to work for every case up until k - 1 (as we increment n, the value of the g(n)'s are always equivalent, we can conclude that the equations are equivalent.

For further evidence, let's look at g(3).

4/3*16/9 - 1/3*4/3 = 64/27 - 4/9 = 52/27 2 - 2/27 = 54/27 - 2/27 = 52/27. We can continuously increment the value of n for this to always hold true, and if this equation works for the lowest and highest bounds, based on induction, we can conclude that this formulation also works for all the values in between.

Therefore we can conclude that g(n) = 2 - 2/3^n, which is wat we were trying to prove.",1,2,0,0,0,0,0,Seth,sp22
543,544,Exam 6,learningStudy/WrittenInduction_Recurrence_v3,"We will prove the claim using induction on n. Base case: n = 2; g(2) = 16/9 and the second stament eqauls 16/9. Therefore, base case holds. I am not sure how to proceed for the induction step. ",1,2,0,0,0,0,0,Seth,sp22
544,545,Exam 6,learningStudy/WrittenInduction_Recurrence_v3,"Again, I do not know how to prove this.",0,0,0,0,0,0,0,Seth,sp22
545,546,Exam 6,learningStudy/WrittenInduction_Recurrence_v3,"Base case: Let $n = 0$. Then $g(n) = 2 - \frac{2}{1} = 0$ which is equivalent to the definition of $g(n)$. Hence the base case holds.

Induction step: We need to show that $g(n + 1) = 2-\frac{2}{3^{n + 1}}$.

Induction case: From definition of $g(n)$, $g(n + 1) = \frac{4}{3}g(n - 1)-\frac{1}{3}g(n - 2)$. 

Right hand side of equation equals $\frac{4}{3}(2-\frac{2}{3^{n}})-\frac{1}{3}(2-\frac{2}{3^{n - 1}}) = 2 - \frac{8}{3^{n + 1}} + \frac{2}{3^{n}} = 2 - \frac{2}{3^{n + 1}}$, which is what we needed to show.",1,2,0,0,2,2,2,Seth,sp22
546,547,Exam 1,learningStudy/WrittenInduction_Recurrence_v3,"I will prove the claim that ""g(n) = 2-(2/(3^n)) for any natual number n.""  Let n be a natural number.  g(0) = 0.  g(1) = 4/3.  g(2) = (4/3)^2 = 16/9, g(3) = (4/3)^3-4/9 = 64/27 - 4/9.  g(4) = (4/3)^4-16/27-16/27 = 256/81-32/27.  Looking at these, and using induction, we can see that there's a pattern.  Every g(n) = 2/(2/(3^n)).  QED.",2,1,0,0,0,0,0,Seth,sp22
547,548,Exam 6,learningStudy/WrittenInduction_Recurrence_v3,"Proof by induction of n.  
Inductive reference: g(n) = 4/3g(n-1) - 1/3g(n-2), for n >= 2  
Base case: let n = 2  
g(2) = 4/3g(1)-1/3g(0) = 4/3(4/3) = 16/9  
g(2) = 2-2/3^2 = 2-(4/9) = 16/9  
Base case checks out  
Induction hypothesis: g(k) = 2 - 2/3^(k)  
k = n-1  
g(n) = 4/3g(k) - 1/3g(k - 1)  
g(n) = 4/3(2 - 2/3^k) - 1/3(2 - 2/3^(k-1))  
g(n) = 2 - 8/9^(n-1) + 2/9^(k-1)  
g(n) = 2 - 2/3^n  
Q.E.D.",1,2,2,1,2,2,2,Seth,sp22
548,549,Exam 1,learningStudy/WrittenInduction_Recurrence_v3,"Let n be a natural number. Suppose that g(0)=0, g(1)=(4/3), and g(n)= (4/3)g(n-l) - (1/3)g(n-2), for n >= 2. 

Then g(2)= (4/3)g(1) - (1/3)g(0) = (4/3)(4/3) - (1/3)(0) = (16/9). 

...

Thus, g(n) = 2 - (2/(3^n)).",1,1,0,0,0,0,0,Seth,sp22
549,550,Exam 6,learningStudy/WrittenInduction_Recurrence_v3,"When n is equal to 0, 1, and 2, the equation is right. So we can assume that when n is equal to 0, 1, 2, ..., K, the equation is right, and then we are going to prove the equation is also right when n is equal to k+1 (i.e. g(k+1) = 2 - $\frac{2}{3^k * 3}$).

When n = k + 1, g(k + 1) = $\frac{4}{3}$g(k) - $\frac{1}{3}$g(k - 1). Since g(k) = 2 - $\frac{2}{3^k}$ and g(k-1) = 2 - $\frac{6}{3^k}$, we can get g(k + 1) = $\frac{4}{3}$(2 - $\frac{2}{3^k}$) - $\frac{1}{3}$(2 - $\frac{6}{3^k}$) = 2 - $\frac{2}{3^k * 3}$, QED.
",2,1,2,2,2,2,2,Seth,sp22
550,551,Exam 6,learningStudy/WrittenInduction_Recurrence_v3,"Proof by Induction: </br>
Base Cases n = 0, n = 1, and n = 2: </br>
$g(0) = 2 - \frac{2}{3^0} = 2 - 2 = 0$. So the base case for 0 is true. </br>
$g(1) = 2 - \frac{2}{3^1} = \frac{4}{3}$. So the base case for 1 is true. </br>
$g(2) = 2 - \frac{2}{3^2} = \frac{16}{9}$. $g(2) = \frac{4}{3}g(1) - \frac{1}{3}g(0) = \frac{4}{3}*\frac{4}{3} = \frac{16}{9}$ </br> So the base case for g(2) is true as well. </br>
Inductive Hypothesis: $g(n) = 2 - \frac{2}{3^n}$ for n = 0, 1, 2, 3, ... k is true. </br>
Inductive Step: We need to show that $g(n) = 2 - \frac{2}{3^{k+1}}$ for $k \geq 1$ </br>
$g(k+1) = \frac{4}{3}g(k+1-1) - \frac{1}{3}g(k+1 - 2) = \frac{4}{3}g(k) - \frac{1}{3} g(k-1)$ </br>
$= \frac{4}{3}(2 - \frac{2}{3^k}) - \frac{1}{3}(2 - \frac{2}{3^{k-1}}) = \frac{8}{3} - \frac{8}{3^{k+1}} - \frac{2}{3} + \frac{2}{3^k} = 2 - \frac{8}{3^{k+1}} + \frac{6}{3^{k+1}} = 2 - \frac{2}{3^{k+1}}$, which is what we needed to show. </br>
So, $g(n) = 2 - \frac{2}{3^n}$ for any natural number n is true.",2,2,2,2,2,2,2,Seth,sp22
551,552,Exam 1,learningStudy/WrittenInduction_Recurrence_v3,"Suppose n = 2. Then the function $g(n)$ would equal $(4/3)(4/3) - 0$ = $16/9$. Now suppose n = 3. Then the function $g(n)$ would equal $52/27$, and so on. Then, the sequence could be expressed as $(2*3^n - 2)/3^n$. Since $(2*3^n - 2)/3^n$ is equivalent to $2 - 2/3^n$, the claim is true.",1,1,0,0,0,0,0,Seth,sp22
552,553,Exam 6,learningStudy/WrittenInduction_Recurrence_v3,"Prove the base cases to be true for $g(n) = 2 - \frac{2}{3^{n}}$, which are g(0) and g(1). 

Then given assuming that $g(n) = 2 - \frac{2}{3^{n}}$ is true for all natural numbers up to n-1, we substitute the shorter g(n) into the longer g(n). After doing lots of math and simplification, we should arrive back at the shorter g(n). Thus, the statement will then be proven by induction.

",2,1,2,2,2,0,0,Seth,sp22
553,554,Exam 1,learningStudy/WrittenInduction_Recurrence_v3,"What is induction?????

When n = 0, g(0) = 0, 2 - $\frac{2}{3^0}$ = 0.

When n = 1, g(1) = $\frac{4}{3}$, 2 - $\frac{2}{3^1}$ = $\frac{4}{3}$

When n = 2, g(2) = $\frac{4}{3}$ $\times$ $\frac{4}{3}$ = $\frac{16}{9}$ = 2 - $\frac{2}{3^2}$

When n = 3, g(3) = $\frac{4}{3}$ $\times$ $\frac{16}{9}$ - $\frac{1}{3}$ $\times$ $\frac{4}{3}$ = $\frac{4^3}{3^3}$ - $\frac{4^1}{3^2}$

When n = 4, g(4) = $\frac{4^4}{3^4}$ - $\frac{4^2}{3^3}$",2,2,0,0,0,0,0,Seth,sp22
554,555,Exam 6,learningStudy/WrittenInduction_Recurrence_v3,"Given that g(0) = 0, g(1) = 4/3, and g(n) = 4g(n-1)/3 - g(n-2)/3 for natural number n >= 2.

Let us plug in n for its smallest possible value: 2, since we already know the values to solve this evaluation. When we do so, we can evaluate g(n) to 16/9 - 0 = (4/3)^2. 16/9 is equivalent to 2 - 2/9. 

Whenever we have a natural number n that is greater than 2, the g(n) expression recurses for both parts of the equation. Ultimately, we keep adding 4/3 for n-3 times the equation recurses for + 16/9 (for both parts of the equation). 
So, ultimately, when we generalise this equation, we get 2 - 2/3^n, which is what we needed to show. 

",1,2,0,0,0,0,0,Seth,sp22
555,556,Exam 6,learningStudy/WrittenInduction_Recurrence_v3,"We will prove the statement above using induction on n.

Base: Let $n=0$, then $g(0)=2-\frac{2}{3^0}=0$. Let $n=1$, then $g(1)=2-\frac{2}{3^1}=\frac{4}{3}$. Therefore, we showed that all the base cases are true for $g(n)=2-\frac{2}{3^n}$.

Induction: Suppose $g(n)=2-\frac{2}{3^n}$ is true for $n=0,1,...k$. We need to show that $g(k+1)=2-\frac{2}{3^{k+1}}$. From the definition above $g(k+1)=\frac{4}{3}g(k)-\frac{1}{3}g(k-1)=\frac{4}{3}(2-\frac{2}{3^k})-\frac{1}{3}(2-\frac{2}{3^{k-1}})$

$=\frac{8}{3}-\frac{8}{3^{k+1}}-\frac{2}{3}+\frac{2}{3^k}=2-\frac{8}{3^{{k+1}}}+\frac{6}{3^{k+1}}$

$=2-\frac{2}{3^{k+1}}$

Therefore, $g(k+1)=2-\frac{2}{3^{k+1}}$ which is what we needed to show.",2,2,2,2,2,2,2,Seth,sp22
556,557,Exam 6,learningStudy/WrittenInduction_Recurrence_v3,"Proof by induction on n

Induction predicate:

$P(n): g(n) = 2-\frac{2}{3^n}$

Base case:

Let n be 2, then $g(2) = \frac{4}{3}g(1)-\frac{1}{3}g(0)=\frac{4}{3}\frac{4}{3}-\frac{1}{3}0=\frac{16}{9}=\frac{18}{9}-\frac{2}{9}=2-\frac{2}{3^n}$

Induction hypothesis: 

Since we proved that when n = 1, the statement is true, then $P(n): g(n) = 2-\frac{2}{3^n}$ for natural numbers 1, 2, 3, ...., k - 1, k.

Induction on k+1:

$P(k+1): g(k+1) = 2-\frac{2}{3^{k+1}}$

$g(k+1) = \frac{4}{3}g(k)-\frac{1}{3}g(k-1)$. We know that $g(k) = 2-\frac{2}{3^{k}}$ and $g(k-1) = 2-\frac{2}{3^{k-1}}$by the induction hypothesis. So, $g(k+1) = \frac{4}{3}(2-\frac{2}{3^{k}})-\frac{1}{3}(2-\frac{2}{3^{k-1}}) = \frac{8}{3}-\frac{8}{3^{k+1}}-\frac{2}{3}+\frac{6}{3^{k+1}} = \frac{6}{3}-\frac{2}{3^{k+1}} =2-\frac{2}{3^{k+1}} $ 

Since we have proved that $g(k+1) = 2-\frac{2}{3^{k+1}}$, then $g(n) = 2-\frac{2}{3^n}$ for all natural number n
",1,2,2,2,2,2,2,Seth,sp22
557,558,Exam 6,learningStudy/WrittenInduction_Recurrence_v3,"No prove the base set that n = 0, we have

g(0) = 2 - $\frac{2}{3^0} = 2 - 2 = 0 = g(0)$
g(1) = 2 - $\frac{2}{3} = \frac{4}{3}$

Thus, the relation hold true for the base condition. Now assume that this relation works for n = 0, 1,2...k, and now we want to prove that g(k+1) = $2-\frac{2}{3^{k+1}}$

By definition, we have that:

g(k+1) = $\frac{4}{3}g(k) -\frac{1}{3}g(k-1)$

and since we have assume that the realtion hold true for k and k-1, thus, we have

g(k+1) = $\frac{8}{3} - \frac{4}{3} * \frac{2}{3^{k}} - \frac{2}{3} + \frac{1}{3} *\frac{2}{3^{k-1}}$

combine the terms we have

$g(k+1) = 2 - \frac{8}{3^{k+1}} + \frac{2}{3^k} = 2 - \frac{8 - 6}{3^{k+1}} = 2 - \frac{2}{3^{k+1}}$

which is what we want to prove.

Thus the statement is true. QED.",2,2,2,2,2,2,2,Seth,sp22
558,559,Exam 6,learningStudy/WrittenInduction_Recurrence_v3,"Proof: Let $n$ be a natural number. We will prove this claim by induction on $n$.

Base: For $n=0$, $g(0)=0=2-\frac{2}{3^0}$.

Induction: Suppose $g(n)=2-\frac{2}{3^n}$ for $n=0,1,...,k$ where $k\geq1$. We must show that $g(k+1)=2-\frac{2}{3^{k+1}}$.

By our induction hypothesis, $g(k+1)=\frac{4}{3}g(k)-\frac{1}{3}g(k-1)=\frac{4}{3}(2-\frac{2}{3^k})-\frac{1}{3}(2-\frac{2}{3^{k-1}})=2-\frac{8}{3*3^k}+\frac{2}{3*3^{k-1}}$ $=2-\frac{8}{3*3^k}+\frac{6}{3*3^k}=2-\frac{2}{3^{k+1}}$. This is what we needed to show.",1,2,2,2,2,2,2,Seth,sp22
559,560,Exam 6,learningStudy/WrittenInduction_Recurrence_v3,"hypothesis os , we need to prove that g(k) = 4/3 g(k-1) - 1/3 h(k-2).

base case of this problem is when k = 0, then g(0) = 0 = 2-2/1 = 0

",1,2,0,0,0,0,0,Seth,sp22
560,561,Exam 6,learningStudy/WrittenInduction_Recurrence_v3,g(n) = $\frac{2(3^n) - 2}{3^n}$ = $\frac{2(3^n-1)}{3^n}$,0,0,0,0,0,0,0,Seth,sp22
561,562,Exam 6,learningStudy/WrittenInduction_Recurrence_v3,"Proof: We want to show that function g(n) = 2 - 2/3^n will work for any natural number. We will prove by induction on n. 

Let's determine whether the functions are true for n = 1 and 0.
Let's do this by comparing the values of g(n) = 4/3 * g(n-1) - 1/3 g(n-2) and g(n) = 2 - 2/3^n. 

Consider these situations:

g(0) = 2 - 2/3^0 
g(0) = 2 - 2
g(0) = 0

This matches the given information of g(0) = 0. So the function is true for n = 0. 

g(1) = 2 - 2/3^1 
g(1) = 2 - 2/3
g(1) = 6/3 - 2/3 
g(1) = 4/3 

This matches the given information of g(1) = 4/3. So the function is true for n = 1. 

Induction: Let's suppose that g(n) = 4/3 * g(n-1) - 1/3 g(n-2) is true for all values n = 0 , 1, 2, ..., k - 1. We will have to show that g(k) is true. 

Plugging in k into g(n) results in g(k) = 4/3 * g((k + 1) - 1) - 1/3 g((k - 2) + 2)

Simplying g(k) results in g(k) = 4/3 * g(k) - 1/3 g(k).

Let's plug in g(n) = 2 - 2/3^n in terms of k. 

This results in g(k) = 4/3 * (2 - 2/3^k) - 1/3 * (2 - 2/3^k)

Simplify: 8/3 - 8/(3 * 3^k) - 2/3 - 2/(3 * 3^k)
g(k) = 6/3 - 6/(3 * 3^k) 
g(k) = 2 - 2/3^k

By induction, g(n) = 2 - 2/3^n for any natural number n. 


",2,2,2,2,2,1,2,Seth,sp22
562,563,Exam 1,learningStudy/WrittenInduction_Recurrence_v3,"g(n)=2-$\frac{2}{3^n}$

Unable to prove - don't know induction proofs.",0,0,0,0,0,0,0,Seth,sp22
563,564,Exam 6,learningStudy/WrittenInduction_Recurrence_v3,"Proof by induction.

Induction Predict: g(n) = 2-2/3^n

Base case: g(0) = 2-2/3^0 = 2-2 = 0 g(1) = 2/2/3^1 = 2-2/3 = 4/3

Induction Suppose: g(k) = 2-2/3^k, where k is a natural number.

Induction by part: g(k+1) = 4/3g(k) - 1/3g(k-1), where k+1 is a natural number.

So g(k+1) = 4/3*(2-2/3^(k)) - 1/3*(2-2/3^(k-1)) = 8/3 - 8/3^(k+1) - 2/3 + 2/3^k = 2 + (-8+6)/3^(k+1) = 2- 2/3^(k+1).

So we can say that g(n) = 2-2/3^n, where n is a natural number. ",2,2,2,1,2,2,2,Seth,sp22
564,565,Exam 6,learningStudy/WrittenInduction_Recurrence_v3,"Proof by induction on $n$.

Base case: $n=0$. Then $g(0)=0=2-2=0$.

Base case: $n=1$. Then $g(1)=\frac{4}{3}=2-\frac{2}{3}=\frac{4}{3}$.

Inductive predicate: Let $k=0,1,2,...,n$. Suppose $g(k)=2-\frac{2}{3^k}$.

Inductive step: $g(k+1)=2-\frac{2}{3^{k+1}}=\frac{4}{3}g(k)-\frac{1}{3}g(k-2)=\frac{4}{3}(2-\frac{2}{3^k})-\frac{1}{3}(2-\frac{2}{3^{k-1}})$

$=\frac{8}{3}-\frac{8}{3^{k+1}}-\frac{2}{3}+\frac{6}{3^{k+1}}=2-\frac{2}{3^{k+1}}$.

Thus proof by induction.",2,2,2,2,2,2,2,Seth,sp22
565,566,Exam 6,learningStudy/WrittenInduction_Recurrence_v3,"Induction hypothesis: g(n) = 2 - (2/(3^n))

Base case: g(0) = 0
        g(1) = 4/3
        g(n) = 2-2/(3^n)
        works for base cases


Indction case: LEt n = 1, 2, 3... (k-1), (k-2)
Now plug in k for n 2- 2/(3^k) = 4/3 g(n-1) - 1/3g(n-2)",2,1,1,2,2,2,0,Seth,sp22
566,567,Exam 1,learningStudy/WrittenInduction_Recurrence_v3,"g(n) = 1/3(4g(n-1) - g(n-2)

g(n) = 1/3(3gn - 2g)

g(n) = gn - 2/3g
",0,0,0,0,0,0,0,Seth,sp22
567,568,Exam 6,learningStudy/WrittenInduction_Recurrence_v3,"This is a proof by induction. 
We are given that has only natural number inputs, and real number outputs. We are also given that g(0) = 0, and g(1) = 4/3, and that, if n >= 2, g(n) = (4/3)g(n-1) - (1/3)g(n-2).  
Base Case: Let's take the base case of n = 0. Since g(0) = 0, and g(0) = 2 - (2/1) = 0, the base case holds. Let's take the base case of n = 1. Since g(1) = 4/3, and g(1) = 2 - (2/3) = 4/3, the base case holds.
Let's look at (4/3)g(n-1) - (1/3)g(n-2) = 2 - 2/(3^n) = g(n). We will start with simplifying the lefthand side by substitution, so that it reads (4/3)(2 - 2/(3^(n-1))) - (1/3)(2 - 2/(3^(n-2))). Using distribution propperties, the following results [(8/3) - (8/(3^n))] - [(2/3) - (2/(3^(n-1)))]. This further reduces to 2 - 2/(3^n), thus g(n) = (4/3)g(n-1) - (1/3)g(n-2) = 2 - 2/(3^n). This is what we needed to show.
",2,2,0,0,2,2,2,Seth,sp22
568,569,Exam 1,learningStudy/WrittenInduction_Recurrence_v3,"Base case:

$g(2) = \frac{4}{3}*g(1)-\frac{1}{3}*g(0) = 16/9-0=2-2/9 = 2-\frac{2}{3^2}$

So the base case holds. Now for the inductive step:

Assuming 
$g(n-1) = 2-\frac{2}{3^{n-1}}$

$g(n-2) = 2-\frac{2}{3^{n-2}}$

$g(n)= \frac{4}{3}g(n-1)-\frac{1}{3}g(n-2) = \frac{4}{3}(2-\frac{2}{3^{n-1}})-\frac{1}{3}(2-\frac{2}{3^{n-2}}) = 2*\frac{3}{3}-\frac{8}{3^n}+\frac{6}{3^n} = 2-\frac{2}{3^n}$

which completes our inductive step",1,2,2,2,2,2,2,Seth,sp22
569,570,Exam 6,learningStudy/WrittenInduction_Recurrence_v3,"Proof by induction on n.
Base Cases: For n = 0, g(0) = 0 = 2 - 2/(3^0) = 0 which holds. For n = 1, g(1) = 4/3 = 2 - 2/(3^1) = 4/3 which holds.
Induction Hypothesis: Lets say that there is an equation g(n) = 2 - 2/(3^n) such that it works for n = 0,...,k-1.
Induction Step: We need to prove that g(k-1) = 2 - 2(3^(k-1)) holds for the the original functions of g.",2,2,2,2,1,0,0,Seth,sp22
570,571,Exam 1,learningStudy/WrittenInduction_Recurrence_v3,"We can see that this is true based on the case n = 2, when n = 2, g(2) evaluates to 16/9. And when we plug in 2 to g(n) = 2 - 2/3^n, we also see that it evaluates to 16/9. Based on these results, we can assume that for all cases g(n), 4/3g(n-1) - 1/3(n - 2) is the same as 2 - 2 / 3^n.",1,2,0,0,0,0,0,Seth,sp22
571,572,Exam 6,learningStudy/WrittenInduction_Recurrence_v3,"Proving for case $n=2$: LHS $=\frac{4}{3}g(1)-\frac{1}{3}g(0)=\frac{16}{9}$; RHS $=2-\frac{2}{9}=\frac{16}{9}=$ LHS. 

Assumed: $g(m)=2-\frac{2}{3^m}$

Substituting $n=m+1$:

LHS $=g(m+1)=\frac{4}{3}g(m)-\frac{1}{3}g(m-1)=\frac{4}{3}(2-\frac{2}{3^m})-\frac{1}{3}(2-\frac{2}{3^{m-1}})=\frac{8}{3}-\frac{8}{3^{m+1}}-\frac{2}{3}+\frac{2}{3^m}=2-\frac{2}{3^{m+1}}=$ RHS.

Hence proved by P.M.I.",1,2,2,1,2,2,2,Seth,sp22
572,573,Exam 6,learningStudy/WrittenInduction_Recurrence_v3,"Let x be a member of the natural numbers.

When x is 0 the the function g is 0, which can also be seen with the function written as g(n) = 2 - $\frac{2}{3^n}$. Let x be an arbiturary natural number k + 1. If we were to plug in k + 1 into the function g we would get 

$\frac{4}{3}(g(k+1-1)) -\frac{1}{3} g(k+1-2)$

=$\frac{4}{3}(g(k)) -\frac{1}{3} g(k-1)$

=$\frac{4g(k) - g(k-1)}{3}$

if we were to plug k+1 in to g(n) = 2 - $\frac{2}{3^n}$ we would get
g(n) = 2 - $\frac{2}{3^{k+1}}$ which is the same as what we have solved for previously.



Through induction we proved that g(n) = 2 - $\frac{2}{3^n}$  for any natural number n, which was what we were trying to show.",0,0,0,0,2,0,0,Seth,sp22
573,574,Exam 6,learningStudy/WrittenInduction_Recurrence_v3,"We will prove this claim by induction.

---
Yeah, that stuff didn't stick. The matching made it too easy to breeze through the proofs by just sort of memorizing the structure.",0,0,0,0,0,0,0,Seth,sp22
574,575,Exam 1,learningStudy/WrittenInduction_Recurrence_v3,"Base Case: n = 2

then g(n)
= 4/3(2 - 2/6) - 1/3(2 - 2/6 - 2)

...

",1,0,0,0,0,0,0,Seth,sp22
575,576,Exam 6,learningStudy/WrittenInduction_Recurrence_v3,"we will prove g(n) = 2 - 2/3^n by induction

base cases: g(0) = 0 = 2-2 = 2-2/3^0 which is what we need
g(1) = 4/3 = 2- 2/3 = 2- 2/3^1 which is what we need

inductive hypothesis: g(n) = 2-2/3^n holds true for all natural numbers n until k-1
g(k) = 4/3g(k-1) - 1/3g(k-2)

g(k-1) = 2 -2/3^(k-1)

g(k-2) = 2 - 2/3^(k-2)

g(k) = 4/3(2 - 2/3^(k-1)) - 1/3(2 - 2/3^(k-2)) = 2 - 8/3^k + 2/3^(k-1) = 2 - 8/3^k + 6/3^k = 2-2/3^k which is what we needed to prove.",2,2,2,2,2,2,2,Seth,sp22
576,577,Exam 1,learningStudy/WrittenInduction_Recurrence_v3,"I haven't learned how to write an induction proof. Therefore, I cannot solve the given problem.",0,0,0,0,0,0,0,Seth,sp22
577,578,Exam 1,learningStudy/WrittenInduction_Recurrence_v3,I have not learned induction.,0,0,0,0,0,0,0,Seth,sp22
578,579,Exam 6,learningStudy/WrittenInduction_Recurrence_v3,"Solve for P by induction.
P: for all n, where n is a natural number, 4/3(g(n-1))-1/3(g(n-2))=2-2/(3^n), for n>= 2.
The base case is n = 2. If we solve for the left side, we get 4/3(4/3)-0, which equals 16/9. If we solve for the right side, we get 2-2/9, which equals 16/9, so the statement holds true for the base case.
Let's assume this holds true for 2,3,...,k.
To prove this statement, the statement must hold true for k+1.
Under this framework, the left side says 4/3(g(k))-1/3(g(k-1)).
By the inductive step, we know that g(k) = 2-2/(3^k) and g(k-1) = 2-2/(3^(k-1)).
Therefore, the left side is 4/3(2-2/(3^k))-1/3(2-2/(3^(k-1)), which ends up equaling 2-2/(3^(k+1)), and the right side equals 2-2/(3^(k+1)) because we are just substituting k+1 in for n.
Therefore, both sides are equal, the statement holds true for k+1, and so the statement is true. QED.",1,2,2,2,2,2,2,Seth,sp22
579,580,Exam 1,learningStudy/WrittenInduction_Recurrence_v3,"Let n be a natural number. If we let n = 0, we know that g(0) = 0; if we plug n into the equation, we get g(0) = 2 - (2/(3^0)) = 2 - 2/1 = 0. Since the equation holds true for an arbitrary value of n, the claim is true.",1,2,0,0,0,0,0,Seth,sp22
580,581,Exam 1,learningStudy/WrittenInduction_Recurrence_v3,"If we have natural number n, ",0,0,0,0,0,0,0,Seth,sp22
581,582,Exam 6,learningStudy/WrittenInduction_Recurrence_v3,"Let's start by proving n = 1, the base case, works for this expression.

g(1) = 2 - 2/3 = 4/3.

The expression works for numbers 1 to k-1. We must prove it works for k now.

Using the recursive definiton, g(k) = 4/3(2-2/(3^k-1) - 1/3(2-2/(3^k-2)

This can be simplifed to 8/3 - 8/(3^k-1) - 2/3 + 2/(3^k-1)

Which can be simplified to 6/3 - 6/3^k-1 or 2 - 2/3^k

Since we proved that it works for k, we have proved the formula to be correct using induction.",1,2,1,2,2,2,2,Seth,sp22
582,583,Exam 1,learningStudy/WrittenInduction_Recurrence_v3,"Let g be a function that inputs a natural number n, and returns a specific value based on the value. In this scenario, suppose that there are 3 cases. 

Case 1: suppose than n = 0. suppose that, also, g(0) = 0. If two was added to both sides of this equation the result would be equivalent to g(0) = 0 and g(0) + 2 = 2. Then, if (2/(3^0)) was subtracted from both sides, we could get that g(0) + 2 - (2/(3^0)) = 2 - (2/(3^0)). Simplified, that is that g(0) = 2 - (2/(3^0)) Since n = 0, we see that (2/(3^0)) equals (2/(3^n)). So, since g(n) = 2 - 2/(3^n) when n equals true, we know the above claim is true when n = 0. 

Case 2: suppose that n = 1. Suppose that, also g(1) = 4/3. If we were to add 2 to both sides of g(1) then we would get g(1) + 2 = 10/3. If we were to subtract (2/3) from both sides we would get that g(1) + 2 - (2/3) = (8/3). Simplyfying this statement comes out to g(1) = 4/3. Since these two statements are equal to each other, we see that g(1) = 2 - (2/3^1). So, when n = 1, g(n) = 2 - 2/(3^n), making the above claim true when n = 1. 

Case 3: suppose that n is a natural number grater than or equal to 2. Suppose also that g(n) = (4/3)g(n-1) -(1/3)g(n-2) for any n greater than or equal to 2. So g(n) when n >= 2 is (4g/3)(n-1) -(g/3(n-1), or g(n) = 3gn - 2g. Since n - 1 could be any natural greater than or equal to 1, the value of g(N-1) is either 4/3, or 4g/3(n-1)-g/3(n-2).  ",2,2,0,0,0,0,0,Seth,sp22
583,584,Exam 1,learningStudy/WrittenInduction_Recurrence_v3,"Suppose that g is a natural number/
Let g(0) = 0, g(1) = 4/3, and g(n) = 4/3*g(n-1) - 1/3*g(n-2) when n is greater than or equal to two.
Substituting g(n-1) and g(n-2) in g(s) for when n = 2, g(2) = 4/3*g(1) - 1/3*g(0) = (4/3)*(4/3) - 0 = (4/3)^2 = 2 * (2/3)^2).
Since g(0) = 0, we also know that given g(n) when n = 0, g(0) = 2 - (2/ (3^0) = 2-2 = 0.
Since we know g(1) = 4/3, we also know that given g(n) when n = 1, g(1) = 2 - (2 / (3^1)) = 2 - 2/4 - 4/3
Additinally, g(2) = (4/3)^2 = (2 * (2/3))^2 = 2 - (2 / (3^2)).
So, by induction, g(n) = 2 - (2/ (3^n))
",2,2,0,0,0,0,0,Seth,sp22
584,585,Exam 1,learningStudy/WrittenInduction_Recurrence_v3,I don't know induction,0,0,0,0,0,0,0,Seth,sp22
585,586,Exam 6,learningStudy/WrittenInduction_Recurrence_v3,"Proof by induction:

- Inductive formular: $P(n): \forall n\in N, g(n)=2-\frac{2}{3^n}$. 

- Base: For $n=0$, $g(0) = 0$. Since $2-\frac{2}{3^0} = 0$, $P(0)$ is true. For $n=1$, $g(1) = \frac{4}{3}$. Since $2-\frac{2}{3^1} = \frac{4}{3}$, $P(1)$ is true.r 

- Indcutive hypothesis: Suppose that $P(n)$ is ture for $n = 0, 1, ..., k-1$. We want to prove that $P(k)$ is true.

- By definition of $g(n)$, $g(k) = \frac{4}{3}g(k-1)-\frac{1}{3}g(k-2)$.

- With inductive hypothesis, we get $g(k) = \frac{4}{3}(2-\frac{2}{3^{k-1}})-\frac{1}{3}(2-\frac{2}{3^{k-2}})$.

- The formula is same as $\frac{8}{3}-\frac{8}{3^k}-\frac{2}{3}+\frac{2}{3^{k-1}} = 2-(\frac{8}{3^k}-\frac{6}{3^k})=2-\frac{2}{3^k}$.

- Hence, we conclude that $g(k)=2-\frac{2}{3^k}$. This implies that $P(k)$ is true. $QED$.",2,2,2,2,2,2,2,Seth,sp22
586,587,Exam 6,learningStudy/WrittenInduction_Recurrence_v3,"First, we can substitute 2 for n in the g(n) equation since n must be greater than or equal to 2. Doing so, we get that g(n) = 4/3*4/3 - 0. Therefore, we get 16/9 as the value for n=2, and we know that any number greater than 2 must follow the same rules. Consequently, if we plug in 0 into 2 - (2/3^n), we get 16/9 as well and for g(1) we get 4/3 and for g(0) we get 0. Therefore we know that for the values of 0, 1, and all values greater than 2, the equation is satisfactory. Therefore it is satsifactory for all natural numbers n.",2,2,0,0,0,0,0,Seth,sp22
587,588,Exam 6,learningStudy/WrittenInduction_Recurrence_v3,"Base case: n = 2

g(n) = 4/3 x 4/3 - 1/3 x 0 = 16/9

So 16/9 = 2 - 2/9

16/9 = 16/9

Inductive hypothesis:

g(k+1) = 2 - 2/3^k+1

Inductive case:

(4/3)g(k) - (1/3)g(k-1) = 2 - 2/3^k+1

4/3 x 16/9 - 1/3 x 4/3 = 2 - 2/3^(k+1)

52/27 = 2 - 2/3^(k+1)

48/7 = -2/3^(k+1)

log base 3 (7/72) = k


",1,2,2,1,1,2,0,Seth,sp22
588,589,Exam 1,learningStudy/WrittenInduction_Recurrence_v3,"Given g is in the set of all natural integers and is therefore in the set of all real numbers, and that
g(0) = 0. g(1) = 4/3, and g(n) = 4/3g(n-1) -1/3g(n-2) for any natural number n 



Therefore g(n) = 2 - 2/(3)^n",0,0,0,0,0,0,0,Seth,sp22
589,590,Exam 6,learningStudy/WrittenInduction_Recurrence_v3,"Base case: g(0) = 2 - 2/3^0 = 2-2 = 0. g(1) = 2 - 2/3 = 4/3.
Then we suppose g(n) = 2-2/3^n for n = 0,1,...,n. Consider n+1, we should have g(n+1) = 2-2/3^(n+1). Starting from left, g(n+1) = 4/3*g(n)-1/3*g(n-1) = 4/3*(2-2/3^(n)) - 1/3*(2-2/3^(n-1)) = 2-2/3^(n+1) after calculation, which is what we needed to prove.",2,2,2,2,2,2,2,Seth,sp22
590,591,Exam 1,learningStudy/WrittenInduction_Recurrence_v3,"Again, I don't know proof by induction.

$$g(3) = \frac{4}{3}(\frac{4}{3})-\frac{1}{3}(0)$$
$$g(3) = \frac{4}{3}(\frac{4}{3}(g(n-2)-\frac{1}{3}(g(n-3))-\frac{1}{3}(g(n-2))$$
$$g(3) = \frac{16}{9}g(n-2)-\frac{4}{9}g(n-3)-\frac{1}{3}(g(n-2))$$

I'm not sure if this is going to work, I see the 3^-n coming out but I don't know where to go and how to get the 2.",0,0,0,0,0,0,0,Seth,sp22
591,592,Exam 1,learningStudy/WrittenInduction_Recurrence_v3,"Let n be any natural number for which n >= 2. If g(n) = (4/3)(g(n-1)) - (1/3)(g(n-2)), then for any value of n that is >= 2, g(n) can be simplified to also equal 2 - (2/3^3). QED",0,0,0,0,0,0,0,Seth,sp22
592,593,Exam 1,learningStudy/WrittenInduction_Recurrence_v3,"Given natural number n, suppose n=2, then g(n) = 4/3*4/3 - 1/3*0 = 16/9. This is equivalent to g(n) = 2 - 2/3^n. Therefore, g(n) = 2 - 2/3^n for any natural number n. ",1,2,0,0,0,0,0,Seth,sp22
593,594,Exam 1,learningStudy/WrittenInduction_Recurrence_v3,I do not know how to solve,0,0,0,0,0,0,0,Seth,sp22
594,595,Exam 6,learningStudy/WrittenInduction_Recurrence_v3,"Proposition $P_n : \forall n \in \mathbb{N}, g(n) = 2-\frac{2}{3^n}$. 

To prove this proposition, we will first prove a base case, and then use the hypothesis of mathematical induction to prove the whole proposition. 

Base case:  When $n=0$, $g(0) = 2-\frac{2}{1} = 0$. When $n=1$, $g(1) = 2-\frac{2}{3} = \frac{4}{3}$. When $n=2$, $g(2) = \frac{4}{3} g(2-1)-\frac{1}{3} g(2-2) = \frac{4}{3} g(1)-\frac{1}{3} g(0) = \frac{4}{3} \times \frac{4}{3} - 0 = \frac{16}{9} = 2-\frac{2}{3^2}$. Therefore, $P_0, P_1, P_2$ are true.

Proof using the hypothesis of mathematical induction: 

Suppose $P_k$ is true for some $k \in \mathbb{N}$. If we can prove that $P_{k+1}$ is true for all true $P_k$, then we can prove that $P_n$ is true for all $n \in \mathbb{N}$ based on the base case. 

$g(k+1) = \frac{4}{3} g(k) - \frac{1}{3} g(k-1) = \frac{4}{3} (\frac{4}{3} g(k-1) - \frac{1}{3} g(k-2)) - \frac{1}{3} g(k-1)$

$= \frac{4}{3} (\frac{4}{3} (\frac{4}{3} g(k-2) - \frac{1}{3} g(k-3)) - \frac{1}{3} g(k-2)) - \frac{1}{3} g(k-1)$

$= (\frac{2}{3})^{k-1} g(2) +$",2,2,2,1,2,2,0,Seth,sp22
595,596,Exam 6,learningStudy/WrittenInduction_Recurrence_v3,"Inductive predicate: $g(n) = 2 - \frac{2}{3^n}$ for any natural number n

Base Cases: For n = 0, $g(0) = 2 - \frac{2}{3^0}$ = 0. This matches the definition given for g(0)

For n = 1, $g(1) = 2 - \frac{2}{3^1}$ = $\frac{4}{3}$, which matches the definition given for g(1)

Inductive hypothesis: Assume $g(n) = 2 - \frac{2}{3^n}$ is true for all n = 0, 1, .... k

Inductive Step: Prove $g(k + 1) = 2 - \frac{2}{3^(k + 1)}$ is true

$g(k) = \frac{4}{3}g(k - 1) - \frac{1}{3}g(k-2)$ = $2 - \frac{2}{3^n}$, plugging in k + 1 and rewriting the equation, we get $g(k + 1) = 2 - \frac{2}{3^(k + 1)}$

Which is what we needed to prove.",2,2,2,2,2,2,0,Seth,sp22
596,597,Exam 6,learningStudy/WrittenInduction_Recurrence_v3,"Claim: g(n)=$\frac{4}{3}$g(n-1)-$\frac{1}{3}$g(n-2), for n>=2.

Series: The given claim holds true for all n=1,2,3,4.....n.

Inductive hypothesis: g(n)=$2-\frac{2}{3^n}$ for all n=1,2,3,4....n.

Inductive step: The given claim is also true for (n+1). So, g(n+1)= $2-\frac{2}{3^{n+1}}$.

Proof:

Suppose g(n+1).

g(n+1)=$\frac{4}{3}$g(n)-$\frac{1}{3}$g(n-1) 

By the inductive hypothesis, g(n)=$2-\frac{2}{3^n}$. Susbstituting this value in the equation, we get g(n+1)=$\frac{4}{3}(2-\frac{2}{3^n}) - \frac{1}{3}(2-\frac{2}{3^{n-1}})$ = $\frac{8}{3} - \frac{8}{3^{n+1}} -\frac{2}{3} +\frac{2}{3^n}$ = $\frac{6}{3} - \frac{2}{3^{n+1}}$ = $2-\frac{2}{3^{n+1}}$.

Hence, g(n)=$2-\frac{2}{3^n}$ holds for all natural numbers.",0,0,2,2,2,2,2,Seth,sp22
597,598,Exam 6,learningStudy/WrittenInduction_Recurrence_v3,"Proof by induction on n:

The inductive predicate is that g(n) = 2 - $\frac{2}{3^n}$ for any natural number n where n is $\geq$ 2. The base case includes that when n = 0, g(0) = 2 - $\frac{2}{3^0}$ = 2 - $\frac{2}{1}$ = 2 - 2 = 0 is, by definition, g(0). Then, when n = 1, g(1) = 2 - $\frac{2}{3^1}$ = 2 - $\frac{2}{3}$ = $\frac{4}{3}$ which is, by definition, g(1). The inductive hypothesis is that g(n) = 2 - $\frac{2}{3^n}$ for 2, 3, 4, ..., k where k $\geq$ 2. The inductive step is, using the definition for g(n), g(k) = $\frac{4}{3}$g(k - 1) - $\frac{1}{3}$g(k - 2). Then g(k) = $\frac{4}{3}$g(k-1) - $\frac{1}{3}$g(k - 2) = $\frac{4}{3}$(2 - $\frac{2}{3^{k-1}}$) - $\frac{1}{3}$(2 - $\frac{2}{3^{k-2}}$) = $\frac{8}{3}$ - $\frac{8}{3*3^{k-1}}$ - $\frac{2}{3}$ + $\frac{2}{3*3^{k-2}}$ = 2 - $\frac{8}{3^1*3^{k-1}}$ + $\frac{2}{3^1*3^{k-2}}$ = 2 - $\frac{8}{3^k}$ + $\frac{2}{3^{k-1}}$ = 2 - $\frac{8}{3^k}$ + $\frac{2}{3^k * 3^{-1}}$ = 2 - $\frac{8}{3^k}$ + $\frac{2}{3^k * \frac{1}{3}}$ = 2 - $\frac{8}{3^k}$ + 3*$\frac{2}{3^k}$ = 2 - $\frac{8}{3^k}$ + $\frac{6}{3^k}$ = 2 - $\frac{2}{3^k}$ which is what we needed to show.",2,2,2,1,2,2,2,Seth,sp22
598,599,Exam 6,learningStudy/WrittenInduction_Recurrence_v3,"Base Case: g(n) = 2 - 2 / 3^n
Predicate Case: if we prove g(n) is true for g(n + 1), then we can prove that g(n) = 2 - 2 / 3 ^ n by induction
g(n + 1) = 4/3g(n) - 1/3g(n - 1)
Therefore, g(n) = 2 - 2/ 3^n",0,0,1,1,0,1,0,Seth,sp22
599,600,Exam 6,learningStudy/WrittenInduction_Recurrence_v3,"Base Case: g(2) = 2 - 2/3 = 16/9

Assume that g(k) = 2 -2/3^k and g(k + 1) = 2 - 2/3^(k+1)

Then, g(k+2) = 2 - 2/(3^k) + 2 - 2/3^(k+1) + 4/3g(k+1) -1/3g(k)

= 4 - 2/3k -2/3(k+1) + 4/3(2 - 2/3^(k+1)) - 1/3(2-2/3^(k+1))

= 2 - 2/(3^(k+2))

which is what we need to prove by induction so the claim is true.
",1,1,2,2,2,2,2,Seth,sp22
600,601,Exam 1,learningStudy/WrittenInduction_Recurrence_v3,No idea for this question,0,0,0,0,0,0,0,Seth,sp22
601,602,Exam 6,learningStudy/WrittenInduction_Recurrence_v3,"WE will prove the statement by induction n.  
Inductive hypothesis: Let n by any natural number and g(n) = 2- 2/3^n  
Inductive predicate: Let n = 0, g(n) = 0, let n = 1, g(n) = 4/3  
Inductive steps: So, g(3) = 4/3(4/3) - 1/3(0) = 16/9  
g(3) = 2 - 2/3^2 = 16/9  
This is what we needed to prove.",0,1,0,0,0,0,0,Seth,sp22
602,603,Exam 1,learningStudy/WrittenInduction_Recurrence_v3,"Proof:
g(n) = 2 - (2/(3^n))            
4/3gn - 4/3g - 1/3gn+2/3g           
gn-2/3g
g(n-2/3)
g(n) = 2 - 2/3^n",0,0,0,0,0,0,0,Seth,sp22
603,604,Exam 6,learningStudy/WrittenInduction_Recurrence_v3,I don't know how to do proof by induction yet so am unsure where to start.,0,0,0,0,0,0,0,Seth,sp22
604,605,Exam 6,learningStudy/WrittenInduction_Recurrence_v3,"We will prove by induction on $n$.

Inductive predicate: $P(n): g(n) = 2-\frac{2}{3^n}$ for $n\geq2$.

Base case: For $n=0$, $0 = 2 - \frac{2}{3^0} = 2-2 = 0$, so the inductive predicate holds.

For $n=1$, $\frac{4}{3} = 2-\frac{2}{3^1} = 2 - \frac{2}{3} = \frac{4}{3}$, so the inductive predicate holds.

Our final base case will be $n=2$. Thus, we must show that $g(2) = \frac{4}{3}g(2-1) - \frac{1}{3}g(2-2) = 2 - \frac{2}{3^2}$. 

Starting with the left side, we simplify to $\frac{4}{3}g(1) - \frac{1}{3}g(0)$. We then substitute in and get $\frac{4}{3}(\frac{4}{3}) - \frac{1}{3}(0)$. This simplifies to $\frac{16}{9}$, which can be written as $2 - \frac{2}{9}$. This is equivalent to the right side, so the inductive predicate holds for $n=2$.

Inductive Hypothesis: Assume that the inductive predicate holds for $n=2,3,4,...,k$, with $k$ being some arbitrary natural number $n\geq2$. Thus, we must show that $g(k+1) = 2-\frac{2}{3^{k+1}}$.

Inductive Step: We are proving that $g(k+1) = 2-\frac{2}{3^{k+1}}$.

Starting with the left side, $g(k+1) = \frac{4}{3}g(k+1-1) - \frac{1}{3}g(k+1-2) = \frac{4}{3}g(k) - \frac{1}{3}g(k-1)$. We know $g(k)$ and $g(k-1)$ due to the inductive hypothesis, so we can substitute in, which leaves us with: $\frac{4}{3}(2-\frac{2}{3^k}) - \frac{1}{3}(2-\frac{2}{3^{k-1}})$.

Distributing, we get $\frac{8}{3} - \frac{8}{3^{k+1}} - \frac{2}{3} + \frac{2}{3^k}$. 

Simplifying, we get $\frac{6}{3} - \frac{8}{3^{k+1}} + \frac{6}{3^{k+1}}$.

Simplifying further, we are left with $2-\frac{2}{3^{k+1}}$, which is what we needed to prove. ",2,2,2,2,2,2,2,Seth,sp22
605,606,Exam 1,learningStudy/WrittenInduction_Recurrence_v3,"n is any natural number

given g(0) = 0,  2 - (2/3^0) = 2 - 2 = 0

given g(1) = 4/3, 2 - (2/3^1) = 2 - 2/3 = 4/3

given g(n) = 4/3g(n-1) - 1/3g(n-2) for n >= 2

not sure ... ",2,2,0,0,0,0,0,Seth,sp22
606,607,Exam 6,learningStudy/WrittenInduction_Recurrence_v3,"Proof: By induction on n.

Claim: $g(n) = 2 - \frac{2}{3^n}$.

Base: $g(0) = 2 - \frac{2}{3^0} = 2 - 2 = 0$. Since $g(0) = 0$ by the definition of $g$, n = 0 is true for the claim. $g(1) = 2 - \frac{2}{3^1} = \frac{6}{3} - \frac{2}{3} = \frac{4}{3}$. Since $g(1) = \frac{4}{3}$ by the definition of $g$, n = 1 is true for the claim. $g(2) = 2 - \frac{2}{3^2} = \frac{18}{9} - \frac{2}{9} = \frac{16}{9} = \frac{4}{3}g(2 - 1) - \frac{1}{3}g(2 - 2) = \frac{4}{3}g(1) - \frac{1}{3}g(0) = (\frac{4}{3})(\frac{4}{3}) - \frac{1}{3}(0) = \frac{16}{9}$. Thus, n = 2 is true for the claim.

Inductive Hypothesis: Suppose $g(n) = 2 - \frac{2}{3^n}$ is true for n = 0, 1, 2, ..., k. We need to show that $g(k + 1) = 2 - \frac{2}{{3}^{(k + 1)}}$.

Inductive Step: By the definition of $g$, $g(n) = \frac{4}{3}g(n - 1) - \frac{1}{3}g(n - 2)$. So, $g(k + 1) = \frac{4}{3}g(k + 1 - 1) - \frac{1}{3}g(k + 1 - 2) = \frac{4}{3}g(k) - \frac{1}{3}g(k - 1)$. By the inductive hypothesis, $\frac{4}{3}g(k) - \frac{1}{3}g(k - 1) = \frac{4}{3}(2 - \frac{2}{{3}^{(k)}}) - \frac{1}{3}(2 - \frac{2}{{3}^{(k - 1)}}) = \frac{8}{3} - \frac{8}{{3}^{(k+1)}} - \frac{2}{3} + \frac{2}{{3}^{(k)}} = \frac{6}{3} - \frac{8}{{3}^{(k+1)}} + \frac{6}{{3}^{(k+1)}}$ 
    $= 2 - \frac{2}{{3}^{(k + 1)}}$. Combining the equations, $g(k + 1) = 2 - \frac{2}{{3}^{(k + 1)}}$. QED.",2,2,2,2,2,2,2,Seth,sp22
607,608,Exam 1,learningStudy/WrittenInduction_Recurrence_v3,"Suppose that for any natural number n, we can express the function g(n) as 4/3 g(n - 1) - 1/3g(n - 2). 

for n = 2, g(2) = 4/3(4/3) - 1/3(4/3) = some natural number",0,1,0,0,0,0,0,Seth,sp22
608,609,Exam 6,learningStudy/WrittenInduction_Recurrence_v3,"proof by induction

base case = g(0) = 0

recursive step:

No clue how to do this based on the reading from the other week sorry. :)

This is what we needed to prove QED",1,0,0,0,0,0,0,Seth,sp22
609,610,Exam 6,learningStudy/WrittenInduction_Recurrence_v3,"Is the statement consistent with the provided definition of $g$ for $n \geq 2$?

$(2-\cfrac{2}{3^{n}})=\cfrac{4}{3}(2-\cfrac{2}{3^{n-1}})-\cfrac{1}{3}(2-\cfrac{2}{3^{n-2}})$

$(1-\cfrac{1}{3^{n}})=\cfrac{4}{3}(1-\cfrac{1}{3^{n-1}})-\cfrac{1}{3}(1-\cfrac{1}{3^{n-2}})$

$(1-\cfrac{1}{3^{n}})=\cfrac{4}{3}(1-\cfrac{3}{3^{n}})-\cfrac{1}{3}(1-\cfrac{9}{3^{n}})$

$3(1-\cfrac{1}{3^{n}})=4(1-\cfrac{3}{3^{n}})-(1-\cfrac{9}{3^{n}})$

$3-3\cfrac{1}{3^{n}}=4-12\cfrac{1}{3^{n}}-1+9\cfrac{1}{3^{n}}$

$3-3\cfrac{1}{3^{n}}=3-3\cfrac{1}{3^{n}}$

indeed it is.

Is the statement consistent with the provided values of $g(0)$ and $g(1)$?

$g(0)=2-\cfrac{2}{3^0}=0, \\ g(1)=2-\cfrac{2}{3^1}=\cfrac{4}{3}$

indeed it is.

The statement's correctness for $n=0$ and $n=1$ implies its correctness for $n=2$,

(this is due to its agreement with the third bullet that defines $g$)

then, for similar reasons, its correctness for $n=1$ and $n=2$ implies its correctness for $n=3$, 

etc. for all $n \in \mathbb{N}$.

qed",2,2,0,0,2,2,2,Seth,sp22
610,611,Exam 6,learningStudy/WrittenInduction_Recurrence_v3,"When n = 0, g(0) = 0, and 2-(2/1)=0, this this is true for n=0. When n=1, g(1)=4/3=2-(2/3)=4/3, so this is true for n=1. I am stuck after this, I don't remember what we do next for these types of problems.",2,2,0,0,0,0,0,Seth,sp22
611,612,Exam 1,learningStudy/WrittenInduction_Recurrence_v3,"We know that g(0) = 0 and g(1) = 4/3.
This satisfies the claimed value of g(n), and we can consider these two the base cases.

If we know that the claim holds true for a certain n and n-1, then we can substitute the claim value into the definition of g(n) to get for g(n+1):
$g(n+1) = \frac{4}{3}(2-\frac{2}{3^n})-\frac{1}{3}(2-\frac{2}{3^{n-1}})$
Simplifying this gives us: $2-\frac{8}{3^{n+1}}+\frac{2}{3^n}=2-\frac{8}{3^{n+1}}+\frac{6}{3^{n+1}}=2-\frac{2}{3^{n+1}}$

As such, for any natural number n, according to the given definition of g(n), $g(n)=2-\frac{2}{3^n}$",2,1,2,2,2,2,2,Seth,sp22
612,613,Exam 1,learningStudy/WrittenInduction_Recurrence_v3,"Base: Let $n = 0$, then $g(0) = 2 - \frac{2}{3^0} = 2 - 2 = 0$ which is true by the given conditions.

Induction, suppose that $g(n) = 2 - \frac{2}{3^n}$ is true, for $n = 0,1,2,...,k$. We need to show that $g(k+1) = 2 - \frac{2}{3^{(k+1)}}$",1,2,2,2,2,0,0,Seth,sp22
613,614,Exam 6,learningStudy/WrittenInduction_Recurrence_v3,"n = 2

g(3) = $\frac {4}{3}$g(2) - $\frac {4}{3}$g(1)

g(2) = $\frac {4}{3}$g(1) - $\frac {1}{3}$g(0)

g(2) = $\frac {4}{3}$*$\frac {4}{3}$ - 0 = $\frac {16}{9}$

g(3) = $\frac {4}{3}$$\frac {16}{9}$ - $\frac {1}{3}$*$\frac {4}{3}$

g(3) = $\frac {64}{27}$ - $\frac {4}{9}$ = $\frac {52}{27}$

2 - $\frac {2}{3^3}$ = $\frac {52}{27}$ 

$\frac {52}{27}$ = $\frac {52}{27}$

",0,1,0,0,0,0,0,Seth,sp22
614,615,Exam 6,learningStudy/WrittenInduction_Recurrence_v3,"We can take the base case to be g(0). 2 - 2/3^0 = 2 - 2/1 = 2 - 2 = 0, proving our base case. We can also prove g(1) by stating that 2 - 2/3^1 = 6/3 - 2/3 = 4/3.",1,2,0,0,0,0,0,Seth,sp22
615,616,Exam 1,learningStudy/WrittenInduction_Recurrence_v3,"Prove by induction, for  n = 0, $g(0)=0, 2-\frac{2}{3^0}=2$ Thus, the statement is true for n = 0. for  n = 1, $g(1)=\frac{4}{3}, 2-\frac{2}{3^1}=\frac{4}{3}$ Thus, the statement is true for n = 1. Assume the statement is true for n=k and k=n+1, thus, $g(k)=2-\frac{2}{3^k}$, $g(k+1)=2-\frac{2}{3^(k+1)}$. Thus, for n = k+2, $g(k+2) = \frac{4}{3}g(k+1)-\frac{1}{3}g(k)=\frac{4}{3}(2-\frac{2}{3^(k+1)})-\frac{1}{3}(2-\frac{2}{3^k})=2-\frac{2}{3^(k+2)}$ Thus, as the statement is true for n = 0,1 and remains true for n=k+2 while n=k,k+1 is true, the statement is always true for n$\in$N",2,2,2,2,2,2,2,Seth,sp22
616,617,Exam 1,learningStudy/WrittenInduction_Recurrence_v3,"$\{g(0) = 0}$

$\{g(1) = \frac{4}{3}}$

$\{g(n) = \frac{4}{3}}g(n -1) -\frac{1}{3}g(n -2) $, for $\{n >= 2}$

$\{g(2) = \frac{4}{3}}g(2 -1) -\frac{1}{3}g(2  - 2) $, for $\{n >= 2}$ 

$\{=}   \frac{4}{3}g(1) - \frac{1}{3}g(0)$

$\{=}   \frac{4}{3} * \frac{4}{3} - \frac{1}{3} * 0  = \frac{16}{9}$

$\{g(2) = 2 - \frac{2}{9}} = \frac{16}{9}$

$\{g(n) = 2 - \frac{n}{3^n}} $


",0,1,0,0,0,0,0,Seth,sp22
617,618,Exam 6,learningStudy/WrittenInduction_Recurrence_v3,"Proof by induction on n. Base case: g(0) = 2 - 2/(3^0) = 0. g(1) = 2 - 2/(3^1) = 4/3. Assume P(n) : g(n) = 2 - 2/(3^n) is true for n = 0,1,...,k. We need to show that P(k+1) : g(k+1) = 2 - 2/(3^(k+1)) is true. g(k+1) = 4/3*g(k) - 1/3*g(k-1) = 4/3*(2 - 2/(3^k)) - 1/3*(2 - 2/(3^(k-1))) = (8/3 - 8/(3^(k+1))) - (2/3 - 2/(3^k)) = 8/3 - 2/3 - 8/(3^(k+1)) + 2/(3^k) = 6/3 - 8/(3^(k+1)) + 6/(3^(k+1)) = 2 - 2/(3^(k+1)) which is what we needed to prove.",2,2,2,2,2,2,2,Seth,sp22
618,619,Exam 6,learningStudy/WrittenInduction_Recurrence_v3,"Ok I actually forgot how to do inductive proofs, I know it involves proving base case and then proving the general statement but don't remember how to do that. ",0,0,0,0,0,0,0,Seth,sp22
619,620,Exam 6,learningStudy/WrittenInduction_Recurrence_v3,"Prove by induction on n. Inductive predicate: P(n) = 2 - 2/3^n. Base case: P(2) = 2 - 2/9 = 16/9, and g(n) = 4/3g(1) - 1/3g(0) = 4/3(4/3) - 1/3(0) = 16/9. Inductive Hypothesis: For n = 1, 2, ..., k - 1, P(k - 1) must equal g(k - 1). Inductive Step: Plugging in k - 1 as n into g(n), g(k - 1) = 4/3g(k - 2) - 1/3g(k - 3). Plugging in k - 2 into P(n), we get P(k - 2) = 2 - 2/3^(k - 2). Similarly, for k - 3, we get P(k - 3) = 2 - 2/3^(k - 3). Plugging these into g(k - 1), we get g(k - 1) = 4/3(2 - 2/3^(k - 2)) - 1/3(2 - 2/3^(k - 3)) = 2 - 2/3^(k - 1). P(k - 1) also equals 2 - 2/3^(k - 1). Thus, g(k - 1) = P(k - 1), which is what we needed to show.",2,2,1,2,1,2,2,Seth,sp22
620,621,Exam 1,learningStudy/WrittenInduction_Recurrence_v3,"g(0) = 0

g(1) = $ \frac{4}{3}$

g(n) = $ \frac{4}{3}$g(n-1) - $ \frac{1}{3}$g(n-2)

g(2)= $ \frac{4}{3}$ * $ \frac{4}{3}$ - $ \frac{1}{3}$ * 0 = $ \frac{16}{9}$

g(3) = $ \frac{4}{3}$ * $ \frac{16}{9}$ - $ \frac{1}{3}$ * $ \frac{4}{3}$ = $ \frac{64}{27}$ - $ \frac{4}{9}$ = $ \frac{52}{27}$

let P(n) = 0 + $ \frac{4}{3}$ + $ \frac{16}{9}$ + $ \frac{52}{27}$ + .......................+ g(n-1) + $ \frac{4}{3}$g(n-1) - $ \frac{1}{3}$g(n-2) = 2 - $ \frac{2}{3^n}$

P(n+1) = P(n) + $ \frac{4}{3}$g(n) - $ \frac{1}{3}$g(n-1) = 2-$ \frac{2}{3^n}$ + $ \frac{4}{3}$ (2-$ \frac{2}{3^n}$) - $\frac {1}{3}$(2-$ \frac{2}{3^n *3}$) = 2-$ \frac{2}{3^n}$ + $\frac {8}{3}$ - $\frac {8}{3^n*3}$ - $\frac{2}{3}$ +$\frac {2}{3^n*9}$ = 2-$\frac {2}{3^n*3}$
As the given statement is true for all values of n, it is true by induction.",2,1,0,0,0,0,0,Seth,sp22
621,622,Exam 1,learningStudy/WrittenInduction_Recurrence_v3,"For any real number n, the function g(n) is recursive, with a base case
of n = 2. At n = 2, the result using the recursive formula is 16/9, and using the exponential formula,
it is also 16/9. With every increase in n, the function is multiplying that result by 4/3 and subtracting 4/9, so it leads to an exponential function.",1,2,0,0,0,0,0,Seth,sp22
622,623,Exam 6,learningStudy/WrittenInduction_Recurrence_v3,"__Base__: Let $n=2$, then we have $g(2)=\frac{4}{3}g(1)-\frac{1}{3}g(0) = \frac{4}{3}(\frac{4}{3})-\frac{1}{3}(0)=\frac{16}{9}$ given the first $g(n)$ provided. We also have $g(2)=2-\frac{2}{3^n}=2-\frac{2}{3^2}=\frac{18-2}{9}=\frac{16}{9}$, which has the equal result to the previous expression.

__Induction__: Let $n=k+1$ such that $k$ is any natural number and $k\geq 2$.

$\dots$",1,2,0,0,0,0,0,Seth,sp22
623,624,Exam 6,learningStudy/WrittenInduction_Recurrence_v3,"When $n = 0$, $2 - \frac 2 {3^n} = 2 - 2 = 0 = g(0)$

When $n = 1$, $2 - \frac 2 {3^n} = 2 - \frac 2 3 = \frac 4 3$

So $g(n) = 2 - \frac 2 {3^n}$ for $n = 0$ and $1$

Suppose $g(n) = 2 - \frac 2 {3^n}$ for $n = 0, 1, ..., k$

We need to show that $g(k + 1) = 2 - \frac 2 {3^{k + 1}}$

$g(k + 1) = \frac 4 3 g(k) - \frac 1 3 g(k - 1)$

By the induction hypothesis, $g(k) = 2 - \frac 2 {3^k}$ and $g(k - 1) = 2 - \frac 2 {3^{k - 1}}$

So $g(k + 1) = \frac 4 3 (2 - \frac 2 {3^k}) - \frac 1 3 (2 - \frac 2 {3^{k - 1}})$

$ = \frac 8 3 - \frac 8 {3^{k + 1}} - \frac 2 3 + \frac 2 {3^k}$

$ = 2 - \frac {8 - 2 \times 3} {3^{k + 1}}$

$ = 2 - \frac 2 {3 ^ {k + 1}}$ Q.E.D.",2,2,2,2,2,2,2,Seth,sp22
624,625,Exam 1,learningStudy/WrittenInduction_Recurrence_v3,"We can first compute some examples.

$g(2)=\frac{4}{3}g(1)-\frac{1}{3}g(0)=\frac{4}{3}g(1)=$

$g(3)=\frac{4}{3}g(2)-\frac{1}{3}g(1)=(\frac{4}{3})^2g(1)-\frac{1}{3}g(1)=\frac{13}{9}g(1)$

$g(4)=\frac{4}{3}g(3)-\frac{1}{3}g(2)=$

",0,0,0,0,0,0,0,Seth,sp22
625,626,Exam 6,learningStudy/WrittenInduction_Recurrence_v3,"We are going to prove that g(n) = 2 - 2/3^n for any natural number n using induction.

Suppose there is a P(n) such that P(n) = 2 - 2/3^n

p(0) = 2-2 = 0

p(1) = 2-2/3 = 4/3

So this covers all base cases and shows that the equation works for all sets n such that P(n) works for 1,2,3,4,...,n

Since P(n) works lets suppose that there is a p(k-1) such that p(k-1) = 2- 2/3^k-1. We can prove this using P(k-1) = 4/3p(k-1-1) - 1/3p(k-1-2), for k >= 2

.
Again I really don't know where to go... I would need more time with the material and more studying
.

so this proves that g(n) = 2 - 2/3^n for any natural number n QED
",2,2,1,1,1,2,0,Seth,sp22
626,627,Exam 6,learningStudy/WrittenInduction_Recurrence_v3,"## Prove: 

$g(n) = 2 - \frac{2}{3^n}$

# Base case:
Let n = 0. $g(0) = 0 = 2 - \frac{2}{3^0} = 2-2 = 0$. The case stands.

Let n = 1. $g(1) = \frac{4}{3} = 2 - \frac{2}{3} = \frac{4}{3}$. The case stands.

Let n = 2. $g(2) = \frac{4}{3}g(2-1)-\frac{1}{3}g(2-2)=\frac{16}{9} = 2 - \frac{2}{3^2} = \frac{16}{9}$. The case stands.

## Inductive Hypothesis:
$g(n) = 2 - \frac{2}{3^n}$ for all n.

## Inductive prove:
Let n = k+2.

$g(k+2) = \frac{4}{3}g(k+2-1)-\frac{1}{3}g(k+2-2) = \frac{4}{3}g(k+1)-\frac{1}{3}g(k) =\frac{4}{3}((2 - \frac{2}{3^{k+1}}))-\frac{1}{3}(2 - \frac{2}{3^k}) = \frac{8}{3}-\frac{8}{3^{k+2}}-\frac{2}{3}+\frac{2}{3^{k+1}} = 2+\frac{6}{3^{k+2}}-\frac{8}{3^{k+2}}=2 - \frac{2}{3^{k+2}}$

So the case stands.

Q.E.D.",2,2,1,1,2,2,2,Seth,sp22
627,628,Exam 6,learningStudy/WrittenInduction_Recurrence_v3,"consider k = 0; g(k) = 2 - 2/3^0 = 2 - 2 = 0. So it is true for k = 0.

consider k = 1, g(k) = 2 - 2/3 = 4/3. So it is true for k = 1.

Now consider k + 1, g(k + 1) = 2 - 2/3^(k+1). By definition, g(k+1) = 4/3g(k) -1/3 g(k-1) = 4/3(2-2/3^k) -1/3(2- 2/3^(k-1)) = 2- 2/3^(k+1). so it is true for k +1. whichi is what we need to show.",2,2,0,0,2,2,2,Seth,sp22
628,629,Exam 1,learningStudy/WrittenInduction_Recurrence_v3,"if n is 2, (4/3)g(2-1)-(1/3)g(2-2)=(4/3)(4/3)-0=(16/9)
g(2)=2-(2/(3^2))=2-(2/9)=(16/9)
",0,2,0,0,0,0,0,Seth,sp22
629,630,Exam 6,learningStudy/WrittenInduction_Recurrence_v3,"Proof by induction on $n$.

Inductive Predicate: $g(n)= 2-\frac{2}{3^n}$.

Inductive Hypothesis: $g(n)= 2-\frac{2}{3^n}$ holds for all $n = 0, 1, 2, ..., k-1 $. We need to show this holds for $n = k$

Base Case: $g(0)=2-2/1=0$. $g(1)=2-2/3=4/3$. $g(2)=\frac{4}{3}g(1) - \frac{1}{3}g(0) = \frac{16}{9}$, and also $2-\frac{2}{3^2} = \frac{16}{9}$. So all base cases hold.

Inductive Claim: We need to show $g(k)= 2-\frac{2}{3^k}$.

So, $g(k) = \frac{4}{3}g(k-1)-\frac{1}{3}g(k-2)$. Applying the inductive hypothesis we get $\frac{4}{3}(2-\frac{2}{3^{k-1}})-\frac{1}{3}(2-\frac{2}{3^{k-2}}))$.

Simplifying, $\frac{4}{3}(2-\frac{2}{3^{k-1}})-\frac{1}{3}(2-\frac{2}{3^{k-2}})) = \frac{8}{3}-\frac{8}{3^k}-\frac{2}{3}+\frac{2}{3^{k-1}} = 2-\frac{8}{3^k}+\frac{6}{3^k}  = 2-\frac{2}{3^k}$.

Thus, we have proved $g(k)=2-\frac{2}{3^k}$, which is what we needed to show.",2,2,2,2,2,2,2,Seth,sp22
630,631,Exam 6,learningStudy/WrittenInduction_Recurrence_v3,"Let us prove these statements by induction on recurrence.

To start off, we are given 3 distinct pieces of information. 

g(0) = 0, g(1) = 4/3, and the third equation.

In order to use induction to prove that g(n) = 2 - 2/3^n, we must see the recurrence.

For n = 2, we can see that 4/3g is the case. For 3, we can see that 8/3g + -1/3g = 7/3g. For 4, we can see that 4g - 2/3g = 10/3g. Thus, as n gets larger by one, the equation increments by 1g (3/3g).

Thus, we can prove by recurrence that  2-2/3^n is true by the recurring fact above about the incrementation.

Thus, this is what we needed to prove.",0,0,0,0,0,0,0,Seth,sp22
631,632,Exam 1,learningStudy/WrittenInduction_Recurrence_v3,I don't know how to do proofs by induction.,0,0,0,0,0,0,0,Seth,sp22
632,633,Exam 6,learningStudy/WrittenInduction_Recurrence_v3,"Proof by induction

base case: for n = 0, g(0) = 2 -2/3^0 = 0. for n = 1, g(1) = 2 -2/3 = 4/3. so base cases hold true

inductive predicate: g(n): 2 - 2/3^n for all natural numbers n

Inductive hypothesis: we asssume that g(n): 2 - 2/3^n is true for all natural numbers n = 0,1,2,3.....k-1

Inductive step: we need to show that g(n) is true for n = k

g(k) = 4/3 g(k -1) - 1/3 g(k - 2)
from inductive hypothesis
g(k) = 8/3 - 8/3^(k) - (2/3 - 2/3^(k-1)) = 2 - 2/3^k

which is what we needed to show.
hence, proved.",2,2,2,2,2,2,1,Seth,sp22
633,634,Exam 1,learningStudy/WrittenInduction_Recurrence_v3,"Let g : Natural implies Rational, where g(0) = 0, g(1) = 4/3, g(n) = 4/3(n-1) - 1/3(g(n-2) is n is greater than or equal to 2.

We are given g(0) = 0, and plugging in 0 into the equation we are proving, we get: g(n) = 2 - 2/3^0 is 2-2, which also equals 0.

We are given g(1) = 4/3, and plugging in 1 into the equation we are proving, we get: as g(n) = 2 - 2/3^1 is 6/3 - 2/3, which also equals 4/3.

g(n) = 4/3g(n-1) - 1/3g(n-2) if n is greater than or equal to 2.

4/3g(n-1) - 1/3g(n-2) = 2 - 2/3^n if n is greater than or equal to 2.

Plugging in 2 to both of the equations yield the same answer, and the value for g(n) = 2 - 2/3^n is equal to the values given for g(0) and g(1).

g(n) = 2 - 2/3^n for any number n. 




",2,2,0,0,0,0,0,Seth,sp22
634,635,Exam 1,learningStudy/WrittenInduction_Recurrence_v3,"I don't know if this counts as induction, but I will try my best.

We must prove that $g(n) = 2 - \frac{2}{3^n}$ is equivalent to the first definition of $g(n)$. 

$g(0) = 2-\frac{2}{3^0} = 2-2=0$

$g(1) = 2-\frac{2}{3^1} = 2-\frac{2}{3}=\frac{4}{3}$

Let n be any natural number. 

$g(n) = 2 - \frac{2}{3^n}$


$= \frac{6}{3} + \frac{-8+6}{3^n}$

$=\frac{8}{3} - \frac{8}{3^n} - \frac{2}{3} + \frac{2}{3^{n-1}}$

$=\frac{4}{3} (2-\frac{2}{3^{n-1}}) - \frac{1}{3}(2-\frac{2}{3^{n-2}})$

$=\frac{4}{3} g(n-1) - \frac{1}{3}g(n-2)$

QED
",2,2,0,0,0,0,0,Seth,sp22
635,636,Exam 6,learningStudy/WrittenInduction_Recurrence_v3,"surpose that g(n) = 2 - 2/3^{n}
g(1) = 4/3
g(2) = 4/3g(1) - 1/3g (0) = 16/9 = 2 - 2/3^{2}
g(n+1) = 4/3g(n) - 1/3g(n-1) = 4/3(2 - 2/3^{n}) - 1/3(2-2^3{n-1}) = 8/3 - 8*3^{n+1} - 2/3 + 2/3^{n}
       = 2 -  8*3^{n+1} + 6/3^{n+1} = 2 - 2/3^{n+1}
so g(n) = 2 - 2/3^{n}",1,2,0,0,0,0,0,Seth,sp22
636,637,Exam 6,learningStudy/WrittenInduction_Recurrence_v3,"Proof by induction on $n$.
<br>
*Induction Predicate*: Let $P(n)$ be a statement such that $P(n)$ is true when $g(n)=2-\frac{2}{3^n}$, where $n$ is a natural number.
<br>
*Base Cases*:
<br>
$n=0$. When $n=0$, $g(0)=0$. Additionally, $2-\frac{2}{3^0} = 2-2 = 0$. Because $0=0$, the statement $P(n)$ is true when $n=0$.
<br>
$n=1$. When $n=1$, $g(1) = \frac{4}{3}$. In addition, $2-\frac{2}{3^1} = 2-\frac{2}{3} = \frac{4}{3}$. Because $\frac{4}{3} = \frac{4}{3}$, $P(n)$ is also true when $n=1$.
<br>
*Induction Hypothesis*: Suppose $P(n)$ is true for all natural numbers $0,1,2,...,k$. In other words, for these numbers, $g(n)=2-\frac{2}{3^n}$ holds true.
<br>
*Induction Step*: Then, $P(k+1)$ must also be true. In other words, $g(k+1) = 2-\frac{2}{3^{k+1}}$.
<br>
Using the equation $g(n)$ for $n \geq 2$, we have the equation $g(k+1)=\frac{4}{3}g(k)-\frac{1}{3}g(k-1)$.
<br>
By the induction hypothesis, $g(k) = 2-\frac{2}{3^k}$ and $g(k-1) = 2-\frac{2}{3^{k-1}}$.
<br>
Therefore,
<br>
$g(k+1)=\frac{4}{3}(2-\frac{2}{3^k})-\frac{1}{3}(2-\frac{2}{3^{k-1}})$.
<br>
$g(k+1)=\frac{8}{3}-\frac{8}{3^{k+1}}-\frac{2}{3}+\frac{2}{3^k}$.
<br>
As a result, $g(k+1)=2-\frac{2}{3^{k+1}}$, which is what we needed to show.",2,2,2,2,2,2,2,Seth,sp22
637,638,Exam 6,learningStudy/WrittenInduction_Recurrence_v3,"let g(n) = 2-2/3^n
if g(0) = 0 then g(n-1) = g(o) and n >= 2
we have that g(n) is >= 2 for n.",0,0,0,0,0,0,0,Seth,sp22
638,639,Exam 6,learningStudy/WrittenInduction_Recurrence_v3,"According to the question, when n = 0, g(0) = 0; when n = 1, g(1) = 4/3 = 2 - $\frac{2}{3^1}$. When n = 2, g(2) = 4/3g(1) - 1/3g(0) = 16/9-0=2 -$\frac{2}{3^2}$. So the first three cases are correct. Let k be an integer > 2. K is supposed to satisfy g(k + 1) = 4/3g(k) - 1/3g(k - 1) = 2 - $\frac{2}{3^{k+1}}$. So g(k - 1) = 2 -$\frac{2}{3^{k-1}} = 2 - \frac{6}{3^k}$ and  g(k) = 2 -$\frac{2}{3^{k}}$. Then 4/3 g(k) - 1/3 g(k-1) = 8/3 - $\frac{8}{3^{k+1}}$ - 2/3 + $\frac{2}{3^k}$. Since $\frac{2}{3^k} = \frac{6}{3^{k+1}}$, 4/3 g(k) - 1/3 g(k-1) can be simplified into 2 - $\frac{2}{3^{k+1}}$ = g(k+1). This is what we need to prove.",2,2,0,0,2,2,2,Seth,sp22
639,640,Exam 1,learningStudy/WrittenInduction_Recurrence_v3,"Case 1: Suppose n = 0 and g(0) = 0. 2 - 2/3^0 = 0, so this is true when n = 0.

Case 2: Suppose n = 1 and g(1) = 4/3. 2 - 2/3^2 = 4/3, so this is true when n = 1.

Case 3: Suppose n is a natural number greater than or equal to 2 and g(n) = 4/3(g(n-1)) - 1/3(g(n - 2)). ",2,2,0,0,0,0,0,Seth,sp22
640,641,Exam 6,learningStudy/WrittenInduction_Recurrence_v3,"Base case: using the equation, g(n) = 2 - 2/(3^n), g(0) = 0 and g(1) = 4/3, which matches the information given. Not really sure how to do this one",2,2,0,0,0,0,0,Seth,sp22
641,642,Exam 1,learningStudy/WrittenInduction_Recurrence_v3,I dont know how to do a proof by induction,0,0,0,0,0,0,0,Seth,sp22
642,643,Exam 6,learningStudy/WrittenInduction_Recurrence_v3,"Proof by induction

Base case:

g(2) = $\frac43g(n-1) -\frac13 g(n-2) = \frac43 g(1)- \frac13 g(0) = \frac43(\frac43)- \frac13(0) = \frac{16}9$
and g(2) = $2- \frac2{3^2} = 2 - \frac29 = \frac{16}9$.

Induction:

Assume that $g(k-1) = 2-\frac2{3^{k-1}}$ and that $g(k-2) = 2-\frac2{3^{k-2}}$

Then $g(k) = \frac43(2-\frac2{3^{k-1}}) - \frac13(2-\frac2{3^{k-2}})$

$ = (\frac83 - \frac{4*2}{3*3^{k-1}}) - (\frac23 - \frac{2}{3*3^{k-2}}) $

$ = \frac63 - \frac{4*2}{3*3^{k-1}} + \frac{2}{3*3^{k-2}} $.

$ = 2 - \frac{8}{3^{k}} + \frac{2}{3^{k-1}} $

$ = 2 - \frac{8}{3^{k}} + \frac{3*2}{3^{k}} $

$ = 2 - \frac{8}{3^{k}} + \frac{6}{3^{k}} $

$ = 2 - \frac{2}{3^{k}} $

Therefore g(n) = $ 2-\frac2{3^n}$ for any natural number n greater than or equal to 2.

Additionally:

g(0) = 0
and
g(0) = $2 - \frac2{3^0} = 2-2 = 0$.

g(1) = 4/3 and g(1) = $2 - \frac2{3^1} = 2 - 2/3 = 4/3$.

Therefore g(n) = $ 2-\frac2{3^n}$ for any natural number n, QED.",1,2,2,2,2,2,2,Seth,sp22
643,644,Exam 1,learningStudy/WrittenInduction_Recurrence_v3,"n = 0: g(0) = 0

n = 1: g(1) = $\frac{4}{3}$

n = 2: g(2) = $\frac{4}{3}$g(2-1) - $\frac{1}{3}$g(2-2) = $\frac{4}{3}\frac{4}{3}$ - $\frac{1}{3}$(0) = $\frac{16}{9}$

n = 3: g(3) = $\frac{4}{3}$g(3-1) - $\frac{1}{3}$g(3-2) = $\frac{4}{3}\frac{16}{9}$ - $\frac{1}{3}\frac{4}{3}$ = $\frac{64}{27}$ - $\frac{4}{9}$ = $\frac{52}{27}$

If we use the equation g(n) = 2 - $\frac{2}{3^n}$, 

n = 0: g(0) = 2 - $\frac{2}{3^0}$ = 0

n = 1: g(1) = 2 - $\frac{2}{3^1}$ = $\frac{4}{3}$

n = 2: g(2) = 2 - $\frac{2}{3^2}$ = $\frac{16}{9}$

n = 3: g(3) = 2 - $\frac{2}{3^3}$ = $\frac{52}{27}$

The calculations shown above prove that g(n) = 2 - $\frac{2}{3^n}$ for any natural number n.",2,2,0,0,0,0,0,Seth,sp22
644,645,Exam 1,learningStudy/WrittenInduction_Recurrence_v3,"Let g be defined as above. $2-\frac{2}{3^0} = 0 = g(0)$ Furthermore, $2-\frac{2}{3^1} = \frac{4}{3} = g(1)$. $g(n) = $

$g(n)=2-\frac{2}{3^0} $ which is what we needed to show.",2,2,0,0,0,0,0,Seth,sp22
645,646,Exam 6,learningStudy/WrittenInduction_Recurrence_v3,"We will prove this claim by induction. The claim to prove is that g(n) = 4/3(g(n-1))-1/3(g(n-2)) for n>=2. The inductive base is that this claim holds true for n = 2. For n=2, 16/9 = 4/3(4/3) - 0. 2 - 2/3^2 = 16/9, hence the base case is true. By substitution, we see that this claim is true for any integers from 1 to n, all the natural numbers. Hence, by recursion, we see that induction proves this claim is true.",1,2,0,0,0,0,0,Seth,sp22
646,647,Exam 6,learningStudy/WrittenInduction_Recurrence_v3,"The following is an inductive proof on n. First, the base case g(2) will be proven to be equivalent for both definitions of g(n). $g(2) = \frac{4}{3}g(1) - \frac{1}{3}g(0) = \frac{4}{3}(\frac{4}{3}) - \frac{1}{3}(0) = \frac{16}{9} = \frac{18}{9} - \frac{2}{9} = 2 - \frac{2}{3^2} = g(2)$. Next we take the inductive hypothesis to be $g(n) = \frac{4}{3}g(n-1) - \frac{1}{3}g(n-2) = 2 - \frac{2}{3^n}$. We show the inductive step holds as follows. $g(n+1) = \frac{4}{3}g(n) - \frac{1}{3}g(n-1)$. By the inductive hypothesis, $g(n+1) = \frac{4}{3}g(n) - \frac{1}{3}g(n-1) = \frac{4}{3}(2 - \frac{2}{3^n}) - \frac{1}{3}(2 - \frac{2}{3^{n-1}}) = \frac{8}{3} - \frac{8}{3^{n+1}} - \frac{2}{3} + \frac{2}{3^{n}} = \frac{6}{3} - \frac{8}{3^{n+1}} + \frac{6}{3^{n+1}}$$ = 2 - \frac{2}{3^{n+1}}$. Thus, the inductive step is proven to hold and the inductive hypothesis is shown to be true.",1,2,2,1,2,2,2,Seth,sp22
647,648,Exam 6,learningStudy/WrittenInduction_Recurrence_v3,"P(n) : g(n)=2-$\frac{2}{3^{n}}$

base case: P(0): g(0)=2-2=0, true

P(1): g(1)=2-$\frac{2}{3}$=$\frac{4}{3}$, true

Induction: P(n) is true.

Inductive step: g(n)=$\frac{4}{3}$(2-$\frac{2}{3^{n-1}}$)-$\frac{1}{3}$(2-$\frac{2}{3^{n-2}}$) = 2-$\frac{2}{3^{n}}$

This is what we wanted to show.",2,2,2,1,2,2,2,Seth,sp22
648,649,Exam 1,learningStudy/WrittenInduction_Recurrence_v3,"$g(2) = \frac{4}{3}g(1) - \frac{1}{3}g(0) = \frac{16}{9}$

For every iteration, we can see that each argument is multiplied by a fraction with a denominator of 3 n times, and the numerator equates to ${4^n} - $",1,1,0,0,0,0,0,Seth,sp22
649,650,Exam 6,learningStudy/WrittenInduction_Recurrence_v3,"Inductive hypothesis: g(n) = 2 - 2/3^n

suppose g(n) = 2 - 2/3^n where n is >= 2.
g(0)= 0
g(1) = 4/3
g(n) = 4/3 (g(n-1)) - (1/3)g(n-2) for n >= 2. 

Inductive step: assume something and prove that",0,0,0,0,0,0,0,Seth,sp22
650,651,Exam 1,learningStudy/WrittenInduction_Recurrence_v3,"The g(n) function provided is essentially a recursive call with g(0) and g(1) being base cases. Through this recursion, the g(n) provided will essentially break down into equaling 2 - 2/(3^n) for any natural number n.",0,0,0,0,0,0,0,Seth,sp22
651,652,Exam 6,learningStudy/WrittenInduction_Recurrence_v3,"Proof by induction

Inductive predicate: 

$ P(n) : g(n) = 2 - 2/3^n $

Base cases: 

$P(0) : g(0) = 2 - 2/3^0 = 2 - 2 = 0$

$P(1) : g(1) = 2 - 2/3 = 4/3$

Both base cases are true.

Inductive hypothesis: $P(0), P(1), P(2), ... P(k-1)$ hold.

Prove P(k) holds:

$ P(k) : g(k) = 2 - 2/3^k$

Start with left side.

$g(k) = \frac{4}{3}g(k-1) - \frac{1}{3}g(k-2) = \frac{4}{3}(2-\frac{2}{3^{k-1}}) - \frac{1}{3}(2-\frac{2}{3^{k-2}}) $

$(\frac{8}{3}-\frac{8}{3(3^{k-1})}) - (\frac{2}{3}-\frac{2}{3(3^{k-2})}) = 2+\frac{2}{3(3^{k-2})} - \frac{8}{3(3^{k-1})} = ? $

I made an algebra error.

",2,2,2,2,2,2,2,Seth,sp22
652,653,Exam 1,learningStudy/WrittenInduction_Recurrence_v3,"Claim: g(n) = 2 - 2/3^n, where n >= 2. 
(Once again, I don't know how proof by induction works)

g(n) = g(n - 1) + 4/3g (n - 1)

We now set g (n - 1) == 4. 

g(n) = 4 + 4/3(g(n)).

From there, you find a way to bring it to the point where you have a summation, and you an turn that summmation into 2 - 2/3^n. I don't know how to do this though.",0,0,0,0,0,0,0,Seth,sp22
653,654,Exam 6,learningStudy/WrittenInduction_Recurrence_v3,g(n) = 2 - 2/(3^n) for any natural number n.,0,0,0,0,0,0,0,Seth,sp22
654,655,Exam 6,learningStudy/WrittenInduction_Recurrence_v3,"Proof of induction on n 

Inductive Predicate: 

Inductive Step: 4/3g(n-1) - 1/3g(n-2)

Inductive Hypothesis: If N is in R, then 2 -2/3^n holds true for any natural number n

g(2) = 4/3*4/3 = 16/9, which is 4/3 in its reduced form. 

g(3) = 16/9 - 4/9 = 12/9 = 4/3 in its reduced form

Therefore there is a common ratio of 4/3 for each increase in n. 


From the equation g(n) = 2 - 2/3^n, the maximum value of g(n) can be 2, and since n >= 2 for 4/3g(n-1) - 1/3g(n-2), if the two equations are set equal to each other, the two sides hold true.

Therefore, byb proof of induction, g(n) = 2 - 2/3^n for any natural number n.

",1,1,1,1,0,0,0,Seth,sp22
655,656,Exam 1,learningStudy/WrittenInduction_Recurrence_v3,"Provided the rule g(n) = (4/3)g(n-1)-1/3g(n-2) for n >= 2, we can begin to create a pattern, beginning with 2.
Replacing each instance of n with 2 gives us g(2) = 16/9. Next, we can rewrite the g(n) equation, seeing now that g(n) = (4/3)(4/3)^n-1/3(4/3)^(n-1). Since we have two equations now that are represented by g(n), we can set them equal to each other. (4/3)(4/3)^n-1/3(4/3)^(n-1) = 2-(2/3^n). Using some algebra to simplify the equation will eventually net us an equation that has infinitely many solutions. This result, in turn, demonstrates that the two equations are equal, proving that the second equation, g(n) = 2-(2/3^n), also satisfies the predefined suppositions of the original hypothesis. In conclusion, g(n) = 2-(2/3^n) works for any natural number n, because it is equal to all of the original equation's suppositions, which was proven through mathematical equivalence.",0,1,0,0,0,0,0,Seth,sp22
656,657,Exam 6,learningStudy/WrittenInduction_Recurrence_v3,"proof by induction on n.

inductive predicate: P(n) = 2 - (2 / 3^n)
base case : g(0) = P(0) = 2 - (2/3^0) = 0 which is true. g(1) = 2 - (2 / 3^1) which is 4/3, also true. since the base cases are true, P(n) must be true.
inductive hypothesis: for n = 0, 1, .., k - 1, there must be a k where P(n) is true. 
inductive step : show P(k) is true.

for g(n) = 4/3 g (n-1) - 1/3 g (n - 2) if g(n) is substituted for P(k-1) we get 4/3P(k) - 1/3P(k-1). and since G(n) and P(n) are supposedly the same but for all n instead of n >= 2, we can equal the two equations

4/3 P(k) - 1/3P(k-1) = 2 - (2 /3^k) = 4/3 (2 - 2/3^k) - 1/3 (2 - 2/3^k) = 2 - 2/3^k.

if the left side is simplified out it becomes 2 - 2/3^k which is equal to the right side. thus, g(n) = 2-2/3^n is true for any natural number n which is what we needed to show.",2,2,1,1,2,2,2,Seth,sp22
657,658,Exam 6,learningStudy/WrittenInduction_Recurrence_v3,"g(n - 1) = 2 - (2/(3^(n - 1))).
g(n - 2) = 2 - (2/(3^(n - 2))).
(4/3)g(n - 1) - (1/3)g(n - 2) = (4/3)(2 - (2/(3^(n - 1)))) - (1/3)(2 - (2/(3^(n - 2)))).",0,0,0,0,0,0,0,Seth,sp22
658,659,Exam 1,learningStudy/WrittenInduction_Recurrence_v3,"Prove g(n) = 2 - $\frac{2}{3^n}$ for any natural number n

We can use a sample value such as n = 3 to see that this is true.

g(3) = $\frac{4}{3}$g(2) - $\frac{1}{3}$g(1)

g(2) = $\frac{4}{3}$g(1) - $\frac{1}{3}$g(0)

g(1) = $\frac{4}{3}$

g(0) = 0

g(3) = $\frac{4}{3}$($\frac{4}{3}$g(1) - $\frac{1}{3}$g(0)) - $\frac{1}{3}$g(1)

g(3) = $\frac{4}{3}$($\frac{4}{3}$($\frac{4}{3}$)) - $\frac{1}{3}$($\frac{4}{3}$)

g(3) = $\frac{64}{27}$ - $\frac{4}{9}$ = $\frac{52}{27}$

Plugging this in for g(n) = 2 - $\frac{2}{3^n}$

g(3) = $\frac{54}{27}$ - $\frac{2}{27}$ = $\frac{52}{27}$

Both cases are equal as expected.

",1,2,0,0,0,0,0,Seth,sp22
659,660,Exam 6,learningStudy/WrittenInduction_Recurrence_v3,"g(n + 1) = 4/3g(n) - 1/3 g(n-1). since g(n-1) = 3/4g(n) - 1/4g(n-2), g(n + 1)= 7/12g(n) + 1/4g(n -2). g(n -2)= 4g(n-1)-3g(n) g(n + 1)= 19/12g(n)- 3/4g(n-1). Thus g(n - 1)should be the same way. THus gn(2- 2/3^n). QED",0,0,0,0,0,0,0,Seth,sp22
660,661,Exam 1,learningStudy/WrittenInduction_Recurrence_v3,"Let n be a natural number. 

case 1: n  0 
    
    
g(0) = 2 - 2/3^0 = 0

case 2: n = 1

g(1) = 2 - (2/3) = 4/3

case 3:

4/3(g(n - 1) - 1/3g(n-2) = 2 - 2/3^n which is what we needed to prove",2,2,0,0,1,0,0,Seth,sp22
661,662,Exam 6,learningStudy/WrittenInduction_Recurrence_v3,"Base Case: Let $n=1$, then $g(1) = 2 - \frac{2}{3} = \frac{4}{3}$, so the statment is true for this case.

Inductive Statement: Let n be a natural number and n = $k+1$, then we must show that $g(k+1) = 2 - \frac{2}{3^{k+1}}$.

Proof by Induction:",1,2,0,1,2,0,0,Seth,sp22
662,663,Exam 6,learningStudy/WrittenInduction_Recurrence_v3,"Proof by Induction:

Base case: g(0) = 0, g(1) = 4/3.

Suppose g(k) = 2 - 2/(3^k) for all natural number k = 0, 1, ..., n

g(k) = 4/3*g(k-1) - 1/3*g(k-2) =  4/3((2 - 2/(3^k-1)) - 1/3(2 - 2/(3^k-2))).

if k = 2, g(k) = 4/3*g(1) - 1/3*g(0) = 4/3(4/3) - 1/3*0 = 16/9.

then g(k) would be 2 - 2/(3^2) = 16/9.

Therefore g(n) = 2 - 2/(3^n) is proved by induction with the given definition of g for any natural number n, QED.
",2,1,2,2,1,2,2,Seth,sp22
663,664,Exam 6,learningStudy/WrittenInduction_Recurrence_v3,"We will prove this claim using induction on n. Our inductive predicate states that $g(n) = 2 - \frac{2}{3^n}$. For our base cases of $g(0)$ and $g(1)$, the predicate proves that $g(0) = 2 - \frac{2}{1} = 0$ and that $g(1) = 2 - \frac{2}{3} = \frac{4}{3}$, meaning the claim works for both base cases. For our inductive step, for $n=2$, $g(n) = 2 - \frac{2}{3^2} = 2 - \frac{2}{9} = \frac{16}{3} = \frac{4}{3}g(1) - \frac{1}{3}g(0) = \frac{16}{3} - 0 = \frac{16}{3}$, which is what we needed to show.",2,2,0,0,0,0,0,Seth,sp22
664,665,Exam 6,learningStudy/WrittenInduction_Recurrence_v3,"let g(0) = 0

g(1) = 4/3

g(n) = 4/3g(n-1) - 1/3g(n-2) for n>=2.

for n = k+1 :
g(k+1) = 4/3g(k) - 1/3g(k-1).

= 4/3*4/3*g(k-1)-1/3*g(k-2) - 1/3g(n) + 1/3g(n-2).

",0,0,0,0,0,0,0,Seth,sp22
665,666,Exam 6,learningStudy/WrittenInduction_Recurrence_v3,"Proof by induction on n

Inductive statement - $g(n) = 2 -2/(3^{n})$ for all natural numbers n >=2.

Base case - n = 2.  $\frac{4}{3}g(2-1)- \frac{1}{3} g(2-2) =  \frac{4}{3}g(1)- \frac{1}{3} g(0) =\frac{4}{3} *\frac{4}{3} = \frac{16}{9}$

$2-\frac{2}{3^{2}} = 2- \frac{2}{9} = \frac{16}{9}$.

Inductive predicate - they are equal.

QED",1,2,0,0,0,0,0,Seth,sp22
666,667,Exam 1,learningStudy/WrittenInduction_Recurrence_v3,"g(2) = $\frac{4}{3}$g(1) - $\frac{1}{3}$g(0)

=  $\frac{4}{3}$  $\frac{4}{3}$ - 0 =  $\frac{16}{9}$

2-  $\frac{2}{3^2}$ =  $\frac{18-2}{9}$ =  $\frac{16}{9}$",1,2,0,0,0,0,0,Seth,sp22
667,668,Exam 6,learningStudy/WrittenInduction_Recurrence_v3,"Proof by induction changing n in function g

Induction Base Case: n = 0, n = 1, then g(0) = 0 and g(1) = 4/3 respectively.

Induction hypothesis: For any natural number n, if g(n) is a recursive function, then it must be equal to 2 - 2/(3^n)

Induction Proof: Since n >= 2 for the recursive function, let us consider the base cases. g(0) = 0 satisfies the hypothesis, as does g(1) = 4/3.

Likewise,  let's consider when n = 2. Then, the recursive function would be g(2) = (4/3)*g(1) - (1/3)*(g(0)) = 16/9 - 0 = 16/9.

On the right hand side, 2- 2 /(3^2) = 2 - 2/9 = 16/9. Since the left hand side equals the right hand side, the induction hypothesis must be true, therefore proving that the recursive function g is equivalent to the function 2 - (2/(3^n)).",2,1,0,0,0,0,0,Seth,sp22
668,669,Exam 1,learningStudy/WrittenInduction_Recurrence_v3,"g(1) = 4/3
g(1) = 2 - 2/3^1 = 2 - 2/3 = 4/3

g(0) = 0
g(0) = 2 - 2/3^0 = 2 - 2 = 0

g(n) = 1/3g[4(n-1) - (n-2)]
g(n) = 1/3g[4n-1-n+2]
g(n) = 1/3g[3n+1]",2,2,0,0,0,0,0,Seth,sp22
669,670,Exam 1,learningStudy/WrittenInduction_Recurrence_v3,Recurrence $N->R$,0,0,0,0,0,0,0,Seth,sp22
670,671,Exam 1,learningStudy/WrittenInduction_Recurrence_v3,"g(0) = 2 - 2/(3^0) = 0
g(1) = 2 - 2/(3^1) = 4/3 
g(n) = 2 - 2/(3^n) in both cases. so this is true.",2,2,0,0,0,0,0,Seth,sp22
671,672,Exam 6,learningStudy/WrittenInduction_Recurrence_v3,"Suppose that g: Natural Numbers -> R is defined by g(0) = 0, g(1) = 4/3, g(n) = $\frac{4}{3}$g(n-1) - $\frac{1}{3}$g(n-2) for n >= 2
Things we know:
Inductive Hypothesis:
Inductive Step:
Conclusion: Thus g(n) = 2 - $\frac{2}{3^n}$ for any natural number n which is what we needed to prove. Q.E.D.

Note: Although I vaguely remember the general steps to prove a claim using induction, I do not remember the actual logic behind proving the claim. All I can do is try to remember the solution from the last proof activity and put it here, but I don't think that represents what I actually understand now. I hope this helps your study to an extent. Thanks.",0,0,0,0,0,0,0,Seth,sp22
672,673,Exam 1,learningStudy/WrittenInduction_Recurrence_v3,"g(n)=4g/3(n - 1) - g/3(n - 2)
g(n) = 4gn/3 - 4g/3 - gn/3 - 2g/3
g(n) = 3gn/3 - 2g/3
g(n) = gn - 2g/3
g(n) = g(n - 2/3)
",0,0,0,0,0,0,0,Seth,sp22
673,674,Exam 1,learningStudy/WrittenInduction_Recurrence_v3,g(5) = $/frac{4}{3}$,0,0,0,0,0,0,0,Seth,sp22
674,675,Exam 6,learningStudy/WrittenInduction_Recurrence_v3,"g(n) = 4/3g(n-1) - 1/3g(n-2) = 2 - 2/3^n

g(n) = 2 - 2/3^k =  4/3g(k-1) - 1/3g(k-2)

4/3g(k-1) - 1/3g(k-2) = 4/3(4/3g(k-2) - 1/3g(k-3)) + 1/3g(4/3g(k-3) - 1/3g(k-4)) for n >= 4

4/3g(k-1) - 1/3g(k-2) = 16/9 g(k-2) -1/9 g(k-4)
",0,0,0,0,0,0,0,Seth,sp22
675,676,Exam 1,learningStudy/WrittenInduction_Recurrence_v3,"Suppose g be defined by all the above
For this proof, let's consider n = 2
By the given g-function equation, we plug in 2 for n which we get (4/3)g(1) - (1/3)g(0)
To further simplify, we know that g(1) = 4/3 and g(0) = 0
Thus this gives us, (4/3)(4/3) - (1/3)(0) which equals to (16/9) - 0
So, this produces a result of 16/9 which is a rational number
By the definition of rational number, 16/9 = m/n for some integers m and n where n is non-zero
Thus, the equation above that takes in natural number, converts it and produces rational number",1,1,0,0,0,0,0,Seth,sp22
676,677,Exam 6,learningStudy/WrittenInduction_Recurrence_v3,"Proof: 

Let n be a natural number such that $g(n) = 2 - \frac{2}{3^n}$. 

When $n = 2$, $g(2) = 2 - \frac{2}{9} = \frac{16}{9}$. And $g(2) = \frac{4}{3}g(1) - \frac{1}{3}g(0) = \frac{16}{9}$. So it must be the same for any number great than 2. So $n = 2, 3, 4, 5, ...k+1.$

So $g(k+1) = 2 - \frac{2}{3^k+1}$ and $g(k+1) =  \frac{4}{3}g(k) - \frac{1}{3}g(k+1)$

When setting these two equations together we get $2 - \frac{2}{3^k+1}$ = $\frac{4}{3}g(k) - \frac{1}{3}(2 - \frac{2}{3^k+1})$ in which we get $g(k) = 2 - \frac{2}{3^k+1}$ which is what we needed to prove. 

",1,2,0,0,1,0,0,Seth,sp22
677,678,Exam 1,learningStudy/WrittenInduction_Recurrence_v3,"Claim: 4/3g(n-1) - 1/3g(n-2). for n >= 2.

Proof by induction:
For any n >= 2, since g(1) = 4/3, when plugging in 2 into g(n), we are left with 4/3g(1) - 1/3g(0) --> 4/3*4/3 - 0. Computing out this equals 16/9.

When looking at the other g(n) equation, this method equates to the same answer as 2 - 2/3^(n) or in this case 2 also equals 16/9.

Therefore,
g(n) = 2 - 2/3^(n) for any natural number n which is what we needed to show.



I'm also not very sure what to write for this proof as I don't have an understanding/grasp on induction.",1,2,0,0,0,0,0,Seth,sp22
678,679,Exam 1,learningStudy/WrittenInduction_Recurrence_v3,"The claim is true because g(0) = 2 - 2/3^0 = 0
and g(1) = 2 - 2/3^1 = 3 = 4/3",2,2,0,0,0,0,0,Seth,sp22
0,1,Exam 6,learningStudy/WrittenInduction_Recurrence_v3,"Proof by Induction

Primitive Inductive: $P(n) = 2 - \frac{2}{3^n}$

Base Cases: $n=0$: $g(0) = 0$ and $P(0) = 2 - \frac{2}{3^0} = 0$, $n=1$: $g(1) = \frac{4}{3}$ and $P(1) = 2 - \frac{2}{3^1} = \frac{4}{3}$, and $n=2$: $g(2) = \frac{4}{3}g(1) - \frac{1}{3}g(0) = \frac{16}{9}$ and $P(2) = 2 - \frac{2}{3^2} = \frac{16}{9}$. So, all base cases hold.

Induction Hypothesis: $g(n) = P(n) = 2 - \frac{2}{3^n}$ for all $n = k$ where $k = 2, 3, 4, ...$

We need to show that $g(k+1) = P(k+1) = 2 - \frac{2}{3^{k+1}}$ holds true.

Using the definition of $g(n)$:  $g(k) = \frac{4}{3}g(k-1) - \frac{1}{3}g(k-2)$, So, $g(k+1) = \frac{4}{3}g(k) - \frac{1}{3}g(k-1)$.

By using the inductive primitive, $g(k+1) = \frac{4}{3}(2 - \frac{2}{3^k}) - \frac{1}{3}(2 - \frac{2}{3^{k-1}})$

By algebra, $g(k+1) = \frac{8}{3} - \frac{8}{3^{k+1}} - \frac{2}{3} + \frac{2}{3^{k}} = 2 - \frac{2}{3^k}(\frac{4}{3} - 1) = 2 - \frac{2}{3^{k+1}}$

Therefore, the induction holds true.",2,2,2,1,2,2,1,Seth,fa22
1,2,Exam 4,learningStudy/WrittenInduction_Recurrence_v3,"Base case: n=2. g(2)=2-2/9=16/9=(4/3)(g(1)-(1/3)g(0))=(4/3)*((4/3))=16/9  correct      

Assume n=i, g(i)=(4/3)g(i-1)-(1/3)*(g(i-2)) = A, correct.   

When  n=i+1, g(i+1)=(4/3)g(i)-(1/3)g(i-1) = (4/3)* ((4/3)g(i-1)-(1/3)*(g(i-2))) - (1/3)*g(i-1)    
= (16/9)*g(i-1)-(4/9)*g(i-2) - (1/3)*g(i-1) =correct

Therefore, this equation is proved.",1,2,2,1,1,2,0,Seth,fa22
2,3,Exam 4,learningStudy/WrittenInduction_Recurrence_v3,"Base case: $n=0,n=1$

$$g(0)=2-\dfrac{2}{3^0}=2-\dfrac{2}{1}=0$$
$$g(1)=2-\dfrac{2}{3^1}=2-\dfrac{2}{3}=\dfrac{4}{3}$$

Induction: Given that $g(n)=2-\dfrac{2}{3^n}$ is true for $n=0,1,2,\dots,k$, prove that $g(n)=2-\dfrac{2}{3^n}$ is true for $n=0,1,2,\dots,k,k+1$.

From the given, it is known that $g(k-1)=2-\dfrac{2}{3^{k-1}}$ and that $g(k)=2-\dfrac{2}{3^k}$. To prove that $g(n)=2-\dfrac{2}{3^n}$ is true for $n=0,1,2,\dots,k,k+1$, we must specifically prove that $g(n)=2-\dfrac{2}{3^{n}}$ is true for $n=k+1$. We must show that $$g(k+1)=2-\dfrac{2}{3^{k+1}}$$

Proof:
$$g(k+1)=\dfrac{4}{3}g(k)-\dfrac{1}{3}g(k-1)$$
$$=\dfrac{4}{3}\left(2-\dfrac{2}{3^k}\right)-\dfrac{1}{3}\left(2-\dfrac{2}{3^{k-1}}\right)$$
$$=\dfrac{8}{3}-\dfrac{8}{3^{k+1}}-\dfrac{2}{3}+\dfrac{2}{3^{k}}$$
$$=2-\dfrac{8}{3^{k+1}}+\dfrac{2\cdot3}{3^{k+1}}$$
$$=2-\dfrac{2}{3^{k+1}}$$

QED.",2,2,2,2,2,2,2,Seth,fa22
3,4,Exam 4,learningStudy/WrittenInduction_Recurrence_v3,"Proof by induction on n

Base case: There are two base cases: case 1 $g(0) =2-\frac{2}{3^n} = 2-\frac{2}{3^0} = 2-2 = 0$ g(n) is satisfied for 0. 

Case 2: $g(1) =2-\frac{2}{3^n} = 2-\frac{2}{3^1} = 2-\frac{2}{3} = \frac{4}{3}$ g(n) is satisfied for 1.

Induction: Suppose $g(n) = 2-\frac{2}{3^n}$ for $n= 0,1,...k$. We need to show that $g(k+1)= 2-\frac{2}{3^{k+1}}$.  So $g(k+1)= \frac{4}{3}g(k) - \frac{1}{3}g(k-1) = \frac{4}{3}(2-\frac{2}{3^{k}}) - \frac{1}{3}(2-\frac{2}{3^{k-1}}) = (\frac{8}{3}-\frac{8}{3^{k+1}}) - (\frac{2}{3}-\frac{2}{3^{k}}) = \frac{6}{3} - \frac{8}{3^{k+1}} + \frac{2}{3^{k}}$ = $2-\frac{2}{3^n}$. QED",2,2,2,2,2,2,2,Seth,fa22
4,5,Exam 4,learningStudy/WrittenInduction_Recurrence_v3,"proof by induction of n

induction predicate: $P(n) : g(n) = 2 - \frac{2}{3^n}$

base cases: $P(0) : g(0) = 2 - \frac{2}{3^0} = 2 - 2 = 0$, so P(n) holds for n = 0

$P(1) : g(1) = 2 - \frac{2}{3^1} = 2 - \frac{2}{3} = \frac{4}{3}$, so P(1) holds with g(1)

induction hypothesis: suppose $P(n) : g(n) = 2 - \frac{2}{3^n}$ for natural numbers $n = 2, 3, 4, 5, ... k$, where $k \ge 2$

induction step: We need to show $P(k) : g(k) = 2 - \frac{2}{3^n}$ holds

using the definition of g , $g(k) = \frac{4}{3}g(k-1) - \frac{1}{3}g(k-2)$

by the induction hypothesis, $g(k) = \frac{4}{3}(2 - \frac{2}{3^{k-1}}) - \frac{1}{3}(2-\frac{2}{3^{k-2}})$

simplifying algebra gives $g(k) = \frac{8}{3} - \frac{8}{3^k} - \frac{2}{3} + \frac{2}{3^{k-1}} = 2 - \frac{8}{3^k} + \frac{6}{3^k} = 2 - \frac{2}{3^k} = g(k)$. This is what we needed to show. 

So, $g(n) = 2 - \frac{2}{3^n}$ for any natural number n, where $n \ge 2$
",2,2,2,2,2,2,2,Seth,fa22
5,6,Exam 6,learningStudy/WrittenInduction_Recurrence_v3,"Let us conduct induction for n.

Base cases: When n=0, g(n) = 2-$\frac{2}{3^n}$ = 2-2 = 0 which holds. When n=1, g(n) = 2-2/3 = 4/3. 

Let us assume a natural number k such that n= 2,3....k-1. 

Induction hypothesis: Let us assume g(k-1) is true. Then g(k-1) =  2-$\frac{2}{3^{(k-1)}}$. We also get g(k-2) = 2-$\frac{2}{3^{(k-2)}}$ We must prove that our statement holds for g(k).

Induction step: we know g(n) = 4/3g(n-1) -1/3g(n-2). Hence g(k) = 4/3g(k-1) - 1/3g(k-2)

Thus, we get g(k) = 4/3(2-$\frac{2}{3^{(k-1)}}$) -1/3(2-$\frac{2}{3^{(k-2)}}$) = $\frac{8}{3}$ - $\frac{2}{3}$ - $\frac{8}{3^k}$ + $\frac{2}{3^{(k-1)}}$ 2 - $\frac{8}{3^k}$ + $\frac{2}{3^{k}}$ =  2-$\frac{2}{3^{k}}$

Hence, as g(k) holds, our hypothesis also holds.Thus, the given statement is proven for all n belonging to N.",2,2,1,1,2,2,2,Seth,fa22
6,7,Exam 4,learningStudy/WrittenInduction_Recurrence_v3,"Lets pick a random natural int k. Then g(k)=4/3g(k-1)-1/3g(k-2). Then according to statement, 2-2/3^k=4/3*(2-2-2/3^k-1)-1/3(2-2/3^k-2). tHEN 2 = 8/3 - 2/3 Which is true, so the proof is true",0,0,0,0,0,0,0,Seth,fa22
7,8,Exam 1,learningStudy/WrittenInduction_Recurrence_v3,"g(n)=2-2/(3^n)

g(n-1)=2-2/(3^(n-1))

g(n-2)=2-2/(3^(n-2))

4/3*g(n-1)-1/3*g(n-2)=2+2/(3^(n-1))-8/(3^n)=2-2/(3^n)=g(n)",0,0,0,0,2,2,2,Seth,fa22
8,9,Exam 4,learningStudy/WrittenInduction_Recurrence_v3,"Base Case:

Inductive Step:

Induction hypothesis:

and this complete the inductive step.",0,0,0,0,0,0,0,Seth,fa22
9,10,Exam 6,learningStudy/WrittenInduction_Recurrence_v3,"Sorry, I don't really understand the question.",0,0,0,0,0,0,0,Seth,fa22
10,11,Exam 1,learningStudy/WrittenInduction_Recurrence_v3,"Since g(n) is recursive, it will always come back to the base cases of g(1) and g(0). That is why when n keeps increasing it is only increasing by 2/(3^n)",2,0,0,0,0,0,0,Seth,fa22
11,12,Exam 6,learningStudy/WrittenInduction_Recurrence_v3,"Let n be a natural number. We need to prove that $g(n) = 2 - \frac{2}{3^n}$.

Base Cases: $g(0) = 0 = 2 - \frac{2}{3^0} = 0$

$g(1) = \frac{4}{3} = 2 - \frac{2}{3^1} = \frac{4}{3}$.

Let k  be a natural number where $k \ge 1$ and suppose that $g(k) = 2 - \frac{2}{3^k}$ and $g(k-1) = 2-\frac{2}{3^{k-1}}$. We need to show that some arbitrary natural number $m = k+1$ satisfies this statement.

Let's consider $g(k+1).$ This is equal to $\frac{4}{3}g(k) - \frac{1}{3}g(k - 1)$. 

This is equal to $\frac{4}{3} (2 - \frac{2}{3^k}) - \frac{1}{3}(2 - \frac{2}{3^{k-1}})$

This is equal to $\frac{8}{3} - \frac{8}{3^{k+1}} - \frac{2}{3} + \frac{2}{3^k} = 2 - \frac{8}{3^{k+1}} + \frac{2}{3^k} =2- \frac{8}{3^{k+1}} + \frac{2}{3^k} (\frac{3}{3})=2 - \frac{8}{3^{k+1}} + \frac{6}{3^{k+1}} = 2 - \frac{2}{3^{k+1}}$.

Substituting $m$ for $k+1$, we see that this equals $2 - \frac{2}{3^m}$.

Therefore, $g(m) = 2 - \frac{2}{3^m}$ for any arbitrary integer $m \ge 2$.",2,2,2,2,2,2,2,Seth,fa22
12,13,Exam 1,learningStudy/WrittenInduction_Recurrence_v3,"Base case: $g(0) = 0$, $g(1) = \frac{4}{3}$

Indecution: Assume $g(n) = 2 - \frac{2}{3^{n}}$ true for all $k$, $k \leq n$.

Then $g(n+1) = \frac{4}{3} g(n) - \frac{1}{3}g(n-1) = \frac{4}{3}(2 - \frac{2}{3^{n}}) - \frac{1}{3}(2-\frac{2}{3^{n-1}})$ 

$= \frac{8}{3} - \frac{8}{3^{n+1}} - \frac{2}{3} + \frac{2}{3^{n}} = \frac{6}{3} - \frac{8}{3^{n+1}} + \frac{2}{3^{n}} = 2 - (\frac{8}{3^{n+1}} - \frac{6}{3^{n+1}}) = 2 - \frac{2}{3^{n+1}}$

Q.E.D.",2,0,2,2,2,2,2,Seth,fa22
13,14,Exam 4,learningStudy/WrittenInduction_Recurrence_v3,"Let n be a natural number,

P(n) = $2-\frac{2}{3^n}$

Base: P(1) = $\frac{4}{3}$

Induction: P(n) holds for n = 2, 3,..., k

P(k) = $2-\frac{2}{3^k}$ 

Not sure how to prove.. expanded g(n) equation, could not determine how to simplify P(n) equation for n = k, assume some sum identity is needed.

",1,1,1,2,1,0,0,Seth,fa22
14,15,Exam 4,learningStudy/WrittenInduction_Recurrence_v3,"Base: we can find out that g(0), g(1) and g(2), which is 16/9 follows the fomula

Induction: By induction hypothesis, we could assume that from 0 to n-1 follows the fomula. Thus g(n-1) = 2-2/3^n-1 and g(n-2) = 2-2/3^n-2. Subsituting it into the given formula we get g(n) = 4/3*(2-2/3^n-1) - 1/3(2-2/3^n-2) = 2 - 8/3^n  + 2/3^n-1 = 2 - 8/3^n  + 6/3^n = 2- 2/3^n

As a result, the claim is true.",2,1,2,2,2,2,2,Seth,fa22
15,16,Exam 4,learningStudy/WrittenInduction_Recurrence_v3,"Claim g(n) is true.

Proof of induction on n.

Suppose that g(n) holds for all values up to k-1. Will use this to prove g(k).

$\frac43 g(k-2)-\frac13g(k-3) = 2$ and $2-\frac{2}{3^{k-1}}$

$g(k-2)$ and $g(k-3)$ will keep repeating until it reaches 1 and 0 respectively.

So, $\frac43 g(k-2)$ is equivalent to $(\frac43)^{k-1}$ and $\frac13 g(k-3)$ is equivalent to $(\frac43)^{k-2}$ 

$2-\frac{2}{3^{k-1}}$ can be expressed as $\frac{2*3^{k-1}}{3^{k-1}}-\frac{2}{3^{k-1}}$ = $\frac{2(3^{k-1}-1)}{3^{k-1}}$ 

 
",0,0,1,2,0,0,0,Seth,fa22
16,17,Exam 6,learningStudy/WrittenInduction_Recurrence_v3,"Base cases: g(0) = 0, g(1) = 4/3

Inductive hypothesis: suppose that g(n) = 2 - 2/3^n for all natural numbers n = 0, 1, 2, ..., k

Inductive proof: prove that g(n) works for k + 1

Inductive step: g(n) = 2 - 2/3^n

Proof: 
Suppose that g(n) = 4/3(n - 1) - 1/3(n - 2), for all n >= 2. Thus, g(k) could be shown as 4/3(g(k) - 1) - 1/3(g(k - 2)). According to our inductive step, g(k - 1) = 2 - 2/3^k - 1, and g(k - 2) = 2 - 2/3^k - 2. Substituting this in, we get g(k) = 4/3( 2 - 2/3^k - 1) - 1/3(2 - 2/3^k - 2).. This can be simplified to ((8 / 3) - (8 / 3^k)) - ((2/3) - (2/3^k - 1)). Combining these two, we get 2 - ((8/3^k) - (2/3^k - 1)). 2/3^k - 1 can be simplified to 6 / 3^k, which would turn our expression into 2 - ((8/3^k) - (6/3^k)), which is equal to 2 - (2 / 3^k). Thus, g(k) = 2 - (2/3^k), which is what we wanted to show. ",2,1,2,2,2,2,2,Seth,fa22
17,18,Exam 4,learningStudy/WrittenInduction_Recurrence_v3,"We will show that $g(n) = 2 - \frac{2}{3^n}$ for any natural number n

Base: We need to show that the formula holds for $n = 2$;  $\frac{4}{3}g(1) -\frac{1}{3}g(0) $ = $\frac{16}{9} - 0$ = $\frac{16}{9}$ = $\frac{18}{9}$ -$\frac{2}{9}$  = $2 - \frac{2}{9}$

Induction: We need to show that  $\frac{4}{3}g(a-1) -\frac{1}{3}g(a-2) = 2- \frac{2}{3^a}$ for natural number a

$g(a-1)$ = $2- \frac{2}{3^{a-1}}$

$g(a-2)$ = $2- \frac{2}{3^{a-2}}$

$\frac{4}{3}g(a-1) -\frac{1}{3}g(a-2) = \frac{4}{3} * (2- \frac{2}{3^{a-1}}) - \frac{1}{3}*(2- \frac{2}{3^{a-2}})$ = $\frac{8}{3} - \frac{8}{3^a}$ - $\frac{2}{3} + \frac{2}{3^{a-1}}$ = $\frac{6}{3}- \frac{8}{3^a} + \frac{6}{3^a}$ = $2- \frac{2}{3^a}$

which is what we needed to prove",1,2,0,0,2,2,2,Seth,fa22
18,19,Exam 1,learningStudy/WrittenInduction_Recurrence_v3,"N is any whole number greater than or equal to zero.

we know that g(0) = 0 checking this value in the new  equation of g(n) we get 0 as well. Similarly we know g(1) is equal to 4/3. Subsistiuting 1 into new equation we get 2 - 2/3 = 4/3 so we know for this case that it is true as well. 

When checking in the orginal g(2) we get that equal to 16/9. 

when using n= 2 for the new diefintion of g(n)as g(n) = 2 - 2/3^n we get g(2) equal to 16/9 as well",2,2,0,0,0,0,0,Seth,fa22
19,20,Exam 4,learningStudy/WrittenInduction_Recurrence_v3,"Let n = 2, $g(n) = (\frac{4}{3})(\frac{4}{3})-0$

Suppose $g(n) = 2 - \frac{2}{3^n}$ for $n = 0, 1, 2, 3, ..., k-2, k-1$

$g(k) = \frac{4}{3}g(k-1) - \frac{1}{3}g(k-2)$

$g(k) = \frac{4}{3}(2-\frac{2}{3^{k-1}}) - \frac{1}{3}(2-\frac{2}{3^{k-2}})$

$g(k) = \frac{4}{3}(2-\frac{2}{3^k(\frac{1}{3})}) - \frac{1}{3}(2-\frac{2}{3^k(\frac{1}{9})})$

$g(k) = \frac{4}{3}(2-\frac{6}{3^k}) - \frac{1}{3}(2-\frac{18}{3^k})$

$g(k) = \frac{4}{3}(\frac{3^k(2)-6}{3^k}) - \frac{1}{3}(\frac{3^k(2)-18}{3^k})$

$g(k) = \frac{1}{3}(\frac{3^k(8)-24-3^k(2)+18}{3^k})$

$g(k)= \frac{1}{3}(\frac{3^k(6)-6}{3^k})$

$g(k) = \frac{1}{3}(6 - \frac{6}{3^k})$

$g(k) = 2-\frac{2}{3^k}$

Therefore $g(n) = 2 - \frac{2}{3^n}$ for any natural number",1,2,2,2,2,2,2,Seth,fa22
20,21,Exam 6,learningStudy/WrittenInduction_Recurrence_v3,"Prove that $ g(n) = 2 - \frac{2}{3^n} $ for any natural number $n$

Base case: $ n = 2  $

$g(3) = 2 - \frac{2}{3^2} = \frac{4}{3}g(1)-\frac{1}{3}g(0) = \frac{4}{3} \frac{4}{3}=\frac{16}{9}$ which is true

Induction: 

Our hypothesis is that $g(n) = 2-\frac{2}{3^n}$ for any natural number $n$

Let $k$ be a natural number

$ g(k) = \frac{4}{3}g(k-1) -\frac{1}{3}g(n-2)$

Let's plug in our inductive hypothesis

$ g(k) = \frac{4}{3}(2-\frac{2}{3^{k-1}})-\frac{1}{3}(2-\frac{2}{3^{k-2}}) = \frac{8}{3} - \frac{8}{3^k} - \frac{2}{3} + \frac{2}{3^{k-1}}$

$g(k) = \frac{6}{3} - \frac{8}{3^k} + \frac{6}{3^k}$

$ g(k) = 2 - \frac{2}{3^k}  $

Our hypothesis has been proven by induction which is what we needed to do",1,1,2,1,2,2,2,Seth,fa22
21,22,Exam 4,learningStudy/WrittenInduction_Recurrence_v3,"Since g(0) = 0 and g(1) = 4/3
g(n) = 4/3g(n-1) - 1/3g(n -2) for n >= 2
So 8/3 * 4/3g(n-1) - 8/3 * 1/3g(n-1)
So g(n) = 2 - 2/3^n for any natural number n.",0,0,0,0,0,0,0,Seth,fa22
22,23,Exam 6,learningStudy/WrittenInduction_Recurrence_v3,"From second equation:
- g(k) = 2 - (2/(3^k))
- g(k+1) = 2 - (2/(3^(k+1)))
- g(k+2) = 2 - (2)/(3^(k+2))

Substitute into first equation

From first equation: g(k+2) = (4/3)g(k+1) - (1/3)g(k)

g(k+2) = (4/3)(2 - (2/(3^(k+1)))) - (1/3)(2 - (2/(3^k)))

(8/3) - (8/3)*(1/(3^k+1)) - (2/3) + (2/3)*(1/3^k)

8/3 - 2/3 = 2

The k terms simplify to 2/(3^(k+2))

So g(k+2) from first equation becomes 2 + 2/(3^(k+2)) which is the same as g(k+2) from the second equation

",0,0,0,0,2,2,2,Seth,fa22
23,24,Exam 1,learningStudy/WrittenInduction_Recurrence_v3,"Suppose that n is any natural number.

Also, suppose that g is a function which implies all natural numbers to real numbers.

Then, 4/3g(n-1) - 1/3g(n-2) is an input of n for the function g.

As n approaches infinity, 4/3g(n-1) will approach the value of 2, and 1/3g(n-2) will be representable as 2/3^n.

Therefore, g(n) = 2 - 2/3^n.

QED.",0,0,0,0,0,0,0,Seth,fa22
24,25,Exam 1,learningStudy/WrittenInduction_Recurrence_v3,"Let n = 2.

g(2) = 4/3 * (g(1)) - 1/3 * g(0)

= 4/3 * 4/3 - 1/3 * 0

= 16 / 9",1,1,0,0,0,0,0,Seth,fa22
25,26,Exam 4,learningStudy/WrittenInduction_Recurrence_v3,"Proof by induction on $n$

Inductive predicate: Suppose $g(n) = 2 - \frac{2}{3^n}$, for any natural number $n$.

Base Case: 

Let $n = 0$,then $g(0) = 0$.

Let $n = 1$,then $g(1) = \frac{4}{3}$.

Inductive Hypothesis: Let's assume that $P(k) = \sum_{i=0}^{k}{i} = \frac{k(k+1)}{2}$ for $k \ge 1$.

Inductive Step: We need to show that $P(k + 1) = \sum_{i=0}^{k+1}{i} = \frac{(k+1)(k+2)}{2}$, in order to prove by induction.

Let's start start with rewriting $P(k+1)$ as $(k+1) + \sum_{i=0}^{k}{i}$.

We cab replace $\sum_{i=0}^{k}{i}$ with $\frac{k(k+1)}{2}$ by our inductive hypothesis which will give us an equation $(k + 1) +\frac{k(k+1)}{2}$. 

Then $\frac{2(k+1)}{2} + \frac{k(k+1)}{2} = \frac{(k+1)(k+2)}{2}$. QED.",2,1,0,0,0,0,0,Seth,fa22
26,27,Exam 1,learningStudy/WrittenInduction_Recurrence_v3,"let g be a function that takes a natural number and converts it into a real number.

",0,0,0,0,0,0,0,Seth,fa22
27,28,Exam 6,learningStudy/WrittenInduction_Recurrence_v3,"let n be a natural number 

since g(0)=0 and g(1)=1 and g(n)=(4/3)g(n-1)-(1/3)g(n-2) when n >=2 

since g(n) is made by g(n-1) and  g(n-2) it is going to have it reach g(1) a number of time and g(0) a diffent number of times 

since g(2) = 2-2/9 = 2 - 3/3^2 QED",0,0,0,0,0,0,0,Seth,fa22
28,29,Exam 6,learningStudy/WrittenInduction_Recurrence_v3,"for any natural number n, g(n) = 4/3 g(n-1) - 1/3 g(n-2) 

let a be a number >= 2

suppose g(a-2) = 0 and g(a-1) = 4/3

4/3 g(a-1) - 1/3 g(a-2) = (4/3)*(4/3) - 0 = 16/9 = 2 -2/9 

which means a = 2, which is what we needed to prove.
",0,0,0,0,0,0,0,Seth,fa22
29,30,Exam 4,learningStudy/WrittenInduction_Recurrence_v3,"let g(n) be the statement
g(2)=4/3*4/3-1/3*0=16/9=2-2/3^2
suppose g(k), g(k+1) is true, g(k)=2-2/3^k, g(k+1)=2-2/3^(k+1)
g(k+2)=4/3g(k+1)-1/3g(k)=4/3(2-2/3^(k+1))-1/3(2-2/3^k)=8/3-8/(3^(k+2))-2/3+2/3^(k+1)=2-2/3^(k+2)
since g(2) is ture, g(k+2) is true given g(k), g(k+1) is true, g(n) is true",1,2,1,2,2,2,2,Seth,fa22
30,31,Exam 6,learningStudy/WrittenInduction_Recurrence_v3,"Proof by induction

Base cases: g(0) = 0 and $2-\frac{2}{3^0} = 0$, g(1) = $\frac{4}{3}$ and $2 - \frac{2}{3^1} = \frac{4}{3}$, g(2) = $\frac{4}{3}g(n-1)-\frac{1}{3}g(n-2)$ = $\frac{4}{3}\frac{4}{3} - \frac{1}{3}(0) = \frac{16}{9}$, $2 - \frac{2}{3^n}$ when n = 2 is equal to $2 - \frac{2}{9} = \frac{18}{9} - \frac{2}{9} = \frac{16}{9}$

Inductive Hypothesis: Suppose $\frac{4}{3}g(n-1)-\frac{1}{3}g(n-2)$ = $2 - \frac{2}{3^n}$ for n = 0, 1, 2, ..., k-1, k

Induction: Consider $g(k+1) = \frac{4}{3}g(k) - \frac{1}{3}(k-1)$

Because of the inductive hypothesis, we can assume this equals $\frac{4}{3}(2-\frac{2}{3^k}) - \frac{1}{3}(2-\frac{2}{3^{k-1}})$

By algebra, we can get $\frac{8}{3} - \frac{8}{3^{k}*3} - \frac{2}{3} + \frac{2}{3^{k-1}*3}$

$\frac{8}{3} - \frac{8}{3^{k+1}} - \frac{2}{3} + \frac{2}{3^{k}}$ = $\frac{6}{3} - \frac{8}{3^{k+1}} + (\frac{2}{3^k} * \frac{3}{3})$ = $2 - \frac{8}{3^{k+1}} + \frac{6}{3^{k+1}}$ = $2 - \frac{2}{3^{k+1}}$

Using the inductive hypothesis, we've now proven $g(k+1) = \frac{4}{3}g(k) - \frac{1}{3}(k-1)$ = $2 - \frac{2}{3^{k+1}}$, which is what we needed to show.",2,2,2,2,2,2,2,Seth,fa22
31,32,Exam 1,learningStudy/WrittenInduction_Recurrence_v3,"Let g(n) = 4/3 g(n-1) - 1/3 g(n-2) for n >= 2.  
= 4/3g(4/3 g(n-2) - 1/3 g(n-3)) - 1/3 g(4/3 g(n-3) - 1/3 g(n-4)).   
Eventually g(n-x) where x is some integer will drop to 0 or 1.   
This means the only possible values of g(n-x) are 0 or 4/3  
Combining them all together, g(n) = 2 - 2/3^n  
QED.",0,0,0,0,0,0,0,Seth,fa22
32,33,Exam 4,learningStudy/WrittenInduction_Recurrence_v3,"Proof of n by induction.

Inductive Predicate: $g(n) = 2 - \frac{2}{3^n}$

Base case:
For n = 2, the definition of g states $g(2) = \frac{4}{3}g(1) - \frac{1}{3}g(0) = \frac{4}{3}(\frac{4}{3}) - \frac{1}{3}(0) = \frac{16}9$. The predicate states $g(2) = 2 - \frac{2}{3^{2}} = \frac{16}{9}$ so the statement holds for $g(2)$. The predicate states $g(1) = 2 - \frac{2}{3^{1}} = \frac{4}{3}$ so the statement holds for $g(1)$. The predicate states $g(0) = 2 - \frac{2}{3^{0}} = 0$ so the statement holds for $g(0)$. The statement holds for all three base cases

Assume the statement $g(n) = 2 - \frac{2}{3^n}$ holds for all $n$ from $1,2,3,...,k$.

We must prove that $g(k+1) = 2 - \frac{2}{3^{k+1}}$ holds.

By the definition of $g$,
$g(k+1) = \frac{4}{3}g(k) - \frac{1}{3}g(k-1)$

Substituting in the inductive hypothesis:

$g(k+1) = \frac{4}{3}(2-\frac{2}{3^k}) - \frac{1}{3}(2-\frac{2}{3^{k-1}})$

Simplifying yields,

$g(k+1) = \frac{8}{3}(1-\frac{1}{3^k}) - \frac{2}{3}(1-\frac{1}{3^{k-1}}) = \frac{8}{3}(\frac{3^k-1}{3^k}) - \frac{2}{3}(\frac{3^{k-1}-1}{3^{k-1}}) = (\frac{8*3^k-8}{3^{k+1}}) - (\frac{2*3^{k-1}-2}{3^{k}})$

$g(k+1)=(\frac{8*3^k-8}{3^{k+1}}) - (\frac{2*3^{k-1}-2}{3^{k}})*\frac{3}{3} = (\frac{8*3^k-8}{3^{k+1}}) - (\frac{2*3^k-2}{3^{k+1}}) = (\frac{2*3^{k+1} - 2}{3^{k+1}}) = 2 - \frac{2}{3^{k+1}}$

Thus $g(k+1) = 2 - \frac{2}{3^{k+1}}$ which is what we needed to show. Q.E.D",2,2,2,2,2,2,2,Seth,fa22
33,34,Exam 4,learningStudy/WrittenInduction_Recurrence_v3,"Prove $ g(n) = 2-\frac{2}{3^n} $ through induction

We know that $ g(0) = 0$ and $g(1) = \frac{4}{3} $ 

Base case: Let $ n \in \mathbb{N} $ were $ n = 2$

$g(n) = g(2) = \frac{4}{3}g(2-1) - \frac{1}{3}g(2-2) = \frac{4}{3}g(1) - \frac{1}{3}g(0) = \frac{16}{9} - 0 = \frac{16}{9}$

$ g(n) = \frac{4}{3}g(n-1) - \frac{1}{3}g(n-2) $

$ g(2) = 2-\frac{2}{3^2} = 2-\frac{2}{9} = \frac{16}{9} $ 

So our base case is true

Inductive Hypothesis: Suppose $ g: \mathbb{N} \rightarrow \mathbb{R}$ we need to show $ g(n) = 2-\frac{2}{3^n} $

$ g(n) = g(k-1) = \frac{4}{3}g(k-1-1) - \frac{1}{3}g(k-1-2) = \frac{4}{3}g(k-2) - \frac{1}{3}g(k-3) $

Let us combine our inductive hypothesis with the formula we've created

$ g(k-1) = 2-\frac{2}{3^{k-1}}  = \frac{4}{3}g(k-2) - \frac{1}{3}g(k-3)$

$ 2-\frac{2}{3^{k-1}}  = \frac{4}{3}g(k-2) - \frac{1}{3}g(k-3) $

$ 2-\frac{2}{3^{k-1}}  = \frac{4}{3}(2-\frac{2}{3^{k-2}}) - \frac{1}{3}(2-\frac{2}{3^{k-3}}) $

$ 2-\frac{2}{3^{k-1}}  = \frac{8}{3} - \frac{8}{3^1\times3^{k-2}} - \frac{2}{3} + \frac{2}{3^1 \times 3^{k-3}} $

$  2-\frac{2}{3^{k-1}} = \frac{6}{3} - \frac{8}{3^1 \times 3^{-2} \times 3^k} + \frac{2}{3^1 \times 3^{-3} \times 3^k} $

$ 2-\frac{2}{3^{k-1}} = 2 - (- \frac{8}{3^{-1} \times 3^k } + \frac{2}{3^{-2} \times 3^k}) $

$ 2-\frac{2}{3^{k-1}} = 2 - (- \frac{8}{3^{-1} \times 3^k } + \frac{6}{3^{-1} \times 3^k}) $

$ 2-\frac{2}{3^{k-1}} =  2-\frac{2}{3^{k-1}} $

Due to the above algebra we have proven the hypothesis.",1,2,0,0,2,2,2,Seth,fa22
34,35,Exam 4,learningStudy/WrittenInduction_Recurrence_v3,"Let P(n): g(n) = 2 - 2/3^n.

Base cases P(0) and P(1) are trivially true. g(0) = 2 - 2/3^0 = 0. g(1) = 2 - 2/3 = 4/3.

Inductive hypothesis. P(n) is true for n = 0, 1, ..., k for some natural number k.
Inductive step: We want to show that P(k+1): g(k+1) = 2 - 2/3^(k+1) is true.

LHS = g(k+1) = 4g(n)/3 - g(n-1)/3 = 4(2-2/3^(n))/3 - (2 - 2/3^(n-1))/3 (from the inductive hypothesis)

= (8 - 8/3^n - 6 + 6/3^n)/3 = 2 - 2/3^n+1.

Therefore we are done by induction.",2,2,2,2,2,2,2,Seth,fa22
35,36,Exam 1,learningStudy/WrittenInduction_Recurrence_v3,"Can use 1 and 2 as examples,

g(1) = 4/3 and 2 - 2/3 = 4/3.

g(2) = 4/3 * g(1) - 1/3 * g(0) = 16/9 and 2 - 2/(3^2) = 1 + 7/9 = 16/9",2,2,0,0,0,0,0,Seth,fa22
36,37,Exam 1,learningStudy/WrittenInduction_Recurrence_v3,Suppose a natural nunber k = 0 and j is = to g(1) 4/3. If 4/3g(n-1)  zero than 4/3g-1 -1/3g2 >=2. This shows that it is equal to 2. so then 4/3 is greate rthan 2/3^n k-j>=g(n) which is true. ,0,0,0,0,0,0,0,Seth,fa22
37,38,Exam 6,learningStudy/WrittenInduction_Recurrence_v3,"We prove by strong induction,
Base case: g(2) = 4/3*g(1) - 1/3 * g(0) = 16/9 = 2 - 2/(3^2) = 9/16 , which is true  , n = 3 is also true  
Induction process: Suppose g(n) = 2 - 2/(3^k) and g(n-1) = 2 - 2/(3^(k-1)) for some k $\in N$  
Then g(n+1) = 4/3 * (2-2/(3^k)) - 1/3(2-2/(3^(k-1))) = 8/3 - 8/(3^(k+1)) - 2/3 + 6/(3^(k+1)) = 2 - 2/(3^k)  
Therefore, it is true when n is replaced by n + 1.  
Hence we have g(n) = 2- 2/(3^n) for all n >= 2",1,1,1,1,2,2,2,Seth,fa22
38,39,Exam 6,learningStudy/WrittenInduction_Recurrence_v3,"Proof by induction on n.
Induction Predicate: g(n) = 2-2/3^n.
Base case: n=2 -> 4/3*g(1)-1/3*g(0)=4/3*4/3-1/3*0=16/9-0=2-2/3^2=(18-2)/9=16/9.
Induction Hypothesis: for all n>=2, 4/3*g(n-1)-1/3*g(n-2) = 2-2/3^n.
Induction Step: For some k>=2, Prove g(k+1) = 4/3*g(k)-1/3*g(k-1) = 2-2/3^(k+1).
By induction hypothesis, g(k)=2-2/3^k and g(k-1)=2-2/3^(k-1).
Simplifying the left side, this gives us 4/3*(2-2/3^k)-1/3*(2-2/3^(k-1))=2-2/3^(k+1).
8/3-8/3^(k+1)-2/3+2/3^k=2-2/3^(k+1).
(8-2)/3-(8-2*3)/3^(k+1)=2-2/3^(k+1).
6/2-2/3^(k+1)=2-2/3^(k+1) which is what we needed to prove.",1,2,2,1,2,2,2,Seth,fa22
39,40,Exam 4,learningStudy/WrittenInduction_Recurrence_v3,Still not sure.,0,0,0,0,0,0,0,Seth,fa22
40,41,Exam 1,learningStudy/WrittenInduction_Recurrence_v3,"g(n) = (4/3)^n - ((4/3)^(n-1))/3

",0,0,0,0,0,0,0,Seth,fa22
41,42,Exam 1,learningStudy/WrittenInduction_Recurrence_v3,"g(n) = (4/3)g(n-1) - (1/3)g(n-2)

Prove (4g(n-1) - g(n-2))/3 = 2 - (2/(3^n)) for any natural number n

If n = 0, 2 - (2/(3^n)) = 2 - (2/1) = 0

If n = 1, 2 - (2/(3^n)) = 2 - (2/3) = 4/3

2 - (2/(3^n)) = 2 - 2(3^(-n)) = 2(1 - 3^(-n))",2,2,0,0,0,0,0,Seth,fa22
42,43,Exam 6,learningStudy/WrittenInduction_Recurrence_v3,"Base Case: For n = 0, g(n) = 2 - 2/3^0 = 2 - 2 = 0 and for n = 1, g(n) = 2 - 2/3^1 = 4/3. Both are true so therefore the claim holds.

Inductive Hypothesis: For any natural number n, g(n) = 2 - 2/3^n, for n >= 2.

g(k+1) = 4/3g(k) - 1/3g(k-1) 

       = 4/3(2-2/3^k) - 1/3(2-2/3^(k-1))
       ",2,2,2,1,1,2,2,Seth,fa22
43,44,Exam 4,learningStudy/WrittenInduction_Recurrence_v3,"proof by induction on n

inductive predicate:

inductive hypothesis: g(n) = 2 - 2/(3^n) for any natural number n

base case: g(0) = 2 - 2/3^0 = 2-2 = 0, g(1) = 2-2/3^1 = 2-2/3 = 4/3

inductive step: g(n+2) = 4/3*g(n+1) - 1/3*g(n)

g(n+2) = ",2,2,2,1,1,2,0,Seth,fa22
44,45,Exam 6,learningStudy/WrittenInduction_Recurrence_v3,"Let $g(n)=\frac{4}{3}g(n-1) - \frac{1}{3}g(n-2)$ for $n \geq 2$.

Base Case 1: $n = 0$, $g(n)=g(0)=2-\frac{2}{3^0}=0$ which is correct.

Base Case 2: $n = 1$, $g(n)=g(1)=2-\frac{2}{3^1}=\frac{4}{3}$ which is correct.

Induction Hypothesis: For some natural number $k$, $g(k+1)=2-\frac{2}{3^{k+1}}$.

$g(k+1) = \frac{4}{3}g(k+1-1) - \frac{1}{3}g(k+1-2) = \frac{4}{3}g(k) - \frac{1}{3}g(k-1)=\frac{4}{3}(2-\frac{2}{3^k}) - \frac{1}{3}(2-\frac{2}{3^{k-1}})$

$=\frac{8}{3}-\frac{8}{3^{k+1}} - \frac{2}{3}+\frac{2}{3^{k}}=\frac{6}{3}-\frac{8}{3^{k+1}}+\frac{2*3}{3*3^{k}}=\frac{6}{3}-\frac{8}{3^{k+1}}+\frac{6}{3^{k+1}}=2-\frac{2}{3^{k+1}}$ QED.",2,2,2,1,1,2,2,Seth,fa22
45,46,Exam 4,learningStudy/WrittenInduction_Recurrence_v3,"given g(1) = 4/3
g(n) = 4/3g(n-1) - 1/3g(n-2) where n >= 2
we know that it can be devided by g(1)
we utilize multipical role and induction,
we know the result is 2 - 2/3^n
and the statement is proved",0,0,0,0,0,0,0,Seth,fa22
46,47,Exam 6,learningStudy/WrittenInduction_Recurrence_v3,"Let's say that g(n) and g(n-1) satisfy $g(n) = 2-\frac{2}{3^{n}}$, then by induction we need to prove that g(n+1) also satisfies that statement.

So essentially we need to prove that $g(n+1) = 2-\frac{2}{3^{n+1}}$.

Since we know that g(n) and g(n-1) satisfy the above conditions, we can rewrite this as:

$g(n+1) = \frac43(2-\frac{2}{3^n}) - \frac13(2-\frac{2}{3^{n+1}}) = \frac{8}{3}-\frac{8}{3^{n+1}}-\frac{2}{3}+\frac{2}{3^n} = \frac{6}{3}-\frac{8}{3^{n+1}}+\frac{2}{3^n}=2-\frac{8}{3^{n+1}}+\frac{6}{3^{n+1}}$

$=2-\frac{2}{3^{n+1}}$.

We proved by induction that g(n+1) satisfies $g(n) = 2-\frac{2}{3^{n}}$, which is what we needed to show.",0,0,2,2,2,2,2,Seth,fa22
47,48,Exam 1,learningStudy/WrittenInduction_Recurrence_v3,"By using the information, g(2) will be equal to  4/3 * 4/3 - 1/3 * 0 = 16/9. 
g(3) will be 4/3 * 16/9 - 1/3 * 4/3 =52/ 27. Then when using g(2), it will be 2 - 2/9 = 16/9, and g(3) = 52/27",1,2,0,0,0,0,0,Seth,fa22
48,49,Exam 1,learningStudy/WrittenInduction_Recurrence_v3,"Natural numbers are positive whole numbers excluding 0. 
1. Let n = 2. g(2) is equal to 4/3 based on the first equation of g(n). g(2) is also equal to 4/3 based on the second equation of g(n). 
Basically, the second equation is a simplified version of g(n). The first equation requires a lot of work to find g(n) where the second equation is much easier and simplier. The first equation of g(n) described that n will always be equal to or greater than 0. When you simplify the first equation by combining the (4/3) g(n-1) - (1/3)g(n-2), together, you basically get (2/3^n). The second equation started g(n) with 2 - because of the expression that n will always be equal to or greather than 2. The second part of the equation was based from the subtraction in the first equation of g(n). ",0,0,0,0,0,0,0,Seth,fa22
49,50,Exam 6,learningStudy/WrittenInduction_Recurrence_v3,I forget how to do this question as well.,0,0,0,0,0,0,0,Ben,fa22
50,51,Exam 6,learningStudy/WrittenInduction_Recurrence_v3,"Base case for n = 2, According to the formula g(n) = (16/9) - 0 = 16/9   and 2 - 2/3^2 = 16/9. Therefore the base case is true.

Since the base case is true we have to prove that for any n from 2 to n + 1, g(n) = 2 - 2/3^n is true.


substituting n+1 in g(n) = $\frac{4}{3}$ g(n-1) - $\frac{1}{3}$ g(n-2),

g(n) = $\frac{4}{3}$* $g(n)$ -  $\frac{1}{3}$ * $g(n-1)$ = $\frac{4}{3}$ * ($2$ - $\frac{2}{3^n}$) - $\frac{1}{3}$($2$ - $\frac{6}{3^n}$)

=> g(n) = $\frac{8}{3}$ - $\frac{8}{3^n+1}$ - $\frac{2}{3}$ + $\frac{6}{3^n+1}$

=> g(n) = $2$ - $\frac{6}{3^n}$

Therefore proved.",1,2,0,1,1,2,2,Ben,fa22
51,52,Exam 4,learningStudy/WrittenInduction_Recurrence_v3,"Proof by induction on n  
Base cases: g(0) = 0 and 2 - 2/1 = 0, g(0) holds  
g(1) = 4/3 and 2 - 2/3 = 4/3, g(1) holds
Hypothesis: suppose g(n) holds for all n = 0, 1 ... k-1 holds
We need to show that g(k) = 2 - 2/3^k
g(k) = (4/3)g(k-1)-(1/3)g(k-2)
 = (4/3)(2-(2/3^(k-1))) - (1/3)(2-(2/3^(k-2)))
 = 8/3 - 8/3^k - 2/3 + 2/3^(k-1)  
  = 6/3 - 8/3^k + 6/3^k = 2 - 2/3^k, which is what we needed to prove.
 ",2,2,1,2,2,2,2,Ben,fa22
52,53,Exam 1,learningStudy/WrittenInduction_Recurrence_v3,"We prove by strong induction,  
Base case: g(0) = 0, g(1) = 4/3, then g(2) = 4/3*4/3 - 1/3 * 0 = 16/9 = 2 - 2/(3^2) which is true.  
Suppose g(n) = 4/3g(n-1) - 1/3 g(n-2) = 2- 2/(3^n) holds for all n >= 2, then g(n+1) = 4/3g(n) - 1/3g(n-1) = 4/3(2-2/3^n) - 1/3(2-2/3^n-1) = 8/3 - 8/3^n+1 - 2/3 + 2/3^n = 2 - 2/3^(n+1), which is true.
Therefore the induction process complete and this is what we need to show.",1,2,2,1,2,2,2,Ben,fa22
53,54,Exam 6,learningStudy/WrittenInduction_Recurrence_v3,"Let $g$ be a function from $\mathbb{N}$ to $\mathbb{R}$ such that $g(0)=0$, $g(1)=\frac{4}{3}$, $g(n)=\frac{4}{3}g(n-1)-\frac{1}{3}g(n-2)$, for $n \geq 2.$

Let $k \geq 2$ be a natural number.

$g(k)=\frac{4}{3}g(k-1)-\frac{1}{3}g(k-2)$

Suppose $k=2$, the minimum value it can take by its definition.

Plugging it into $g$ we get: $g(k=2) = \frac{4}{3}g(2-1)-\frac{1}{3}g(2-2)= \frac{4}{3}g(1)-\frac{1}{3}g(0)$

By the definition of $g$, $g(0)=0$ and $g(1)=\frac{4}{3}$. By plugging these given values into the function $g(2)$ we derived above, we get: $g(k=2)= \frac{4}{3}(\frac{4}{3})-\frac{1}{3}(0)=\frac{4^2}{3^2}.$

$\frac{4^2}{3^2}$ can be re-writen as $\frac{2^4}{3^2}=\frac{(3-1)^4}{3^2}=2-\frac{3-1}{3^2}=2-\frac{2}{3^2}$

Notice that the equation $g(n)=2-\frac{2}{3^n}$ when $n=k$ is satisfied by $g(k=2)$.

Suppose $k=3$, the the next  value it can take by its definition.

Plugging it into $g$ we get: $g(k=3) = \frac{4}{3}g(3-1)-\frac{1}{3}g(3-2)= \frac{4}{3}g(2)-\frac{1}{3}g(1)$

Plugging $g(2)=\frac{2^4}{3^2}$, which we already found, and $g(1)$ we get: $g(3)=\frac{4}{3}(\frac{2^4}{3^2})-\frac{1}{3}(\frac{4}{3})=\frac{4^3}{3^3}-\frac{4}{3^2}=\frac{4^3-12}{3^3}=$2-\frac{2}{3^3}$$

Notice that the equation $g(n)=2-\frac{2}{3^n}$ when $n=k$ is satisfied by $g(k=3)$.

Inductivelly, the pattern of natural numbers as we increment $k$ when $k=2$, the equation $g(n)=2-\frac{2}{3^n}$ is satisfied for any value $k=n \geq 2$.

Which is what we needed to show.

",1,2,0,0,0,0,0,Ben,fa22
54,55,Exam 1,learningStudy/WrittenInduction_Recurrence_v3,I'm not sure,0,0,0,0,0,0,0,Ben,fa22
55,56,Exam 1,learningStudy/WrittenInduction_Recurrence_v3,,0,0,0,0,0,0,0,Ben,fa22
56,57,Exam 6,learningStudy/WrittenInduction_Recurrence_v3,"Base Case: The statement is true for $ n = 0 ,1$. When $n = 0$, $g(0) = 2 - \frac{2}{3^0} = 2-2 = 0$. When $n = 1$, $g(1) = 2 - \frac{2}{3^1} = 2 -\frac{2}{3} = \frac{4}{3}$.

Induction Step: 

Induction hypothesis: The statement is true for $n = k$. That is, there exists some $k \in \mathbb{N}, k \geq2$,  such that $g(k) = 2 - \frac{2}{3^k}$. We would like to prove that the statement is true for $n = k + 1$. Then, by the definition of $g$, $g(k) = \frac{4}{3}g(k-1) - \frac{1}{3}g(k-2)$, and $g(k+1) = \frac{4}{3}g(k+1-1) - \frac{1}{3}g(k+1-2) = \frac{4}{3}g(k) - \frac{1}{3}g(k-1)$. Therefore, the statement is true for $n = k +1$, and this complete the induction step.",2,2,2,1,1,2,0,Ben,fa22
57,58,Exam 4,learningStudy/WrittenInduction_Recurrence_v3,"Let g be the function previously specified.

Testing base case (n=1): g(1) = 4/3.

Our inductive hypothesis states that g(n) = 2-2/3^n. g(1) is then equivalent to 4/3. Base case passed.

To complete proof by induction we must prove that the case that n = k-1 works. 

Substituting into first equation:  g(n) = 4/3 g(k-2) - 1/3 g(k-3).

Substituting g(n) = 2-2/3^n into previous equation : g(n) = 4/3 ( 2-2/(3^(k-2)) ) - 1/3 (2-2/(3^(k-3)))

g(n) = 4/3 ( 2-2/(3^(k-2)) ) - 1/3 (2-2/(3^(k-3)))

g(n) = 8/3 - 2/3 - 8/3^k-1 +2/3^k-3 = 2 - 6/3^k-1.

g(n) = 2 - 2/3^(k-1) and since n=k-1, g(n) = 2-2/3^(n).

This is what we wanted to prove. 

",1,2,0,0,2,2,2,Ben,fa22
58,59,Exam 6,learningStudy/WrittenInduction_Recurrence_v3,"Suppose n is a natural number,

g(0) = 2 - $\frac{2}{3^{0}}$ = 2 - 2 = 0, this is true.

g(1) = 2 - $\frac{2}{3^{1}}$ = 4/3, this is true.

Base Case: g(2) = 2 - $\frac{2}{3^{2}}$ = $\frac{4}{3}$ g(1) - $\frac{1}{3}$ g(0) = $\frac{16}{9}$, this is true.

Now we know that base case for n $\geq$ 2 is true, we suppose that when we input n - 1, g is also true, so g(n - 1) = $\frac{4}{3}$g(n-2) - $\frac{1}{3}$g(n-3)

We test that when the input of g is n, g(n) = $\frac{4}{3}$ g(n - 2) - $\frac{1}{3}$g(n -3) + $\frac{16}{9}$ = $\frac{4}{3}$ g(n - 1) - $\frac{1}{3}$g(n - 2), g is true for all n.

This statement is true, this is what we need to show.",2,2,1,1,1,1,0,Ben,fa22
59,60,Exam 4,learningStudy/WrittenInduction_Recurrence_v3,"Let n = 2   
Then g(2) = 2 - (2/3^2) = 2 - 2/9 = 16/9    
And g(2) = (4/3)g(2-1) - (1/3)g(2-2) = (4/3)g(1) - (1/3)g(0) = (4/3)(4/3) - (1/3)0 = 16/9   
So g(n) = 2 - 2/3^n is true for n = 2    
Suppose g(n) = 2 - (2/3^n) for all n = 0,1,...,k + 1.   
Then g(k+1) = (4/3)g((k+1)-1) - (1/3)g((k+1)-2) = (4/3)g(k) - (1/3)g(k-1) =  

Then g(n) = 2 - 2/3^n, which is QED",1,2,2,2,1,2,0,Ben,fa22
60,61,Exam 1,learningStudy/WrittenInduction_Recurrence_v3,"Using induction, it is obvious that g(0) is 0 and g(1) is 4/3. Hence, we know that when n is a larger number than 2 - 2/3^n. Induction tells us that when n >= 2, we get 2 - (2/3^n)",2,1,0,0,1,0,0,Ben,fa22
61,62,Exam 4,learningStudy/WrittenInduction_Recurrence_v3,"Proof by induction on n.

Inductive Predicate: g(n) = 2 - 2/$3^n$

Base cases: for n = 0, g(0) = 0, and 2 - 2/$3^n$ = 2 - 2 = 0. So g(0) holds. for n = 1, g(1) = 4/3, and 2 - 2/$3^n$ = 2 - 2/3 = 4/3. So g(1) holds.

Induction hypothesis: Suppose that g(n) = 2 - 2/$3^n$  holds for n = 0,1,2,....,k.

Inductive step: We need to show that g(n+1) = 2 - 2/3^(n+1) holds.

Starting from the left hand side, g(n+1) = 4/3g(n) - 1/3g(n-1) by the definition of g.

4/3g(n) - 1/3g(n-1) = 4/3(2-2/$3^n$) - 1/3(2-2/3^(n-1)) = 8/3 -8/3^(n+1) - 2/3 + 2/$3^n$ = 2 - 8/3^(n+1) + 6/3^(n+1) = 2 -  2/3^(n+1), which establishes the inductive step.
",2,2,2,2,2,2,2,Ben,fa22
62,63,Exam 6,learningStudy/WrittenInduction_Recurrence_v3,"Let us use proof by induction.

Since g(0) = 0, and g(1) = 4/3, let us assume g(k) = 2 - 2/3^k for k = 2, 3, ...n-1. 

Then, we can see that g(k+1) = 2 - 2/3^(k+1), which equals 2 - 2/3^n.

Thus, we have proved the statement using proof by induction.",2,0,2,1,2,0,0,Ben,fa22
63,64,Exam 1,learningStudy/WrittenInduction_Recurrence_v3,"Proof]
For g(1) = 2-2/3 = 4/3
    g(0) = 2-2 = 0 which means the statement hold for n =0,1",2,2,0,0,0,0,0,Ben,fa22
64,65,Exam 4,learningStudy/WrittenInduction_Recurrence_v3,"proof by induction on n

inductive predicate : P(n) = 2 - 2/(3^n).
Base cases: P(0) = 0 = g(0)

P(1) = 2-2/3 = 4/3 = g(1)
P(2) = 2 - 2/9 = 16/9 = g(2)

Thus our bases cases for P(n) are satisfied.

For our inductive hypothesis let P(n)=g(n) for all n in 1,2,...k-1.
We must now prove that P(k)=g(k). 

First consider the left side P(k) = $2-\frac{2}{3^k}$. Secondly, g(k) = $\frac{4}{3}g(k-1)-\frac{1}{3}g(k-2)$.
By the inductive hypothesis g(k-1)=p(k-1) and g(k-2)=p(k-2)

By substitution g(k) = $\frac{4}{3}(2-\frac{2}{3^(k-1)})-\frac{1}{3}(2- \frac{2}{2^(k-2)})$. By simplification g(k) = 2-2/3^k so P(k)=g(k). Q.E.D ",2,2,2,2,2,2,2,Ben,fa22
65,66,Exam 1,learningStudy/WrittenInduction_Recurrence_v3,"Let $G(0) = 0$ and $G(1) = \frac43$

Since G(0) = 0 then any number where n is 0 will equal $2-2/(3n) $ will = 0 if n = 0

Same argument can be said about when g(1) = 4/3

Therefore the statements are equivalent?",2,1,0,0,0,0,0,Ben,fa22
66,67,Exam 4,learningStudy/WrittenInduction_Recurrence_v3,"g(0)=0

g(1)=4/3

g(2)=16/9

g(3)=64/27-4/9 = 52/27

g(4)=(4/3)*(52/27)-(1/3)*(16/9)=208/81-16/27=160/81

As shown, as n gets larger and larger the value of g(n) gets closer to 2. This is similar to the equation given: g(n)=2-2/3^n because as n gets larger in this equation, the value of 3^n becomes larger and larger, eventually infinite making 2/3^n equal to a negligible value so the equation. And as for when the value of n isnt very large, you can plug in the first few values to confirm. For example, when n=0, 2-2/3^0 is equal to 0 and when n=1, 2-2/3^1 is equal to 4/3. Hence, the claim is true for any natural number n.",1,2,0,0,0,0,0,Ben,fa22
67,68,Exam 4,learningStudy/WrittenInduction_Recurrence_v3," Suppose that $g(n)=2-\frac{2}{3^n},  g(2)=\frac{16}{9}$
 
 Then $g(n-1)=2-\frac{2}{3^{n-1}}$ , $g(n-2)=2-\frac{2}{3^{n-2}}$
 
 $\frac{4}{3}g(n-1)=\frac{8}{3}-\frac{8}{3^{n}}$ , $\frac{1}{3}g(n-2)=\frac{2}{3}-\frac{6}{3^{n}}$
 
 So we got $g(n)=\frac{4}{3}g(n-1) -\frac{1}{3}g(n-2)=\frac{8}{3}-\frac{8}{3^{n}}-\frac{2}{3}+\frac{6}{3^{n}}=2-\frac{2}{3^{n}}$, which is what we need to prove.
  
  ",0,0,0,0,2,2,2,Ben,fa22
68,69,Exam 1,learningStudy/WrittenInduction_Recurrence_v3,"Suppose n is a natural number and g(n) = $\frac{4}{3} g(n-1) - \frac{1}{3}g(n-2)$ for n $\geq$ 2.

Case n = 0:
g(n) = 0 = 2 - $\frac{2}{3^0}$ = 2 - 2 = 0.

Case n = 1:
g(n) = $\frac{4}{3}$ = 2 - $\frac{2}{3^1}$ = 2 - $\frac{2}{3}$ = $\frac{4}{3}$.

Case n $\geq$ 2:
g(n) = $\frac{4}{3}g(n-1) - \frac{1}{3}g(n-2)$

...

Therefore, g(n) = 2 - $\frac{2}{3^n}$. QED.",2,2,0,0,0,0,0,Ben,fa22
69,70,Exam 4,learningStudy/WrittenInduction_Recurrence_v3,Let g be a natural number. Since g(1) and g(0) make us believe g is a function of a variable lets make that variable a natural number n. Since g(n) = 4/3g(n-1) -1/3g(n-2) for values of n greater than or equal to 2 we know that it can simplify to g(n) = 2-2/3^n.,0,0,0,0,0,0,0,Ben,fa22
70,71,Exam 4,learningStudy/WrittenInduction_Recurrence_v3,i still don't know how to do this one either sorry :(,0,0,0,0,0,0,0,Ben,fa22
71,72,Exam 4,learningStudy/WrittenInduction_Recurrence_v3,"Proof of induction. the indincative predicate is shown by g(n). First the base case of g(0) and g(1) work, as they do not work when plugged into the bottom g(n). Using the indicative hypothesis of 2 - 2/3^n equivalent to g(n), we can see that multiplying both sides by 3 gives us 4g(n-1) -g(n-2). Then using induction we can see that multiplying both sides by n^2 is the equivalent of the recurrence.",2,0,2,0,0,0,0,Ben,fa22
72,73,Exam 6,learningStudy/WrittenInduction_Recurrence_v3,"When we plug in 0 into g(n) we get 0 and when we plug in 1 into g(n) we get 4/3. 

Let n = k + 1 as our base case so that we get g(k+1) = 2-2/$3^{(k+1)}$. 

By induction we know that for any natural number, g(k+1) will be equal to g(n) given by the functions defined by g. 

So g(k+1) = 2-2/$3^{k+1}$ = g(n_ = $\frac{4}{3}$g(n-1) - $\frac{1}{3}$g(n-2) which is what we needed to show. ",2,1,0,0,1,2,0,Ben,fa22
73,74,Exam 1,learningStudy/WrittenInduction_Recurrence_v3,"g(n), through recursion, ends up equaling 4/3 - 1/3",0,0,0,0,0,0,0,Ben,fa22
74,75,Exam 6,learningStudy/WrittenInduction_Recurrence_v3,"use 0,1,2
we got 4/3g(0)",0,0,0,0,0,0,0,Ben,fa22
75,76,Exam 4,learningStudy/WrittenInduction_Recurrence_v3,"Let n be a natural number.

Proof by induction on n. 

g(0) = 2 - $\frac{2}{3^0}$ = 2 - 2 = 0
g(1) = 2 - $\frac{2}{3^1}$ = 2 - $\frac{2}{3}$ = $\frac{4}{3}$

Inductive Hypothesis 
g(n) = $\frac{4}{3}g(n-1)-$ $\frac{1}{3}g(n-2)$ = g(n) = 2 - $\frac{2}{3^n}$, for any values n $\geq$ 2, ... k + 1

By the inductive hypothesis, ...

...

g(n) = 2 - $\frac{2}{3^n}$, which is what we needed to prove.



",2,2,2,1,1,0,0,Ben,fa22
76,77,Exam 4,learningStudy/WrittenInduction_Recurrence_v3,,0,0,0,0,0,0,0,Ben,fa22
77,78,Exam 6,learningStudy/WrittenInduction_Recurrence_v3,"I didn't manage to figure this out last week either, even with the proof stuff fresh in my head.",0,0,0,0,0,0,0,Ben,fa22
78,79,Exam 4,learningStudy/WrittenInduction_Recurrence_v3,"Proof by induction on n.

Inductive Predicate: P(n) = 2-2/(3^n)

Base Case: for n = 0, 2-2/(3^0) = 0 which is equal to g(0) for n=1: 2-2/(3^1) = 4/3 which is equal to g(1) so both cases P(0) and P(1) hold.

Inductive Hypothesis:  P(n): g(n) = 2-2/(3^n) holds for n=1,2,...,k for some integer k>=3.

Inductive Step: We need to show that P(k+1): g(k+1) = 2-2/(3^k+1) holds.

Using the definition of f we get (4/3)*g(k-1)-(1/3)*g(k-2) 

Then using inductive hypothesis we get (4/3)*g(k-1)-(1/3)*g(k-2) = (4/3)*(2-2/3^(k-1))-(1/3)*(2-2/3^(k-2))

Simplifying we get 2-2/(3^n)

So g(n) = 2-2/(3^n) which is what we needed to show.",2,2,2,1,2,2,2,Ben,fa22
79,80,Exam 1,learningStudy/WrittenInduction_Recurrence_v3,"Lets look at the first few terms of g

$g(0) = 0$
$g(1) = \frac{4}{3}$
$g(2) = \frac{4}{3}^2 - 1/3(0) = \frac{16}{9}$
$g(3)$ = $\frac{4}{3}(\frac{16}{9})-\frac{4}{9}$ = 52/27

By now it is obvious our series is some sort of exponential function which approaches 2 as the intercept. Logic gives g(n) = 2-2/3^n
",0,0,0,0,0,0,0,Ben,fa22
80,81,Exam 4,learningStudy/WrittenInduction_Recurrence_v3,"We will prove g(n) = (4/3)g(n-1) - (1/3)g(n-2) is equivalent to g(n) = 2 - (2/(3^n)) for any natural number n using induction.

Base case 1: g(0) = 0 and g(0) = 2 - (2/(3^0)) = 2 - (2/1) = 0.

Base case 2: g(1) = (4/3) and g(1) = 2 - (2/(3^1)) = 2 - (2/3) = (4/3).

Suppose that g(n) = 2 - (2/(3^n)) for n = 0, 1 ... k-1. Consider g(k). From the definition of g(n), g(k) = (4/3)g(k-1) - (1/3)g(k-2). From the induction hypothesis, g(k-1) = 2 - \frac{2}{3^(k-1)} and g(k-2) = 2 - \frac{2}{3^(k-2)}. Substituting, g(k) = (4/3)(2 - \frac{2}{3^(k-1)}) - (1/3)(2 - \frac{2}{3^(k-2)}). Distributing and adjusting denominator exponents for the distributed fractions, we reach g(k) = (8/3) - (2/3) - \frac{8}{3^k} + \frac{2}{3^(k-1)}. We can simplify the final fraction by multiplying by (3/3) to finally achieve g(k) = (8/3) - (2/3) - \frac{8}{3^k} + \frac{6}{3^k} = 2 - \frac{2}{3^k}. QED
",2,2,2,2,2,2,2,Ben,fa22
81,82,Exam 6,learningStudy/WrittenInduction_Recurrence_v3,"Base cases: g(0) = 0, g(1) = 4/3.

Take n = 0 and n = 1 into base cases, they all satifity. 

Suppose that g(n) = 2-2/(3^n), then g(n-1) = 2-2/(3^(n-1)) and g(n-2) = 2-2/(3^(n-2)). 

Through simplyfing, we obtain that g(n) = (4/3)g(n-1)-(1/3)g(n-2), which is what we need to prove.",2,2,1,0,1,1,0,Ben,fa22
82,83,Exam 4,learningStudy/WrittenInduction_Recurrence_v3,"proof by inducton

my induction definition is that 2-2/3^n = g(n)

for n = 2 they both = 16/9 

QED",1,2,2,0,0,0,0,Ben,fa22
83,84,Exam 6,learningStudy/WrittenInduction_Recurrence_v3,"g(n -1) = 4/3 * g(n - 2) - 1/3 * g(n - 2), so g(n) = ",0,0,0,0,0,0,0,Ben,fa22
84,85,Exam 1,learningStudy/WrittenInduction_Recurrence_v3,I don';t know how to do proof by induction,0,0,0,0,0,0,0,Ben,fa22
85,86,Exam 1,learningStudy/WrittenInduction_Recurrence_v3,Also no idea even where to begin,0,0,0,0,0,0,0,Ben,fa22
86,87,Exam 4,learningStudy/WrittenInduction_Recurrence_v3,Didn't have time,0,0,0,0,0,0,0,Ben,fa22
87,88,Exam 6,learningStudy/WrittenInduction_Recurrence_v3,"Base case: n = 2; g(0)=0; g(1)=4/3; g(2) = (4/3)g(1)-(1/3)g(0) = (4/3)(4/3)-(1/3)0 = 16/9; 2-2/(3^2)=16/9; 16/9 = 16/9, correct    
Suppose n = a is correct;-->g(a)=(4/3)g(a-1)-(1/3)g(a-2)

when n = a+1: g(a+1)=(4/3)g(a)-(1/3)g(a-1) = (4/3)( (4/3)g(a-1)-(1/3)g(a-2)  )- (1/3)g(a-1)    
= (4/3)(4/3)g(a-1) - (4/3)(1/3)g(a-2) - (1/3)g(a-1)    
= (16/9 - 1/3)g(a-1) - (4/9)g(a-2)    
= (13/9)g(a-1)-(4/9)g(a-2).

g(a+1)-g(a) = (1/9)g(a-1)-(1/9)g(a-2) = (1/9)(g(a-1)-g(a-2))
g(a+1)-g(a) = (2 - 2/(3^a+1)) - (2 - 2/(3^a)) = 2/(3^a) - 2/(3*(3^a)) = 4/(3*3^a) 
g(a)-g(a-1) = = 4/(3*3^(a-1) = 4/(3^a)
g(a-1)-g(a-2) = = 4/(3*3^(a-2) = 4/(3^(a-1))
g(a+1)-g(a) = (1/9) g(a-1)-g(a-2) 
Therefore, the statement is correct!",1,2,0,1,1,2,1,Ben,fa22
88,89,Exam 1,learningStudy/WrittenInduction_Recurrence_v3,"$$
g(0) = 2-\frac{2}{3^0} = 0
$$
$$
g(1) = 2-\frac{2}{3^1} = \frac{4}{3}
$$
$$
g(2) = 2-\frac{2}{3^2} = \frac{4}{3} g(1) - \frac{1}{3}g(0)= \frac{16}{9}
$$
$$
g(3) = 2-\frac{2}{3^3} = \frac{4}{3} g(2) - \frac{1}{3}g(1) = \frac{52}{27}
$$
$$
g(n) = 2-\frac{2}{3^n} = \frac{4}{3} g(n-1)- \frac{1}{3}(n-2)
$$
Is what we needed to show.",2,2,0,0,0,0,0,Ben,fa22
89,90,Exam 6,learningStudy/WrittenInduction_Recurrence_v3,"Prove by induction:

Base case: $g(0) = 0, g(1) = \frac{4}{3}$

Induction: Assume $g(n) = 2 - \frac{2}{3^n}$ is true for all $k \leq n$.

Then $g(k+1) = \frac{4}{3}g(k+1-1)-\frac{1}{3}g(k+1-2) = \frac{4}{3}g(k) - \frac{1}{3}g(k-1)$.

By induction hypothesis

$g(k+1)= \frac{4}{3}(2-\frac{2}{3^k})-\frac{1}{3}(2-\frac{2}{3^{k-1}}) = \frac{8}{3} - \frac{8}{3^{k+1}} - \frac{2}{3} + \frac{2}{3^k} = 2-\frac{8}{3^{k+1}} + \frac{6}{3^{k+1}} = 2-\frac{2}{3^{k+1}}$

Q.E.D.",2,0,2,1,2,2,2,Ben,fa22
90,91,Exam 6,learningStudy/WrittenInduction_Recurrence_v3,"g(0) = 0

g(1) = 4/3

2-2/(3^0) = 0

2-2/(3^1) = 4/3

g(2) = 4/3(g(2-1) - 1/3(g(2-2))) = 4/3(4/3) - 1/3(0) = 16/9

g(k+1) = 4/3g(k) - 1/3g(k-1)

therefore g(n) = 4/3(g(n-1)) - 1/3(g(n-2)), for n>=2

QED",2,2,0,0,0,0,0,Ben,fa22
91,92,Exam 1,learningStudy/WrittenInduction_Recurrence_v3,"Let n be an real number bigger and equal to 2. If n = 2 or n = 3 or n = k - 1, g(n) = 2 - 2/3* n.",0,0,0,0,0,0,0,Ben,fa22
92,93,Exam 4,learningStudy/WrittenInduction_Recurrence_v3,"proof by induction on n 

base cases are satisfied bc 2-2 = 0, 2- 2/3 = 4/3. 

we assume that g(n) = 2-2/3^n for any number less than or equal to n

substitiutinng into g(n) = 4/3g(n-1)- 1/3 g(n-2) we get 4/3(2- (2/3^(n-1)) -1/3(2-(2/3^n-2)) = g(n)

simplifying and moving terms we get 6/3 - 8/3^n + 6/ 3^n 

simplyfiying further we get g(n) = 2 - 2/3^n which is what we needed to show. ",2,2,2,1,2,2,2,Ben,fa22
93,94,Exam 4,learningStudy/WrittenInduction_Recurrence_v3,"Induction Hypothesis: g(n) = 2 -2/3^n

Base case, when N = 0, g(0) = 2 - 2/1 = 0. Also, when n = 1, g(1) = 4 / 3. from this, it works for all n from 0, 1 , 2, 3, ..., k - 1;

Induction prove: From this, we need to prove when n = k. 

g(k) = 4 /3g(k-1) - 1/3 g(k-2) = 4 / 3 * (2 - 2/3^(k - 1) - 1/3 (2 - 2/3^(k-2) = 8 / 3 - 8 / 3^k - 2 / 3 + 2/3^(n-1) = 2 - 2/3^k.

In this case, it is equal to the induction hypothesis we claimed above, which is what we need to prove.",2,2,2,2,2,2,2,Ben,fa22
94,95,Exam 4,learningStudy/WrittenInduction_Recurrence_v3,"######We will use induction to prove this statement
######Base case: $g(0)=2-\frac{2}{3^0}=0, g(1) = 2- \frac{2}{3^1}=\frac{4}{3}, g(2) = \frac{4}{3}g(2-1)-\frac{1}{3}g(2-2)=\frac{16}{9}$
######Proof: Suppose $n$ is a natural number, and $g(n) = 2 - \frac{2}{3^n}$ when $b \in [0, k]$. We will check if the function is true when $n=k+1$ to proof the statement. let $s = k-1, p = k+1$. So, $g(k) = 2-\frac{2}{3^k}, g(s) = 2-\frac{2}{3^s}$. And $g(k+1) = \frac{4}{3}g(k) - \frac{1}{3}(k-1) = -\frac{2}{3^p} + 2$.
######which is what we need to show.",2,2,2,2,2,2,2,Ben,fa22
95,96,Exam 6,learningStudy/WrittenInduction_Recurrence_v3,"Proof By Induction:

Base Case: $g(0) = 2 - \frac{2}{3^0} = 2 - 2 = 0$, so the inductive hypothesis holds for 0. $g(1) = 2 - \frac{2}{3^1} = 2 - \frac{2}{3} = \frac{4}{3}$, so the inductive hypotheis holds for 1. The inductive hypothesis holds for both base cases.

Inductive Hypothesis: Assume $g(n) = 2 - \frac{2}{3^n}$ holds for all $n \in \mathbb{N}$ from $1,2,...,n$.

Inductive Step: Now to prove the inductive hypothesis holds for $n+1$.

$g(n+1) = \frac{4}{3}g(n) - \frac{1}{3}g(n-1)$ by definition of f.

By the inductive hypothesis, 
$g(n+1) = \frac{4}{3}(2-\frac{2}{3^n}) - \frac{1}{3}(2-\frac{2}{3^{n-1}})$ by definition of f.

Expanding yields, $g(n+1) = (\frac{8}{3}-\frac{4}{3^{n+1}}) - (\frac{2}{3}-\frac{2}{3^{n}})$ by definition of f. Simplifying yields $g(n+1) = 2 + \frac{4}{3^{n+1}} - \frac{6}{3^{n+1}}$. This yields $g(n+1) = 2- \frac{2}{3^{n+1}}$, which means the inductive hypothesis holds for $n+1$. Thus, $g(n) = 2 - \frac{2}{3^n}$ for any $n \in \mathbb{N}$, which is what we needed to prove.
",2,2,2,2,2,2,2,Ben,fa22
96,97,Exam 1,learningStudy/WrittenInduction_Recurrence_v3,"Let k be any natural number, $g(k)=2-\frac{2}{3^k}$. Suppose k+1, $g(k+1)=2-\frac{2}{3^{k+1}}$ suppose k+2, $g(k+2)=2-\frac{2}{3^{k+2}}$. Check $g(k+2)=4/3g(k+1)-1/3g(k) = 4/3(2-\frac{2}{3^{k+1}})-1/3(2-\frac{2}{3^k})=$ $8/3-8/(3^{k+2})-2/3+(2*3)/(3^{k+1}*3)=6/3-2/3^{k+2}=2-\frac{2}{3^{k+2}} =g(k+2) $",0,0,2,0,2,2,2,Ben,fa22
97,98,Exam 1,learningStudy/WrittenInduction_Recurrence_v3,"Let g be a function, with domain N and range R. Then g(0) = 0, g(1) = 4/3 and g(n) = (4/3)g(n-1)-(1/3)g(n-2) for n>=2.
We want to prove thatbfor any natural number n, g(n)=2-2/(3^n). We know g(0) and g(1), and substituting 0 and 1 for the n we get g(0) = 2-2/3^0 = 2-2/1 = 0, the same as our given info. For g(1) = 2-2/3^1 = 2-2/3 = (6-2)/3 = 4/3, the same as what we were given. For the last scenario we have a statement for all n>=2.
If we subsitute in g(n) = (4/3)g(n-1)-(1/3)g(n-2), g(n-1) and g(n-2), then we get     
g(n) = (4/3)[(4/3)g(n-2)-(1/3)g(n-3)] - (1/3)[[(4/3)g(n-3)-(1/3)g(n-4)]], and if we continue to do so we will end up with combinations of 4/3 and 1/3 and our only g(n), will be of g(0) and g(1). Ending with g(0) and g(1) means that our only numbers are going to be + and - combinations of 4/3 and 1/3. ",2,2,0,0,0,0,0,Ben,fa22
98,99,Exam 1,learningStudy/WrittenInduction_Recurrence_v3,"
$g(0) = 0$ 
and
$g(0) = 2 - \frac{2}{3^0} = 2 - 2 = 0$

$g(1) = \frac{4}{3}$ 
and
$g(1) = 2 - \frac{2}{3^1} = 2 - \frac{2}{3} = \frac{4}{3}$ 

$g(2) = \frac{4}{3} \cdot g(1) - \frac{1}{3} \cdot g(0) = \frac{4}{3} \cdot \frac{4}{3} - \frac{1}{3} \cdot 0 = \frac{16}{9}$ 
and
$g(2) = 2 - \frac{2}{3^2} = 2 - \frac{2}{9} = \frac{16}{9}$ ",2,2,0,0,0,0,0,Ben,fa22
99,100,Exam 1,learningStudy/WrittenInduction_Recurrence_v3,"Since g(n) = 2 - 2/3^n, and g(0) = 0, and g(1) = 4/3, this means that 2- 2/3^n is equivalent to the function g(n) given in the problem. ",0,0,0,0,0,0,0,Ben,fa22
100,101,Exam 4,learningStudy/WrittenInduction_Recurrence_v3,"For $n = 0$, $g(0) = 2 - \frac{2}{3^0} = 2-2 = 0$

For $n=1$, $g(1) = 2 - \frac{2}{3^1} = \frac{6-2}{3} = \frac{4}{3}$

Since both base cases hold true, we may now assume $g(k) = 2 - \frac{2}{3^k}$ holds for $k = n-1$

Therefore, $g(n-1) = g(k) = 2-\frac{2}{3^k}$

$\frac{4}{3}g(n-2) - \frac{1}{3}g(n-3) = 2-\frac{2}{3^{n-1}}$

$g(n) = \frac{4}{3}g(n-1) - \frac{1}{3}g(n-2) = \frac{4}{3}(2-\frac{2}{3^{n-1}}) - \frac{1}{3}(2-\frac{2}{3^{n-2}})$

$g(n) = \frac{8}{3} - \frac{8}{3^n} - \frac{2}{3} + \frac{2}{3^{n-1}}$

$g(n) = 2-\frac{8}{3^n}+\frac{2}{3^{n-1}} = 2-\frac{8}{3^n}+\frac{2\times3}{3^n} = 2 - \frac{2}{3^n}$ which agrees with the original claim.",2,2,2,1,2,2,2,Ben,fa22
101,102,Exam 4,learningStudy/WrittenInduction_Recurrence_v3,"g(n) is recusive such that it will keep breaking down until it gets to g(1) and g(0) (since also values of n are natural numbers). Every time g() is called, it leaves 4/3 or -1/3 to be added to the main ""call"". This evens out to 2 - 2/3^n",0,0,0,0,0,0,0,Ben,fa22
102,103,Exam 1,learningStudy/WrittenInduction_Recurrence_v3,"let g be a natural number. We can define g as a real number by setting g(0) = 0. g(1) = 4/3, and g(n) = 4/3g(n-1) - 1/3g(n-2) for n >= 2.
Then, g(n) = 2 - 2/(3^n) which is what we needed to prove.",0,0,0,0,0,0,0,Ben,fa22
103,104,Exam 6,learningStudy/WrittenInduction_Recurrence_v3,"Induction hypothesis: we need to prove that g(n) = 2 -2/3^n for any natural number n 

Induction base : g(0) = 0, g(1) = 4/3

Induction prove: for any natural number k from 0, 1, 2, ..., n, we want to prove when k = n + 1. 

so g(n+1) = 4/3 g(n) - 1/3 g(n-1) = 2 - 2/3^n+1 

In this case, g(n) = 2 - 2/3^n, which is what we need to prove. ",2,1,2,2,2,2,0,Ben,fa22
104,105,Exam 4,learningStudy/WrittenInduction_Recurrence_v3,"Proof by induction on n. 

Inductive Predicate: P(n): g(n) = 2-(2/3^n), for n $\geq$ 2

Base Cases: for n = 0 we have that g(0) = 0 and 2-(2/3^0) = 0. So P(0) holds. 

for n = 1 we have that g(1) = 4/3 and 2-(2/3^1) = 4/3. So P(4/3) holds. 

So all two base cases hold. 

Induction hypothesis: Suppose that P(n): g(n) = 2-(2/3^n) holds for n = 0, 1, ...k-1

Inductive step: We need to show that P(k): f(k) = 2-(2/3^k)

Starting from left hand side: f(k) = (4/3)g(k-1)-(1/3)g(k-2) by the definition of g

doing the calculation we get that f(k) turns out to be 2-(2/3^n) by inductive hypothesis.

So f(k) = 2-(2/3^k) which establishes the inductive step. 
",2,2,2,2,2,2,0,Ben,fa22
105,106,Exam 1,learningStudy/WrittenInduction_Recurrence_v3,g(n) = g(n-(2/3)),0,0,0,0,0,0,0,Ben,fa22
106,107,Exam 6,learningStudy/WrittenInduction_Recurrence_v3,"let's say n = k+1. If g(k+2) = 2 - (2/3^k+2) then this statement must be true for all n. 

First, lets evalutate the given expressions for n = 2. 

(4/3)(g(1) - (1/3)g(0) = 16/9

g(2) = 2 - 2/3^2 = 2 - 2/9 = 18/9 - 2/9 = 16/9

Both of these values are equal, so we can proceed. 

g(k+2) = 4/3(g(k+1)) - (1/3)(g(k))

g(k+1) =  4/3(g(k)) - (1/3)(g(k-1))

g(k) =  4/3(g(k-1)) - (1/3)(g(k-2))

combining all of these equations,  4/3(4/3(g(k)) - (1/3)(g(k-1))) - (1/3)(g(k))

Not sure where to go from here. ",1,2,0,0,0,0,0,Ben,fa22
107,108,Exam 6,learningStudy/WrittenInduction_Recurrence_v3,"g(n)=2-2/3^n
let n be a natural nu,ner
when n =0, g(n)=0 which is a real number
when n = 1, g(n)=4/3 which is a real mumber
when n >=2, g(n) is a real number which is what we needed to prove",0,0,0,0,0,0,0,Ben,fa22
108,109,Exam 1,learningStudy/WrittenInduction_Recurrence_v3,i dont know. sorry,0,0,0,0,0,0,0,Ben,fa22
109,110,Exam 4,learningStudy/WrittenInduction_Recurrence_v3,"We need to prove that g(2) = 2 - 2/(3^2).

$g(2) = (4/3)g(1) - (1/3)g(0) = (4/3) * (4/3) = 16/9$

$2 - 2/(3^2) = 16/9$",1,2,0,0,0,0,0,Ben,fa22
110,111,Exam 4,learningStudy/WrittenInduction_Recurrence_v3,"Base case
1] g(0) = 2-2 =0
g(1) = 2-2/3 = 4/3 it holds true for both base cases
g(2) = 4/3(4/3) =16/9 g(n) 2-2/9 = 16/9
It is true in the case of 2 and is therefore true for all n
",2,2,0,0,0,0,0,Ben,fa22
111,112,Exam 1,learningStudy/WrittenInduction_Recurrence_v3,"Suppose there is a natural number g. By definition N implies R is defined by g(0) = 0, g(1) = 4/3, and g(n) = 4/3 * g(n-1) - 1/3(g)(n-2) for n >= 2. 
There are two cases. 

Case1.) n>=2. Then I know that the expression should equal 2-2/3^n.
I do not know how to approach this. ",0,0,0,0,0,0,0,Ben,fa22
112,113,Exam 1,learningStudy/WrittenInduction_Recurrence_v3,"$g(2) = (4/3)(4/3) - 0$

$g(3) = (4/3)g(2) - (1/3)g(1)$

$g ( 3) = (4/3) (4/3)(4/3) - (1/3)(4/3)$

$g(4) = (4/3)g(3) - (1/3)g(2)$

$g(4) = (4/3) (      (4/3)(4/3)(4/3) - (1/3)(4/3) ) - (1/3)(4/3)(4/3) )$

$g(n) = (4/3) (n-1) ($

$g(n) = (4/3) ( (4/3) * n ) - (1/3)(n-1)$

$g(n) = (4/3)^n - (n-2)(1/3)(4/3)^{n-2}$",0,0,0,0,0,0,0,Ben,fa22
113,114,Exam 6,learningStudy/WrittenInduction_Recurrence_v3,"For $n = 2$, $g(n) = \frac{4}{3}g(2-1) - \frac{1}{3}g(2-2) = \frac{4}{3} \times \frac{4}{3} = \frac{16}{9}$. Since $2 - \frac{2}{3^2} = \frac{18-2}{9} = \frac{16}{9}$, the original statement holds for base case $n = 2$.

Assume that the statement holds for $n \in \mathbb{N}$ from $0$ to $n = k$, therefore $g(n+1) = g(k+1)$ would give:

$g(n+1) = \frac{4}{3}g(n) - \frac{1}{3}g(n-1)$ which could be rearranged by substitution into

$g(n+1) = \frac{4}{3}(2-\frac{2}{3^n}) - \frac{1}{3}(2-\frac{2}{3^{n-1}})$

$g(n+1) = \frac{8}{3}-\frac{2}{3} - \frac{8}{3^{n+1}} + \frac{2}{3^n}$

$g(n+1) = 2 - \frac{8}{3^{n+1}} + \frac{2 \times 3}{3^{n+1}} = 2 - \frac{2}{3^{n+1}}$

Therefore, the original claim holds for $g(n+1)$ and is true based on induction.

Q.E.D.
",1,2,2,2,2,2,2,Ben,fa22
114,115,Exam 1,learningStudy/WrittenInduction_Recurrence_v3,"g(n)=gn-2/3g, which is same as what question show.",0,0,0,0,0,0,0,Ben,fa22
115,116,Exam 4,learningStudy/WrittenInduction_Recurrence_v3,"Given the statement above, to prove it, we should make sure that if g(n), n is a natural number, g(1) is true,

Base: g(1) = $\frac{4}{3}$ = 2 - $\frac{2}{3}$, this is true for the statement

We suppose that g(k -1) is true and show that g(k) is true,

Then , this statement is true, QED
",1,2,0,0,0,0,0,Ben,fa22
116,117,Exam 1,learningStudy/WrittenInduction_Recurrence_v3,"In the given information above, g(n) is equal to the summation of all the terms before it until g(0). 
This means the as value n gets higher, it will reach a asymtotic value. 
Similarly, the equation that we are proving reaches a value of 2 as n gets really large. ",0,0,0,0,0,0,0,Ben,fa22
117,118,Exam 4,learningStudy/WrittenInduction_Recurrence_v3,"proof by induction on n
Induction predicate:
Induction hypothesis:
Induction step:
Induction base:
Consider...
which is what we need to prove.
QED",0,0,0,0,0,0,0,Ben,fa22
118,119,Exam 1,learningStudy/WrittenInduction_Recurrence_v3,"Let g be a function defined from N to R

using induction:

if g(1) = 4/3 and if g(n) = (4/3)g(n-1)-(1/3)g(n-2) for n $\geq$ 2 ",0,0,0,0,0,0,0,Ben,fa22
119,120,Exam 6,learningStudy/WrittenInduction_Recurrence_v3,"1. $g(0)=0,g(1)=\frac{4}{3},g(2)=\frac{16}{9},g(3)=\frac{52}{27}$
2. Assume that $f(n)=2-\frac{2}{3^n}$
3. $f(2)=2-\frac{2}{9}=\frac{16}{9}=g(2)$
4. $g(n)=\frac{4}{3}g(n-1)-\frac{1}{3}g(n-2)=\frac{4}{3}(\frac{4}{3}g(n-2)-\frac{1}{3}g(n-3))-\frac{1}{3}g(n-2)=\frac{13}{9}g(n-2)-\frac{1}{3}g(n-3)$ etc.
5. I have no idea what I'm doing.",1,2,0,0,0,0,0,Ben,fa22
120,121,Exam 1,learningStudy/WrittenInduction_Recurrence_v3,,0,0,0,0,0,0,0,Ben,fa22
121,122,Exam 6,learningStudy/WrittenInduction_Recurrence_v3,"Proof by induction. Base cases n=0 and n=1, $g(0)=2-\frac{2}{3^0}=2-2=0=g(0)$ and $g(1)=2-\frac{2}{3^1}=\frac{6}{3}-\frac{2}{3}=\frac{4}{3}=g(1)$ therefore base cases are consistent. Let k-1 and k-2 be an arbritrary chosen natural number with a difference of 1 and $k>1$, therefore by the function g $g(k)=\frac{4}{3}g(k-1)-\frac{1}{3}g(k-2)$. Suppose $g(n)=2-\frac{2}{3^n}$, let n=k-1 and k-1, $g(k-1)=2-\frac{2}{3^{k-1}}=\frac{6*3^k}{3^k}-\frac{6}{3^k}=\frac{6*3^k-6}{3^k}$ and $g(k-2)=2-\frac{2}{3^{k-2}}=\frac{18*3^k}{3^k}-\frac{18}{3^k}=\frac{18*3^k-18}{3^k}$. Since $g(k)=\frac{4}{3}g(k-1)-\frac{1}{3}g(k-2)$, therefore $g(k)=\frac{4}{3}\frac{6*3^k-6}{3^k}-\frac{1}{3}\frac{18*3^k-18}{3^k}=\frac{8*3^k-8}{3^k}-\frac{6*3^k-6}{3^k}=\frac{2*3^k-2}{3^k}=2-\frac{2}{3^k}$ which is consitent if n=k $g(k)=2-\frac{2}{3^k}$. Since k is an arbitrary natural number and the function rule is consistent with base case, by induction $g(n)=2-\frac{2}{3^n}.",2,2,2,1,2,2,2,Ben,fa22
122,123,Exam 4,learningStudy/WrittenInduction_Recurrence_v3,"Prove by induction on $n$.

Induction predicate: $P(n): g(n)=2-\frac2{3^n}$.

Base case: When $n=0, g(0)=0=2-\frac2{3^0}$;When $n=1, g(1)=\frac43=2-\frac2{3^1}$. So $P(1), P(2)$ holds.

Induction hypothesis: $g(n)=2-\frac2{3^n}$ for for $n=2, ..., k$ where $k$ is some integers greater than or equal to $2$.

Inductive step: We need to show that $P(k+1): g(k+1)=2-\frac2{3^{k+1}}$ is true.

consider $g(k+1)$. By induction hypothesis, $g(k+1)=\frac{4}{3}g(k)+\frac13g(k-1)=\frac43(2-\frac2{3^k})-\frac13(2-\frac2{3^{n-1}})=\frac83-\frac23-\frac8{3^{k+1}}+\frac2{3^k}=2-\frac2{3^{k+1}}$. QED.",2,2,2,1,2,2,2,Ben,fa22
123,124,Exam 6,learningStudy/WrittenInduction_Recurrence_v3,Let g(n) = 2 -2/3^n be in the elements of natural numbers. By induction of n 2 -2/3^n is >=2. Since g(0) must = o  2-2/3^n = 0. SInce g(1) and g(1) is 4/3g(n-1_ -1/3g(m-2) for n>=2 then g(n) = 2-2/3^n. Subsituting you get. 4/3gn -4/3g -1/3gn + 2/3gn -5/3 + 2/3 = 3/3 = 1 so n =n which proves by induction. ,1,1,0,0,0,0,0,Seth,fa22
124,125,Exam 6,learningStudy/WrittenInduction_Recurrence_v3,"Let g(k) = 2 - 2/(3^k) for any natural number k from 0 to n.

Base cases: k = 0: 2 - 2/(3^0) = 0 = g(0). k = 1: 2 - (2/3) = 4/3 = g(1).

We need to show that g(k + 1) = 2 - 2/(3^(k + 1)).

By the definition of function g, g(k + 1) = (4/3)(g(k)) - (1/3)(g(k - 1)). This is equal to (4/3)(2 - 2/(3^k)) - (1/3)(2 - 2/(3^(k - 1))). This is equivalent to (4/3)(2 - 2(3^-k)) - (1/3)(2 - 2(3^(-k + 1))). Expanding yields 8/3 - (8/3)(3^-k) - 2/3 + (2/3)(3^(-k + 1)) = 2 - (8)(3^-1)(3^-k) + (2)(3^-1)(3^(-k + 1)). Simpifying yields 2 - (8)(3^(-k - 1)) + (2)(3^(-k)) = 2 - (8)(3^(-k - 1)) + (6)(3^(-k - 1)) = 2 - 2(3^(-k - 1) = 2 - (2/(3^(k + 1))). 

So g(k + 1) = 2 - (2/(3^(k+1))), which is what we needed to show.",2,2,0,0,2,2,2,Ben,fa22
125,126,Exam 4,learningStudy/WrittenInduction_Recurrence_v3,Proof by induction on $n$,0,0,0,0,0,0,0,Ben,fa22
126,127,Exam 4,learningStudy/WrittenInduction_Recurrence_v3,"Proof by induction on n
Induction Predicate: $P(n)=2-\frac{2}{3^n}$
Base cases: $P(0) = 2-\frac{2}{3^0}=2-\frac{2}{1}=0=g(0)$ and $P(1)=2-\frac{2}{3^1}=\frac{6}{3}-\frac{2}{3}=\frac{4}{3}=g(1)$ therefore both $P(0)$ and $P(1)$ are true we are also given that g(n)=4/3g(n-1)-1/3g(n-2) for n>=2.
Induction hypothesis: suppose $P(n)$ holds true for all numbers from n=2,3,4,...,k
Inductive step: we need to prove P(k+1) holds true.
we can simplify the right side of p(k+1) $P(k+1)=2-\frac{2}{3^{k+1}}=\frac{4}{3}(2-\frac{2}{3^{k}})-\frac{1}{3}(2-\frac{2}{3^{k-1}})=\frac{8}{3}-\frac{8}{3^{k+1}}-\frac{2}{3}+\frac{2}{3^k}=\frac{6}{3}-\frac{8}{3^{k+1}}+\frac{6}{3^{k+1}}=2-\frac{2}{3^{k+1}}$
And $P(k+1)=2-\frac{2}{3^{k+1}}$ is what we are trying to prove.
",2,2,2,2,2,0,0,Seth,fa22
127,128,Exam 1,learningStudy/WrittenInduction_Recurrence_v3,"suppose g(n) = 2 - 2/$3^n$

g(n+1) = 4/3g(n) - 1/3g(n-1)",0,0,0,0,0,0,0,Ben,fa22
128,129,Exam 1,learningStudy/WrittenInduction_Recurrence_v3,"g(n+1) = 2-2/3^n+1 = 2-2/3^n * 1/3

thus g(n+1)-g(n) = 1/3*2/3^n",0,0,0,0,0,0,0,Ben,fa22
129,130,Exam 1,learningStudy/WrittenInduction_Recurrence_v3,dont know,0,0,0,0,0,0,0,Ben,fa22
130,131,Exam 4,learningStudy/WrittenInduction_Recurrence_v3,"Proof by induction of G(n) 

inductive preducate
g(0)=0
g(1)=4/3
g(n)=4/3g(n-1)-1/3(n-2)


inductive hypothens 
we know in a fraction n can't be zero becuse it will be underfiend


so iductive step
so g(n)=4/3g(n-1)-1/3(n-2)=g(n)=4/3g(n)-4/3g(1)-1/3(n-2)
base case G(n)= 4/3 so if the 
based on the hypotheies 
since g(n)=16/27
we know that its not zero and any natural number could  work
that what we needed to know",1,0,0,0,0,0,0,Yael,fa22
131,132,Exam 6,learningStudy/WrittenInduction_Recurrence_v3,"Let N go to R. Since g(0)=0, g(1)=4/3, and g(n) = 4/3g(n-1)-1/3g(n-2) for n>=2, we know that n and 1 are related by 4/3. Since these all go to natural numbers we know that g(n) is solving for natural numbers, so g(n) = 2-2/3^n is natural.",0,0,0,0,0,0,0,Yael,fa22
132,133,Exam 6,learningStudy/WrittenInduction_Recurrence_v3,"We will use a proof of induction for this.

Let n be some natural number, and let k = n-1.

$g(n)=\frac{4}{3}g(n-1)-\frac{1}{3}g(n-2)=\frac{4}{3}g(k)-\frac{1}{3}g(k-1)$.

I'm lost.

We will use a proof of induction to prove this problem.

Let n be some natural number, and let k=n-1.

$g(n)=2-\frac{2}{3^n}=2-\frac{2}{3^{k+1}}=$",0,0,2,1,0,0,0,Yael,fa22
133,134,Exam 1,learningStudy/WrittenInduction_Recurrence_v3,"g(2) = 4/3(g(1)) - 1/3(g(0)) = 4/3*4/3 - 1/3*0 = 16/9 = 18-2/9 = 2-(2/3^2) which follows the above equation

g(1) = 4/3

g(2) - g(1) = 16/9 - 4/3 = 4/9

g(3) - g(2) = 4/27

.
.
.

g(n) - g(n-1) = 4/(3^n)

adding all the above equations, we have:

g(n) - g(0) = 4((3^-1) + (3^-2) + ... + (3^-n)) 

Hence, g(n) = 4((3^-1) + (3^-2) + ... + (3^-n))

g(n) = 4((1/2) - (1/(2.3^n)) = 2 - (2/(3^n))

Hence proved

",0,0,0,0,0,0,0,Yael,fa22
134,135,Exam 6,learningStudy/WrittenInduction_Recurrence_v3,"Solution]
Let us first cover the base cases where n<=2. Base case g(0) = 2-2/3^0 = 0, the statement is true for n=0
Base case n = 1, g(1) = 2-2/3^n = 4/3 the statement is true for n=1

Induction case
Let us consider a number k = n where k>= 2
g(k) = 4/3(k-1) -1g(n-2)/3 = 2-2/3^n is true fr k=2


Hence proved.",2,2,2,1,0,0,0,Yael,fa22
135,136,Exam 6,learningStudy/WrittenInduction_Recurrence_v3,"g(2)=4/3 * g(1) - 1/3 * g(0)=4/3 * 4/3 - 1/3*0=16/9 = 2-2/(3^2)=16/9

g(n+1)=4/3 g(n)-1/3 g(n-1)=4/3 (4/3 g(n-1)-1/3g(n-2))-1/3 g(n-1)
    =16/9 g(n-1) - 4/9 g(n-2) -1/3 g(n-1)
    =13/9 g(n-1) -4/9 g(n-2)",0,0,0,0,0,0,0,Yael,fa22
136,137,Exam 4,learningStudy/WrittenInduction_Recurrence_v3,"$$g(0)=2-\frac{2}{3^0}=2-2=0$$
$$g(1)=2-\frac{2}{3^1}=\frac{6}{3}-\frac{2}{3}=\frac{4}{3}$$
So the formula works for $n=0, \; n=1$. Now we will prove it works for $n \ge 2$.<br><br>
Prove by induction $n$. <br>
Inductive predicate: $\frac{4}{3}g(n-1)-\frac{1}{3}g(n-2)=2-\frac{2}{3^n}$ for $n \ge 2$. <br>
Base case: We will show that the formula holds for $n=2$
$\frac{4}{3}g(2-1)-\frac{1}{3}g(2-2)=\frac{4}{3}\cdot\frac{4}{3}-0=\frac{16}{9}$ and $2-\frac{2}{3^2}=\frac{18}{9}-\frac{2}{9}=\frac{16}{9}$ so the two are equal for $n=2$.<br>
Inductive hypothesis: Suppose that $\frac{4}{3}g(n-1)-\frac{1}{3}g(n-2)=2-\frac{2}{3^n}$ holds for $n=0, 1, 2, ... k$. <br>
Inductive step: We will show that $\frac{4}{3}g(k)-\frac{1}{3}g(k-1)=2-\frac{2}{3^{k+1}}$. <br>
From the inductive hypothesis, $\frac{4}{3}g(k-1)-\frac{1}{3}g(k-2)=2-\frac{2}{3^k}$.
Comparing the right side of the equations:
$$2-\frac{2}{3^k}=2-\frac{2}{3^{k+1}}-\frac{4}{3^{k+1}}$$
Therefore:
$$\frac{4}{3}g(k-1)-\frac{1}{3}g(k-2)=\frac{4}{3}g(k)-\frac{1}{3}g(k-1)-\frac{4}{3^{k+1}}$$
$$\frac{4}{3^{k+1}}=\frac{4}{3}g(k)-\frac{5}{3}g(k-1)+\frac{1}{3}g(k-2)$$
$$\frac{4}{3^{k}}=4g(k)-5g(k-1)+g(k-2)$$",2,2,1,2,1,2,1,Yael,fa22
137,138,Exam 1,learningStudy/WrittenInduction_Recurrence_v3,"g(2) = (4/3)g(2 - 1) - (1/3)g(2-2)

This equals (4/3)(4/3) - (1/3)(0) = 16/9 = 18/9 - 2/9 = 2 - 2/3^2

g(0) = 0 = 2 - 2 = 2 - 2/3^0

g(1) = 4/3 = 6/3 - 2/3 = 2 - 2/3 = 2 - 2/3^1

for n = 0, 1, or 2, g(n) = 2 - 2/3^n

For any other values of n, n can be even or odd

if n is even, n = 2m where m is an integer

g(2m) = (4/3)g(2m - 1) - (1/3)g(2m - 2)

g(n) calls itself in its own function until it eventually calls g(0) and g(1)

either the final equation will be (4/3)(4/3) - 0 or 0 - (1/3)(4/3)

As proven, (4/3)(4/3) reduces to 2 - 2/3^n

I don't really know where to go from here.",2,2,0,0,0,0,0,Yael,fa22
138,139,Exam 1,learningStudy/WrittenInduction_Recurrence_v3,"I have no knowledge of proof by indction or proofs regaurding recursive functions.

Claim: g(n) = 2 - (2/3^n)

Therefore, $2 - \frac{2}{3^n} = g(n) $ for any natural number n.


",0,0,0,0,0,0,0,Yael,fa22
139,140,Exam 4,learningStudy/WrittenInduction_Recurrence_v3,"Base cases: given. g(1) = 4/3 and g(0) = 0.
Induction: we need to prove that 2 - 2/(3^n) = g(n) = (4/3)g(n-1)-(1/3)g(n-2). I honestly have no idea how to go from here but I'm going to try...
Let n = k+1. g(k+1) = (4/3)g(k)-(1/3)g(k-1) = 2 - 2/(3^(k+1)) completely stuck here",2,0,2,2,0,0,0,Yael,fa22
140,141,Exam 1,learningStudy/WrittenInduction_Recurrence_v3,"By definition, $g(2) = \frac{4}{3} g(1) - \frac{1}{3} g(0) = \frac{16}{9}$, and thus $g(3) = \frac{4}{3}g(2) - \frac{1}{3}g(1) = \frac{52}{27}$. We may notice the pattern that $g(2) = \frac{4}{3}\frac{4}{3}^1 - \frac{1}{3}\frac{4}{3}^0 = \frac{4^2-1}{3^2}=\frac{(3+1)^2-1}{3^2} =\frac{(3^2+2*3^2)}{3^2}$, and $g(3) = \frac{4}{3}(\frac{4^2-1}{3^2}) - \frac{1}{3}\frac{4}{3}^1 = \frac{4^3-4^2}{3^3}.$ Similarly. $g(4) = \frac{4}{3}(\frac{4^3-4^2}{3^3}) - \frac{1}{3}\frac{4^2-1}{3^2} = \frac{4^3-4^2}{3^n}.$",0,0,0,0,0,0,0,Yael,fa22
141,142,Exam 6,learningStudy/WrittenInduction_Recurrence_v3,"The base cases of g(0) = 0 and g(1) = 4/3 are easily validated. We must then prove that this holds for all n + 1. So, plug into the equation g(n+1) = 2 - 2/3^(n+1). Plugging into the other equation, g(n+1) = 4/3 g(n) - 1/3 g(n-1). Plug in the other equation of g(n). g(n) = 4/3 x 2-2/3^n - 1/3 g(n-1). So, 8/3 -8/3^n - 1/3g(n-1) can be factored down and simplified to equal g(n) = 2-2/3^n which is what we needed to show.",2,0,0,0,0,0,0,Yael,fa22
142,143,Exam 6,learningStudy/WrittenInduction_Recurrence_v3,"g(0) = 2-2/3^0=0 which is true

g(1) = 2-2/3=4/3 which is true

What we have to show is g(n) is true when n = i and n=i+1 for i which is any natural number, g(n) is true for n = i+2.


Suppose g(i) and g(i+1) is true

g(i)=2/3^i

g(i+1)=2-2/3^(i+1)

g(i+2)=4/3g(i+1)-1/3g(i)=(4/3)(2-2/3^i+1)-(1/3)(2-2/3^(i))

Rewriting g(i+2), g(i+2)=2-(8/3^(i+2)-2*3/3^(i+2))=2-2/3^(i+2) which is true.

Siince g(0), g(1) is true and g(i+2) is true when g(i) and g(i+1) is true. g(n) works for any natural number n",2,2,2,2,2,2,2,Yael,fa22
143,144,Exam 4,learningStudy/WrittenInduction_Recurrence_v3,"Base: $g(0) = 2 - \frac{2}{3^0} = 2 - \frac{2}{1} = 2 - 2 = 0$.

Induction: Suppose $g(n) = 2 - \frac{2}{3^n}$ from natural numbers $1$ to $k$.

For $k+1$, $g(k+1) = \frac{4}{3}g(k) - \frac{1}{3}g(k-1)$.

We know that $g(k) = 2 - \frac{2}{3^k}$ and $g(k - 1) = 2 - \frac{2}{3^(k-1)}$.

Then, $g(k + 1) = 2 - \frac{2}{3^k} - (2 - \frac{2}{3^(k-1)}) = - \frac{2}{3^k} + \frac{2}{3^(k-1)} = - \frac{2}{3^k} +\frac{2k}{3^k} = \frac{2k-2}{3^k}$.

(I'm not sure how to proceed after this step)",1,1,2,2,2,2,0,Yael,fa22
144,145,Exam 6,learningStudy/WrittenInduction_Recurrence_v3,"we know that g(n) = (4/3)g(n-1) - (1/3)g(n - 2), for n >= 2
since g(1) = 4/3
we can put 4/3 in the front of our equation



because of this g(n) = 2 - (2/3^n)
which is what we needed to show ",0,0,0,0,0,0,0,Yael,fa22
145,146,Exam 4,learningStudy/WrittenInduction_Recurrence_v3,"Proof by induction on n.

Inductive Predicate: g(n) = 2 - 2/3^n for any natural number n.

Base Case: Let us find g(0), then g(0) = 2 - 2/3^0 = 2-2 = 0, which is true.

Inductive Hypothesis: g(n) = 2 - 2/3^n, which holds true for n = 0,1,2,...,k-1.

Inductive Step: We need to show that P(k) is true.

g(k) = 2 - 2/3^(k). Using the definition of g(n), we can see that g(k) = 4/3g(n-1) - 1/3g(n-2). Simplifying this, we get g(k) = 4/3(gn) - 4/3 - 1/3(gn) + 2/3, which equals gn - 2/3. If we divide by n, we get g - 2/3^n. 

Thus, g(n) = 2 - 2/3^n, which is what we needed to show.",1,1,2,2,2,2,0,Yael,fa22
146,147,Exam 4,learningStudy/WrittenInduction_Recurrence_v3,"Start with proof of induction on $n$.

Inductive preticate: $P(n) : g(n) = 2 - \frac{2}{3^n}$

Base case: $P(0) : g(0) = 2 - \frac{2}{3^0} = 2 - \frac{2}{1} = 2 - 2 = 0$

Base case: $P(1) : g(1) = 2 - \frac{2}{3^1} = 2 - \frac{2}{3} = \frac{6}{3} - \frac{2}{3} = \frac{4}{3}$

Suppose that $P(n)$ is true for all values $n = 0, 1, 2, ..., k - 1$.

Need to prove that if $P(k-1)$ is true, then $P(k)$ must be true.

Set up expression for $k\geq 2$: $P(k) = \frac{4}{3} \cdot g(k-1) - \frac{1}{3} \cdot g(k-2)$

Substitute inductive preticate and simplify:  $P(k) = \frac{4}{3} \cdot (2 - \frac{2}{3^{k-1}}) - \frac{1}{3} \cdot (2 - \frac{2}{3^{k-2}}) = \frac{8}{3} - \frac{8}{3 \cdot 3^{k-1}} - \frac{2}{3} + \frac{2}{3 \cdot 3^{k-2}} = \frac{3}{3} - \frac{8}{3^k} + \frac{6}{3^k} = 2 - \frac{2}{3^k}$

Therefore because both the base case and inductive statement have been proven, the statement must be true.",2,2,2,2,2,2,2,Yael,fa22
147,148,Exam 1,learningStudy/WrittenInduction_Recurrence_v3,"g(n)=4/3g(n-1)-1/3g(n-2) for n>=2.
g(2)=4/3*4/3-1/3*0 = 16/9.
2-2/(3^2)=2-2/9=18/9-2/9=16/9.
g(2)=(4/3)^2-1/3*0
g(3)=(4/3)^3-1/3*(4/3)^1=4^3/3^3-4/3^2=64/27-12/27=52/27=54/27-2/27=2-2/3^3.",0,0,0,0,0,0,0,Yael,fa22
148,149,Exam 1,learningStudy/WrittenInduction_Recurrence_v3,"let n $\geq$ 2, suppose g(n) = 4/3(g(n-1)-1/3(g(n-2)
when n = 2, as we calculate g(2) = $(4/3)^{2}$
we could also write it in another form 2($3^{2}$ - 1)/($3^{2}$) = 2*$3^{2}$/$3^{2}$ - 2/$3^{2}$
which is equal to 2-2/($3^{2}$)
in this case n = 2, therefore for unknown natural number n we could write this equation as 2-2/$3^{2}$
which is what we needed to show.",0,0,0,0,0,0,0,Yael,fa22
149,150,Exam 4,learningStudy/WrittenInduction_Recurrence_v3,"Proof by induction on $n$.

Inductive Predicate: $P(n): g(n) = 2 - \frac{2}{3^n}$, for $n\ge2$.

Base Case: For $n = 2$, we have $g(2) = \frac{16}{9} $ and $2 - \frac{2}{3^2} = 2 - \frac{2}{9} = \frac{16}{9}$. So $P(2)$ holds.

Inductive Hypothesis: Suppose that $P(n): g(n) = 2 - \frac{2}{3^n}$, for $n = 2, 3,...,k-1$.

Inductive Step: We need to show that $P(k): g(k) = 2 - \frac{2}{3^k}$ holds.

We know from the definition of $g$ that $g(k) = \frac{4}{3}g(k-1)-\frac{1}{3}g(k-2)$.

$\frac{4}{3}g(k-1)-\frac{1}{3}g(k-2) = \frac{4}{3}(2 - \frac{2}{3^{k-1}})-\frac{1}{3}(2 - \frac{2}{3^{k-2}})$ by the inductive hypothesis. 

That in turn equals to $\frac{4}{3}(2 - 2(3^{-k})(3)) - \frac{1}{3}(2-2(3^{-k})(3^2)) = \frac{8}{3}-\frac{24(3^{-k})}{3} - \frac{2}{3} + \frac{18(3^{-k})}{3} = 2 - \frac{2}{3^{-k}}$.

So $g(k) = 2 - \frac{2}{3^k}$, which was what we needed to prove.",1,2,2,2,2,2,2,Seth,fa22
150,151,Exam 1,learningStudy/WrittenInduction_Recurrence_v3,I don't know how to do induction.,0,0,0,0,0,0,0,Seth,fa22
151,152,Exam 1,learningStudy/WrittenInduction_Recurrence_v3,"To prove that claim, we have to rearranging the g(n) formula. we could rearrange it into g(n) = g(n-1) + 1/3(g(n-1) - g(n-2)), which is, g(n) should be computed by the last number add 1/3 of the last number minus the number before the last number. 

On the other side, we could find out that g(0) and g(1) follows the fomula g(n) = 2-2/3^n. ",0,0,0,0,0,0,0,Seth,fa22
152,153,Exam 1,learningStudy/WrittenInduction_Recurrence_v3,"let n be a natural number

let g(0) = 0 and g(1) = 4/3 and (4/3)g(n-1) - (1/3)g(n-2) for n>= 2

since when n>=2 it calls itself it will alwasy return to the base cases of g(0) and g(1)

therefore each case will call 2 dater cases taht both call the function one going down by one the other going down by 2

it will run through (4/3)*the sum of 0 to n for the case decing by one althe way down and for the going down by 2 it will call both the (4/3)*the sum of 0 to n - 2 for each of the values on the way down.

this is the same for the n-2 becasue each n-1 call the -1/3 *the sum of 0 to n for every call of 

this simplifys to 2- 2/3^n

QED

",2,0,0,0,0,0,0,Seth,fa22
153,154,Exam 4,learningStudy/WrittenInduction_Recurrence_v3,"Proof by induction on n.

Inductive Predicate: P(n) : $g(n) = 2 - \frac{2}{3^{n}}$.

Base cases: for n = 0, we have g(0) = 0 and $2 - \frac{2}{3^{0}} = 0$. So P(0) holds. For n = 1, we have g(1) = $\frac{4}{3}$ and $2 - \frac{2}{3^{1}} = \frac{4}{3}$. So P(1) holds. For n = 2, we have g(2) = $\frac{4}{3}g(1) - \frac{1}{3}g(0) = \frac{16}{9}$ and $2 - \frac{2}{3^{2}} = \frac{16}{9}$. So, P(2) holds. So, all three base cases hold.

Induction Hypothesis: Suppose that P(n) : g(n) = $2 - \frac{2}{3^{n}}$ holds for n = 0,1,...,k-1.

Inductive Step: We need to show that P(k) : g(k) = $2 - \frac{2}{3^{k}}$ holds.

Starting from the left hand side, g(k) = $\frac{4}{3}g(k - 1) - \frac{1}{3}g(k - 2)$ by definition of f.

$\frac{4}{3}g(k - 1) - \frac{1}{3}g(k - 2) = \frac{4}{3}(2 - \frac{2}{3^{k-1}}) - \frac{1}{3}((2 - \frac{2}{3^{k-2}}) = 2 - \frac{2}{3^{k}}$.

So $g(k) = 2 - \frac{2}{3^{k}}$ which establishes the inductive step.",2,2,2,2,2,2,2,Seth,fa22
154,155,Exam 6,learningStudy/WrittenInduction_Recurrence_v3,Lets prove by induction. Hypothesis:$ g(n) = 2 -2/3^n$.Base case: $4/3g(n-1)-1/2g(n-2)$. Inductive Step: $4/3g(n)-1/2g(n-1)$. Not sure where to go from here,0,0,2,0,0,0,0,Seth,fa22
155,156,Exam 1,learningStudy/WrittenInduction_Recurrence_v3,"suppose that g(0) = 0, g(1) = 4/3 and g(n) = 4/3 g(n-1) -1/3 g(n-2)

so g(n) = 4/3 * (4/3)^n-1 - 1/3 * (4/3)^n-2

so g(n) = (4/3)^n - 3/16(4/3)^n

so g(n) = 13/16 * (4/3)^n
",0,0,0,0,0,0,0,Seth,fa22
156,157,Exam 6,learningStudy/WrittenInduction_Recurrence_v3,"Proof by induction on n.
Base cases:
g(0)=0=(2-2/3^0)
g(1) = 4/3 = 2-2/3^1

For our inductive hypothesis suppose g(n)=2-2/3^n for all n in {0,1...,k}. 
We must now prove that g(n)=2-2/3^n holds for k+1.

consider g(k+1) = 4/3g(k)-1/3g(k-1). By the inductive hypothesis, g(k) =  2-2/3^k and g(k-1) = 2-2/3^k-1.
Thus g(k+1) = 4/3(2-2/3^k-1)/(2-2/3^k-1) = 2-2/3^k+1 by algebric simplification.

Thus g(n) = 2-2/3^n
$Q.E.D$",2,2,2,2,2,2,2,Seth,fa22
157,158,Exam 4,learningStudy/WrittenInduction_Recurrence_v3,"still not sure since the induction would involve replacing the g functions with the predetermined solutions,",0,0,0,0,0,0,0,Seth,fa22
158,159,Exam 6,learningStudy/WrittenInduction_Recurrence_v3,"Let n be a natural number.  
For n = 2, g(n) = 4/3(4/3) - 0 = 16/9.  
similarly, 2-(2/3^2) = 16/9  
Since we hae proved that for the base case this works, by induction, this equivalence is true for all natural numbers",1,2,0,0,0,0,0,Seth,fa22
159,160,Exam 6,learningStudy/WrittenInduction_Recurrence_v3,"Using induction, we can prove that g(n) = 2 - (2/(3^n)) for any natural number n. 

1. Base case: let g = 0. Then, g(0) = 0. Thus, the base case is true.

2. Indutive case: let g = n + 1, where n >=2. Then, g(n+1) = 4/3(g(n)) - 1/3(g(n-3)). This equals g(n+1) = (4/3)gn - (1/3)gn + (1/3)g. This equals gn + (1/3)g = g(n+(1/3)). Thus, g(n) = 2 - 2/(3^n) using induction. Thus, we have proved this case.

Because both cases have been proved, we have used inductino to prove that g(n) = 2 - (2/(3^n)) for any natural number n.",1,1,0,0,1,1,0,Seth,fa22
160,161,Exam 6,learningStudy/WrittenInduction_Recurrence_v3,"Proof by n.

Let g(n) = $\frac{4}{3}g(n -1) - \frac{1}{3}g(n -2)$, for $n \geq 2$.

For n = 0, g(0) = 0. So, P(0) is true. For n = 1, g(1) = $\frac{4}{3}$. So, P(1) is true. For n = 2, g(2) = $\frac{4}{3}g(1) - \frac{1}{3}g(0) = \frac{16}{9}.$ So, P(2) is true. 

Let's assume P(k) = $\frac{4}{3}g(k -1) - \frac{1}{3}g(k -2)$, for $k \geq 2$.

Therefore, g(n) = $2 - \frac{2}{3^{n}}$",2,1,1,1,0,0,0,Seth,fa22
161,162,Exam 4,learningStudy/WrittenInduction_Recurrence_v3,"We will show that $g(n) = 2 - \frac{2}{3^n}$ for any natural number $n$ using induction on $n$.

For our base case, we must show the claim holds for $n = 0$.

$g(0) = 0$. And $2 - \frac{2}{3^0} = 2 - \frac{2}{1} = 0$. So the two are equal for $n = 0$.

Suppose that $g(n) = 2 - \frac{2}{3^n}$ for $n = 0, 1, 2... k$. We need to show that $g(k) = 2 - \frac{2}{3^k}$.

Now, we know that $g(n) = \frac{4}{3} g(n - 1) - \frac{1}{3}g(n - 2)$ for $n \geq 2$. Since $k$ is $\geq 2$, we can say that $g(k) = \frac{4}{3} g(k - 1) - \frac{1}{3}g(k - 2)$

Our induction hypothesis says that $g(k) = 2 - \frac{2}{3^k}$. 

So, this means that for values of $k \geq 2,  \frac{4}{3} g(k - 1) - \frac{1}{3}g(k - 2) = \frac{2}{3^k}$

For $k = 2, \frac{4}{3} g(k - 1) - \frac{1}{3}g(k - 2) = \frac{4}{3} g(1) - \frac{1}{3}g(0) = \frac{4}{3} \times \frac{4}{3} - 0$ = $\frac{16}{9}$

Simultaneously, $2 - \frac{2}{3^k} = 2 - \frac{2}{3^2} = 2 - \frac{2}{9} = \frac{16}{9}$

$\frac{16}{9} = \frac{16}{9}$, so we know $g(k) = 2 - \frac{2}{3^k}$ for $k \geq 2$. QED. 
",1,2,2,2,1,2,0,Seth,fa22
162,163,Exam 1,learningStudy/WrittenInduction_Recurrence_v3,"let k be some arbitrary natural number. There are 3 cases to observe:

Case 1: n = 0. In this case, g(0) is already defined above to be equal to 0, and the equation 2 - 2(3^n) for n = 0 is equivalent to 2 - 2 = 0. So case 1 is proved

Case 2: n = 1. In this case as well, g(1) is defined above, g(1) = 4/3. The equation 2 - 2/(3^n) for n = 1 is equivalent to 2 - (2/3) = 4/3. So case 2 is proved.

Case 3: n is some arbitrary number greater than or equal to two. As the case will repeat until n = 1 or 2 given the parts of the equation g(n), we can observe the sequence of operations. The amount that n is greater than 1 will be the amount of times 4/3 is multiplied by itself, which will be subtracted by the amount of times n is greater than 2 times 1/3. Ignoring even or odd, plugging in shows any natural number n will result in the equation 2 - 2/(3^n)",2,2,0,0,0,0,0,Seth,fa22
163,164,Exam 6,learningStudy/WrittenInduction_Recurrence_v3,"g(2) = 4/3*4/3 - 0 = 16/9 = 2 - 2/9
g(2) = 2 - 2/9
g(n) = 2 - 2/3^n",1,2,0,0,0,0,0,Seth,fa22
164,165,Exam 1,learningStudy/WrittenInduction_Recurrence_v3,"When $n=2, g(2)=\frac 4 3 g(1)-\frac 1 3 g(0) = 4/3 = \frac {16}9 = 2 - \frac 2{3^2}$

Assume that $g(n) = 2 - \frac 2{3^n}$ for some natural number $x$ and $x+1$.

When $n=x+2$,

$g(n)=g(x+2) = \frac 4 3 g(x+1)-\frac 1 3 g(x) = \frac 43 (2- \frac 2{3^{x+1}})-\frac13(2-\frac 2{3^x})$

$=\frac 83 - \frac 8{3^{x+2}} - \frac 23 + \frac 2{3^{x+1}} = 2 - \frac 8{3^{x+2}} - \frac 6{3^{x+2}} = 2 - \frac 2{3^{x+2}} = 2 - \frac 2{3^{(x+2)}}$

$Q.E.D.$",1,2,2,2,2,2,2,Seth,fa22
165,166,Exam 6,learningStudy/WrittenInduction_Recurrence_v3,"Let n be a number from the set of all natural numbers.

Suppose n = 1, then g(1) = 4/3 and 2-2/(3^n) = 4/3.

Suppose n = 2, then g(2) = 16/9 and 2-2/(3^n) = 16/9.

Suppose n = 3, then g(3) = 52/27 and 2-2/(3^n) = 52/27.",2,2,0,0,0,0,0,Seth,fa22
166,167,Exam 4,learningStudy/WrittenInduction_Recurrence_v3,"Prove n by induction.

Inductive prediate: $g(n) = 2 - \frac{2}{3^{n}}$.

Base case:

g(0) = 2 - 2 = 0 therfore true
g(1) = 2- 2/3 = 4/3 therfore true

LHS: $g(2) = \frac{4}{3} g(1) - \frac{1}{3} g(0) = \frac{16}{9}$

RHS: $2 - \frac{2}{3^{2}} = \frac{16}{9}$

So the base case is true.


Inductive Hypothesis: 
$g(n) = 2 - \frac{2}{3^{n}}$ for $n = 1,...,k$ for $k \geq 2$

Inductive step: prove for n = k + 1

LHS: $\frac{4}{3} g(k) - \frac{1}{3} g(k-1)$ = $\frac{4}{3} g(k) - \frac{1}{3}( 2 - \frac{2}{3^{k-1}})$ = $\frac{4}{3} g(k) - ( \frac{2}{3} - \frac{2}{3^{k}})$ = $\frac{4}{3} g(k) - ( -\frac{4}{3} + g(k))$
$=\frac{4}{3} + \frac{1}{3} g(k)$

RHS: $2 - \frac{2}{3^{k+1}} = \frac{4}{3} + \frac{1}{3} g(k)$

LHS = RHS which is what we needed to prove.
",2,2,2,2,2,2,2,Seth,fa22
167,168,Exam 1,learningStudy/WrittenInduction_Recurrence_v3,"Let g be a function that takes in a natural number n as an input. 

Therefore g(n) = 2 - 2/(3^n) for any natural number n. This is what we needed to show. 
",0,0,0,0,0,0,0,Seth,fa22
168,169,Exam 1,learningStudy/WrittenInduction_Recurrence_v3,"This is a reccursive function for example
g(3) = (4/3)g(2) - (1/3)g(1)
 = (4/3)((4/3)g(1)) - (1/3)g(1)
 = 64/27 - 12/27 = 52/27 = 2 - 2/9",0,1,0,0,0,0,0,Seth,fa22
169,170,Exam 1,learningStudy/WrittenInduction_Recurrence_v3,"According to given equations, g(2) = 16/9 = 2-2/9, g(3) = 52/27 = 2-2/27, g(4) = 208/81 - 16/27 =160/81 = 2 -2/81. From that, we know the hypothesis is true.",1,2,0,0,0,0,0,Seth,fa22
170,171,Exam 1,learningStudy/WrittenInduction_Recurrence_v3,"Let n be any natural number  
Suppose g(0) = 0, g(1)=4/3, and g(n) = (4/3)g(n-1) - (1/3)g(n-2) for n>=2  
= (1/3)(4g(n-1) - g(n-2))  
???  
Thus, g(n) = 2 - 2/3^n, which is what we needed to prove",0,0,0,0,0,0,0,Seth,fa22
171,172,Exam 4,learningStudy/WrittenInduction_Recurrence_v3,"4/3g(n-1)-1/3g(n-2)=gn-2/3g, so ",0,0,0,0,0,0,0,Seth,fa22
172,173,Exam 6,learningStudy/WrittenInduction_Recurrence_v3,"We have natural number n. When n=0, g(n) = 0. When n=1, g(n) = 4/3. When n is any number greater than or equal to 2, we have (4/3)g(n-1) - (1/3)g(n-2). 

We can simplify the conditions to one single solution statement that is g(n) = 2 - 2/(3^n). We can see that this works for the conditions where n = 0 as 2-2/(3^0) is equivalent to 2-2/1 which is 0. This also works for when n=1 because we obtain 2-2/3 which results in 4/3. Plugging in any numnber for n that is greater than equal to 2, we see that (4/3)g(n-1) - (1/3)g(n-2) is equivalent to 2-2/(3^n).",2,2,0,0,0,0,0,Seth,fa22
173,174,Exam 1,learningStudy/WrittenInduction_Recurrence_v3,"Using mathematic induction, suppose $g(k)=2-\frac{2}{3^k}$ where $k \in N$ and $k\ge2$.

Then $g(k+1)=\frac43g(k)-\frac13g(k-1)=\frac43(2-\frac{2}{3^k})-\frac13(2-\frac{2}{3^{k-1}})=\frac83-\frac23-\frac{8}{3^{k+1}}+\frac{2}{3^k}=2-\frac2{3^{k+1}}$. QED.",0,0,2,1,2,2,2,Seth,fa22
174,175,Exam 6,learningStudy/WrittenInduction_Recurrence_v3,"Suppose $g(n) = 2 - \frac{2}{3^n}$, then $\frac{4}{3}(2-\frac{2}{3^{n-1}})-\frac{1}{3}(2-\frac{2}{3^{n-2}}) = 2-\frac{2}{3^{n}}$

then $4(2-\frac{2}{3^{n-1}})-(2-\frac{2}{3^{n-2}}) = 6-\frac{2}{3^{n-1}}$

$4(2-\frac{2}{3^{n-1}})-(2-\frac{6}{3^{n-1}}) = 6-\frac{2}{3^{n-1}}$

$8-\frac{2}{3^{n-1}}-2+\frac{6}{3^{n-1}}  = 6-\frac{2}{3^{n-1}}$

$6-\frac{2}{3^{n-1}} = 6-\frac{2}{3^{n-1}}$, since the equation holds, $g(n) = 2 - \frac{2}{3^n}$ for any natural number n",0,0,2,0,1,2,2,Seth,fa22
175,176,Exam 1,learningStudy/WrittenInduction_Recurrence_v3,Induction Proof: This is true because the subcases for g(1) and g(2) for the given formula for n >= 2 is true. This is proof by induction?,0,0,0,0,0,0,0,Seth,fa22
176,177,Exam 4,learningStudy/WrittenInduction_Recurrence_v3,"g(n) is true for all natural numbers. We will use induction on n. We need to show that g(1) is true which if we plug n = 1 into the statement, we get 4/3 which is true according to the definition g(1) = 4/3. Suppose that g(n) is true for n = 1, 2, k-1, we need to show that g(k) is true.",1,2,1,2,0,0,0,Seth,fa22
177,178,Exam 4,learningStudy/WrittenInduction_Recurrence_v3,"We will prove the claim by induction on n.
Base case : already given above that g(0) = 0 and 2-2/1 = 0. So base case true for 0 . g(1) = 4/3. 2-2/3 = 4/4, so claim also true for case n = 1

Induction: Let claim be right for N n = 1, 2, 3, ......k

We need to prove claim correct for n = k+1

g(k+1) = 2-2/3^n +",2,2,2,2,1,0,0,Seth,fa22
178,179,Exam 1,learningStudy/WrittenInduction_Recurrence_v3,"Let $n \in \mathbb{N}$.     
Suppose $n = 3$.        
$g(3) = \frac{4}{3}g(2) - \frac{1}{3}g(1)$      
$g(3) = \frac{4}{3} * \frac{4}{3}g(1) - \frac{1}{3}g(1)$        
$g(3) = \frac{4}{3} * \frac{4}{3} * \frac{4}{3} - \frac{1}{3} * \frac{4}{3}$        
Something, something...         
$g(n) = 2 - \frac{2}{3^n}$
",0,1,0,0,0,0,0,Seth,fa22
179,180,Exam 6,learningStudy/WrittenInduction_Recurrence_v3,"base case:
g(0) = 0, g(1) = $\frac{4}{3}$

suppose there is an natural number k where $k>1 $

$g(k) = \frac{4}{3}g(k-1) - \frac{1}{3}g(k-2) = 2 - \frac{2}{3^k}$

$g(k+1) = \frac{4}{3}g(k) - \frac{1}{3}g(k-1) $

= $\frac{4}{3}( 2-\frac{2}{3^k}) - \frac{1}{3}(2-\frac{2}{3^{k-1}})$

 = $\frac {8}{3}- \frac{8}{3^{k+1}}- \frac{2}{3}+\frac{2}{3^k}$
 
 = $2 - \frac{4}{3}\frac{2}{3^k}+\frac{2}{3^k}$
 
 =$2-\frac{1}{3}\frac{2}{3^k}$
 
 =$ 2- \frac{2}{3^{k+1}}$

",2,1,2,1,2,2,2,Seth,fa22
180,181,Exam 1,learningStudy/WrittenInduction_Recurrence_v3,n>=2,0,0,0,0,0,0,0,Seth,fa22
181,182,Exam 4,learningStudy/WrittenInduction_Recurrence_v3,"Proof: induction by g.  
Base case: let n = 0. So g(0) = 0 and is a real number.  
g(n) can be simplified to (1/3)g(4n-4-n+2) = (1/3)g(3n-2). Since g(n) will never be greater than 2, let g = 2n^-1. So g(n) = 2(3n+2)/3^n. by the induction hypothesis, g(n) = 2 - (2/3^n), which is what we needed to prove.",1,1,0,0,0,0,0,Seth,fa22
182,183,Exam 1,learningStudy/WrittenInduction_Recurrence_v3,"Suppose g(n) = 2-2/(3^n).
g(0) = 2-2/(3^0) = 2-2 = 0
g(1) = 2-2/(3^1) = 2-2/3 = 4/3
g(n-1) = 2-2/(3^(n-1))
g(n-2) = 2-2/(3^(n-2))

4/3g(n-1) = 8/3-8/(3^(n-1+1))
1/3g(n-1) = 2/3-2/(3^(n-2+1))

4/3g(n-1)-1/3g(n-1) = (8/3-2/3)+(-8/(3^n)+2/(3^(n-1))) = 6/3 + (-8/(3^n) + (2*3)/(3^n)) = 2 - 2/(3^n)",2,2,0,0,1,1,2,Ben,fa22
183,184,Exam 1,learningStudy/WrittenInduction_Recurrence_v3,"for g(0) = 2 - 2/1 = 0
for g(1) = 2 - 2/3 = 4/3.

for any n >= 2, ",2,2,0,0,0,0,0,Ben,fa22
184,185,Exam 6,learningStudy/WrittenInduction_Recurrence_v3,"g(0) = 0;
g(1) = 4/3;
g(n) = 4g(n-1)/3 - g(n-2)/3 for n >= 2

I don't know how to do it.",0,0,0,0,0,0,0,Ben,fa22
185,186,Exam 6,learningStudy/WrittenInduction_Recurrence_v3,"Proof by induction on n. 
Plug in 0, 1, and n into the equation g(n).
g(0) = 2 - 2/(1) = 0
g(1) = 2 - 2/3 = 4/3
g(n) = 2 - 2/3n
Plug in k+1, results in 2 - 2/3^(n+1) = 2 - 2/3 *1/3^n
We have proved it by induction on n. 
",2,2,0,0,0,0,0,Ben,fa22
186,187,Exam 1,learningStudy/WrittenInduction_Recurrence_v3,I do not know.,0,0,0,0,0,0,0,Ben,fa22
187,188,Exam 1,learningStudy/WrittenInduction_Recurrence_v3,"Case 1: Suppose $n = 0$. $g(0) = 2 - \frac{2}{3^0} = 2 - 2 = 0$.

Case 2: Suppose $n=1$. $g(1) = 2 - \frac{2}{3^1} = 2 - \frac{2}{3} = \frac{4}{3}$.

Case 3: Suppose $n = 2$. 

Then $\frac{4}{3}g(n-1) - \frac{1}{3}g(n-2) = \frac{4}{3}g(1) - \frac{1}{3}g(0) = \frac{4}{3}g(1)
= \frac{4}{3} * \frac{4}{3} = \frac{16}{9} = 2 - \frac{2}{3^2}$",2,2,0,0,0,0,0,Ben,fa22
188,189,Exam 6,learningStudy/WrittenInduction_Recurrence_v3,"Proof by induction:

Consider the starting terms:
when $n = 0$, $g(0) = 0 = 2 - \frac{2}{3^0}$;
when $n = 1$, $g(1) = \frac{4}{3} = 2 - \frac{2}{3^1}$;
when $n = 2$, $g(2) = \frac{4}{3} g(1) - \frac{1}{3} g(0) = \frac{4}{3} * \frac{4}{3} - \frac{1}{3} * 0 = \frac{16}{9} = 2 - \frac{2}{3^2}$
So the statement is proven for the starting terms.

For a natural number n,
assume that $g(n) = 2 - \frac{2}{3^n}$ holds for $n = 2, 3, 4, ... , k$. To prove: $g(n) = 2 - \frac{2}{3^n}$ holds when $n = k + 1$.

Since $g(n) = 2 - \frac{2}{3^n}$ holds for $n = 2, 3, 4, ... , k$, $g(k - 1) = 2 - \frac{2}{3^{k-1}}$ and $g(k ) = 2 - \frac{2}{3^{k}}$. 
By the definition of $g(n)$, $g(k+1) = \frac{4}{3} g(k) - \frac{1}{3} g(k-1) = \frac{4}{3} (2 - \frac{2}{3^{k}}) - \frac{1}{3} (2 - \frac{2}{3^{k-1}}) = $
$\frac{8}{3} - \frac{8}{3^{k+1}} - \frac{2}{3} + \frac{2}{3^{k}} = 2 - \frac{8}{3^{k+1}} + \frac{2 * 3}{3*3^{k}} = 2 - \frac{2}{3^{k + 1}}$. So $g(n) = 2 - \frac{2}{3^{n}}$ is proven for $n = k+1$.

As a result, the original statement is also proven.",2,2,2,1,2,2,2,Ben,fa22
189,190,Exam 6,learningStudy/WrittenInduction_Recurrence_v3,"Prove by induction:

g(0) = 0
g(1) = 4/3
g(2) = (4/3)*g(n-1) - (1/3)*g(n-2) = (4/3)*(4/3) - (1/3)*0 = 16/9

inductive step:
g(n+1) = (4/3)*g(n) - (1/3)*g(n-1)",2,1,0,0,0,2,0,Ben,fa22
190,191,Exam 6,learningStudy/WrittenInduction_Recurrence_v3,"I do not recall the technique used for this problem from the last activity.

Would you set $(4/3)g(k) - (1/3)g(k - 1) = 2 - 2/(3^{k+1})$ where $n = k+1$?

Not sure where to take it after",0,0,0,0,0,0,0,Ben,fa22
191,192,Exam 1,learningStudy/WrittenInduction_Recurrence_v3,"Suppose n is any natural number.
There are three cases in our g relation.
Case 1: n = 0.
Case 2: n = 1.
Case 3: n >= 2.

In case 1 g(0) = 0 = 2 - 2/3^n, substituting n for 0 we get 2-2 = 0 and obviously 0 = 0

In case 2 g(1) = 4/3 = $2-\frac{2}{3^1} =2-\frac{2}{3} = \frac{4}{3}$ 4/3 = 4/3.

In case 3 g(n) = $\frac{4}{3}g(n-1)-\frac{1}{3}g(n-2)$ Suppose n = 2. g(2)=$\frac{4}{3}g(2-1)-\frac{1}{3}g(2-2) = \frac{4}{3}g(1)-\frac{1}{3}g(0) = \frac{4}{3} * \frac{4}{3} = \frac{16}{9}$ and $2-\frac{2}{3^2} = \frac{16}{9}$

In all cases g(n) =$ 2-\frac{2}{3^n}$.
Therefore g(n) = $2 - \frac{2}{3^n}$ which is what we needed to show.",2,2,0,0,0,0,0,Ben,fa22
192,193,Exam 6,learningStudy/WrittenInduction_Recurrence_v3,"To Prove: 

$2 - \frac{2}{3^n}$

Let's start with proving $g(n)$ for $n = 0,1,2$

$g(0) = 2 - \frac{2}{3^0} = 2 -2 = 0$

$g(1) =  2 - \frac{2}{3^1} = 2 -\frac{2}{3} = \frac{2}{3}$

$g(2) =  2 - \frac{2}{3^2} = \frac{16}{9}$

$g(2) = \frac{4}{3} g(1) - \frac{1}{3} g(0) = \frac{4}{3} * \frac{4}{3} - 0 = \frac{16}{9} $

Hence $g(n)$ is true for $n = 0,1,2$

Now, using inductive hypothesis, let's try proving for $ n = k+1$

LHS: $g(k+1) =  2 - \frac{2}{3^{k+1}} = 2 - \frac{2}{3^{k} * 3}$

RHS: $g(k+1) = \frac{4}{3} g(k+1-1) - \frac{1}{3} g(k+1-2) = \frac{4}{3} g(k) - \frac{1}{3} g(k-1)$ 

Using $g(k) = 2 - \frac{2}{3^{k}}$, 

=> $\frac{4}{3} (2 - \frac{2}{3^{k}}) - \frac{1}{3} (2 - \frac{2}{3^{k-1}})$

=> On expanding further, we get 

=> $(\frac{8}{3} - \frac{8}{3^{k+1}}) - (\frac{2}{3} - \frac{2}{3^{k}})$

=> $(\frac{8 * 3^{k} }{3 * 3^{k}} - \frac{8}{3^{k+1}}) - (\frac{2 * 3^{k-1}}{3* 3^{k-1}} - \frac{2}{3^{k}})$

=> $ (\frac{8 * 3^{k} - 8 }{3 * 3^{k}}) - (\frac{2 * 3^{k-1} - 2}{3* 3^{k-1}})$

=> $ (\frac{8(3^{k} - 1) }{3 * 3^{k}}) - (\frac{2 (3^{k-1} -1)}{3* 3^{k-1}})$

=> $ (\frac{8(3^{k} - 1) }{3 * 3^{k}}) - (\frac{6 (3^{k} -1)}{3* 3^{k}})$

=> $ (\frac{8(3^{k} - 1) - 6 (3^{k} -1)}{3 * 3^{k}})$


",2,2,2,2,2,2,2,Ben,fa22
193,194,Exam 4,learningStudy/WrittenInduction_Recurrence_v3,"Proof by induction on n.

Inductive predicate: P(n) : g(n) = 2 - 2/3^n

Base cases: 
- For n = 0 we have g(0) = 0 and 2 - 2/3^0 = 2 - 2 = 0, so P(0) holds. 
- For n = 1 we have g(1) = 4/3 and 2 - 2/3^1 = 2 - 2/3 = 4/3, so P(1) holds.

So both base cases hold.

Inductive hypothesis: Suppose that P(n) : g(n) = 2 - 2/3^n is true for n = 0, 1,..., k - 1.

Inductive step: We need to show that P(k) : g(k) = 2 - 2/3^k holds.

By the definition of g, g(k) = (4/3)g(k-1) - (1/3)g(k-2).

By the inductive hypothesis, this equals 4/3(2 - 2/3^(k-1)) - 1/3(2 - 2/3^k-2).
- simplifying this: (2 - 2/3^k-1)(4/3 - 1/3) = 2 - 2/3^k-1.

So g(k) = 2 - 2/3^k-1, which establishes the inductive step.",2,2,2,2,2,2,2,Ben,fa22
194,195,Exam 4,learningStudy/WrittenInduction_Recurrence_v3,"Let n - 1 = t. Then it will be n-2 = t-1. T >= 1. Then g(t+1) = 4/3 g(t) - 1/3 g(t-1).

(I am not sure with solving this question.)",0,0,0,0,0,0,0,Ben,fa22
195,196,Exam 4,learningStudy/WrittenInduction_Recurrence_v3,"Proof of n by induction
The inductive predicate P(n) : g(n) = 2 - 2/(3^n)
Base case when g(0), g(n) = 2 - 2/(1), which is 0 = g(0), and when g(1), g(n) = 2 - 2/(3) = 4/3 = g(1), so the base case holds true.
Suppose P(n) : g(n) = 2 - 2/(3^n) for all of n = 1... , k-1 for some integer k >= 1. 
We need to show that g(k) = 2 - 2/(3^k) holds. 
Using the definition of g, we get g(k) = (4/3)g(k-1) - (1/3)g(k-2) 
Using induction hypothesis g(n) = 2 - 2/(3^n), we can substitute : g(k) = (4/3)(2-(2/(3^k-1)) - (1/3)(2-(2/(3^k-1)), which is simplified to (8/3) - (8)/(3^k) - (2/3) - (4/(3^k), which simplifies to g(k) = 2-2/(3^k).
This proves that g(n) = 2 - 2/(3^n).
",2,2,2,2,2,2,2,Ben,fa22
196,197,Exam 1,learningStudy/WrittenInduction_Recurrence_v3,Don't Know,0,0,0,0,0,0,0,Ben,fa22
197,198,Exam 4,learningStudy/WrittenInduction_Recurrence_v3,"Prove by induction on n

g(0) = 0

g(1) = 4/3

g(2) = 16/9

g(3) = 52/27

The statement holds true.

see if the statement holds true for n=k+1

g(k+1) = (4/3)(g(k)) - (1/3)(g(k-1)), for k+1>=2

g(k+1) = 2 - 2/(3^(k+1))

2 - 2/(3^(k+1)) = 2 - 2/(3*3^k)",2,1,0,0,1,2,0,Ben,fa22
198,199,Exam 6,learningStudy/WrittenInduction_Recurrence_v3,"We are going to prove this using induction 
let us suppose that n is any arbitrary natural number 
let us suppose that k-1=n where k-1 is any arbitrary natural number 
we get that 4/3g(k-3)-1/3g(k-2) where k has to be greater or equal to 2
we know that because k is a natural number we know that the output to this equation will aslso be natural number 
we also know that 2-2/3^(k-1) this also must equal some 
integer   
now if we substitute that into the first g(n) 
because k is a natural number we also get some number that is greater or equal to 2 
that is what we needed to show",0,0,0,0,1,2,0,Ben,fa22
199,200,Exam 1,learningStudy/WrittenInduction_Recurrence_v3,"Let n be any natural number.
g(n) can be rewritten as 4gn/3 - 4g/3 - gn/3 + 2g/3 which equals gn - 2g/3. 
If n is greater than or equal to 2, this equation can be simplified to 2 - 2/3^n which is what we are trying to show.",0,0,0,0,0,0,0,Ben,fa22
200,201,Exam 4,learningStudy/WrittenInduction_Recurrence_v3,"Proof: we need to prove that g(n) = 2 - (2/3^n)
Base: 
Let n = 0, then g(n) = 2 - 2 = 0, which satisfy g(0) = 0
Let n = 1, then g(n) = 2 - 2/3 = 4/3, which satisfy g(1) = 4/3
Induction: suppose that g(n) = 2 - (2/3^n), for n = 0,1,...,k.
We need to shouw that 2 - (2/3^(k+1))",2,2,2,2,2,0,0,Ben,fa22
201,202,Exam 6,learningStudy/WrittenInduction_Recurrence_v3,"Let n be an integer. Suppose that n = k+1.

Therefore, we may substitute k+1 for $\{g(n)}$'s bounds, which gives us k <= 1. We may use these bounds to substitute k+1 for g(n) that function $\{g}$ is defined by, which proves $\{g(n) = 2 - 2/(3^n)}$.

Plugging values into $\{g(n) = (4/3)g(k+2) - 1/3g(k-1)}$ will get us any natural number $\{n}$. This is what we needed to show.
",0,0,0,0,0,0,0,Ben,fa22
202,203,Exam 1,learningStudy/WrittenInduction_Recurrence_v3,"Claim: $g(n) = 2 - \frac{2}{3^n}$ for any natural number $n$.

Let $P(n)$ be true if $g(n) = 2 - \frac{2}{3^n}$

Base Case I) $n = 0$.

$g(0) = 0 = 2 - \frac{2}{3^0} = 2 - 2 = 0$

Base Case II) $n = 1$.

$g(1) = \frac{4}{3} = 2 - \frac{2}{3^1} = 2 - \frac{2}{3} = \frac43$

Inductive Step: Assume for all $n = k$ where $k \in \mathbb{N}$ that $P(0), P(1), P(2), ... , P(k)$ is true by the Strong Inductive Hypothesis.

Show that for a $n = k + 1$ where $k \in \mathbb{N}$ that $g(k + 1) = 2 - \frac{2}{3^{k + 1}}$

Consider $g(k + 1) = \frac43g(k + 1 - 1) - \frac13g(k + 1 - 2)$ by the definition of $g(n)$

$\frac43g(k + 1 - 1) - \frac13g(k + 1 - 2) = \frac43g(k) - \frac13g(k - 1)$

Applying the Strong Inductive Hypothesis,

$\frac43g(k) - \frac13g(k - 1) = \frac43[2 - \frac2{3^k}] - \frac13[2 - \frac2{3^{k - 1}}]$

$= \frac83 - \frac{8}{3^{k + 1}} - \frac23 + \frac{2}{3^k}$

$= 2 - \frac{8}{3^{k + 1}} + \frac{2}{3^k}$

$= 2 - \frac{8}{3^{k + 1}} + \frac{6}{3^{k + 1}}$

$= 2 - \frac{2}{3^{k + 1}}$

Hence, by Strong Induction, since $P(0), P(1), P(2), ... , P(k), P(k + 1)$ are all true, then we have shown that $P(n)$ is true for all $n \in \mathbb{N}$ which implies that $g(n) = 2 - \frac{2}{3^n}$ for any natural number $n$.",2,2,2,2,2,2,2,Ben,fa22
203,204,Exam 4,learningStudy/WrittenInduction_Recurrence_v3,"Base: g(0) = 0 and g(1) = 4/3

Induction: 

Suppose that g(n) = 4/3g(n-1) - 1/3g(n-2) for n = 2, 3, ... k - 1. We need to show that g(n) = 2 - 2/3^n for any natural number n.",2,1,1,2,1,0,0,Ben,fa22
204,205,Exam 6,learningStudy/WrittenInduction_Recurrence_v3,"Base case: $n = 0, 1, 2$

Plugging in $0$ gives us $g(0) = 2 - \frac{2}{3^0} = 2 - 2 = 0$, which is equal to the given information about $g(0)$.

Plugging in $1$ gives us $g(1) = 2 - \frac{2}{3^1} = 2 - \frac{2}{3} = \frac{4}{3}$, which is equal to the given information about $g(1)$.

Plugging in $2$ gives us $g(0) = 2 - \frac{2}{3^2} = 2 - \frac{2}{9} = \frac{16}{9}$, which is equal to the given information about $g(2)$.

Induction:

Assume that for any natural number $n$, $g(n) = 2 - \frac{2}{3^n}$ is true. 

Consider $n + 1$. From the given information (about the recursive function), $g(n + 1) = \frac{4}{3}g(n) - \frac{1}{3}g(n - 1)$. As we assumed the above equation was true, we can plug in the respective expressions for $g(n)$ and $g(n - 1)$. So, we get:

$g(n + 1) = \frac{4}{3}[2 - \frac{2}{3^n}] - \frac{1}{3}[2 - \frac{2}{3^{n-1}}]$.

$ = \frac{8}{3} - \frac{8}{3^{n+1}} - \frac{2}{3} + \frac{2}{3^n}$

$ = 2 - \frac{8-2(3)}{3^{n+1}}$

$ = 2 - \frac{2}{3^{n+1}}$.

Thus, this is equal to what we would get when plugging $n + 1$ into $g(n) = 2 - \frac{2}{3^n}$, so this function is true for any natural number $n$; this is what we wanted to show.",2,2,2,1,2,2,2,Ben,fa22
205,206,Exam 1,learningStudy/WrittenInduction_Recurrence_v3,no idea,0,0,0,0,0,0,0,Ben,fa22
206,207,Exam 1,learningStudy/WrittenInduction_Recurrence_v3,Im not sure how to solve this,0,0,0,0,0,0,0,Ben,fa22
207,208,Exam 4,learningStudy/WrittenInduction_Recurrence_v3,"Proof: We will use induction on n.
Base: We need to show that g(0) is true. We are given that g(0) = 0 and the inductive hypothesis states g(0)= 2-2/(3^0) = 2-2/1 = 0. So it holds for the base value.   
Induction: Suppose that g(n) is true for n = 1,2,3...k-1, we need to show that g(k) is true. By definition    
of g(n) = (4/3)g(n-1)-(1/3)g(n-2). g(k+1) = (4/3)g(k)-(1/3)g(k-1) = (4/3)[(4/3)g(k-1)-(1/3)g(k-2)]-(1/3)g(k-1). On the other side our inductive hypothesis says that g(k+1) = 2-2/(3^(k+1)) = 2-2/(3*3^k). With some algebra this must be proven right for the proof to be correct.",1,2,1,2,2,2,0,Ben,fa22
208,209,Exam 4,learningStudy/WrittenInduction_Recurrence_v3,"Let $n$ be a natural number. 

Base: Let $n = 0$. $g(0) = 2 - \frac{2}{3^0} = 0$, which is equal to the given information of $g(0) = 0$.
Let $n = 1$. $g(1) = 2 - \frac{2}{3^1} = \frac{4}{3}$, which is equal to the given information of $g(1) = \frac{4}{3}$.

Induction: Suppose that $g(n) = 2 - \frac{2}{3^n}$, where $n$ is a natural number. We need to prove that $g(n + 1) = 2 - \frac{2}{3^{n+1}}$. From the information given, $g(n) = \frac{4}{3}g(n - 1) - \frac{1}{3}g(n - 2)$. Plugging in $n + 1$ for $n$, we get $g(n+1) = \frac{4}{3}g(n) - \frac{1}{3}g(n-1)$. Since we assumed that  $g(n) = 2 - \frac{2}{3^n}$ is true, substituting this in gives us $g(n+1) = \frac{4}{3}[2 - \frac{2}{3^n}] - \frac{1}{3}[2 - \frac{2}{3^{n-1}}]$. Simplifying gives us:

$g(n+1) = \frac{8}{3} - \frac{8}{3^{n+1}} - \frac{2}{3}+\frac{2}{3^n}$

$= 2 - \frac{2}{3^{n+1}}$.

Thus, $g(n + 1) = 2 - \frac{2}{3^{n+1}}$, which is what we wanted to show.",2,2,2,1,2,2,2,Ben,fa22
209,210,Exam 1,learningStudy/WrittenInduction_Recurrence_v3,Not sure how to do this one,0,0,0,0,0,0,0,Ben,fa22
210,211,Exam 6,learningStudy/WrittenInduction_Recurrence_v3,"we must prove g(n)=2-2/3^n for any natural number  
we know g(0) is 0, g(1) = 4/3 which also works in the equations provided.  
by induction we know g(  
i cannot for the life of me remember how induction works
it has something to do with n+1 and like theres a preinduction and a hypothesis and then you plug them in but I cant rememebr how to do it.",2,2,0,0,0,0,0,Ben,fa22
211,212,Exam 4,learningStudy/WrittenInduction_Recurrence_v3,"Proof by induction on n.

Inductive predicate: g(n) = 2 - 2/(3^n)

Base case: we need to show that g(2) is true. 4/3(4/3) - 1/3(0) = 2 - 2/9 = 16/9. g(2) holds true.

Inductive hypothesis: suppose g(n) holds for n=2,3,4,,..,k for some integer k >= 2.

Inductive step: we need to show that g(k+1) = 2-2/(3^(k+1)) is true.

*Not sure how to solve from here.

So g(k+1) = 2-2/(3^(k+1)) which is what we wished to show.",1,2,1,2,2,0,0,Ben,fa22
212,213,Exam 6,learningStudy/WrittenInduction_Recurrence_v3,"Let's solve this by induction. 
Let's say that g(n) = 2 - 2/3^n is true for all n-1.  
Let's prove a base case of g(2). 4/3(g(1)) - 1/3(g(0)) = (4/3)^2 - 0 = 16/9 , 2 - 2/3^2 = 2- 2/9 = 16/9. The base case is true.  
Now let's solve for n. 4/3g(n-1) - 1/3g(n-2) = 4/3(2-2/3^(n-1)) - 1/3(2-2/3^(n-2))  
= 8/3 - 8/3^n - 2/3 + 2/3^(n-1) = 2 - 8/3^n + 2/3^n-1.    
Let us solve that 8/3^n + 2/3^n-1 = 2/3^n:  
2/3^(n-1) * 3/3 = 6/3^n.  
8/3^n - 6/3^n = 2/3^n.  
So 2 - 8/3^n + 2/3^n-1 = 2 - 2/3^n.  
g(n) = 2 - 2/3^n has been proven for any natural number n, QED.
",1,2,2,1,2,2,2,Ben,fa22
213,214,Exam 1,learningStudy/WrittenInduction_Recurrence_v3,"Let there be a natural number n. As n increases, the output of g(n)'s denominator increases, because every previous value is multiplied by 4/3. So the denominator is equal to 3^n, as the denominator is multiplied by 3 every time. Additionally, the value of g(n) gets larger every time. 

[Unsure how to prove by induction]",0,0,0,0,0,0,0,Ben,fa22
214,215,Exam 4,learningStudy/WrittenInduction_Recurrence_v3,"Base Cases:

n = 1

g(1) = 4/3

2 - 2/(3^1) = 4/3

n = 0

g(0) = 0

2-2/(3^0) = 0

g(n) is equal to 2-2/(3^n) for the numbers 0 and 1.

Inductive Step:

Assume that g(k) = 2-2/(3^k) and g(k-1) = 2-2/(3^(k-1)) is true for numbers 0, 1, 2, 3..., k.

Prove that the same is true for k+1

g(k+1) = 4/3*g(k) - 1/3*g(k-1)

g(k+1) = 4/3 * (2-2/(3^k)) - 1/3 * (2-2/(3^(k-1)))

g(k+1) = (8/3 - 8/(3^(k+1)) - (2/3 - 2/(3^k))

g(k+1) = 2 - (8/(3^(k+1)) - 2/(3^k))

g(k+1) = 2 - (8/(3^(k+1)) - 6/(3^(k+1))

g(k+1) = 2 - (8/(2^(k+1)))

Therefore, since g(n) = 2 - 2/(3^n) for 0 and 1 and g(n+1) = 2 - (8/(2^(n+1))) if g(n) = 2-2/(3^n) and g(n-1) = 2-2/(3^(n-1)) then for all integers numbers greater then 0, ie all natural numbers, g(n) = 2 - 2/(3^k).

QED",2,2,2,2,2,2,2,Ben,fa22
215,216,Exam 1,learningStudy/WrittenInduction_Recurrence_v3,"$$g(0)=2-\frac{2}{3^0}=2-2=0$$
$$g(1)=2-\frac{2}{3^1}=\frac{6}{3}-\frac{2}{3}=\frac{4}{3}$$
",2,2,0,0,0,0,0,Ben,fa22
216,217,Exam 1,learningStudy/WrittenInduction_Recurrence_v3,"g(n-1) = (4/3)g(n-2) - (1/3)g(n-3)

g(n) - g(n-1) = (4/3)g(1) -(1/3)g(1)

g(n) - g(n-1) = g(1) = 4/3

Therefore g(n) = (4/3)*n

g(n) = 2- 2/(3^n)",0,0,0,0,0,0,0,Ben,fa22
217,218,Exam 1,learningStudy/WrittenInduction_Recurrence_v3,"Let O(n) be the statement that g(n) = $2-\frac2{3^n}$

Base case O(0): $2-2/3^0 = 2- 2=0=g(0)$. O(0) is true.

Base case O(1): $2-2/3^1 = 4/3 = g(1)$. O(1) is true.

Suppose O(n-1) and O(n) are true. 
$g(n+1) = \frac4{3}g(n)-\frac{1}3g(n-1) = \frac4{3}(2-\frac2{3^n})-\frac{1}3(2-\frac2{3^{n-1}})$

$=\frac1{3}(8-\frac8{3^n}-2+\frac6{3^{n}}) = 2-\frac2{3^{n+1}}$.

O(n-1) and O(n) are true => O(n+1) is true. Since the base cases O(0) and O(1) are true, O(n) is true for all natural numbers n by induction.
",2,2,2,2,2,2,2,Ben,fa22
218,219,Exam 4,learningStudy/WrittenInduction_Recurrence_v3,"Proof by induction on n

Inductive Predicate $P(n) = g(n) = 2 - \frac{2}{3^n}$

Base cases: for $n=0$, $g(0) = 0$ and $P(0) = 2 - \frac{2}{3^0} = 2 - 2 = 0$. So, $g(0) = P(0)$ for the base case $n = 1$,  $g(1) = \frac{4}{3}$ and $P(1) = 2 - \frac{2}{3^1} = \frac{6}{3} - \frac{2}{3} = \frac{4}{3}$. So, $g(1) = P(1)$, so both base cases hold.

Inductive Hypothesis: $P(n) = g(n) = 2 - \frac{2}{3^n}$ holds for all $n = 0, 1, 2, ..., k-1$ where $k \ge 2$

Inductive Step: We need to show that $P(k) = g(k) = 2 - \frac{2}{3^k}$ holds.

Using the definition of $g(n)$, We know that $g(k-1) = \frac{4}{3}g(k-2) - \frac{1}{3}g(k-3)$

So $g(k) = \frac{4}{3}g(k-1) - \frac{1}{3}g(k-2)$

Using the the inductive hypothesis, $g(k) = \frac{4}{3}(2 - \frac{2}{3^{k-1}}) - \frac{1}{3}(2 - \frac{2}{3^{k-2}})$

By doing algebra, $g(k) = 2 - \frac{4}{3} \frac{6}{3^k} +$ $\frac{1}{3}\frac{18}{3^k} = 2 - \frac{8}{3^k} + \frac{6}{3^k} = 2 - \frac{2}{3^k}$

So, $P(k) = g(k) = 2 - \frac{2}{3^k}$ holds, which is what we needed to show.",2,2,2,2,2,2,2,Ben,fa22
219,220,Exam 6,learningStudy/WrittenInduction_Recurrence_v3,"g(n) = 2 - $\frac{2}{3^n}$

Base: g(0) = 0, g(1) = $\frac{4}{3}$

Note: $\frac{4}{3}$g(k) = $\frac{8}{3}$ - $\frac{8}{3^{k}3}$ and $\frac{1}{3}$g(k-1) = $\frac{2}{3}$ - $\frac{2}{3^k}$

g(k+1) = 2 - $\frac{2}{3^{k+1}}$ = 2 - $\frac{2}{3^k3}$ = $\frac{6}{3}$+ $\frac{\frac{-8}{3}+2}{3^k}$ = $\frac{8}{3}$-$\frac{2}{3}$ - $\frac{8}{3^k3}$ + $\frac{2}{3^k}$ = $\frac{8}{3}$ - $\frac{8}{3^k3}$ - ($\frac{2}{3}$ - $\frac{2}{3^k}$)

Thus from the noted equations above: g(k+1) = $\frac{4}{3}$g(k) -  $\frac{1}{3}$g(k-1)

QED",2,1,0,0,2,2,2,Ben,fa22
220,221,Exam 6,learningStudy/WrittenInduction_Recurrence_v3,"Inductive Step: $g(n) = 2-\frac{2}{3^n}$ for any natural number n.

Base Case: if n = 0, then $g(0)=2-\frac{2}{1}=0$, which matches the definition of g. if n = 1, then $g(0)=2-\frac{2}{3}=\frac{4}{3}$, which matches the definition of g. So the statement holds for both of the base cases.

Inductive Hypothesis(?): Suppose that the inductive step holds true for n = 0, 1, ..., (k-1).

We need to show that the inductive step holds true for k.

We know that $g(k) = 2-\frac{2}{3^k}$, so $\frac{4}{3}g(k-1)-\frac{1}{3}g(k-2)=2-\frac{2}{3^k}$ for k $\geq$ 2.

By the inductive hypothesis, we know that $g(k-1)=2-\frac{2}{3^{(k-1)}}$ and $g(k-2)=2-\frac{2}{3^{(k-2)}}$.

Substituting these into the equation gives us $g(k)=\frac{4}{3}(2-\frac{2}{3^{(k-1)}})-\frac{1}{3}(2-\frac{2}{3^{(k-2)}})$.

Simplifying gives us $g(k)=\frac{8}{3}-\frac{8}{3^k}-\frac{2}{3}+\frac{2}{3^{(k-1)}}=\frac{6}{3}-\frac{8}{3^k}+\frac{6}{3^k}=2-\frac{2}{3^k}$, so the inductive step holds true for k, which is what we needed to show.",2,2,2,2,2,2,2,Ben,fa22
221,222,Exam 4,learningStudy/WrittenInduction_Recurrence_v3,"proof by induction on n

wow i rlly cannot do this without the blocks :(",0,0,0,0,0,0,0,Ben,fa22
222,223,Exam 6,learningStudy/WrittenInduction_Recurrence_v3,"Consider g being an induction.

For the value n = 0, g(n) = 2 - 2/3^n = g(0) = 2 - 2/3^(0) = 2 - 2/1 = 0, which means that g(0) = 0 holds.
For the value n = 1, g(n) = 2 - 2/3^n = g(0) = 2 - 2/3^(1) = 6/3 - 2/3 = 4/3, which means that g(1) = 4/3 holds

Consider the hypothesis where since we don't know where this terminates n = (n, n + 1,... n + k).
which means that g(n) = 4/3g(n - 1) - 1/3g(n - 2), for any n >= 2.

This would mean that based on the hypothesis g(k + 1) = 2 - 2 / 3^(k + 1), for any natural number n. g(k + 1) = 2 - 2 / 3^k * 3^1 = (2 * 3^1k * 3)/(3^k * 3) - (2)/(3^k * 3) = ((2 * 3^k * 3) - 2)/(3^k * 3) = ((18^k - 2)/(9^k) = (2^k - 2), which is true for k values >= 2.

Which is what we're supposed to show
",2,2,1,1,1,0,0,Ben,fa22
223,224,Exam 4,learningStudy/WrittenInduction_Recurrence_v3,"proof by induction on n  
inductive predicate: P(n):$g(n)=4g(n-1)/3-g(n-2)/3,$ for $n \ge2$  
base case: n =0,$g(0)=0$  
inductive hypothesis:suppose that $g(n)=4g(n-1)/3-g(n-2)/3$ holds for $n\ge2$   
inductive step: we need to show that$g(n+1)=4g(n)/3-g(n-1)/3$ rearrange these expressions,    
by ...  
so ... is what we need to show",1,1,1,1,1,0,0,Ben,fa22
224,225,Exam 1,learningStudy/WrittenInduction_Recurrence_v3,"g(n) = 4(g(n-1))/3 - g(n-2)/3, for n>=2

g(2) = 4(g(1))/3 - g(0)/3 = 16/9 = (4/3)^2

g(3) = 4(g(2))/3 - g(1)/3 = 64/27 - 4/9 = (4/3)^3 - (4/3)/3

g(4) = 4(g(3))/3 - g(2)/3 = (4/3)^4 - ((4/3)^2)/3 = (4/3)^n - ((4/3)^(n-2))/3",0,0,0,0,0,0,0,Ben,fa22
225,226,Exam 1,learningStudy/WrittenInduction_Recurrence_v3,"Prove the following statement using mathimatical induction.

Base Case:

Induction Step:

and this complete the induction step.",0,0,0,0,0,0,0,Ben,fa22
226,227,Exam 1,learningStudy/WrittenInduction_Recurrence_v3,"Let $n\in\mathbb{N}$ such that $n = 2$

Thus, $g(n) = \frac{4}{3}g(1) - \frac{1}{3}g(0)$

By the definition of $g$, $g(1) = \frac{4}{3}$ and $g(0) = 0$

Thus, $g(n) = \frac{4}{3} \frac{4}{3} - \frac{1}{3}0=\frac{16}{9}$

Rewriting gives $g(2) = \frac{18}{9} - \frac{2}{9} = 2 - \frac{2}{3^2}$

Therefore, $g(n) = 2 - \frac{2}{3^n}$ if $n = 2$

Similarly, if $n\in\mathbb{N}$ such that $n = 3$, $g(n) = 2 - \frac{2}{3^n}$
",1,2,0,0,0,0,0,Ben,fa22
227,228,Exam 1,learningStudy/WrittenInduction_Recurrence_v3,"g(n) = 4/3gn - 4/3 - 1/3gn + 2/3
g(n) = gn - 2/3
",0,0,0,0,0,0,0,Ben,fa22
228,229,Exam 6,learningStudy/WrittenInduction_Recurrence_v3,"4/3 g(n-1) - 1/3 g(n-2)

g(n) = 4/3 g(n-1) - 1/3 g(n-2)

To prove by induction plug in g(n) into the equation.

g(n) = 4/3 * 2-2/3^n-1 - 1/3 (2-2/3^n-2)

g(n) = 8/3 - 2/3 -8/(3^(n-2)) + 2/(3^(n-2))

g(n) = 2 - 

",0,0,0,0,0,2,2,Ben,fa22
229,230,Exam 1,learningStudy/WrittenInduction_Recurrence_v3,"We have not yet learned proof by induction in CS173. Don't know what induction is. I have no idea how to approach this problem. My best attempt is as follows:

Simplifying $\frac{4}{3} g(n - 1) - \frac{1}{3} g(n - 2)$ we get
$\frac{4}{3}gn - \frac{4}{3} - \frac{1}{3}gn + \frac{2}{3}$
and this simplifies to
$gn - \frac{2}{3}$

which is equivalent to $2 - \frac{2}{3^n}$ for $n \geq 2$
",0,0,0,0,0,0,0,HC,fa22
230,231,Exam 6,learningStudy/WrittenInduction_Recurrence_v3,"Let $P(n)$ be the statement
$P(2)$: $g(2)=4/3g(1)-1/3g(0)=16/9-0=16/9=2-2/9$;
So $P(2)$ is true;
Assume $P(k)$ $P(k+1)$ is true.
$P(k+2)$: $g(k+2)=4/3g(k+1)-1/3g(k)=4/3(2-2/3^{k+1})-1/3(2-2/3^{k})8/3-2/3-8/3^{k+2}+6/3^{k+2}=2-2/3^{k+2}$.
So $P(k+2)$ is true given $P(k)$ and $P(k+1)$ is true.
Since $P(2)$ is true and $P(k+2)$ is true given $P(k)$ and $P(k+1)$ is true, $P(n)$ is true.",1,2,2,2,2,2,2,HC,fa22
231,232,Exam 6,learningStudy/WrittenInduction_Recurrence_v3,"Proof by induction:

Check base case: $g(0)=0=2-\frac{2}{3^0}$, $g(1)=\frac{4}{3}=2-\frac{2}{3^1}$

Suppose that for n=2,...,k, $g(n)=2-\frac{2}{3^n}$

Consider g(k+1),

$g(k+1)=\frac{4}{3}g(k)-\frac{1}{3}g(k-1)$

According to the hypothesis, $g(k)=2-\frac{2}{3^k}, g(k-1)=2-\frac{2}{3^{k-1}}$

Therefore, $g(k+1)=\frac{8}{3}-\frac{8}{3^{k+1}}-\frac{2}{3}+\frac{2}{3^k}=2-\frac{2}{3^{k+1}}$, which we wanted to show.",2,2,2,2,2,2,2,HC,fa22
232,233,Exam 6,learningStudy/WrittenInduction_Recurrence_v3,"Prove by induction.

Base case:

For n = 0, g(n) = 0 = 2 - 2/3^0 = 0. The claim is correct.

For n = 1, g(n) = 4/3 = 2 - 2/3^1 = 4/3. The claim is correct.

For n = 2, g(n) = 4/3 g(1) - 1/3 g(0) = 16/9 - 0 = $\frac{16}{9}$. 2 - $\frac{2}{3^n}$ = $\frac{16}{9}$/ Thus, the claim is correct.

Inductive hypothesis: the claim is correct for n = 2, 3, ..., k-1. We should prove that the claim is also correct for n = k.

Suppose n = k. g(k) = 4/3 g(k-1) - 1/3 g(k-2) = 4/3 (2 - $\frac{2}{3^{k-1}}$) - 1/3 (2 - $\frac{2}{3^{k-2}}$) = 2 - $\frac{2}{3^k}$. Thus, the claim is correct for n = k. As a result, the claim should work for any natural number n.",2,2,2,2,2,2,2,HC,fa22
233,234,Exam 6,learningStudy/WrittenInduction_Recurrence_v3,"g(0)=0, 2-(2/(3^0)) = 0, g(0) holds.  
g(1)=4/3, 2-(2/3) = 4/3, g(1) holds.  
We'll show that g(n) holds.  
g(n) = (4/3)(2-2/3^(n-1))-(1/3)(2-2/3^(n-2)) = 8/3 - 2/3 - 8/3^n + 2/3^(n-1)  
 = 2 - 8/3^n + 3(2/3^(n-1)) = 2 - 8/3^n + 6/3^n = 2-(2/3^n)
",2,2,0,0,2,2,2,HC,fa22
234,235,Exam 4,learningStudy/WrittenInduction_Recurrence_v3,"Proof by induction

Base case: n = 2

g(2) = $\frac{4}{3}$g(1) - $\frac{1}{3}$g(0) = ($\frac{4}{3} * \frac{4}{3}$) - $\frac{1}{3}$(0) = $\frac{16}{9}$

g(2) = 2 - $\frac{2}{3^2}$ = 2 - $\frac{2}{9}$ = $\frac{18}{9}$ - $\frac{2}{9}$ = $\frac{16}{9}$

Assume claim is true for n = k-1, prove it is true for n = k

So prove $\frac{4}{3}$g(k-1) - $\frac{1}{3}$g(k-2) = 2 - $\frac{2}{3^k}$

g(1) = $\frac{4}{3}$

g(2) = $\frac{16}{9}$ = $\frac{4^2}{3^2}$

g(3) = $\frac{4}{3}$g(2) - $\frac{1}{3}$g(1) = ($\frac{4}{3} * \frac{16}{9}$) - ($\frac{1}{3} * \frac{4}{3}$) = $\frac{64}{27}$ - $\frac{4}{9}$ = $\frac{64}{27}$ - $\frac{12}{27}$ = $\frac{52}{27}$

g(4) = $\frac{4}{3}$g(3) - $\frac{1}{3}$g(2) = ($\frac{4}{3} * \frac{52}{27}$) - ($\frac{1}{3} * \frac{16}{9}$) = $\frac{208}{81}$ - $\frac{16}{27}$ = $\frac{208 - (16 * 3)}{81}$ = $\frac{160}{81}$

g(k-1) = 2 - $\frac{2}{3^{k-1}}$ = $\frac{2(3^{k-1}) - 2}{3^{k-1}}$

g(n) = $\frac{4^n - 3(4^{n-2})}{3^n} - \frac{4n}{3^n}$ = $\frac{4^n - 3(4^{n-2}) - 4n}{3^n}$

Assume g(k-1) = $\frac{4^{k-1} - 3(4^{k-3}) - 4(k-1)}{3^{k-1}}$ = $\frac{2(3^{k-1}) - 2}{3^{k-1}}$

So assume $4^{k-1} - 3(4^{k-3}) - 4(k-1) = 2(3^{k-1}) - 2$ is true

Prove $4^{k} - 3(4^{k-2}) - 4k = 2(3^{k}) - 2$

",1,2,1,2,2,2,1,HC,fa22
235,236,Exam 4,learningStudy/WrittenInduction_Recurrence_v3,"Base case: n=2- g(2)=4/3g(2-1)-1/3g(2-2)=4/3(4/3)-1/3(0)=16/9 and 2-2/3^2=2-2/9=16/9 which is true.
By induction: n=k+1- g(k+1)=4/3g(k+1-1)-1/3g(k+1-2)=4/3g(k)-1/3g(k-1)=1/3(4g(k)-g(k-1)). and 2-2/3^(k+1) and they both are equal so they both are true.",1,2,0,0,2,2,0,HC,fa22
236,237,Exam 1,learningStudy/WrittenInduction_Recurrence_v3,"base case: when n = 2, g(2) = 4/3 * 4/3 + 0 = 2-2/9
Induction step: suppose case 2-casen is true, case n + 1 : g(n+1) = 4/3 (2- 2/3^n) - 1/3(2 - 2/e^n-1) = 2 - (8/3^n+1 +6/3^(n+1)) = 2 -  2/ 3^n+1",1,2,2,2,2,2,2,HC,fa22
237,238,Exam 4,learningStudy/WrittenInduction_Recurrence_v3,"proof by induction on n

Inductive Predicate: g(n): 2-$\frac{2}{3^n}$

Base Case: At n=0, 2-2=0. So g(0) is true. At n = 1, 2-$\frac{2}{3}$=$\frac{4}{3}$ is true. At n=2, $\frac{4}{3}$g(1)-$\frac{1}{3}$g(0)=$\frac{4}{3}$*$\frac{4}{3}$=2-$\frac{2}{3^2}$ is true. True for all three base cases.

Inductive Hypothesis: g(n) holds for n = 0,1,2,....,k-1

Inductive Step: Show g(k)=2-$\frac{2}{3^k}$ is true.

By g(n) formula, g(k)=$\frac{4}{3}$g(k-1)-$\frac{1}{3}$g(k-2).

By Inductive Hypothesis, g(k)=$\frac{4}{3}$(2-$\frac{2}{3^{k-1}}$)-$\frac{1}{3}$(2-$\frac{2}{3^{k-2}}$).

$\frac{4}{3}$(2-$\frac{2}{3^(k-1)}$)-$\frac{1}{3}$(2-$\frac{2}{3^(k-2)}$)=2-$\frac{8}{3^k}$+$\frac{2}{3^{k-1}}$=2-$\frac{8}{3^k}$+$\frac{6}{3^{k}}$=2-$\frac{2}{3^k}$.

g(k)=2-$\frac{2}{3^k}$ which we need to show.
",2,2,2,2,2,2,2,HC,fa22
238,239,Exam 1,learningStudy/WrittenInduction_Recurrence_v3,I do not know what induction is,0,0,0,0,0,0,0,HC,fa22
239,240,Exam 1,learningStudy/WrittenInduction_Recurrence_v3,"Substituting the formulas for g(n) into the g(n-1) and g(n-2) gives the formula
g(n) = $\frac{1}{9}(16g(n-2)-8g(n-3) + g(n-4))$",0,0,0,0,0,0,0,HC,fa22
240,241,Exam 4,learningStudy/WrittenInduction_Recurrence_v3,"Proof By Induction on n

Claim: $g(n) = 2 - \frac{2}{3^n}$

We need to show Base case holds

$g(0) = 2 - \frac{2}{3^0} = 0$

$g(1) = 2 - \frac{2}{3^1} = 4/3$

So both base cases hold

Let us assume $g(n)=2 - \frac{2}{3^n}$ for all 0,1,2.....n-1

By Def of g, $g(n) = \frac{4g(n-1)}{3} - \frac{g(n-2)}{3}$

By induction hypothesis, $g(n) = 2 - 2/3^n$

Therefore. g(n) = $\frac{4}{3}(2-2/3^{n-1}) -\frac{1}{3}(2-2/3^{n-2})$

= $\frac{1}{3}(6-2/3^{n-1})$

= $2- \frac{2}{3^n}$

Which is what we needed to show

QED

",2,2,2,2,2,2,1,HC,fa22
241,242,Exam 6,learningStudy/WrittenInduction_Recurrence_v3,"Let $n = 0$

$g(0) = 0$

$0 = 2 - \frac{2}{3^0}$

Thus $g(n) = 2 - \frac{2}{3^n}$ is true for $n = 0$

Let $n = 1$

$g(1) = \frac{4}{3}$

$ \frac{4}{3} = 2 - \frac{2}{3^1}$

Thus $g(n) = 2 - \frac{2}{3^n}$ is true for $n = 1$

Let $n = 2$

$g(2) = \frac{4}{3}g(1) - \frac{1}{3} g(0)$

$= \frac{4}{3}\frac{4}{3} - \frac{1}{3} 0$

$= \frac{16}{9}$

$= 2 - \frac{2}{3^2}$

Thus $g(n) = 2 - \frac{2}{3^n}$ is true for $n = 2$

.

Assume $g(n) = 2 - \frac{2}{3^n}$ is true for $n = 0, 1,...,k - 1$ where $k \in \mathbb{N}$

Let $n = k$

Thus $g(k) = \frac{4}{3}g(k-1) - \frac{1}{3}g(k-2)$

$= \frac{4}{3}(2 - \frac{2}{3^{k-1}})-\frac{1}{3}(2 - \frac{2}{3^{k-2}})$

$= \frac{8}{3} - \frac{2}{3} - \frac{2}{3^{k}} + \frac{2}{3^{k-1}}$

$= 2- \frac{8}{3^k} + \frac{6}{3^k}$

$= 2 - \frac{2}{3^k}$

Thus, by induction, $g(n) = 2 - \frac{2}{3^n}$ is true for $n \in \mathbb{N}$ QED",2,2,2,2,2,2,2,HC,fa22
242,243,Exam 4,learningStudy/WrittenInduction_Recurrence_v3,"We will prove by induction of n

We must first prove that g(1) = 2 - 2/3^1 is true

g(1) = 4/3 = 6/3 - 2/3 = 2 - 2/3^1, so this is true

Now, let's suppose g(n) is true for n = 1, 2, ..., k-1.

We now must show that g(k) is also true

g(k) = (4/3)g(k - 1) - (1/3)g(k - 2)

Since n = k-1, g(k) = (4/3)g(n) - (1/3)g(n-1)

g(n) = 2 - 2/3^2, so g(k) = (4/3)(2 - 2/3^n) - (1/3)(2 - 2/3^(n-1))

Simplifying, g(k) = (8/3) - 8/3^(n+1) - (2/3) + 2/3^n

g(k) = 2 - 8/3^k + (2/3^(k-1))(3/3) = 2 + ((-8 + 6)/3^k) = 2 - (2/3^k) QED",1,2,2,2,2,2,2,HC,fa22
243,244,Exam 6,learningStudy/WrittenInduction_Recurrence_v3,"For any n >= 2 we see this function has a recursive type behavior where it will always include the terms g(1) and g(0)
As an example we can take g(3) and see 1.33g(2)-.33g(1) = 1.33(1.33g(1)) -.33g(1) 
=(64/27) - (12/27) = 52/27 = 2-2/(3^3) = 52/27",0,0,0,0,0,0,0,HC,fa22
244,245,Exam 1,learningStudy/WrittenInduction_Recurrence_v3,I have no clue what induction is,0,0,0,0,0,0,0,HC,fa22
245,246,Exam 4,learningStudy/WrittenInduction_Recurrence_v3,"Prove by induction.

Inductive Predicate: g(n) = 2 - $\frac{2}{3^n}$

Base Cases:

Case n = 0:

$g(0) = 0 = 2 - \frac{2}{3^0} = 2 - 2 = 0$.

Case n = 1:

$g(1) = \frac{4}{3} = 2 - \frac{2}{3^1} = 2 - \frac{2}{3} = \frac{4}{3}$.

Inductive Hypothesis:

Assume $g(n) = 2 - \frac{2}{3^n}$ for all n = 0, 1, ... , k. We need to prove it holds for n = k + 1.

Suppose n = k + 1.

By the inductive hypothesis, this means that $g(k+1) = 2 - \frac{2}{3^k} + \frac{4}{3}g(k) - \frac{1}{3}g(k-1)$.

Substituting in g(k) and g(k-1), we get $g(k+1) = 2 - \frac{2}{3^k} + \frac{4}{3}(2 - \frac{2}{3^k}) - \frac{1}{3}(2 - \frac{2}{3^{k-1}})$.

...

Simplifying algebraically, we get that $g(k+1) = 2 - \frac{2}{3^{k+1}}$. Since n = k + 1, we can substitute in n and get $g(n) = 2 - \frac{2}{3^{n}}$, which is what we needed to prove.",2,2,2,2,2,2,2,HC,fa22
246,247,Exam 6,learningStudy/WrittenInduction_Recurrence_v3,g(n)=2-2/3^n,0,0,0,0,0,0,0,HC,fa22
247,248,Exam 4,learningStudy/WrittenInduction_Recurrence_v3,"proof by induction on n  
P(n) : g(n) = 2-2/3^n  
For n = 0  we have g(0) = 0 and 2-2/3(0) = 0 so P(0) holds. for n = 1 we have g(1) = 4/3 and 6/3-2/3 = 4/3 sp P(1) holds which means both base cases hold.  
suppose P(N) : g(n) = 2-2/3^n holds for n = 0,1,......,k-1  
we need tp show that P(K) : g(k) = 2-2/3^n holds  
starting on the left g(k) = 4/3g(k-1) - 1/3g(k-2) by def of g  
4/3g(k-1) - 1/3g(k-2) = 4/3(2-2/3^k-1) - 1/3(2-2/3^k-2) by inductive hypothesis  
that in turn equals 2-2/3^k which establishes inductive step",2,2,2,2,2,2,2,HC,fa22
248,249,Exam 1,learningStudy/WrittenInduction_Recurrence_v3,"Let g and n be natural numbers. Since g(0) = 0, we know that that it is a function of n which is also 0. When g(1)= 4/3 we know that the function is (4/3)n. Since g(n) = (4/3)g(n-1) - (1/3)g(n-2) we know that we can simply it. We know that g(n) = 2- 2/3^n due to simplication.",2,2,0,0,2,2,0,HC,fa22
249,250,Exam 6,learningStudy/WrittenInduction_Recurrence_v3,"We need to prove that g(n) for all n >= 2 = (4/3)g(n-1) - (1/3)g(n-2)

For n = 0 and n = 1; g(n) = 0 and (4/3) respectively.

for n = 2; g(n) = (4/3)g(1) - (1/3)g(0) = (16/9)
g(2) = 2 - (2/9) = 16/9

Thus, if it is true for the case n = 2, by induction it is true for all n >= 2",2,1,0,0,0,0,0,HC,fa22
250,251,Exam 4,learningStudy/WrittenInduction_Recurrence_v3,"We will prove n by induction

Pre indicative step - g(n) - 4/3g(n - 1) - 1/3g(n - 2) for n >= 2

Base Case: g(0) should equal 0. g(0) = 4/3g(-1) - 1/3g(-2) which equals 0. g(1) = 4/3g(0) - 1/2g(-1) = 4/3. 

Indicative hypothesis - Since the base case is true, we will use the indicative hypothesis to say that this applies to 2, 3, 4, 5...k

Indicative step: g(k) = 4/3g(k -1) - 1/3g(k - 2) ",2,2,2,2,1,2,0,HC,fa22
251,252,Exam 1,learningStudy/WrittenInduction_Recurrence_v3,"$g(2)=\frac{4}{3}g(1)-\frac{1}{3}g(0)=\frac{16}{9}$

$g(1)=2-2/3^n=\frac{4}{3}$

$g(2) = 2-2/3^n=\frac{16}{9}$

$g(3)=\frac{4}{3}g(2)-\frac{1}{3}g(1)=\frac{4}{3}(2-2/3^2)-\frac{1}{3}(2-2/3^1)$

$=\frac{8}{3}-\frac{2}{3}-\frac{4}{3}\times\frac{2}{3^{n-1}}+\frac{1}{3}\times\frac{2}{3^{n-2}}$

$=2-\frac{8}{3^n}+\frac{2}{3^{n-1}}$

$=2-\frac{8}{3^n}+\frac{6}{3^{n}}$

$=2-\frac{2}{3^n}$ for all natural number n.
",0,0,0,0,0,0,0,HC,fa22
252,253,Exam 6,learningStudy/WrittenInduction_Recurrence_v3,"We will prove the statement above using induction. 

Firstly, the statement can be verified using small sample values of n. For n = 0, g(n) is defined as 0 which equals 2 - 2/(3^n). For n = 1, g(n) is defined as (4/3) which equals 2 - 2/(3^1). For n = 2, g(n) = (4/3)g(1) - (1/3)g(0) = 16/9, which equals 2 - 2/(3^n).

Now with the statement proven for several sample numbers of n, we can assume the statement will also prove true with some arbitrary natural number k which g(k) = 2 - 2/(3^k). And a different arbitrary number (k-1), which g(k-1) = 2 - 2/(3^(k-1)). 

For a natural number higher than k (like k+1), we know it equals (4/3)g(k) - (1/3)g(k-1). Using the values below it, we translate the statement to (4/3)(2 - 2/(3^k)) - (1/3)(2 - 2/(3^k-1)). This statement equals 8/3 - 8/(3^(k+1)) - (2/3) + 2/(3^k) = 2 + 2/(3^k) - 8/(3^k+1) = 2 + 4/(3^(k+1)) - 8/(3^k+1) = 2 - 2/(3^(k+1)). This equals the statements solution of g(k+1). 

Since the statement is proven up until some arbitrary number k, and proven again even further beyond said arbitrary number, the statement is proven true under induction. ",2,2,2,2,2,2,2,HC,fa22
253,254,Exam 4,learningStudy/WrittenInduction_Recurrence_v3,"Proof by induction on n.

Inductive Predicate: P(n) : g(n) = $2-\frac{2}{3^n}$ for any natural number n.

Base Case: If n = 0, g(0) = 0 and $2-\frac{2}{3^n} = 2-\frac{2}{1} = 0$, so the inductive predicate holds. If n = 1, g(1) = $\frac{4}{3}$ and $2-\frac{2}{3^n} = 2 - \frac{2}{3} = \frac{6}{3} - \frac{2}{3} = \frac{4}{3}$, so the inductive predicate holds. We've now proved both base cases.

Inductive Hypothesis: Suppose the inductive predicate P(n) : g(n) = $2-\frac{2}{3^n}$ holds for n = 0, 1, ..., (k - 1).

Inductive Step: We need to prove that the inductive predicate holds for P(k) : g(k) = $2-\frac{2}{3^k}$.

Starting with the left hand side of the equation, we know that g(k) = $\frac{4}{3}g(k-1)-\frac{1}{3}g(k-2)$ by the definition of g.

We know that g(k-1) = $2-\frac{2}{3^{k-1}}$ and g(k-2) = $2-\frac{2}{3^{k-2}}$ by the inductive hypothesis.

Substituting these in gives us g(k) = $\frac{4}{3}(2-\frac{2}{3^{k-1}})-\frac{1}{3}(2-\frac{2}{3^{k-2}})$.

SImplifying gives us g(k) = $(\frac{8}{3}-\frac{8}{3^{k}})-(\frac{2}{3}-\frac{2}{3^{k-1}})=\frac{6}{3}-\frac{8}{3^k}+\frac{6}{3^k}=\frac{6}{3}-\frac{2}{3^k}=2-\frac{2}{3^k}$, which is what we needed to show.",2,2,2,2,2,2,2,HC,fa22
254,255,Exam 1,learningStudy/WrittenInduction_Recurrence_v3,"Inductive Hypothesis:

If g(n) = (4/3)g(n-1) - (1/3)g(n-2) for n >= 2, then g(n) = 2 - 2/3^n for any natural number n.",0,0,0,0,0,0,0,HC,fa22
255,256,Exam 6,learningStudy/WrittenInduction_Recurrence_v3,"(I honestly forgot everything about proof by induction) 



Assuming that $n \geq 2$ letting $n = 2$ substituting,

$\frac43(1) = $

Therefore $g(n) = 2-$ $\frac{2}{3^n}$

$Q.E.D.$",0,0,0,0,0,0,0,HC,fa22
256,257,Exam 6,learningStudy/WrittenInduction_Recurrence_v3,"Proof by induction on n.

Base cases: g(0) = 0 from definition of g(n). g(0) = 2 - 2/1 = 0.

 g(1) = 4/3 from definition of g(n). g(1) = 2 - 2/3 = 4/3.
 
 g(2) = 4g(1)/3 - g(0)/3 = 16/9 from definition of g(n). g(2) = 2 - 2/9 = 16/9.
 
Inductive hypothesis: g(n) = 4g(n-1)/3 - g(n-2)/3 from the definition of g.

Expanding this hypothesis, we get 
LHS = 2 - 2/(3^n).

RHS = 4(2 - 2/(3^(n-1)))/3 - (2 - 2/(3^(n-2)))/3 = 8/3 - 2/3 + 2/3^(n-1) - 8/3^n

= 6/3 + 6/3^n - 8/3^n = 2 - 2/3^n = LHS of our hypothesis.

Thus, using the inductive formula in definition of g(n), we have proven that g(n) = 2 - 2/3^n for any natural number.
 ",2,2,0,0,2,2,2,HC,fa22
257,258,Exam 1,learningStudy/WrittenInduction_Recurrence_v3,"Since g(n) = (4/3)g(n-1) - (1/3)g(n-2), we can distribute out g(n) to get g(n) = (4/3)gn - (4/3)g - (1/3)gn + (2/3)g, which equals to g(n) = gn - (2/3)g. Since n >= 2, we can rewrite this as g(n) = 2g - (2/3)g. Simplifying this, we get g(n) = 2 - 2/(3^n)).",0,0,0,0,0,0,0,HC,fa22
258,259,Exam 6,learningStudy/WrittenInduction_Recurrence_v3,"$n=0,1,2,3,4,...$  
Base Cases:  
$g(0)=0$ and $g(0)=2-\frac{2}{3^0}=2-2=0$ Which is true  
$g(1)=\frac{4}{3}$ and $g(1)=2-\frac{2}{3^1}=2-\frac{2}{3}=\frac{4}{3}$ Which is true  
Inductive Hypothesis: Assume $g(n)=2-\frac{2}{3^n}$  
Therefore $g(n-1)=2-\frac{2}{3^{n-1}}$ and $g(n-2)=2-\frac{2}{3^{n-2}}$  
Plugging this back into $g(n)=\frac{4}{3}g(n-1)-\frac{1}{3}g(n-2)$ gives $\frac{4}{3} \times (2-\frac{2}{3^{n-1}})-\frac{1}{3} \times (2-\frac{2}{3^{n-2}})$
Expanding that out gives $\frac{8}{3}-\frac{2}{3}-(\frac{8}{3^n}-\frac{2}{3^{n-1}})$  
Simplifying gives $\frac{6}{3}-(\frac{8}{3^n}-\frac{2\times 3}{3^n})=\frac{6}{3}-(\frac{2}{3^n})=2-\frac{2}{3^n}$ Which was our inductive hypothesis.  
Thus proof by induction
",2,2,2,0,2,2,2,HC,fa22
259,260,Exam 4,learningStudy/WrittenInduction_Recurrence_v3,"Proof by induction of n.
induction predicate P(n):g(n) = 2 - 2/3^n.
Base cases: For n = 0, g(0) = 2 - 2/3^0 = 2-2 = 0. Which is equal to g(o). For n = 1, g(0) = 2 - 2/3^(1) = 6/3 - 2/3 = 4/3. Which is equal to g(1). so P(0) and P(1) hold.
Inductive Hypothesis where n = 0, 1 ,...k.
inductive step: P(k+1)
Which is what we needed to show",2,2,0,2,1,0,0,HC,fa22
260,261,Exam 4,learningStudy/WrittenInduction_Recurrence_v3,"Proof by induction n

inductive predicate: g(n) =4/3g(n-1)-(1/3g(n-2), for n>= 2. 

Base cases: let n= 2 then g(2) = 16/9

inductive hypothesis: suppose g(n) =4/3g(n-1)-(1/3g(n-2), for n>= 2. 

inductive step : let n = k+1 g(k+1) =4/3g(k)-(1/3g(k-1)

let n = k+1 then g(k+1) =4/3g(k)-(1/3g(k-1) shows that it works for all real numbers. 
So we have proved the statement.",1,1,0,1,2,0,0,HC,fa22
261,262,Exam 6,learningStudy/WrittenInduction_Recurrence_v3,"Inductive hypothesis: $g(n)$ has closed for $g(n)=2-\frac{2}{3^n}$  
Showing that the two base cases holds, and these base cases happens when $n=0$ and $n=1$:  

Proving the validity of the $g(0)$ base case: $2-\frac{2}{3^{(0)}}$, $2-2=0$  

Proving the validity of the $g(1)$ base case: $2-\frac{2}{3^{(1)}}$, $\frac{6}{3} - \frac{2}{3} = \frac{4}{3}$

Inductive Predicate: Setting up the inductive step  
Inductive Step: Involves manipulating a statement that allows for the inductive predicate to demonstrate the fact that the inductive step is going to work on all natural numbers $n$, not too entirely sure about where to even possibly start",2,2,0,0,0,0,0,HC,fa22
262,263,Exam 4,learningStudy/WrittenInduction_Recurrence_v3,"proof by induction on n.
let the predicate P(x) = g(x)
we need to show that g(n) = 2-2/3^k for all elements 0,1,2,...,k-1 where k is a natural number
the base case exists at g(0) and g(1). if n=0, g(0)=0 and 2-2/3^0 = 0 so both sides of the equation are equal at base case n=0. If n=1 g(1)=4/2 and 2-2/3^1 = 4/3 so the base case for n=1 checks out as well.

g(k) = 4/3g(k-1) - 1/3g(k-1)
substituting in the given equation got g(n) we get:

g(k) = 4/3(2-2/(3^(k-1))) - 1/3(2-2/(3^(k-2)))

= (4/3)(2-6/(3^k)) - 1/3(2-18/(3^k))

= 8/3 - 2/3 - 24/3*3^k + 18/3*3^k = 2 - 6/3*3^k = 2 - 2/3^k which is g(n) which is what we wanted to show.




",2,2,0,0,2,2,2,HC,fa22
263,264,Exam 6,learningStudy/WrittenInduction_Recurrence_v3,"Let $n$ be a natural number. 
Base Case: $g(0) = 2 - \frac{2}{3^0} = \frac{2}{1} = 2$
Induction Predicate: $g(n) = \frac{4}{3}(n-1) - \frac{1}{3}g(n-2)$
The equation $g(n) = 2 - \frac{2}{3^n}$ is a simipfied equation of the first $g(n)$ equation. 
The 2 represents the $n\geq 2$ and the $\frac{2}{3^n}$ represents the other parts of the equation entirely. 
Therefore, $g(n) = 2 - \frac{2}{3^n}$ for any natural number $n$ is true. ",1,2,0,0,0,0,0,HC,fa22
264,265,Exam 4,learningStudy/WrittenInduction_Recurrence_v3,"g(2) = 4/3 * 4/3 - 1/3 * 0 = 16/9 
so g (n) = 2 - 2/(3^n)",0,0,0,0,0,0,0,HC,fa22
265,266,Exam 6,learningStudy/WrittenInduction_Recurrence_v3,"Case 1: g(0) = 2 - (2/1) = 0
Case 2: g(1) = 2 - (2/3) = 4/3
Case 3: g(3) = 2 - (2/27) = 52/27

I do not remember how to proceed",0,0,0,0,0,0,0,HC,fa22
266,267,Exam 6,learningStudy/WrittenInduction_Recurrence_v3,"g(n) = 2 - 2/3^n for n = 0, 1, 2, 3,....., k - 1. g(k) = 4g(k - 1)/3 - g(k - 2)/3 = 8/3 - 8/3^(n-1+1) - 2/3 - 2/3^(n23+1) = 8/3 - 2/3 - 8/3^(n) - 2/3^(n-1) = 2 - 8/3^n - 6/3^n = 2 - 2/3^n",0,0,0,0,0,0,0,HC,fa22
267,268,Exam 4,learningStudy/WrittenInduction_Recurrence_v3,Proof by induction.,0,0,0,0,0,0,0,HC,fa22
268,269,Exam 1,learningStudy/WrittenInduction_Recurrence_v3,"no idea what induction is
but
uhhh  
since n is a natural number g(0)=2-2/3^0=2-2/1=0  
g(1)=2-2/3^1=2-2/3=6/3-2/3=4/3
",0,0,0,0,0,0,0,HC,fa22
269,270,Exam 1,learningStudy/WrittenInduction_Recurrence_v3,"(wow, I have no clue)

Let $g$ be a function, and $x\in\mathbb{N}$.

When $x = 0$, $g(x)=0$, and when $x = 1$, $g(1)=\frac{4}{3}$.

Since the function is recurrent, every number larger number eventually has to compute $g(0)$
 and $g(1)$ within them...
 
 yeah, I really don't know where to go from here.",0,0,0,0,0,0,0,HC,fa22
270,271,Exam 1,learningStudy/WrittenInduction_Recurrence_v3,"I am not familiar with this concept of induction, so I am not sure on how to solve the question. But when I simplify g(n), I get the following result: 

(4/3)g(n-1) - (1/3)(g)(n-2) =

(4/3)gn - (4/3) - (1/3)gn + 2/3= 

gn - 2/3 ",0,0,0,0,0,0,0,HC,fa22
271,272,Exam 6,learningStudy/WrittenInduction_Recurrence_v3,"If we set n = 1 and substitute this into g(n), we get that g(1)= (4/3). If we substitute this into 2 - 2/3^n, we get 2 - 2/3 which equals 6/3 - 2/3 = 4/3 as well.
Additionally, if we set n = k-1, an arbitrary value, we get that g(k+1) = (4/3)gk - (1/3)g(k-1). 
This can be rewritten as (4/3)gk - (1/3)gk + 1/3 = gk + (1/3)g This can be made equal to g(n) = 2 - 2/3^(k+1) by setting values of g.
Since this function can be satisfied by both an example value n=2 and an arbitrary value n = k+1, then g(n) is equal to 2 - 2/3^n which is what we needed to show. ",0,0,0,0,0,0,0,HC,fa22
272,273,Exam 6,learningStudy/WrittenInduction_Recurrence_v3,"Let n = 0, so g(0) = 2 - $\frac{2}{3^0}$ = 0, and if n = 1, then g(1) = 2 - $\frac{2}{3^1}$ = $\frac{4}{3}$. Let n = n + 2, so g(n) = $\frac{4}{3}$g(n+1) - $\frac{1}{3}$g(n), and if we say that g(n) = 2 - $\frac{2}{3^n}$, then g(n) = $\frac{4}{3}$(2 - $\frac{2}{3^n+1}$) - $\frac{1}{3}$(2 - $\frac{2}{3^n}$) = $\frac{8}{3}$ - $\frac{2}{3}$ - $\frac{8}{3^n+2}$ - $\frac{2}{3^n+1}$ = 2 - $\frac{8}{3^n+2}$ - $\frac{6}{3^n+2}$ = 2 - $\frac{2}{3^n+2}$= g(n+2). This shows that g(n) = 2 - $\frac{2}{3^n}$ is true for any natural number n.",2,2,0,0,0,0,0,HC,fa22
273,274,Exam 4,learningStudy/WrittenInduction_Recurrence_v3,"Proving using the natural number n via induction  
$P(n) = \frac{4}{3}g(n-1)-\frac{1}{3}g(n-2)==2-\frac{2}{3^n}$  
$P(n)$ is true for any natural number $n$ where $n=0, 1, 2, ..., k$

Assume n is the natural number $0$. For $P(0)$,  $ 2-\frac{2}{3^0}=2-\frac{2}{1} = 0 = g(0) $. Now assuming that n is the natural number $1$. For $P(1)$,  $ 2-\frac{2}{3^1}=2-\frac{2}{3} = \frac{4}{3} = g(1) $. This shows that both base case of $P(0)$ and $P(1)$ is true. 

when n = k: $2-\frac{2}{3^k} $  
when n = k+1:  $2-\frac{2}{3^{k+1}}$  
when n = k+1:  $\frac{4}{3}(2-\frac{2}{3^k})-\frac{1}{3}(2-\frac{2}{3^{k-1}})$    


So $\frac{4}{3}g(n-1)-\frac{1}{3}g(n-2)==2-\frac{2}{3^n}$  
This is what we needed to show.
",2,2,0,0,2,2,2,HC,fa22
274,275,Exam 1,learningStudy/WrittenInduction_Recurrence_v3,g(0) + g(1) + g(2....infinity) = 0 + 4/3 + (4*g(n-1)-g(n-2))/3 = (4+4*g(n-1)-g(n-2))/3,0,0,0,0,0,0,0,HC,fa22
275,276,Exam 4,learningStudy/WrittenInduction_Recurrence_v3,"let g be a natural number 
we know that g(n) = (4/3)g(n-1) - (1/3)g(n-2), for n >= 2


thus, g(n) = 2 - (2/3^n) for any natural number n
which is what we needed to show",0,0,0,0,0,0,0,HC,fa22
276,277,Exam 1,learningStudy/WrittenInduction_Recurrence_v3,Unsure as to what induction means,0,0,0,0,0,0,0,HC,fa22
277,278,Exam 4,learningStudy/WrittenInduction_Recurrence_v3,"Proof: Proof by induction.

Base: 

$g(2) = \frac{4}{3}g(1) - \frac{1}{3}g(0) = \frac{16}{9}-0 = \frac{16}{9}$

$g(2) = 2 - \frac{2}{3^2} = 2 - \frac{2}{9} = \frac{18}{9} - \frac{2}{9} = \frac{16}{9}$

Induction:

Let's assume that the induction hypothesis works for all natural numbers 2 to n. To prove the statement, we must also prove that the induction hypothesis stays true for n+1. We can do that by substitution:

$g(n+1) = \frac{4}{3}g(n) - \frac{1}{3}g(n-1) = \frac{4}{3}(2-\frac{2}{3^n}) - \frac{1}{3}(2-\frac{2}{3^{n-1}}) = \frac{8}{3} - \frac{8}{3^{n+1}} - \frac{2}{3} + \frac{2}{3^{n}} = $

$\frac{6}{3} - \frac{8}{3^{n+1}} + \frac{6}{3^{n+1}} = 2 - \frac{2}{3^{n+1}}$

This proves that $g(n) = \frac{4}{3}g(n-1) - \frac{1}{3}g(n-2) = 2-\frac{2}{3^n}$, which is what we needed to show.",0,0,2,2,2,2,2,HC,fa22
278,279,Exam 4,learningStudy/WrittenInduction_Recurrence_v3,"Proof by induction on the natural number $n$.

Inductive predicate: $g(n) = 2 - \frac{2}{3^n}$, for $n \ge 2$

Base case ($n=2$): On the left hand side, $g(2) = \frac{4}{3}g(1)-\frac{1}{3}g(0) = \frac{4}{3}\cdot\frac{4}{3} = \frac{16}{9}$. On the right hand side, $2 - \frac{2}{3^2}=2-\frac{2}{9}=\frac{16}{9}$. As the left and right hand sides are equal, the base case is true.

Inductive hypothesis: $g(k) = 2 - \frac{2}{3^k}$, for $k \in \mathbb{N}, k \ge 2$

Inductive step: $g(k+1) = \frac{4}{3}g(k)-\frac{1}{3}g(k-1) = 2 - \frac{2}{3^{k+1}}$

On the left hand side, substituting the inductive hypothesis and simplifying yields, $\frac{4}{3}g(k)-\frac{1}{3}g(k-1) = \frac{4}{3}(2-\frac{2}{3^k})-\frac{1}{3}(2-\frac{2}{3^{k-1}}) = \frac{8}{3}-\frac{8}{3^{k+1}}-\frac{2}{3}+\frac{2}{3^k} = 2 - \frac{2}{3^{k+1}}$, which is what we needed to show.",0,0,2,1,2,2,2,HC,fa22
279,280,Exam 1,learningStudy/WrittenInduction_Recurrence_v3,"Let g be a function such that natural numbers imply real numbers and that g(0) equals 0 and g(1) = (4/3) and g(n) = 4/3g(n -1) - 1/3g(n - 2) for n >= 2

= 1/3g (4(n -1) -(n -2)

1/3g (4n - 4 - n + 2)

= 1/3g (3n -2)

rewriting the above statement would lead to g(n) = 2 - 2/3^n",0,0,0,0,0,0,0,HC,fa22
280,281,Exam 4,learningStudy/WrittenInduction_Recurrence_v3,"We will show that $g(n)=2-\frac{2}{3^n}$ for any integer n, using induction on n.

Because we are proving via induction, we need to prove that g(1) is true. $g(1)=2-\frac{2}{3^1}=\frac{4}{3}$, so g(1) is equal in both. 

Induction: Suppose that $g(n)=2-\frac{2}{3^n}$ for any natural number n = 0, 1, ..., k+1. We need to show that $g(k)=2-\frac{2}{3^k}$.

Because n=k+1, $g(k+1)=2-\frac{2}{3^{k+1}}$, so $g(k)=2-\frac{2}{3^{k+1}}-\frac{4}{3^{k+1}}=2-\frac{6}{3^{k+1}}=2-\frac{2}{3^{k}}$. Therefore, $g(k)=2-\frac{2}{3^k}$, which is what we needed to prove.",1,1,2,2,1,0,0,HC,fa22
281,282,Exam 1,learningStudy/WrittenInduction_Recurrence_v3,g(n) = 4/3 * g(n - 1) - 1/3 * g(n - 1) + 3/4 ,0,0,0,0,0,0,0,HC,fa22
282,283,Exam 6,learningStudy/WrittenInduction_Recurrence_v3,"Using induction of $n$.

when $n=0,1$, $g(0)=0=2-\frac{2}{3^0}$, $g(1)=\frac43=2-\frac2{3^1}$.

Suppose $g(n)=2-\frac2{3^n}$ for $1, 2, ..., k$ where $k \in N$.

$g(k+1)=\frac43g(k)-\frac13g(k-1)=\frac43(2-\frac2{3^k})-\frac13(2-\frac2{3^{k-1}})=2-\frac2{3^{k+1}}$. QED.",2,2,2,2,2,2,2,HC,fa22
283,284,Exam 6,learningStudy/WrittenInduction_Recurrence_v3,"Claim: $\forall n \in \mathbb{N}, g(n) = 2 - \frac{2}{3^n}$

Inductive Predicate: Let $P(n)$ be true if and only if for a given $n \in \mathbb{N}, g(n) = 2 - \frac{2}{3^n}$. 

Base Case I:

Let $n = 0$. 

Consider the left hand side of the claim: $g(n) = g(0) = 0$. 

Now, consider the right hand side of the claim: $2 - \frac{2}{3^n} = 2 - \frac2{3^0} = 2 - \frac{2}{1} = 2 - 2 = 0$. 

As the left and righthand sides of the claim are equivalent, that is $g(0) = 0 = 2 - \frac{2}{3^0}$, then $P(0)$ holds.

Base Case II:

Let $n = 1$.

Consider the left hand side of the claim: $g(n) = g(1) = \frac43$

Now, consider the right hand side of the claim: $2 - \frac{2}{3^n} = 2 - \frac{2}{3^1} = 2 - \frac{2}{3} = \frac63 - \frac23 = \frac43$. 

As the left and righthand sides of the claim are equivalent, that is $g(1) = \frac43 = 2 - \frac{2}{3^1}$, then $P(1)$ holds.

Strong Inductive Hypothesis: Assume for all given $n = k$ for $k \in \mathbb{N}$ that $P(k)$ is true, that is assume that $P(0), P(1), \dots, P(k)$ are true.

Inductive Step: Show that for $n = k + 1$ that $P(k + 1)$ is true, that is $g(k + 1) = 2 - \frac{2}{3^{k + 1}}$

Consider the left hand side of the expression:

$g(k + 1)$

Applying the given definition of $g$, 

$g(k + 1) = \frac{4}{3}g((k + 1) - 1) - \frac13g((k + 1) - 2) = \frac{4}{3}g(k) - \frac13g(k - 1)$

Applying the Strong Inductive Hypothesis, we can rewrite the above expression as:

$\frac{4}{3}g(k) - \frac13g(k - 1) = \frac{4}{3}(2 - \frac{2}{3^k}) - \frac{1}{3}(2 - \frac{2}{3^{k - 1}}) = \frac83 - \frac8{3^{k + 1}} - \frac23 + \frac{2}{3^k}$

$ = \frac83 - \frac23 - \frac{8}{3^{k + 1}} + \frac{2 \cdot 3}{3^{k + 1}} = 2 - \frac{2}{3^{k + 1}}$. 

Hence we have shown that $P(k + 1)$ holds. 

Therefore, by the Principle of Strong Mathematical Induction, we have shown that for all $n \in \mathbb{N}, g(n) = 2 - \frac{2}{3^n} \space \space \space \space \space \square$",2,2,2,2,2,2,2,HC,fa22
284,285,Exam 1,learningStudy/WrittenInduction_Recurrence_v3,"g(2)=4/3g(1)-1/3g(0)=(4/3)g(1)

g(3)=4/3g(2)-1/3g(1)=(4/3)*(4/3)g(1)-(4/3)*(1/3)g(0)-(1/3)g(1)=(13/9)g(1)

g(4)=4/3g(3)-1/3g(2)=(13/9)(4/3)g(1)-(1/3)(4/3)g(1)=40/27g(1)",0,0,0,0,0,0,0,HC,fa22
285,286,Exam 4,learningStudy/WrittenInduction_Recurrence_v3,"We wil show that g(n) = (4/3)g(n-1) - (1/3)g(n-2) for all natural numbers n >= 2 using induction.

Base: For n=0. we have g(0)= 0 and 2-(2/3^0) = 0. for n = 1, we have g(1) = 4/3 and 2-(2/3^1) = 4/3. So, in both cases they are equal.

Induction: Suppose that g(n) = 2 - (2/3^n) holds for all n = 1, 2, 3, ... k). We need to show that g(k+1) = 2 - (2/3^(k+1)) holds. Starting from the left hand side, g(k+1) = (4/3)g(k) - (1/3)g(k-1) by the definition of g. g(k+1) = (4/3)g(k) - (1/3)g(k-1) = 2-(2/3^(k+1))
",2,2,2,2,2,2,0,HC,fa22
286,287,Exam 4,learningStudy/WrittenInduction_Recurrence_v3,"we need to show that the statement hold for n = 1
suppose the statement is true for n = 1, 2, 3 ... , k-1, we need to show that g(k) = 2 - 2/3^k
by the equation, 4/3(k - 1) - 1/3(k - 2)
",0,0,0,0,0,0,0,HC,fa22
287,288,Exam 1,learningStudy/WrittenInduction_Recurrence_v3,"given the problem,
when n=2
$ g(2)=\frac{4*4}{3*3}-\frac{1*0}{3}=\frac{16}{9}$
n=2 satisfies the claim
you can notice that the first part where 4/3 multiplies g(n-1) will always make the next power of 3 which satisfies the claims 2/(3^n) ",0,0,0,0,0,0,0,HC,fa22
288,289,Exam 1,learningStudy/WrittenInduction_Recurrence_v3,"We can rewrite g(n) as g(n) = $\frac {2(3^n - 1)}{3^n} $.
We can also rewrite g(n) as g(n) = $\frac 13(4*g(n-1)-g(n-2))$

The denominator $3^n$ can be found from the fact that we are multiplying both g(n-1) and g(n-2) by $\frac13$ every time we recur. So, in g(2), we do $\frac 43$g(1)- $\frac13$g(0), which results in $\frac{16}9-0=\frac{16}9$ (with a denominator of $3^2$).

For the numerator, $(3^n-1)$ comes from the fact that the difference between 4 and 1 is 3, and that value is growing exponentially. The $2*(3^n-1)$ comes from the difference of (n-1) and (n-2).",0,0,0,0,0,0,0,HC,fa22
289,290,Exam 1,learningStudy/WrittenInduction_Recurrence_v3,"Suppose that n is a natural number, and g is a function Natural -> Real. By definition of g, we know that for n >= 2, g(n) = 4/3(g(n-1)) - 1/3(g(n-2)). As such, we have three cases.
Case 1: n = 0, g(0) = 0, 2 - 2/(3^0) = 0, so g(n) = 2 - 2/(3^n).
Case 2: n = 1, g(1) = 4/2, 2 - 2/(3^1) = 4/3, so g(n) = 2 - 2/(3^n).
Case 3, n >= 2, g(n) = 4/3(g(n-1)) - 1/3(g(n-2)). By induction we know that g(n) will eventually become (4/3)^n - (n-2)(1/3)(4/3)^n-2, which is equivalent to g(n) = 4/3(g(n-1)) - 1/3(g(n-2)).
In all three cases, we showed that g(n) = 4/3(g(n-1)) - 1/3(g(n-2)), which is what we need to show.",0,0,0,0,0,0,0,HC,fa22
290,291,Exam 6,learningStudy/WrittenInduction_Recurrence_v3,"Let us assume g(n) = 2-2/(3^n)
First, we need to confirm the two base cases, so if we set g(0) = 0 and g(1) = 2-2/(3^1) = 4/3. This confirms those two cases are correct.
Next, let us take g(n-1) = 2-2/(3^n-1) and g(n-2) = 2-2/(3^(n-2)). We can then simplify these two equations to be 2-2/(3^n)*3 and 2-2/(3^n)*9 and thus g(n-1) = 2-6/(3^n) and g(n-2) = 2-18/(3^n).
Now multiply g(n-1) by 4/3 and g(n-2) by 1/3 and we get 4/3g(n-1) = 8/3-8/(3^n) and 1/3g(n-2) = 2/3-6/(3^n). Now if we subtract 1/3g(n-2) from 4/3g(n-1), we get 8/3-2/3 + 6/(3^n)-8/(3^n) = 2-2/(3^n) and since we checked out initial conditions, we know that this proves our function g(n) follows 2-2/(3^n) for every natural number.",2,2,2,0,2,2,2,HC,fa22
291,292,Exam 6,learningStudy/WrittenInduction_Recurrence_v3,"Given that g(0) = 0 and g(1) = 4/3 we know that the result of g must be dependt on the input value n. constaining n to be greather than or equal to 2 ensures that we will have non zero answers for g(n) past the value of 2. If we want to find the equivalence of g(n) we can use proof by induction, g(0) = 0, this would apply for both equations because 2-2/3^0 = 0 and the gs in the g(n) equation 4/3g(n-1) - 1/3g(n-2) solves to find that the result is equal to 0. Going one step further in the iteration to prove by induction we can show that 2-2/3^1 = 2-2/3 = 6/3 - 2/3 = 4/3. We apply the same logic to g(n) and find that 4/3g(n-1) - 1/3g(n-2) yields no solution. Therefore we must use a different example, such as 2. for 2 we get 16/9. 2-2/3^2 = 2 - 2/9 = 16/9 therefore via induction this would be true as k increases in steps.",0,0,0,0,0,0,0,HC,fa22
292,293,Exam 1,learningStudy/WrittenInduction_Recurrence_v3,"Let $ n \in \mathbb{N}$

$ g(n) = g(0) = 0 = 2 - \frac{2}{3^0} = 0 $ 

$ g(n) = g(1) = \frac{4}{3}  = 2 - \frac{2}{3^1} = \frac{4}{3}$

Based upon the follow examples we can infer through induction that g(n), where $ n \in \mathbb{N}$, for any natural number $n$
",0,0,0,0,0,0,0,HC,fa22
293,294,Exam 1,learningStudy/WrittenInduction_Recurrence_v3,"Let g(n) = $\frac{4}{3}$g(n-1) - $\frac{1}{3}$g(n-2) for n $\geq$ 2. Since n is a natural number, there are three cases to prove. 

Case 1: When g(0). 2 -  $\frac{2}{3^0}$ = 2-$\frac{2}{1}$ = 0 which is true.

Case 2: When g(1). 2 -  $\frac{2}{3^1}$ = 2-$\frac{2}{3}$ = 4/3 which is true.

Case 3: When n $\geq$ 2. $\frac{4}{3}$g(n-1) - $\frac{1}{3}$g(n-2) must be equal to 2-$\frac{2}{3^n}$. This is true since with all natural numbers of n, both expressions equal eachother. QED",0,0,0,0,0,0,0,HC,fa22
294,295,Exam 6,learningStudy/WrittenInduction_Recurrence_v3,"Going through this proof, we can see that:

g(0)=0

g(1)=4/3

g(2)=16/9

g(3)=52/27

As one can see, the value is approaching 2 as n gets larger but it has an asympotitcal relationship with that number. It never touches 2. We can compare this with the equation g(n)=2-2/(3^n). If we plug in n=0,1,2,3, we get g(n)=0,4/3,16/3,52/27, respectively just like the equation given at the beginning of the problem. We can further test this because if n were to be infinite then this would simplify g(n) to be 2-2/(3^infinite)= 2-0=2 which is consistent with the equation 4/3*g(n-1)-1/3*g(n-2) for n>=2. ",0,0,0,0,0,0,0,HC,fa22
295,296,Exam 1,learningStudy/WrittenInduction_Recurrence_v3,base case: n=2. g(2)=2-2/3=(4/3)(g(1)-(1/3)g(0))=(4/3)*((4/3)-(4/9))=32/27 incorrect,0,0,0,0,0,0,0,HC,fa22
296,297,Exam 4,learningStudy/WrittenInduction_Recurrence_v3,IDK,0,0,0,0,0,0,0,HC,fa22
297,298,Exam 6,learningStudy/WrittenInduction_Recurrence_v3,"g(0) = 0 = 2 - 2 / (3 ^ 0), so g(n) = 2 - 2 / (3 ^ n) for n = 0.
g(1) = 4 / 3 = 2 - 2 / (3 ^ 1), so g(n) = 2 - 2 / (3 ^ n) for n = 1.
g(n >= 2) = 4 / 3 * g(n - 1) - 1 / 3 * g(n - 2). I honestly forgot about induction, so I'm not sure where to go from here. I wish there were more intermediary follow-ups or lessons because I totally forgot. Therefore, I'll assume that g(n >= 2) =  2 - 2 / (3 ^ n). Then for all integer cases of n >= 0, g(n) = 2 - 2 / (3 ^ n).",0,0,0,0,0,0,0,HC,fa22
298,299,Exam 6,learningStudy/WrittenInduction_Recurrence_v3,"g(2)=4/3g(2-1)-1/3g(2-2)=4/3(g(1))-1/3g(0)=4/3(4/3)-1/3(0)=16/9
g(2)=2-(2/(3^2))=2-(2/9)=18/9-2/9=16/9
Based on the base case of 2, we can see that the formula for g(n) works for any natural number.",0,0,0,0,0,0,0,HC,fa22
299,300,Exam 1,learningStudy/WrittenInduction_Recurrence_v3,"$g(0)=0, g(1)=\frac{4}{3},g(n)=\frac{4}{3}g(n-1)-\frac{1}{3}g(n-2); n \geq 2$  
Case 1: $n = 0$  
$g(0) = 2 - \frac{2}{3^0} =2-\frac{2}{1}=2-2=0$, Also $g(0)=0$,  Therefore $0=0$ which is true  
Case 2: $n = 1$  
$g(1) = 2 - \frac{2}{3^1} = 2- \frac{2}{3} = \frac{4}{3}$, Also $g(1)=\frac{4}{3}$, Therefore $\frac{4}{3} = \frac{4}{3}$ which is true  
Case 3: $n \geq 2$  
$g(0) = 0$ and $g(1)=\frac{4}{3}$  
$g(n) = \frac{4}{3}g(n-1) - \frac{1}{3}g(n-2)$  
$g(n-1)= \frac{4}{3}g(n-2) - \frac{1}{3}g(n-3)$  
$g(n)= \frac{4}3g(n-2) - \frac{1}{3}g(n-2) - \frac{1}{3}g(n-3) = g(n-2)- \frac{1}{3}g(n-3)$",0,0,0,0,0,0,0,HC,fa22
300,301,Exam 4,learningStudy/WrittenInduction_Recurrence_v3,"Suppose g(0) = 0, g(1) = 4/3 and g(n) = 4/3g(n-1) = 1/3g(n-2). 

Suppose g(n) = 2 - (2)/(3^n).

Since n = k-1. we have to prove g(n) = 2 - 2/(3^k)

",0,0,0,0,0,0,0,HC,fa22
301,302,Exam 4,learningStudy/WrittenInduction_Recurrence_v3,"Proof by induction of $n$

Inductive Predicate: $ \forall n \in \mathbb{N}, g(n) = 2 - \frac{2}{3^n}$

Base Cases: For $n = 0$, $g(0) = 2 - \frac{2}{3^0} = 2-2 = 0$, and we know from the definition of $g$ that $g(0) = 0$, so $g(0) $ holds. For $n = 1$, $g(1) = 2 - \frac{2}{3^1} = 2-\frac{2}{3} = \frac{4}{3}$, and we know from the definition of $g$ that $g(1) = \frac{4}{3}$, so $g(1) $ holds.

Inductive Hypothesis: Let us assume that $g(n) = 2 - \frac{2}{3^n}$ for all $n = 0,1,...,k$

Inductive Step: We need to show that $g(k+1) = 2 - \frac{2}{3^{k+1}}$ 

By the definition of $g$, we know that $g(k+1) = \frac{4}{3}g(k) - \frac{1}{3}g(k -1)$

By our inductive hypothesis, we can substitute accordingly: $\frac{4}{3}g(k) - \frac{1}{3}g(k -1) = \frac{4}{3}(2 - \frac{2}{3^k}) - \frac{1}{3}(2 - \frac{2}{3^{k-1}})$

Simplifying, we get $\frac{4}{3}(2 - \frac{2}{3^k}) - \frac{1}{3}(2 - \frac{2}{3^{k-1}}) = (\frac{8}{3} - \frac{8}{3^{k+1}}) - (\frac{2}{3} - \frac{2}{3^k})  = (\frac{8}{3} - \frac{2}{3}) - (\frac{8}{3^{k+1}} - \frac{2}{3^k})$

This simplifies further to $(\frac{6}{3}) - 2(\frac{4}{3^{k+1}} - \frac{1}{3^k}) = 2 - 2(\frac{4-3}{3^{k+1}}) = 2 - 2(\frac{1}{3^{k+1}}) = 2 - \frac{2}{3^{k+1}}$ $,$ which is what we wanted to show",2,2,2,2,2,2,2,HC,fa22
302,303,Exam 4,learningStudy/WrittenInduction_Recurrence_v3,"Proof by induction on n

Inductive predicate: $P(n): g(n) = 2-\frac{2}{3^n}$

Base case: show on $g(1), g(2): g(1) = \frac{4}{3}=2-\frac{2}{3^1}, g(2) = \frac{4}{3}*\frac{4}{3} - 0 = \frac{16}{9} = 2-\frac{2}{3^2}$. So all two base cases hold.

Inductive hypothesis: Suppose that $P(n): g(n) = 2-\frac{2}{3^n}$ holds for $n=3,...,k-1$ for some integer $k\geq3$

Now we need to show that $P(k)=2-\frac{2}{3^k}$ holds.

Then by definition of $g$: $g(k) = \frac{4}{3}g(k-1)-\frac{1}{3}g(k-2)$

Using inductive hypothesis, $\frac{4}{3}g(k-1)-\frac{1}{3}g(k-2) = \frac{4}{3}(2-\frac{2}{3^{k-1}})-\frac{1}{3}(2-\frac{2}{3^{k-2}})$

By simplifying, $\frac{4}{3}(2-\frac{2}{3^{k-1}})-\frac{1}{3}(2-\frac{2}{3^{k-2}})=\frac{8}{3}-\frac{8}{3^{n+1}}-\frac{2}{3}+\frac{2}{3^n}=2-\frac{2}{3^{n+1}}$

Therefore $g(n) = 2-\frac{2}{3^n}$, which we wanted to prove

Q.E.D",1,2,2,2,2,2,2,HC,fa22
303,304,Exam 4,learningStudy/WrittenInduction_Recurrence_v3,"Base:
g(2) = 4/3(g(1)) - 1/3 g (0) = 16/9 
2-2/9  = 16/9

The base case is true

Assume g(n) is true

g(n+1) = 4/3 g(n) - 1/3 g(n-1)

Since this holds for g(n) and g(n-1), this holds for g(n+1)

",1,1,2,0,2,2,0,HC,fa22
304,305,Exam 4,learningStudy/WrittenInduction_Recurrence_v3,"Let g(n) = 4/3g(n-1) - 1/3g(n-2) for n >= 2. Also assume g(n) = n-2/3^n for all numbers 0 through n and g(0) = 0 and g(1) = 4/3. Let's prove this usng induction on n.

Base: Let n = 0. g(0) = 2 - 2/3^0 = 2 - 2 = 0. 

Induction: We must only prove this relation now for n+1.   
Plugging this in we get g(n+1) = 4/3(g(n)) - 1/3g(n-1).   
We know g(n) = 2 - 2/3^n  and g(n-1) = 2- 2/3^(n-1) per the induction hypothesis.  
Plugging this in we get the following:  
g(n+1) = 4/3(2-2/3^n) - 1/3(2-2/3^(n-1)) = 8/3 - 8/3^(n+1) - 2/3 + 2/3^n  
= 2 - 8/3^n+1 + 2/3^n   
8/3^n+1 + 2/3^n = (8*3^n+2*3^(n+1))/3^(2n+1)  
= 2(4*3^n+3^n+1)/3^(2n+1)
= 2(3^n)/3^(2n+1)  
= 2/3^(n+1)  
Plugging this into the original equation: g(n+1) = 2 - 2/3^(n+1).
QED.
",1,1,2,2,2,2,2,HC,fa22
305,306,Exam 6,learningStudy/WrittenInduction_Recurrence_v3,"Let $g(n)$ be a function where for natural number $n\geq 2$, $g(n)=2-\frac{2}{3^n}$.

The function $g(n) = \frac{4}{3}g(n-1) - \frac{1}{3}g(n-2)$ is recursive, and will always end with a combination of $g(0)=0$ and $g(1)=\frac{4}{3}$ with assorted coefficients, all multiples of $-{\frac{1}{3}}$ and $\frac{4}{3}$

I'm also unsure how to proceed here. I recognize that the problems given are the same as with part A, but I don't remember how they were solved.",0,0,0,0,0,0,0,HC,fa22
306,307,Exam 1,learningStudy/WrittenInduction_Recurrence_v3,"Let's suppose that if g is a natural number, then it is a real number. Also, let's assume that g(0) = 0, g(1) = (4/3), and g(n) = ((4/3)(g)(n-1)) - ((1/3)(g)(n-2)), for n >- 2.

Knowing that n can = 2, then we can substitute 2 for g in g(n), getting us ((8/3)(n-1)) - ((2/3)(n-2)).

(not sure on what could be next.)

Therefore, g(n) = 2 - (2/3^n), which is what we needed to show.",0,0,0,0,0,0,0,HC,fa22
307,308,Exam 1,learningStudy/WrittenInduction_Recurrence_v3,No idea,0,0,0,0,0,0,0,HC,fa22
308,309,Exam 6,learningStudy/WrittenInduction_Recurrence_v3,"g(0) is 2 - 2/3^0 which = 0 so this works

g(1) = 2 - 2/3^1 = 4/3 so this works

for n >= 2, n = k-1 so 2 - 2/3^k-1, 2(3^k-1 - 1)/3^k-1 this = 4/3g(n-1) - 1/3g(n-2) so this works

it works for all cases so g(n) = 2 - 2/3^n",0,0,0,0,0,0,0,HC,fa22
309,310,Exam 1,learningStudy/WrittenInduction_Recurrence_v3,"g(1) = $ 2 - \frac {2} {3^1}$ = $ \frac {4} {3} $

Assuming it is true for g(n), let's try proving for g(n+1)

g(n) = $ \frac {4} {3} g(n-1) - \frac {1} {3} * g(n-2) $

g(n + 1) = $ \frac {4} {3} g((n+1)-1) - \frac {1} {3} * g((n+1)-2) $

g(n + 1) = $ \frac {4} {3} g(n) - \frac {1} {3} * g(n-1) $

g(n + 1) = $ (\frac {4} {3} g(n-1) - \frac {1} {3} * g(n-2)) - \frac {1} {3} * g(n-1) $

g(n + 1) = $ (\frac {4} {3} g(n-1) - \frac {1} {3} * g(n-2)) - \frac {1} {3} * g(n-1) $



",1,1,2,1,2,2,0,HC,fa22
310,311,Exam 4,learningStudy/WrittenInduction_Recurrence_v3,"Using induciton by n.
Inductive predicate: g(n) = 2 - 2/(3^n)
base case g(0) = 0 = 0 when n = 0. when n = 1, g(1) = 4/3
Inductive hypothesis: using n = 1,2 .. k -1. for k >= 2
Inductive step, using k in g(n).
",0,0,0,0,0,0,0,HC,fa22
311,312,Exam 4,learningStudy/WrittenInduction_Recurrence_v3,proof of induction by n,0,0,0,0,0,0,0,HC,fa22
312,313,Exam 1,learningStudy/WrittenInduction_Recurrence_v3,"Start with base case, n = 2:

Then, g(n) = 4/3g(1) - 1/3g(0) = 4/3 * 4/3 - 0 = 16/9. g(2) = 2 - 2/3 ^ 2 = 18/9 - 2/9 = 16/9. Thus, the base case holds. 

In general: g(n) = 4/3g(n - 1) - 1/3g(n - 2) ",0,0,0,0,0,0,0,HC,fa22
313,314,Exam 6,learningStudy/WrittenInduction_Recurrence_v3,"I do not recall the exact method of induction, I remember the basic idea that you must prove k-1 in order to prove k. 


I know that you can use that method to prove up to k, but I am unsure how to proceed with this proof. Sorry. 
The drag and drop proofs do give a strong guideline on how to complete them, but with such little practice and a large time in between sessions I do not remember the methos to induction strictly. ",0,0,0,0,0,0,0,HC,fa22
314,315,Exam 6,learningStudy/WrittenInduction_Recurrence_v3,"g(n) = 2 - (2/3^n)

let us sole for all natural numbers from 0 to k

let us plug in k + 1 for n

g(k) = 4/3(2 - 2/3^k) - 1/3(2 - 2/3^(k-1))

simplify to get 8/3 - 8/3^(K+1) - 2/3 - 2/3^k

= 2 - 8/3^k * 1/3 - 2/3^k

= 2 - 1/3 * 6/3^k = 2 - 2/3^k

2 - 2/3^k

since we chose an arbitrary value k the statement must be true for all k. Which is what we needed to show. ",0,0,0,0,0,0,0,HC,fa22
315,316,Exam 4,learningStudy/WrittenInduction_Recurrence_v3,"Proof of induction of n. 
Inductive Predicate: $ P(n) : g(n) = 2 - \frac{2}{3^n}$, for n is greater than or equal to 2. 
Base Case: For $n =0$, we have $ g(0) = 2 - \frac{2}{3^0}$ si $P(0) = 2-2 = 0$ so $P(0)$ holds. $n =1$, we have $ g(1) = 2 - \frac{2}{3^1}$ si $P(1) = 2- \frac{2}{3} = \frac{4}{3}$ so $P(1) = \frac{4}{3}$ so $P(1)$ holds.
Inductive Hypothesis: Suppose that $ g(n) = 2 - \frac{2}{3^n}$ holds for n = 1, 0, ..., k -1.
Inductive Step: We need to show that $g(n) = 2 - \frac{2}{3^n}$ holds. 
Starting from the left side, $\frac{4}{3} g(k-1) - \frac{1}{3} g(k-2)$.
Simpifying it, we get $\frac{4}{3} g(k-1) - \frac{1}{3} g(k-2)$ = $2 - \frac{2}{3^k}$.
So $g(n) = 2 - \frac{2}{3^n}$ is what we needed to know. ",2,2,2,2,1,2,0,HC,fa22
316,317,Exam 1,learningStudy/WrittenInduction_Recurrence_v3, eh,0,0,0,0,0,0,0,HC,fa22
317,318,Exam 1,learningStudy/WrittenInduction_Recurrence_v3,$\frac{4}{3}g(n-1) - \frac{1}{3}g(n-2) = \frac{2}{3}gn-\frac{1}{3}g $ for $n\ge2$.,0,0,0,0,0,0,0,HC,fa22
318,319,Exam 1,learningStudy/WrittenInduction_Recurrence_v3,"Base case, n = 2:

$g(2) = \frac{4}{3}(g(2-1)) - \frac{1}{3}(g(2-2))$

$g(2) = \frac{4}{3}(g(1)) - \frac{1}{3}(g(0))$

$g(2) = \frac{4}{3}(\frac{4}{3}) - \frac{1}{3}(0)$

$g(2) = \frac{16}{9}$

$g(2) = 2 - \frac{2}{3^2}$ = $2 - \frac{2}{9}$ = $\frac{16}{9}$

Assume $g(n) = 2 - \frac{2}{3^n}$ holds true for n = k. For n = k + 1:

$g(k+1) = \frac{4}{3}g(k) - \frac{1}{3}g(k-1)$

$g(k+1) = \frac{4}{3}(2-\frac{2}{3^k}) - \frac{1}{3}(2-\frac{2}{3^{k-1}})$

$g(k+1) = \frac{4}{3}(\frac{2*3^k-2}{3^k}) - \frac{1}{3}(\frac{2*3^{k-1}-2}{3^{k-1}})$

$g(k+1) = \frac{4}{3}(\frac{2*3^k-2}{3^k}) - (\frac{2*3^{k-1}-2}{3^{k}})$

$g(k+1) = 2(\frac{4}{3}(\frac{3^k-1}{3^k}) - (\frac{3^{k-1}-1}{3^{k}}))$

$g(k+1) = 2((\frac{4*3^k-4}{3^{k+1}}) - (\frac{3*3^{k-1}-3}{3^{k+1}}))$

$g(k+1) = 2((\frac{4*3^k - 3* 3^{k-1}-1}{3^{k+1}}))$

$g(k+1) = 2((\frac{4*3^k - 3^{k}-1}{3^{k+1}}))$

$g(k+1) = 2((\frac{3^{k+1}-1}{3^{k+1}}))$

$g(k+1) = 2(1-\frac{1}{3^{k+1}})$

$g(k+1) = 2-\frac{2}{3^{k+1}}$

We have shown that $g(k+1)$ = $2-\frac{2}{3^{k+1}}$ if $g(k) = 2-\frac{2}{3^{k}}$. Thus, $g(k+1) = 2-\frac{2}{3^{k+1}}$ for all $k \in \mathbb{N}$ where $k \geq 2$. Q.E.D",1,1,2,1,2,2,2,HC,fa22
319,320,Exam 6,learningStudy/WrittenInduction_Recurrence_v3,"Base Case:

g(0) = 0 and $2-\frac{2}{3^{0}} = 0$

g(1) = $\frac{4}{3}$ and $2-\frac{2}{3^{1}} = \frac{4}{3}$

g(2) = $\frac{16}{9}$ and $2-\frac{2}{3^{2}} = \frac{16}{9}$

Inductive Hypothetis for n = k:

$\frac{4}{3}g(k-1) - \frac{1}{3}g(k-2) = 2-\frac{2}{3^{k}}$

Inductive Step for n = k + 1:

LHS = $\frac{4}{3}g(k) - \frac{1}{3}g(k-1)$ = $\frac{4}{3}(2-\frac{2}{3^{k}}) - \frac{1}{3}(2-\frac{2}{3^{k-1}})$

= $2 - \frac{4}{3}(\frac{2}{3^{k}}) + \frac{1}{3}(\frac{6}{3^{k}})$
= $2 - (\frac{8}{3^{k+1}}) + (\frac{6}{3^{k+1}})$ = $2 - \frac{2}{3^{k+1}}$

RHS = $2 - \frac{2}{3^{k+1}}$

LHS + RHS, which is what we needed to show.
",1,2,2,1,2,2,2,HC,fa22
320,321,Exam 6,learningStudy/WrittenInduction_Recurrence_v3,"Let us prove the given claim by induction where k = n+1, k $\in{N}$

k is the induction variable.

g(0) = 0 and g(1) = 4/3 are base cases and are trivial because they are given in the definition of g.

g(0) = 2 - 2/3^0 = 2 - 2/1 = 0

g(1) = 2 - 2/(3^1) = 2 - 2/3 = 4/3

so $2 - \frac{2}{3^n}$ holds for the base cases

Let f(v) = 2 - 2/3^v

Consider g(2) = (4/3)(4/3) - (1/3)(0) = 16/9

Also consider g(n=3) = (4/3)g(2) - (1/3)g(1) = (4/3)(16/9) - (1/3)(4/3) = 52/27;

g(3) = (4/3)g(2) -(1/3)g(1) = (52/27); so we need to prove g(n = 3) = f(k = 2) = f(3).

f(3) = 2 - 2/(3^3) = 2 - (2/27) = 52/27

f(3) = f(k) = g(n=3), so the given equation equivalent to g(n) is proven for all n $\in \mathbb{N}$

Therefore, $g(n) = 2 - \frac{2}{3^n}$ is proven by induction",0,0,0,0,0,0,0,HC,fa22
321,322,Exam 4,learningStudy/WrittenInduction_Recurrence_v3,"Proof by induction of $n$.

Base case: When $n = 0,\ g(0) = 2 - \frac{2}{3^0} = 0$. When $n = 1,\ g(1) = 2 - \frac{2}{3^1} = \frac{4}{3}$. Therefore, both base cases are true.

By the inductive hypothesis, $g(n) = \frac{4}{3}g(n-1) - \frac{1}{3}g(n-2)$ where $n = 2, 3, 4, ..., k, k+1$

Inductive step: Therefore, we need to prove that $g(k + 1)$ [unsure]

$g(k+2) = \frac{4}{3}g(k+1) - \frac{1}{3}g(k)$

...

So $g(n) = \frac{4}{3}g(n-1) - \frac{1}{3}g(n-2)$ for all $n \geq 2$, which is what we needed to show.",2,2,2,2,2,2,0,HC,fa22
322,323,Exam 1,learningStudy/WrittenInduction_Recurrence_v3,"Let g(0) = 0. Let g(1) = (4/3). For any natural number greater than or equal to 2, g(n) = 2 - (2/(3^n)). We can prove this by using the intital equation for g(n) and simplifying it. ",0,0,0,0,0,0,0,HC,fa22
323,324,Exam 6,learningStudy/WrittenInduction_Recurrence_v3,"We will prove this with induction

We know $g(0) = 0$ and $g(1) = \frac{4}{3}$.

Let our base case be at $n = 2$, meaning $g(2) = \frac{4}{3} g(1) - \frac{1}{3} g(0)$

Plugging in $g(0)$ and $g(1)$, we find that $g(2) = \frac{4}{3} \times \frac{4}{3} - \frac{1}{3} \times 0$. 

This simplifies to $g(2) = \frac{16}{9}$. Now, $2 - \frac{2}{3^n}$ for $n = 2$ evaluates to $2 - \frac{2}{3^2}$.

$2 - \frac{2}{3^2} = 2 - \frac{2}{9} = \frac{18}{9} - \frac{2}{9} = \frac{16}{9}$.

Thus we have proved our base case. 

Let $n = k + 1$, where $k$ is any natural number $n \geq 2$. 

Here, $g(k) = \frac{4}{3} g(k) - \frac{1}{3} g(k - 1)$. 

Our inductive hypothesis states that $g(k) = 2 - \frac{2}{3^k}$.

$2 - \frac{2}{3^k} = \frac{4}{3} g(k) - \frac{1}{3} g(k - 1)$, which is what we needed to show. 

",1,1,0,0,1,0,0,HC,fa22
324,325,Exam 6,learningStudy/WrittenInduction_Recurrence_v3,i literally remember nothing :'(,0,0,0,0,0,0,0,HC,fa22
325,326,Exam 4,learningStudy/WrittenInduction_Recurrence_v3,"Proof by induction on n. Inductive Predicate: P(n): g(n) = 2 - $\frac{2}{3^0}$. Base Cases: For n = 0, 2 - $\frac{2}{3^0}$ = 2 - 2= 0, which is equal to g(0). Let n = 1, so 2 - $\frac{2}{3^1}$ = 2 - $\frac{2}{3}$ = $\frac{4}{3}$, which is equal to g(1). Inductive Hypothesis: Suppose that P(n): g(n) = 2 - $\frac{2}{3^n}$ holds for n = 0, 1, ..., k-1 for some integer k $\ge$ 2. We need to show that P(k): g(k) = 2 - $\frac{2}{3^k}$ is true. Using the definition of g, we get g(k) = $\frac{4}{3}$g(k - 1) - $\frac{1}{3}$g(k - 1). By substituting for the inductive hypothesis, we get g(k) = $\frac{4}{3}$(2 - $\frac{2}{3^(k-1)}$) - $\frac{1}{3}$(2 - $\frac{2}{3^(k-2)}$) = $\frac{8}{3}$ - $\frac{8}{3^k}$ - $\frac{2}{3}$ + $\frac{2}{3^(k-1)}$ = 2 - $\frac{8}{3^k}$ + $\frac{6}{3^k}$ = 2 - $\frac{2}{3^k}$. So g(k) = 2 - $\frac{2}{3^k}$, which is what we needed to prove.",2,2,2,2,2,2,2,HC,fa22
326,327,Exam 1,learningStudy/WrittenInduction_Recurrence_v3,idk how to do this.,0,0,0,0,0,0,0,HC,fa22
327,328,Exam 4,learningStudy/WrittenInduction_Recurrence_v3,"Base:
$$g(0) = 2-\frac{2}{3^0} = 0$$
Induction:
$$g(k+1) = 4g(k)/3-g(k-1)/3$$
$$g(k) = 4g(k-1)/3-g(k-2)/3$$
$$g(k+1) = 2-\frac{2}{3^{k+1}}$$
$$g(k) = 2-\frac{2}{3^k}$$
$$g(k+1) - g(k) = \frac{2}{3^k}-\frac{2}{3^{k+1}}$$
$$g(k+1) - g(k) = 4g(k)/3-g(k-1)/3 - 4g(k-1)/3 + g(k-2)/3$$
$$ = \frac{8}{3}-\frac{8}{3}\frac{2}{3^{k}} - \frac{6}{3}+\frac{6}{3}\frac{2}{3^{k-1}} + 2-\frac{2}{3^{k-1}}$$
$$ = \frac{2}{3^k}-\frac{2}{3^{k+1}}$$
Is what we needed to show.",0,0,0,0,0,0,0,HC,fa22
328,329,Exam 6,learningStudy/WrittenInduction_Recurrence_v3,"Proof:
Suppose g(n) = 2 - 2/3^n
Base case: g(0) = 2 - 2/3^0 = 2 - 2 = 0
g(1) = 2 - 2/3 = 4/3, therefore two base cases are satisfied
Randomly choose n where n >= 2,
by the definiton of g we can get:
g(n) = 4/3g(n - 1) - 1/3g(n - 2)

g(n + 1) = 4/3g(n) - 1/3g(n - 1) = 4/3(2 - 2/3^n) - 1/3(2- 2/3^n-1) = 2 - 8/3^n+1 + 2/3^n = 2 - 2/3^n+1

Since n are randomly picked, therefore for natural number, g(n) = 2 - 2/3^n",2,2,2,0,2,2,2,HC,fa22
329,330,Exam 1,learningStudy/WrittenInduction_Recurrence_v3,"Suppose that N -> R is defined by g(0) = 0. g(1) = 4/3, and g(n) = 4/3g(n-1) - 1/3g(n-2) for n greater than or equal to 2. 

if we expand g(n), we get 4/3gn - 4/3g - 1/3g - 2/3. So, gn - 4/3g - 2/3. 

Then, g(n) = 2 - 2/(3^n) for any natural number n. QED. ",0,0,0,0,0,0,0,HC,fa22
330,331,Exam 6,learningStudy/WrittenInduction_Recurrence_v3,"Suppose we are given the information:
g(0)=0
g(1)=4/3
g(n)=4/3g(n-1) -1/3g(n-2) for values of n >= 2.
Let us expand g(n) equation.

4/3gn-4/3g - (1/3gn-2/3g) = g(n)

4/3gn-4/3g-1/3gn+2/3g = g(n)

$2/3gn - 2/3g = g(n)$

g(n) = 2 - 2/(3^n)",0,0,0,0,0,0,0,Ben,fa22
331,332,Exam 1,learningStudy/WrittenInduction_Recurrence_v3,"When you plug in 0 into 2 - (2/3^n)

When you plug in 1, you get 2 - 2/3 = 4/3

4/3g(n-1) - 1/3g(n-2) is equal to 2 - 2/3^n so 2 - 2/3^n is true for any natural number n
",2,1,0,0,0,0,0,Ben,fa22
332,333,Exam 1,learningStudy/WrittenInduction_Recurrence_v3,"I literally don't know how to do it, sorry.",0,0,0,0,0,0,0,Ben,fa22
333,334,Exam 4,learningStudy/WrittenInduction_Recurrence_v3,"To begin the proof by induction we must first recognize g(0) and g(1). Both terms indeed do exist within the function as g(0) = 0 and g(1) = 4/3. Then we move on to 4/3g(n-1) - 1/3g(n-2) for n >= 2 where n is any natural number n. In this instance, we can let n be a natural number >= 2 such as 3. When we do that, we get 4/3g(2) - 1/3g(1). This results in 4/3g(2) - 4/9. g(2) = 16/9, in which the entire expression results in 52/27.",2,1,0,0,0,0,0,Ben,fa22
334,335,Exam 6,learningStudy/WrittenInduction_Recurrence_v3,"I will prove this by induction.

Base case: when n = 0, g(0) = 0 = 2 - 2/3^0. when n = 1, g(1) = 4/3 = 2 - 2/3, which shows that the base case stands.

Induction Hypothesis: for every n <= k, g(n) = 2 - 2/3^n, we need to show that g(n+1) = 2 - 2/3^(n+1)

g(n+1) = 4/3g(n) - 1/3g(n-1) = 4/3(2-2/3^n) - 1/3(2-2/3^(n-1)) = 2 - 8/3^(n+1) + 2/3^n = 2 - 2/3^(n+1), which is what we need to show.",2,2,2,2,1,2,2,Ben,fa22
335,336,Exam 6,learningStudy/WrittenInduction_Recurrence_v3,i forgot,0,0,0,0,0,0,0,Ben,fa22
336,337,Exam 6,learningStudy/WrittenInduction_Recurrence_v3,"I will prove using induction that for all natural numbers $n$, $g(n)=2-\frac{2}{3^n}$ is true.


*Claim:*  
So for the set {$0,1,2,3,..., k$} where $k=n$, $g(n)=2-\frac{2}{3^n}$

*Base Cases:*  
Using $0$ as $n$ to determine the value of $g(n)$, we get that $g(0)=2-\frac{2}{3^0}=2-2=0$. This proves the base case where $n=0$.  
Using $1$ as $n$ to determine the value of $g(n)$, we get that $g(1)=2-\frac{2}{3^1}=2-\frac{2}{3}=\frac{4}{3}$. This proves the base case where $n=1$.


*Inductive Case:*  
Using $k$ as $n$ to determine the value of $g(n)$, we get that $g(k)=2-\frac{2}{3^k}$  
We can extend this by using $k+1$ as $n$. This gives us $g(k+1)=2-\frac{2}{3^{(k+1)}}$   
$\frac{4}{3}g(n-1)-\frac{1}{3}g(n-2)$  
$\frac{4}{3}g(k-1)-\frac{1}{3}g(k-2)$  
$\frac{4}{3}g((k+1)-1)-\frac{1}{3}g((k+1)-2)$  

... 


Because we showed that $g(n)=2-\frac{2}{3^n}$ is true for the base case 0, the base case 1, and for the inductive case k+1, the claim must be true
",2,2,0,1,2,1,0,Ben,fa22
337,338,Exam 6,learningStudy/WrittenInduction_Recurrence_v3,"Proof by induction on $n$.

Induction predicate: $\forall n\in\mathbb{N},g(n)=2-\frac{2}{3^n}$

For the premise to be true, $g(n)-\frac{4}{3}g(n-1)-\frac{1}{3}g(n-2)=0$.

By the predicate, $g(n-1)=2-\frac{2}{3^{n-1}}$, and $g(n-2)=2-\frac{2}{3^{n-2}}$.

Plugging in, we get $\left(2-\frac{2}{3^n}\right)-\frac{4}{3}\left(2-\frac{2}{3^{n-1}}\right)+\frac{1}{3}\left(2-\frac{2}{3^{n-2}}\right)=0$

Rearranging, we get $2-\frac{2}{3^n}-\frac{8}{3}+\frac{8}{3^n}+\frac{2}{3}-\frac{6}{3^n}=0$

Combining terms, we get $0=0$, so the predicate holds.",0,0,1,1,2,2,2,Ben,fa22
338,339,Exam 4,learningStudy/WrittenInduction_Recurrence_v3,"We should start off by simplifying g(n) and to recap, g(n) is the following: (4/3)g(n-1) - (1/3)g(n-2).
This is the following simplification:
(4/3)gn - (4/3) - (1/3)gn + 2/3 = gn - 2/3

However, I am not sure on how this would be equal to 2 / (3^n), so I still am unsure on how to prove the following statement.",0,0,0,0,0,0,0,Ben,fa22
339,340,Exam 1,learningStudy/WrittenInduction_Recurrence_v3,Sorry but I don't know induction.,0,0,0,0,0,0,0,Ben,fa22
340,341,Exam 4,learningStudy/WrittenInduction_Recurrence_v3,"proof by induction n  
hypothesis: g(n)=2-$\frac{2}{3^n}$ for 0,1,....n-1  
base cases: g(0) = 2-$\frac{2}{1}$=0;   
g(1)=2-$\frac{2}{3}$=$\frac{4}{3}$;  
g(2)=$\frac{4}{3}$g(2-1)-$\frac{1}{3}$g(2-2) this is true  
consider g(k-1)  
by our inductive hypothesis g(k-1)= 2-$\frac{2}{3^{k-1}}$  
so by our inductive reasoning g(n)=2-$\frac{2}{3^n}$  =   g(k-1)= 2-$\frac{2}{3^{k-1}}$
which is what we needed to show",2,2,1,0,1,0,1,Ben,fa22
341,342,Exam 4,learningStudy/WrittenInduction_Recurrence_v3,"Proof by induction of g,
$g(0)=0, g(1)=\frac{4}{3}, g(n)=\frac{4}{3}g(n-1)-\frac{1}{3}g(n-2)$, for $n >= 2$

Base Case: $g(2)=\frac{4}{3}*\frac{4}{3}-\frac{1}{3}*0=\frac{16}{9}=\frac{18}{9}-\frac{2}{9}=2-\frac{2}{3^2}$

Inductive Hypothsis: n-1 = k

Proof By Induction: $\frac{4}{3}g(k-1)-\frac{1}{3}g(k-2)=2-\frac{2}{3^k}\to\frac{4}{3}g(n-2)-\frac{1}{3}g(n-3)=2-\frac{2}{3^{n-1}}$, by the induction hypothosis $\to \frac{4}{3}g(n-1)-\frac{1}{3}g(n-2)=2-\frac{2}{3^n}$, which is what we want to prove by induction",1,2,1,1,1,1,1,Ben,fa22
342,343,Exam 4,learningStudy/WrittenInduction_Recurrence_v3,"To prove this claim I will use proof by induction.

My induction variable is k. k = n+1

The two base cases occur at g(0) = 0 and g(1) = (4/3).

For the first case, 2 - 2/(3^0) = 2 - 2 = 0, which is what we needed to show.

For the second case, $2-\frac{2}{3} = 6/3 - 2/3 = 4/3$, which is what we needed to show.

Let n = 1, so k = 2 such that k $\geq 2$.

g(k) = (4/3)g(k-1) - (1/3)g(k-2)

By the proven definitions of the base cases, 

g(k-2) = g(2-1) = g(1) = (4/3) and g(k-2) = g(2-2) = 0

So g(k=2) (4/3)(4/3) - (1/3)(0) = 16/9

But consider g(k) = 2 - 2/3^k

$2 - 2/3^k = 2 - 2/3^2 = 2 -2/9 = 18/9 - 2/9 = 16/9$

So 2-2/3^k = g(k) for k, where k is any natural number, which is what we needed to show.
",2,2,0,0,1,0,0,Ben,fa22
343,344,Exam 6,learningStudy/WrittenInduction_Recurrence_v3,"Base case: n = 2

g(2) = $\frac{4}{3}$g(1) - $\frac{1}{3}$g(0) = $\frac{4}{3}$($\frac{4}{3}$) - $\frac{1}{3}$(0) = $\frac{16}{9}$

Prove g(2) = 2 - $\frac{2}{3^{2}}$

2 - $\frac{2}{3^{2}}$ = 2 - $\frac{2}{9}$ = $\frac{18}{9}$ - $\frac{2}{9}$ = $\frac{16}{9}$


Assume true for n = k, prove for n = k+1, with k being an arbitrarily chosen natural number

g(k+1) = $\frac{4}{3}$g(k) - $\frac{1}{3}$g(k-1) = $\frac{4}{3}$(2 - $\frac{2}{3^{k}}$) - $\frac{1}{3}$(2 - $\frac{2}{3^{k-1}}$) = $\frac{8}{3}$ - $\frac{8}{3(3^{k})}$ - $\frac{2}{3}$ + $\frac{2}{3(3^{k-1})}$ = $\frac{6}{3}$ - $\frac{8}{3(3^{k})}$ + $\frac{2}{3^{k}}$ = 2 + $\frac{-8 + 3(2)}{3(3^{k})}$ = 2 + $\frac{-2}{3(3^{k})}$ = 2 - $\frac{2}{3^{k+1}}$

QED",1,2,2,2,2,2,2,Ben,fa22
344,345,Exam 6,learningStudy/WrittenInduction_Recurrence_v3,"Base Case: k is a natural number which is defined by (k-1) >/= 2.

then by definition of g(n) k is equivalent to g(1)(g(k-2)) - g(1)g(k-3)/4, and since 2 - a fraction is equivalent to a real number which is a fraction or negative and not a natural number, we know that the output of g is defined by the set of all real numbers.",1,0,0,0,0,0,0,Ben,fa22
345,346,Exam 6,learningStudy/WrittenInduction_Recurrence_v3,"We will use induction on n.

$g(2)=\frac{4}{3}g(1)-\frac{1}{3}g(0)=\frac{16}{9}$

$g(2)=2-\frac{2}{3^2}=2-\frac{2}{9}=\frac{16}{9}$

We will assume that $g(k)=\frac{4}{3}g(k-1)-\frac{1}{3}g(k-2)=2-\frac{2}{3^k}$ and $g(k+1)=\frac{4}{3}g(k+1-1)-\frac{1}{3}g(k+1-2)=2-\frac{2}{3^{k+1}}$ are true.

$g(k+2)=\frac{4}{3}g(k+1)-\frac{1}{3}g(k)=\frac{4}{3}(2-\frac{2}{3^{k+1}})-\frac{1}{3}(2-\frac{2}{3^k}) = \frac{8}{3}-\frac{8}{3^{k+2}}-\frac{2}{3}+\frac{2}{3^{k+1}}=2-\frac{8}{3^{k+2}}+\frac{6}{3^{k+2}}$

$=2-\frac{2}{3^{k+2}}$

$g(k+2)=2-\frac{2}{3^{k+2}}$.

Since both are equal, the claim is true.",1,2,2,2,2,2,2,Ben,fa22
346,347,Exam 1,learningStudy/WrittenInduction_Recurrence_v3,I do not know how to do proofs by induction.,0,0,0,0,0,0,0,Ben,fa22
347,348,Exam 6,learningStudy/WrittenInduction_Recurrence_v3,"Doing a proof by induction on variable $n$.

Induction predicate: $g(n) = 2 - \frac{2}{3^n}$

Base case of $n = 0$: $2 - \frac{2}{3^0} = 2 - \frac{2}{1} = 2 - 2 = 0$

Base case of $n = 1$: $2 - \frac{2}{3^1} = 2 - \frac{2}{3} = \frac{6}{3} - \frac{2}{3} = \frac{4}{3}$

Remember function $g$ definition for $n \geq 2$: $g(n) = \frac{4}{3} g(n-1) - \frac{1}{3} g(n-2)$

Plug in induction predicate to function at non-base case: $2 - \frac{2}{3^n} = \frac{4}{3} (2 - \frac{2}{3^{n-1}}) - \frac{1}{3} (2 - \frac{2}{3^{n-2}}) = \frac{8}{3} - \frac{8}{3\cdot 3^{n-1}} - \frac{2}{3} - \frac{2\cdot 3}{3\cdot 3\cdot 3^{n-2}} = \frac{6}{3} - \frac{8}{3^n} + \frac{6}{3^n} = 2 - \frac{2}{3^n}$

Therefore because base case is true, all cases are true.",2,2,1,0,2,2,2,Ben,fa22
348,349,Exam 4,learningStudy/WrittenInduction_Recurrence_v3,"When $n=2$, $g(2) = \frac 43 g(1) - \frac 13 g(0) = \frac 43 \times \frac 43 + \frac13 \times 0 = \frac{16}9 = 2 - \frac 2{3^2} $

Assume that $g(n)=2-\frac 2{3^n}$ for some value of $x, x+1 \in \mathbb N$

When $n = x+2, g(x+2) = \frac 43 g(x+1) - \frac 13 g(x) = \frac 43 (2-\frac2{3^{x+1}})-\frac13 (2-\frac2{3^x}) = \frac83 - \frac 8{3^{x+2}} - \frac 23 + \frac 2 {3^{x+1}} $

$=2-\frac8{3^{x+2}} - \frac6{3^{x+2}} = 2 - \frac2{3^{x+2}}$

$Q.E.D.$",1,2,2,2,2,2,2,Ben,fa22
349,350,Exam 1,learningStudy/WrittenInduction_Recurrence_v3,"Suppose that g: N --> R is defined by g(n) = 4/3 g (n-1) - 1/3(g)(n-2) for n >= 2.
We can rewrite this as 2 - 2/3^n because the denominator, 3^n shows the recursion and subtracting this from 2 allows us to account for n >- 2.",0,0,0,0,0,0,0,Ben,fa22
350,351,Exam 4,learningStudy/WrittenInduction_Recurrence_v3,"proof by induction n.

Base cases for n = 0 and n = 1.

g(0) = 2 - 2/(3^0)  anything to the 0 power is 1, this simplifies to 2 - 2/1 which equals 0. this holds true

g(1) = 2 - 2/(3^1) = 2 - 2/3 which equals 4/3. this holds true. 

let n be any natural number 0, 1, 2, ... k - 1.

Let's plug in k to our equation

We get g(k) = 2 - 2/(3^k)

For our other equation we get 4/3(g(k-1) - 1/3(g(k - 2))

according to our hypothersis,  2 - 2/(3^k) = 4/3(g(k-1) - 1/3(g(k - 2))

plug in k-1 and k-2 to our equation

we get 2 - 2/(3^k) = 4/3 (2 - 2/(3^k-1)) - 1/3(2 - 2/(3^k-2))

simplifying we get  

2 - 2/(3^k) = 8/3 - (8/3)/(s^k-1) - 2/3 - (2/3)/(3^k-2)

2 - 2/(3^k) = 8/3 - 2/3 - (2/3)/(3^k-2) - (8/3)/(s^k-1)

2 - 2/(3^k) = 2 - (2/3)/(3^k-2) - (8/3)/(s^k-1)

subtract 2 from both sides

2/(3^k) = - (2/3)/(3^k-2) - (8/3)/(s^k-1)

simplify

2/(3^k) + (2/3)/(3^k-2) + (8/3)/(s^k-1) = 0

6/(3^k) + 2/(3^k-2) + 8/(s^k-1) = 0

g(n) = 2 - 2/3^n

This is what we needed to prove. ",2,2,2,1,1,2,1,Ben,fa22
351,352,Exam 6,learningStudy/WrittenInduction_Recurrence_v3,"Suppose we have a natural number n such that n = k + 1

then g(k+1) = (4/3)*g((k+1)-1) - (1/3)*g((k+1)-2) = (4/3)*g(k) - (1/3)*g(k-1) = 

...

so g(n) = 2-(2/3^n), which is QED",0,0,0,0,0,0,0,Ben,fa22
352,353,Exam 6,learningStudy/WrittenInduction_Recurrence_v3,"Base case: for n = 1, g(1) = 2-2/3 = 4/3.

Induction case: for n = k, g(k) = $2-\frac{2}{3^k}$, g(k-1) = $2-\frac{2}{3^{k-1}}$,  g(k-2) = $2-\frac{2}{3^{k-2}}$

g(k) = 4g(k-1)/3-g(k-2)/3=$\frac{4(2-\frac{2}{3^{k-1}})}{3}-\frac{2-\frac{2}{3^{k-2}}}{3}$ = 2-$\frac{8}{3^k}+\frac{6}{3^k}$ = $2-\frac{2}{3^k}$, which is what we needed to show.",1,2,2,1,2,2,2,Ben,fa22
353,354,Exam 1,learningStudy/WrittenInduction_Recurrence_v3,"$\frac{a+b}{x+y}$

g(0) = 2 - $\frac{2}{3^0}$ = 0

g(1) = 2 - $\frac{2}{3^1}$ = 4/3

g(2) = 2 - $\frac{2}{3^2}$ = 16/9

g(2) = 4/3(g(1)) - 1/3(g(0)) = 4/3(4/3) - 1/3(0) = 16/9

Therefore g(n) = 2 - $\frac{2}{3^n}$ for any natural number n

QED",2,2,0,0,0,0,0,Ben,fa22
354,355,Exam 6,learningStudy/WrittenInduction_Recurrence_v3,Sorry I don't remember.,0,0,0,0,0,0,0,Ben,fa22
355,356,Exam 1,learningStudy/WrittenInduction_Recurrence_v3,"2 - 2/3 = 4/3

So this theorem works for the given information, and thus, is true for any natural number n. Quod erad demonstradum, my friends. Quod erad demonstradum.",0,0,0,0,0,0,0,Ben,fa22
356,357,Exam 4,learningStudy/WrittenInduction_Recurrence_v3,"We will prove by induction  
Inductive predicate: g(n) = 2 - 2/3^n for any natural number n  
Base Case: n=2:g(2) = 16/9  
g(n) = 2 - 2/3^2 = 16/9   
Let k be a natural number k = n+1  
g(k)=4/3(g(n)) - 1/3(g(n-1))  
???  
=4/3g(n) - 1/3(4/3)",1,2,2,1,1,0,0,Ben,fa22
357,358,Exam 6,learningStudy/WrittenInduction_Recurrence_v3,"$$P(n): g(n) = 2 - \frac{2}{3^n}$$

### Base Cases

$$P(0): g(0) = 2 - \frac{2}{3^0}$$

LHS: $g(0) = 0$

RHS: $2 - \frac{2}{1} = 2 - 2 = 0$

Therefore $P(0)$ is true.

$$P(1): g(1) = 2 - \frac{2}{3^1}$$

LHS: $g(1) = \frac{4}{3}$

RHS: $2 - \frac{2}{3} = \frac{4}{3}$

Therefore $P(1)$ is true.

### Inductive Hypothesis

Assume $P(k-1)$ and $P(k-2)$ are true.

$$P(k-1): g(k-1) = 2 - \frac{2}{3^{k-1}}$$

$$P(k-2): g(k-2) = 2 - \frac{2}{3^{k-2}}$$

### Inductive Proof

$$P(k): g(k) = 2 - \frac{2}{3^{k}}$$

$$g(k) = \frac{4}{3}g(k-1) - \frac{1}{3}g(k-2)$$

By inductive hypothesis:

$$g(k) = \frac{4}{3} \cdot [2 - \frac{2}{3^{k-1}}] \space \space - \space \space \frac{1}{3} \cdot [2 - \frac{2}{3^{k-2}}]$$

$$ = \frac{8}{3} - \frac{8}{3^k} - \frac{2}{3} - \frac{2}{3^{k-1}}$$

$$ = \frac{6}{3} - \frac{8}{3^k} - \frac{2}{3^{k-1}}$$

$$ = \frac{6}{3} - \frac{8}{3^k} - \frac{3}{3}\cdot\frac{2}{3^{k-1}}$$

$$ = \frac{6}{3} - \frac{8}{3^k} - \frac{6}{3^{k}}$$

$$= 2 - \frac{2}{3^k}$$

.

Therefore, as $P(0)$ and $P(1)$ were shown to be true, and when $P(k-1)$ and $P(k-2)$ are true, it was shown that $P(k)$ is also true, the statement is true.",2,2,2,2,2,2,2,Ben,fa22
358,359,Exam 1,learningStudy/WrittenInduction_Recurrence_v3,"let n be any arbitrary natural number,   
and let g(n) be defined by g(0) = 0, g(1)=3/4, g(n)=$\frac{3}{4}$g(n-1)-$\frac{1}{3}$g(n-2) for any n greater than or equal to 2   
when n is equal to 0 g(n) will be equal to according to the defintion number 1 of g(0) = 0    
if you plug that in for g(0) you will get g(0)=0   
if you repeat that same process for g(1) you will find that you get that g(1) =$\frac{4}{3}$  
so through induction we can prove that for any natural number g(n)= 2-$\frac{2}{3^n}$
",2,2,0,0,0,0,0,Ben,fa22
359,360,Exam 4,learningStudy/WrittenInduction_Recurrence_v3,"proof by induction on n
P(n) = 2 - (2/3^n)
at n = 0: 0
at n= 1: 4/3
P(k) = 2 -(2/3^k)
g(k) = 4/3(2-(2/(3^(k-1)))) - (1/3)(2-(2/(3^(k-1))))
= 2 -((8-6)/3^k) = 2 - (2/3^k)
g(n) = 2 - (2/3^n)
",2,1,1,0,2,2,2,Ben,fa22
360,361,Exam 1,learningStudy/WrittenInduction_Recurrence_v3,"4/3gn-4/3g-1/3gn+2/3g=2-2/(3^n)
gn-2/3g=2-2/(3^n)",0,0,0,0,0,0,0,Ben,fa22
361,362,Exam 1,learningStudy/WrittenInduction_Recurrence_v3,2-(2/3^n) = 2*(1-(1/3^n)) = 2*((3^n-2)/3^n),0,0,0,0,0,0,0,Ben,fa22
362,363,Exam 6,learningStudy/WrittenInduction_Recurrence_v3,"Lets begin proof by induction. We will need to check all three different cases.

g(0) = 2-2/(3^0) = 0 which works out with our first value. 

Then: g(1) = 2-2/(3^1) = 4/3 which also works out with our original function

Finally lets check g(n). g(2) = 4/3*g(2-1) - 1/3*g(2-2) = 4/3*4/3-0 = 4^2/3^2 = 16/9 for our original function and using the new function we get: g(2) = 2-2/3^2 = 2-2/9 = 18/9-2/9 = 16/9 which matches up with our original function which proves that the new function of g(n) works for any natural number n just like the original function.",2,2,0,0,0,0,0,Ben,fa22
363,364,Exam 1,learningStudy/WrittenInduction_Recurrence_v3,"let g be a natural number 
since g(n) = (4/3)g(n-1) - (1/3)g(n-2) for n >= 2 


g(n) = 2 - 2/3^n for any natural number n ",0,0,0,0,0,0,0,Ben,fa22
364,365,Exam 1,learningStudy/WrittenInduction_Recurrence_v3,$g(n)= \frac43 g(n-1)-\frac13 g(n-2) = \frac43n\frac43  $ ,0,0,0,0,0,0,0,Ben,fa22
365,366,Exam 6,learningStudy/WrittenInduction_Recurrence_v3,"Proof of recurrence n by induction.
Base case: when n = 2, g(n) = 2 - 2/(3^2) = (4/3)*(4/3) - (1/3)(0) = 16/9, so n holds true for n = 2. 
Inductive predicate P(n) : g(n) = 2 - 2/(3^n)
We need to prove that g(k) = 2 - 2/(3^k) for all natural numbers k.
We can apply the inductive predicate to g(k), giving us (4/3)*(2-(2/(3^k-1))) - (1/3)(2-(2/(3^k-2))).
Simplifying this, we get (8/3) - 8/(3^k) - (2/3) + 6/(3^k) , which equals 2 - 2/(3^k).
This confirm the proof of recurrence by induction . ",1,2,2,0,2,2,2,Ben,fa22
366,367,Exam 4,learningStudy/WrittenInduction_Recurrence_v3,"We will show that g(n) = 2 - 2/(3^n) for any natural number n. We will use induction for n.

Base: We need to show that g(2) is true. g(2) = 4/3 * 4/3 - 1/3 * 0 = 16/9. Also, 2 - 2/(3^2) = 16/9. So both hold for n=2.

Induction: Suppose P(n) is true for n = 2, 3, 4..., k-1. We need to show that g(k) is true. 
By definition of g, g(k) = 4/3 g(k-1) - 1/3 g(k-2). g(k-1) = 4/3 g(k-2) - 1/3 (k - 3).

When we combine these two equations, g(k) = 16/9 g(k-2) - 4/9 g(k-3) - 1/3 g(k-2) = 13/9 g(k-2) - 4/9 g(k-3). 

g(k) = 2 - 2/(3^k), which is what we needed to show.",1,2,1,2,2,2,0,Ben,fa22
367,368,Exam 1,learningStudy/WrittenInduction_Recurrence_v3,"Let n be a natural number.
<p> 
There are 3 cases to consider. 
<p>
Case 1: n = 0, then $g(0) = 0 = 2 - \frac{2}{3^0}$.
<p>
Case 2: n = 1, then $g(1) = 4/3 = 2 - \frac{2}{3^1}$.
<p>
Case 3: n >= 2. Suppose $4/3g(n-1) - 1/3g(n-2) = 2 - \frac{2}{3^{n}}$ Then n + 1 would be $4/3g(n) - 1/3g(n-1) = 2 - \frac{2}{3^{(n+1)}}$. Then this would mean that $4/3(2 - \frac{2}{3^{(n)}}) - 1/3(2 - \frac{2}{3^{(n-1)}}) = 2 - \frac{2}{3^{(n+1)}}$. Therefore, $4/3(\frac{2}{3^{(n)}}) - 1/3(\frac{2}{3^{(n)}/3}) =  \frac{2}{3^{(n)}3}$, so $4(\frac{2}{3^{(n)}}) - 3(\frac{2}{3^{(n)}}) =  \frac{2}{3^{(n)}}$ so $ \frac{2}{3^{(n)}} =  \frac{2}{3^{(n)}}$",2,2,1,0,1,2,1,Ben,fa22
368,369,Exam 1,learningStudy/WrittenInduction_Recurrence_v3,"Assume n is a natural number. Using the definition of g(n), g(n) can be simplified to 3g(n) = 4g(n - 1) - g(n - 2) which can then be simplified to 3g(n) = 4g(n) - 4g(1) - g(n) + g(2), which can then be brought down to 3g(n) = 3g(n) - 4g(1) + g(2). Then, substitutung the values of g(n), this equation becomes 3g(n) = 3g(n) - 3 + 16/9. When simplified, this becomes 1^n g(n) = 2^n - 2/3.  Multiplying both sides by 3 leads to the expression 3^n g(n) = 6^n - 2, which when simplified by dividing 3^n on both sides leads to g(n) = 2 - 2/3^n. Hence, g(n) = 2 - 2/3^n for any natural number n, which is what we needed to show.",0,0,0,0,0,0,0,Ben,fa22
369,370,Exam 6,learningStudy/WrittenInduction_Recurrence_v3,"Proof by induction of n

Base case: 

$g(2) = \frac{4}{3}g(2-1)-\frac{1}{3}g(2-2)=2-\frac{2}{3^2}\to\frac{4}{3}g(1)-\frac{1}{3}g(0)=2-\frac{2}{9}\to\frac{4}{3}\frac{4}{3}-\frac{1}{3}(0)=\frac{18}{9}-\frac{2}{9}\to$

$\frac{16}{9}=\frac{16}{9}$

$g(3)=\frac{4}{3}g(3-1)-\frac{1}{3}g(3-2)=2-\frac{2}{3^3}\to\frac{4}{3}g(2)-\frac{1}{3}g(1)=2-\frac{2}{27}\to$

$\frac{4}{3}\frac{16}{9}-\frac{1}{3}\frac{4}{3}=\frac{54}{27}-\frac{2}{27}\to\frac{64}{27}-\frac{4}{9}=\frac{52}{27}\to\frac{64}{27}-\frac{12}{27}=\frac{52}{27}\to\frac{52}{27}=\frac{52}{27}$

Inductive Definition: n = k + 2

$g(k)=\frac{4}{3}g(k-1)-\frac{1}{3}g(k-2)=2-\frac{2}{3^k}$

$g(k+1)=\frac{4}{3}g(k)-\frac{1}{3}g(k-1)=2-\frac{2}{3^{k+1}}$

$g(k+2)=\frac{4}{3}(2-\frac{2}{3^{k+1}})-\frac{1}{3}(2-\frac{2}{3^k})=2-\frac{2}{3^{k+2}}\to\frac{8}{3}-\frac{8}{3*3^{k+1}}-\frac{2}{3}+\frac{2}{3*3^{k}}=\frac{6}{3}-\frac{8}{3*3*3^{k}}+\frac{3*2}{3*3*3^{k}}\to$

$g(k+2)=2+\frac{6-8}{3*3*3^{k}}=2-\frac{2}{3^{k+2}}$

Inductive Step: $g(k+2)=2-\frac{2}{3^{k+2}}\to g(n)=2-\frac{2}{3^{n}}=\frac{4}{3}g(n-1)-\frac{1}{3}g(n-2)$

If $g(k)=\frac{4}{3}g(k-1)-\frac{1}{3}g(k-2)=2-\frac{2}{3^k}$ is true for k, then $g(n)=2-\frac{2}{3^{n}}=\frac{4}{3}g(n-1)-\frac{1}{3}g(n-2)$ is true for n. Since, $g(n)=2-\frac{2}{3^{n}}=\frac{4}{3}g(n-1)-\frac{1}{3}g(n-2)$ is true for n = 2 & n = 3, $g(n)=2-\frac{2}{3^{n}}=\frac{4}{3}g(n-1)-\frac{1}{3}g(n-2)$ is true for all natural numbers greater than or equal to 2",1,2,2,2,2,2,2,Ben,fa22
370,371,Exam 1,learningStudy/WrittenInduction_Recurrence_v3,no idea,0,0,0,0,0,0,0,Ben,fa22
371,372,Exam 1,learningStudy/WrittenInduction_Recurrence_v3,I don't know how to do induction yet.,0,0,0,0,0,0,0,Ben,fa22
372,373,Exam 4,learningStudy/WrittenInduction_Recurrence_v3,I do not know how to complete this proof by induction.,0,0,0,0,0,0,0,Ben,fa22
373,374,Exam 1,learningStudy/WrittenInduction_Recurrence_v3,"g(0) + g(1) = 4/3

Suppose we have a natural number n for n >= 2. Then g(n) is equivalent to 4/3(g(n-1)) where we call the function of g again.",0,0,0,0,0,0,0,Ben,fa22
374,375,Exam 6,learningStudy/WrittenInduction_Recurrence_v3,"It has been almost 2 weeks that I kind of forget a lot.

Base case: n=2,  g(2)=4/3 * g(1)-1/3 * 0 = 16/9

Suppose it is true until n+1

g(n+2) = 4/3g(n+1) - 1/3g(n)=2-2/3^n

Thus proved.",1,1,2,2,1,2,0,Ben,fa22
375,376,Exam 6,learningStudy/WrittenInduction_Recurrence_v3,"Now, let's prove this function $g(n)=2-\frac{2}{3^n}$ is qual to the recursive function above. Now, let's prove this for the first case, $$g(2)=\frac{4}{3}g(2-1)-\frac{1}{3}g(2-2)=\frac{4}{3}g(1)-\frac{1}{3}g(0)=\frac{4}{3}\frac{4}{3}-\frac{1}{3}0=\frac{16}{9}$$ and $$g(0)=2-\frac{2}{3^0}=0$$ $$g(1)=2-\frac{2}{3^1}=2-\frac{2}{3}=\frac{4}{3}$$ $$g(2)=2-\frac{2}{3^2}=\frac{18}{9}-\frac{2}{9}=\frac{16}{9}$$ Therefore, the first case is true. Now to prove it for all other cases, let us prove that $g(n+1)=2-\frac{2}{3^{n+1}}$ using the recursive function above and assuming $g(n)=2-\frac{2}{3^n}$ for all $n < n+1$. Thus, $$g(n+1)=\frac{4}{3}g(n)-\frac{1}{3}g(n-1)$$, and substituting in that $g(n)=2-\frac{2}{3^n}$ and $g(n-1)=2-\frac{2}{3^{n-1}}$, then it becomes $$\frac{4}{3}(2-\frac{2}{3^n})-\frac{1}{3}(2-\frac{2}{3^{n-1}})=2(\frac{4}{3}-\frac{1}{3})+\frac{1}{3^{n+1}}(-8+6)=g(n+1)=2-\frac{2}{3^{n+1}}$$ This is what we needed to prove.",2,2,2,2,2,2,2,Ben,fa22
376,377,Exam 4,learningStudy/WrittenInduction_Recurrence_v3,"Proof by induction

Base Case: We need to proof n = 2 are true for the general equation g(n)

g(2) = (4/3)(g(1)) - (1/3)g(0) = (4/3)(4/3) - 0 = 16/9

Inductive Step: We need to prove this for n >= 2

g(n) will always be less than 2. Simplifying g(n) for n>=2 gives 2 - 2/3^n

This is what we need to show.",1,1,0,0,0,0,0,Ben,fa22
377,378,Exam 1,learningStudy/WrittenInduction_Recurrence_v3,"g(n+1)=(4/3)g(n)-(1/3)g(n-1) for n>=2.

Q.E.D.",0,0,0,0,0,0,0,Ben,fa22
378,379,Exam 4,learningStudy/WrittenInduction_Recurrence_v3,"Prove by induction on n.

Inductive predication: $\forall x \in N$, g(n) = 2 - $\frac{2}{3^n}$.

Basecase: At n = 0, g(0) = 0. At n = 1, g(1) = $\frac{4}{3}$ = 2 - $\frac{2}{3^1}$. So the base case P(0) and P(1) are true.

Inductive hypothesis: Suppose that P(n) : g(n) = 2 - $\frac{2}{3^n}$ holds for n = 0, 1, 2, ..., k.

Inductive step: We need to show that P(n + 1) : g(n + 1) = 2 - $\frac{2}{3^{n+1}}$ is true.

Starting with the left hand side, g(n + 1) = 4/3 g(n) - 1/3 g(n - 1).

By the inductive hypothesis, this turns to be 4/3 (2 - $\frac{2}{3^n}$) - 1/3 (2 - $\frac{2}{3^{n - 1}}$) = 2 - $\frac{8}{3^{n+1}}$ + $\frac{2}{3^{n}}$ = 2 - $\frac{2}{3^{n+1}}$, which equals the right hand side. So P(n) holds for n = k + 1, which is what we needed to show.",2,2,2,2,2,2,2,Ben,fa22
379,380,Exam 4,learningStudy/WrittenInduction_Recurrence_v3,"Proof by induction n
Predicate of induction is g(n) = 2 - 2/(3^n)
The base case is g(0) = 2 - 2/(3^0) = 0, g(1) = 2 - 2/(3^1) = 4/3, g(2) = 2 - 2/(3^2) = 16/9
By the induction hypothesis g(n) = 2 - 2/(3^n) for n = 0, 1, 2, ... k
So g(k+1) = 2 - 2/(3^(k+1))

This shows that g(n) = 2 - 2/(3^n) , which is what we needed to show.",2,2,2,2,1,0,0,Ben,fa22
380,381,Exam 6,learningStudy/WrittenInduction_Recurrence_v3,"g(0) = 0 and g(1) = 4/3

g(n) = 4/3g(n-1) - 1/3g(n-2) for all n >= 2

since we know the smallest possible value this equation will work is for n = 2

pluggin in n =2, g(2) = 4/3g(1) - 1/3g(0) 

since we know what g(0) and g(1) are we can substitute and we get

g(2) = (4/3)^2 -0 = 16/9

now since we know what g(2) is we can check if the equation g(n) = 2 -2/3^n gives us the smallest possible value n = 2

plugging in 16/9 = 2- 2/3^n

solving for n 

-2 = -2/3^n,
3^n = 1 , n = 0

therfoer since the eqaution works for zero by inudction the equation works for any natural number",1,2,0,0,0,0,0,Ben,fa22
381,382,Exam 1,learningStudy/WrittenInduction_Recurrence_v3,"Let there be a natural number g,

Thus, g(n) 2 = $\frac {2}{3^n}$ for any natural number n.",0,0,0,0,0,0,0,Ben,fa22
382,383,Exam 1,learningStudy/WrittenInduction_Recurrence_v3,"g(n) = 4/3 gn-4/3g-1/3gn+2/3g

we take 1/3 out to get 1/3(4gn-4g-gn+2g)

simplify te equation we get 1/3(-2g)+gn = -2/3g +gn",0,0,0,0,0,0,0,Ben,fa22
383,384,Exam 6,learningStudy/WrittenInduction_Recurrence_v3,"We need to prove that g(n) = 2 - $\frac{2}{3^n}$ for any natural number n. We will use proof by induction. 

Base case: n = 2. For n = 2, g(2) = 4/3 * g(1) - 1/3 g(0) = 16/9 = 2 - 2/(3^2). Therefore, the base case is true. 

Hypothesis: g(n) = 2 - $\frac{2}{3^n}$ for any natural number n.

Proof: g(n) = 4/3 g(n-1) - 1/3 g(n-2). g(n-1) = 4/3 g(n - 2) - 1/3 g(n-3).

g(n) = 16/9 g(n-2) - 4/9 g(n-3) - 1/3 g(n-2) = 13/9 g(n-2) - 4/9 g(n-3). Eventually, the second term will be = 0.

g(n) = 2 - $\frac{2}{3^n}$, which is what we needed to show.",1,2,2,1,1,1,0,Ben,fa22
384,385,Exam 6,learningStudy/WrittenInduction_Recurrence_v3,"Let g(n) = 4/3g(n-1) - 1/3g(n-2). for n >= 2, and we need to show that f(n) = 2 - 2/3*n = g(n) through using the induction. First, suppose that n = 0. Based on the definition of f(n), 2 - 2/3*0 = 2 - 2 = 0, which is equal to the g(0). Also, suppose that n = 1. According to the definition of f(n), f(1) = 2 - 2/3*1 = 6/3 - 2/3 = 4/3. The result is equal to g(1). Then, which is what we needed to show. ",2,2,0,0,0,0,0,Ben,fa22
385,386,Exam 4,learningStudy/WrittenInduction_Recurrence_v3,"Proof by induction on n

Inductive Hypothesis: g(n) = 2 - 2/(3^n) for any natural number n

Base Case: g(0) = 0 and 2 - 2/(3^0) = 0; g(1) = 4/3 and 2-2/(3^1) = 4/3

Inductive Step: g(k) = 2 - 2/(3^(k-1)) for any natural number k

Therefore g(n) = 2 - 2/(3^n) for any natural number n which is what we were trying to prove",2,2,2,1,0,0,0,Ben,fa22
386,387,Exam 4,learningStudy/WrittenInduction_Recurrence_v3,"We will prove this by induction.

Inductive predicate: g(n) = 2 - 2/3^n.

Inductive hypothesis: Suppose  that g(n) = 2 - 2/3^n for n = 0, 1, ..., k for some integer k >= 2.

Base cases: n = 0: 2 - 2/3^0 = 2 - 2/1 = 0, which is equal to g(0). n = 1: 2 - 2/3^1 = 2 - 2/3 = 4/3, which is equal to g(1).

Inductive step: We will need to show that g(k + 1) = 2 - 2/(3^(k + 1)).

The left hand side g(k+ 1) is equal to 4/3(g(k)) - 1/3(g(k - 1)). Substituting in the inductive hypothesis, we get g(k + 1) = 4/3(2 - 2/3^k) - 1/3(2 - 2/3^(k - 1)). This is equal to 4/3(2 - 2(3^-k)) - 1/3(2 - 2(3^(-(k - 1)))) = 8/3 - 2/3 - 8/3(3^(-k)) + 2/3(3^(-k + 1)). This is equal to 2 - 8(3^(-k - 1)) - 6(3^(-k - 1)) = 2 - 2(3^(-k - 1)) = 2 - 2/(3^(k + 1)). 

Therefore, g(k + 1) = 2 - 2/(3^(k + 1)), which is what we needed to show.",2,2,2,2,2,2,2,Ben,fa22
387,388,Exam 6,learningStudy/WrittenInduction_Recurrence_v3,"Proof by induction:
Prove g(n+1)...
4/3gn - 4/3 - 1/3gn + 2/3 = gn - 2/3
(I don't remember)
So, this is what we needed to show.",0,0,0,0,0,0,0,Ben,fa22
388,389,Exam 6,learningStudy/WrittenInduction_Recurrence_v3,"Assume that $g(k)=2-\frac{2}{3^{k}}$.

When k = 0, $g(0)=2-\frac{2}{3^{0}}=0$. When k = 1, $g(1)=2-\frac{2}{3^{1}}=\frac{4}{3}$. When k = 2, $g(2)=2-\frac{2}{3^{2}}=\frac{4}{3}g(1)-\frac{1}{3}g(0)=\frac{16}{9}$. We show that the assumption holds for the base cases.

By the definition, $g(k+1)=2-\frac{2}{3^{k+1}}=\frac{4}{3}g(k)-\frac{1}{3}g(k-1)$, where $g(k-1)=2-\frac{2}{3^{k-1}}$.

The equation gives that $\frac{4}{3}g(k)=2-\frac{2}{3^{k+1}}+\frac{1}{3}g(k-1)=2-\frac{2}{3^{k+1}}+\frac{1}{3}(2-\frac{2}{3^{k-1}})=2-\frac{2}{3^{k+1}}+\frac{2}{3}-\frac{2}{3^{k}}=\frac{8}{3}-\frac{8}{3^{k+}}$

Therefore, $g(k)=2-\frac{3}{3^k}$,QED.
",2,2,2,0,2,2,2,Ben,fa22
389,390,Exam 4,learningStudy/WrittenInduction_Recurrence_v3,"We can prove that g(n) = 2 - 2/(3^n) for any natural number n using induction.

First, we verify that the above statement is true for n = 0 and n = 1 as a base. For n = 0, g(0) is defined to equal 0 = 2 - 2/(3^0). For n = 1, g(1) is defined to be 4/3 = 2 - 2/3. With these cases verified, we assume the statement is proven for n = 0, 1, 2, ... k. 

With the statement verified up until some arbitrary natural number k, we can prove the statement still holds for a number beyond that: k + 1. g(k+1) = (4/3)*g(k) - (1/3)*g(k-1) = 4/3(2 - 2/(3^k)) - (1/3)(2 - 2/(3^k)) = (8/3 - 8/(3^(k+2))) = (2/3 - 2/(3^k)) = 2 - 2/3^(k+1).

Since the statement is proven for a set or arbitrary values and a value even beyond, it can be assumed that the case works for every natural number n. ",2,2,2,2,2,2,2,Ben,fa22
390,391,Exam 4,learningStudy/WrittenInduction_Recurrence_v3,"Proof by induction of n. P(n) : g(n) = 4/3g(n-1) - 1/3g(n-2). g(0) = 2-2 = 0 and g(1) = 2 - 2/3 = 4/3 sp both base cases check out. Suppose the g(n) = 2 - 2/3^n is true for all 0,1,2,...,k. We must prove that g(k + 1) = 2 - 2/3^k+1. By applying the inductive hypothesis, g(k+1) = 4/3g(k) - 1/3g(k - 1)... Is equivalent to g(k+1) = 8/3 - 8/(3 * 3^k) - 2/3 - 2/(3 * 3^k-1). This equals 2 - 2/3^k * 3^k-1. 3^k * 3^k-1 is equals to 3^k+1. So, g(k+1) = 2 - 3/3^k+1. QED",2,2,2,2,2,2,2,Ben,fa22
391,392,Exam 4,learningStudy/WrittenInduction_Recurrence_v3,"Proof by induction on n.
Inductive Predicate: P(n): g(n) = 2-2/(3^n).
Base cases: when n = 0,  we have g(0) = 0 and 2-2/(3^0) = 0, so P(0) holds. When n=1, we have g(1) = 4/3 and 2-2/(3^1) = 4/3, so P(1) holds. So both base cases hold.
Induction hypothesis: Suppose that P(n):g(n) = 2-2/(3^n) holds for n=0,1,...k-1.
Inductive step: we need to show that P(k):g(k)=2-2/(3^n) holds.
f(k) = 4/3g(k-1)-1/3g(k-2) by definition of f
4/3g(k-1)-1/3g(k-2) = 4/3*(2-2/(3^(k-1)))-1/3*(2-2/(3^(k-2)))
When simplifying, we get 4/3*(2-6/(3^k))-1/3*(2-18/(3^k)) and then 2-2/(3^k).
So g(k) = 2-2/(3^k), which establishes the inductive step.",2,2,2,2,2,2,2,Ben,fa22
392,393,Exam 4,learningStudy/WrittenInduction_Recurrence_v3,"g(2)=16/9

g(3)=64/27-4/9= 52/27

To prove g(n)= 2- 2/(3^n), we need to show that g(n)= 2-2/3^n for n= 0, 1, 2,...,k. Suppose n = k+1. g(k+1)=2-2/3^(k+1) = 4/3g(k)-1/3g(k-1).",0,0,1,2,1,2,0,Ben,fa22
393,394,Exam 6,learningStudy/WrittenInduction_Recurrence_v3,"To prove this by induction, we prove that it workd for the smallests posiible case, n=0, then prove that it workf for n = k+1.     
For n = 0 then g(0) = 0 and g(0) = 2-2/3^0 = 0.   
For n = k+1, then g(n) = g(k+1) = 4/3g(k)-1/3g(k-1) = .... With some algebraic manipulations we can prove that g(k-1) = 2-2/3^(k-1).",1,2,0,0,1,2,0,Ben,fa22
394,395,Exam 1,learningStudy/WrittenInduction_Recurrence_v3,I dont know what is induction,0,0,0,0,0,0,0,Ben,fa22
395,396,Exam 6,learningStudy/WrittenInduction_Recurrence_v3,"Let $P_n$ be the proposition such that $\forall n \in \mathbb{N}, g(n) = 2 - \frac{2}{3^n}$.

<b>Proving the base case (n = 2):</b>

On the left hand side, $g(2) = \frac{4}{3}g(1) - \frac{1}{3}g(0) = \frac{4}{3}\cdot\frac{4}{3} - \frac{1}{3} \cdot 0 = \frac{16}{9}$.

On the right hand side, $2 - \frac{2}{3^2} = 2 - \frac{2}{9} = \frac{16}{9}$.

As the left and right hand sides are equal, the base case is true.

<b>Inductive hypothesis:</b> Let $P_k$ be the proposition such that $\forall k \in \mathbb{N}, g(k) = 2 - \frac{2}{3^k}$.

<b>Inductive step:</b> $g(k+1) = 2 - \frac{2}{3^{k+1}}$

On the left hand side, $g(k+1) = \frac{4}{3}g(k) - \frac{1}{3}g(k-1) = \frac{4}{3}(2 - \frac{2}{3^k}) - \frac{1}{3}(2 - \frac{2}{3^{k-1}})=$$\frac{8}{3} - \frac{8}{3^{k+1}} - \frac{2}{3} + \frac{2}{3^k} = \frac{6}{3} - \frac{8}{3^{k+1}} + \frac{6}{3^{k+1}} = 2 - \frac{2}{3^{k+1}}$.

As the left and right hand sides are equal, the inductive step is true. Hence, the inductive hypothesis is also true. Therefore, by induction, the proposition is true.",1,2,2,1,2,2,2,Ben,fa22
396,397,Exam 4,learningStudy/WrittenInduction_Recurrence_v3,"Proof by induction on n. 

Inductive predict : $P(n): g(n) = 2 - 2/3^n$  

Base case: For $n = 0$, we have $ g(0) = 0$ and $2 - 2/3^0 = 2 - 2 = 0$. So $P(0)$ holds.
For $n =1$, we have $ g(1) = 4/3$ and $2 - 2/3^1 = 4/3$. So $P(1)$ holds. So all two base cases hold.


Inductive Hypothethis: Suppose that $P(n): g(n) =  2 - 2/3^n $ holds for $n = 0,1,2,3,...,k-1$.

Inductive step: We need to show that $P(k):g(n) = 2 - 2/3^k$ is true.

Starting from the left hand side, f(k) = 4/3*g(k-1) - 1/3*g(k-2) by definition of g.

4/3*g(k-1) - 1/3*g(k-2) = 4/3*(2 - 2/3^(k-1)) - 1/3 * (2 - 2 / 3^(k-2)) by inductive hypothesis.

That in turn equals 8/3 - 8 / 3^k - 2/3 + 2 / 3^(k-1) = 2 - 2/3^k


So $\sum_{i=0}^{k+1}\frac{n(n+1)}{2} =  \frac{(k+1)(k+2)}{2}$ is ture, which is all we needed to show.


",2,2,2,2,2,2,2,Ben,fa22
397,398,Exam 1,learningStudy/WrittenInduction_Recurrence_v3,"g(n)=4/3 g(n-1)- 1/3 g(n-2) for n>=2

Consider n=2, this means that g(2)= 4/3 g(1) - 1/3 g(0). Substituting in the values for g(0) and g(1), we get 4/3 *4/3 -1/3 *0 = 16/9. So, with g(2)=16/9, we can add 2/9 (2/3^n) to get g(2) +2/9 = 2. Simplifying, we get g(2) = 2 - 2/9. This can be written as g(n)= 2-2/(3^n). This is what we needed to show.",1,2,0,0,0,0,0,Ben,fa22
398,399,Exam 4,learningStudy/WrittenInduction_Recurrence_v3,"Proof by induction on n,

Inductive Predicate = g(n) = 2 - 2/(3^n)

Base Case = for n = 2, g(n) = 16/9. Which is equal to 2 - 2/(3^2). Therefore the base case holds

Induction Hypothesis = Since the base case is true, g(n) = 2 - 2/(3^n) will hold for n = 3, 4, k.

Using induction hypothesis, 

g(n - 1) = 2 - 6/3^n ---- Equation 1

g(n - 2) = 2 - 18/3^n ----- Equation 2

Using defintion of f and Equations 1 and 2,

$g(n) = 4/3(2 - 6/3^n) - 1/3(2 - 18/3^n)$

$=> g(n) = (8/3 - 8/3^n) - 2/3 + 6/3^n$

$=> g(n) = 2 - 2/3^n$

Which is what we needed to prove",1,2,2,2,2,2,2,Ben,fa22
399,400,Exam 4,learningStudy/WrittenInduction_Recurrence_v3,"Proof: by induction on n

inductive predicate: P(n): $g(n) = 2 - \frac2 {3^n}$ for all n in $\mathbb N$

Base case(s): For n=0, $2 - \frac2 {3^n} = 2 - \frac2 1 = 0 = g(0)$, so P(0) holds. 

For n=1, $2 - \frac2 {3^n} = 2 - \frac2 3 = \frac{6-2} 3 = 4/3 = g(1)$, so P(1) holds.


inductive hypothesis: Let P(n): $g(n) = 2 - \frac2 {3^n}$ be true for n = 0,1,...,(k-1) for k $\geq$ 3.

inductive step: we need to prove P(k): $g(k) = 2 - \frac2 {3^k}$

Starting with LHS of eqn, $g(k) = \frac4 3 g(k-1) - \frac1 3 g(k-2)$ 

By the inductive hypothesis, $\frac4 3 g(k-1) - \frac1 3 g(k-2) = \frac4 3 (2 - \frac2 {3^{k-1}}) - \frac1 3 (2 - \frac2 {3^{k-2}})$

= $\frac4 3*2 - \frac1 3 *2 - \frac4 3(\frac2 {3^{k-1}}) + \frac1 3 (\frac2 {3^{k-2}})$

= $2 - 2(\frac4 {3(3^{k-1})} - \frac1 {3(3^{k-2})})$

= $2 - 2(\frac4 {3(3^{k-1})} - \frac1 {3^{k-1}})$


= $2 - 2(\frac1 {3(3^{k-1})})$

$= 2 - \frac2 {3^k}$


So $g(k) = 2 - \frac2 {3^k}$, which is what we needed to show.",2,2,2,2,2,2,2,Seth,fa22
400,401,Exam 6,learningStudy/WrittenInduction_Recurrence_v3,"Let g(n) = 2 - (2/(3^n)) for any natural number n. Let g(0) = 0, g(1) = (4/3), and g(n) = ((4/3)*g*(n-1)) -
((1/3)*g*(n-2)) for n >= 2. This proves that g(n) = 2 - (2/(3^n)) for any natural number n. ",0,0,0,0,0,0,0,Seth,fa22
401,402,Exam 1,learningStudy/WrittenInduction_Recurrence_v3,I don't know how to solve this.,0,0,0,0,0,0,0,Seth,fa22
402,403,Exam 4,learningStudy/WrittenInduction_Recurrence_v3,"Proof by induction on n.

Inductive Predicate: $g(n) = 2 - \frac{2}{3^n}$

Base Case(s): When n = 0, $2 - \frac{2}{3^n} = 2 - 2 = 0$, and $g(0)$ also = 0 so that base case works.

When n = 1, $2 - \frac{2}{3^n} = 2 - \frac{2}{3} = \frac{4}{3}$, and $g(1)$ also = $\frac{4}{3}$ so that base case also works.

Inductive Hypothesis: Suppose that $g(n) = 2 - \frac{2}{3^n}$ for $n = 2, 3, ... , k-1, k$

We need to show that $g(k+1) = 2 - \frac{2}{3^{k+1}}$

By definition of $f$, $g(k+1) = \frac{4}{3}g(k)-\frac{1}{3}g(k-1)$

And by the inductive hypothesis, we know that $g(k) = 2 - \frac{2}{3^k}$ and $g(k-1) = 2 - \frac{2}{3^{k-1}}$.

So, $g(k+1) = \frac{4}{3}(2 - \frac{2}{3^k}) - \frac{1}{3}(2 - \frac{2}{3^{k-1}})$

Simplifying the algebra, you get $g(k+1) = \frac{8}{3} - \frac{8}{3^{k+1}} - \frac{2}{3} + \frac{2}{3^k} = \frac{6}{3} - \frac{8}{3^{k+1}} + (\frac{2}{3^k} * \frac{3}{3}) = 2 - \frac{2}{3^{k+1}}$

So, we get $g(k+1) = 2 - \frac{2}{3^{k+1}}$, which is what we needed.",2,2,2,2,2,2,2,Seth,fa22
403,404,Exam 6,learningStudy/WrittenInduction_Recurrence_v3,"I do not remember at all how to prove this.
",0,0,0,0,0,0,0,Seth,fa22
404,405,Exam 4,learningStudy/WrittenInduction_Recurrence_v3,"Base case: when n=0, g(0)=2-2/1=0. when n=1, g(1)=2-2/3=4/3, when n=2, g(2)=2-2/3^2=16/9.

g(n)=2-2/3^n for n=0, n=1, n=2... n=k-1.

We need to prove that when n=k, g(k)=2-2/3^k. 

g(k)=4/3g(k-1)-1/3g(k-2)=4/3(2-2/3^(k-1))-1/3(2-2/3^(k-2))=2-2/3^k, after simplification on my scratch papers, and we prove that g(n)=2-2/3^n for any natural number n. 
",2,2,1,2,2,2,2,Seth,fa22
405,406,Exam 4,learningStudy/WrittenInduction_Recurrence_v3,"Prove by induction

Base case: $g(0) = 0, g(1) = \frac{4}{3}$

Induction: Assume $g(k)=2-\frac{2}{3^{k}}$ is true $\forall k \in \mathbb{N}, k \leq n$.

Then $g(k+1) = \frac{4}{3}g(k) - \frac{1}{3}g(k-1) = \frac{4}{3}(2-\frac{2}{3^{k}}) - \frac{1}{3}(2-\frac{2}{3^{k-1}})$

$=\frac{8}{3} - \frac{8}{3^{k+1}} - \frac{2}{3} + \frac{2}{3^{k}} = \frac{6}{3} - \frac{8}{3^{k+1}} + \frac{2}{3^{k}} = 2 - (\frac{8}{3^{k+1}} - \frac{6}{3^{k+1}}) = 2 - \frac{2}{3^{k+1}}$ 

Q.E.D.",2,1,2,1,2,2,2,Seth,fa22
406,407,Exam 1,learningStudy/WrittenInduction_Recurrence_v3,"Setting n = 2, $g(2) = \frac{4}3g(1) - \frac{1}3g(0) = \frac{16}9$. Also, $g(2) = 2 - \frac{2}{3^2} = \frac{16}{9}$ so the claim is true for n = 2. Now we can set n = 2, 3, 4 ... k. so the given $g(k) = \frac{4}3g(k-1) - \frac{1}3g(k-2)$ and the hypothesis $g(k) = 2 - \frac{2}{3^k}$",1,2,1,2,0,0,0,Seth,fa22
407,408,Exam 1,learningStudy/WrittenInduction_Recurrence_v3,"let n be natual numbers. so since g(n) by defn =(4/3)g(n)-4/3g(1)-(1/3)g(n)-(1/3)g(2)
so g(n)=2/3(g(n))-16/9

-1/3(g(n))=-16/9

that all we need to know",0,0,0,0,0,0,0,Seth,fa22
408,409,Exam 6,learningStudy/WrittenInduction_Recurrence_v3,"We will prove this by induction of n.

We need to first show that the base case works. n=2. g(2) = 2-2/(9) = 16/9. (4/3)g(1) - (1/3)g(0) = 16/9 and so they are equal and the base case is true.

Now we need to show that it works for n=k+1.

*** Unable to solve.

Since (4/3)g(k)-(1/3)g(k-1) = 2-2/(3^(k+1)), the statement is true by induction of n.",1,2,0,0,2,2,0,Seth,fa22
409,410,Exam 1,learningStudy/WrittenInduction_Recurrence_v3,"Base cases: $n = 0$ and $ n = 1$

For $n = 0$, $g(0) = 2 - \frac{2}{3^{0}} = 2 - 2 = 0$. which is in accordance with the definition of $g$

For $n = 1$, $g(1) = 2 - \frac{2}{3^{1}} = 2 - \frac{2}{3} = \frac{4}{3}$, which is in accordance with the definition of $g$

We now assume that $\forall n  \in \mathbb{N}, g(n) = 2 - \frac{2}{3^{n}}$

We must prove that $\forall n  \in \mathbb{N}, g(n+1) = 2 - \frac{2}{3^{n+1}}$

$g(n) - g(n+1) = \frac{2}{3^{n+1}} -\frac{2}{3^n}$

I think this may be the right idea, but again, I don't know where to go from here
",2,2,2,1,2,1,2,Seth,fa22
410,411,Exam 1,learningStudy/WrittenInduction_Recurrence_v3,"What is induction.

$g(n)=\frac{4}{3}g(n-1)-1/3g(n-2)$ for $n \geq 2$.

when $g(n) = 2:$

$g(2) = \frac{4}{3}*\frac{4}{3}-\frac{1}{3}*0 = \frac{16}{3}$

$g(3) = \frac{4}{3}*\frac{16}{3}- $

$\frac{1}{3} * \frac{4}{3}$

$= \frac{60}{9}$

g(4) = 


idk",0,0,0,0,0,0,0,Seth,fa22
411,412,Exam 6,learningStudy/WrittenInduction_Recurrence_v3,"Let k be an natral number.

proof by induction:

Base case:
k = 2 

g(2) = 4/3*4/3-1/3*0 = 16/9 = 2-2/9, staement true for k =2

induction:
Let the claim be true for k.

when k >1
By definition we get g(k) = 2-2/(3^k) = 4/3g(k-1)-1/3g(k-2)

g(k+1)=4/3g(k)-1/3g(k-1) = 4/3(4/3g(k-1)-1/3g(k-2))-1/3g(k-1)

g(k+1) = 16/9g(k-1)-4/9g(k-2)-1/3g(k-2)

",1,2,2,1,1,2,0,Seth,fa22
412,413,Exam 4,learningStudy/WrittenInduction_Recurrence_v3,"proof by induction on n

Induction predicate P(n) = g(n) = 2 - $\frac{2}{\(3^n)}$

Base Cases: for n = 0, g(0) = 0 and 2 - $\frac{2}{\(1)}$ = 0 so P(0) holds. For n = 1 we have 2 - $\frac{2}{\(3^1)}$ = $\frac{4}{\(3)}$ which is equal to g(1) so P(1) holds.

Induction hypothesis: Suppose that P(n): g(n) = 2 - $\frac{2}{\(3^n)}$ holds for n = 1,2 ... k-1.

Inductive step: we need to show that  P(k+1) = g(k) = 2 - $\frac{2}{\(3^(k+1))}$

Starting from the left hand side g(k) = 4/3g(k-1) - 1/3g(k-2) by the definition of g.

 4/3g(k-1) - 1/3g(k-2) = (4/3)( 2 - $\frac{2}{\(3^(k-1))}$) - (1/3)( 2 - $\frac{2}{\(3^(k-2))}$)

 =  $\frac{8}{3}$ - $\frac{8}{\(3^k)}$ - $\frac{2}{3}$ + $\frac{2}{\(3^(k-1))}$
 
 = 2 - $\frac{8}{\(3^k)}$ + $\frac{2}{\(3^(k-1))}$
 
 = 2 - $\frac{2}{\(3^k)}$
 
 So  g(n) = 2 - $\frac{2}{\(3^n)}$ which establishes the inductive step.",2,2,2,2,2,2,2,Seth,fa22
413,414,Exam 6,learningStudy/WrittenInduction_Recurrence_v3,"Proof by induction:

First, let's prove the base case: 

g(0) = 2 - 2/3^0 = 2 - 2 = 0, which equals 0
g(1) = 2 - 2/3^1 = 6/3 - 2/3 = 4/3, which equals 4/3. 
g(2) = 4/3*g(1) - 1/3*g(0) = 4/3*4/3 - 0 = 16/9. This equals 2 - 2/3^2 = 18/9 - 2/9 = 16/9. Thus, we have shown that the inductive hypothesis holds true for the base cases. 

Now, let us assume that g(k) = 4/3g(k - 1) - 1/3g(k - 2) = 2 - 2/3^k, and that this holds for all k between 2 and k. We want to show that g(k + 1) = 2 - 2/3^(k + 1) = 2 - 2/(3^k * 3). g(k + 1) = 4/3g(k + 1 - 1) - 1/3g(k + 1 - 2) = 4/3g(k) - 1/3g(k - 1) = 4/3(2 - 2/3^k) - 1/3g(k - 1) = 8/3 - 8/3 * 1/3^k - 1/3g(k - 1). This equals 8/3 - 8/3 * 1/3^k - 1/3 * (2 - 2/3^(k - 1)) = 8/3 - 2/3 - 8/(3^k) * 3 - 2/(3 ^ k) * (3 ^ - 1) = 2 - 8/(3 ^ k) * k - 2 * 3/(3 ^ k) = 2 - 8/(3 ^ k) * 3 - 6/(3 ^ k) * 3 = 2 - 2/(3 ^ k) * 3 =  2 - 2/3^(k + 1). This is what we needed to show. ",2,2,2,2,2,2,2,Seth,fa22
414,415,Exam 4,learningStudy/WrittenInduction_Recurrence_v3,"By induction, we will prove that for all natural numbers n, g(n) = 2-$\frac{2}{3^n}$. 

First, we must prove the base case n=0. g(0) = 2-$\frac{2}{3^0}$ = 2-2 = 0. We are given that g(0)=0, so the base case holds true.

Now, we will prove that for all natural integers n= 0,1,...k g(n) = 2-$\frac{2}{3^n}$. We are given that g(n) = 4/3 g(n-1) - 1/3 g(n-2), so we know that g(k) = 4/3 g(k-1) - 1/3 g(k-2). Using our inductive hypothesis, we know that g(k-1) = 2-$\frac{2}{3^{k-1}}$ and g(k-2) = 2-$\frac{2}{3^{k-2}}$. Therefore, g(k) = 4/3 (2-$\frac{2}{3^{k-1}}$) - 1/3 (2-$\frac{2}{3^{k-2}}$) = 8/3 - $\frac{8}{3^{k}}$ -2/3 +$\frac{6}{3^{k}}$ = 2-$\frac{2}{3^{k}}$. Therfore, g(k) = 2-$\frac{2}{3^{k}}$. This is what we needed to show.
",1,2,1,2,1,2,2,Seth,fa22
415,416,Exam 4,learningStudy/WrittenInduction_Recurrence_v3,"Proof of n by induction.        
Inductive Predicate: $P(n) : g(n) = 2 - \frac{2}{3^n}.$        
Base Case: At $n = 0$, $g(0) = 0$ and $2 - \frac{2}{3^0} = 0$, so the base case for $n=0$ holds true. At $n=1$, $g(1) = \frac{4}{3}$ and $2 - \frac{2}{3^1} = \frac{4}{3}$, so the base case for $n=1$ holds true.      
Inductive hypothesis: Suppose for $P(n) : g(n) = 2 - \frac{2}{3^n}$ is true for $n=0, 1, 2, 3,..., k -1.$      
Inductive step: We must prove that $P(k) : g(k) = 2 - \frac{2}{3^k}$ holds.     
Starting from the left side, $g(k) = \frac{4}{3}g(k-1) - \frac{1}{3}g(k-2)$ by the definition of $g$.       
Using the inductive hypothesis, $\frac{4}{3}g(k-1) - \frac{1}{3}g(k-2) = \frac{4}{3}(2 - \frac{2}{3^{k-1}}) - \frac{1}{3}(2-\frac{2}{3^{k-2}})$.      
$\frac{4}{3}(2 - \frac{2}{3^{k-1}}) - \frac{1}{3}(2-\frac{2}{3^{k-2}}) = \frac{4}{3}(2 - \frac{2}{3^{k}3^{-1}}) - \frac{1}{3}(2-\frac{2}{3^{k}3^{-2}}) = \frac{8}{3}-\frac{8}{3^k} - \frac{2}{3}-\frac{2}{3^k3^{-1}} = 2 - \frac{8}{3^k} - \frac{2}{3^k}\frac{3}{1} $
$= 2-\frac{8}{3^k} - \frac{6}{3^k} = 2 - \frac{2}{3^k}$.        
So $g(k) = 2 - \frac{2}{3^k}$, which establishes the inductive step.
",2,2,2,2,2,2,2,Seth,fa22
416,417,Exam 6,learningStudy/WrittenInduction_Recurrence_v3,"Claim: $G(n)=2-\frac{2}{3^n}$
Induction equation: $G(n)=\frac{4}{3}g(n-1)-\frac{1}{3}g(n-2)=2-\frac{2}{3^n}$ for all n >= 2.
Induction statement: Suppose g(0) = 0 and g(1)=4/3 given in the problem. Suppose g(2) = 4/3*4/3-1/3*0=2-2/3^2 = 16/9-0=18/9-2/9=16/9 Suppose n=2,3,4,...,K-1,K. We need to prove K+1 gives us g(n)
Induction proof: set n = K+1 for where n >= 2. $g(k+1)=\frac{4}{3}g(k)-\frac{1}{3}g(k-1)=2-\frac{2}{3^{k+1}}$ substituting the claim we get $\frac{4}{3}(2-\frac{2}{3^k})-\frac{1}{3}(2-\frac{2}{3^{k-1}})=\frac{8}{3}-\frac{8}{3^{k+1}}-\frac{2}{3}+\frac{2}{3^k}=\frac{6}{3}-\frac{6}{3^{k+1}}=2-\frac{2}{3^k}$ which is what we needed to show.",1,2,1,2,2,2,2,Seth,fa22
417,418,Exam 1,learningStudy/WrittenInduction_Recurrence_v3,"Let $n$ be a natural number. Assume $g(n) = 2 - \frac{2}{3^n}$.

",0,0,0,0,0,0,0,Seth,fa22
418,419,Exam 4,learningStudy/WrittenInduction_Recurrence_v3,base Case: $\g(k) = 4/3g(k-1) - 1/3g(n-2) $,0,0,0,0,0,0,0,Seth,fa22
419,420,Exam 6,learningStudy/WrittenInduction_Recurrence_v3,"Claim: $g(n) = 2 - \frac{2}{3^{n}}$, $n \in N$

Base case: $n = 2$, $g(2) = 2 - \frac{2}{3^{2}} = 2 - \frac{2}{9} = 1 + \frac{7}{9}$, $g(2) = \frac{4}{3}g(2-1) - \frac{1}{3}g(n-2) = \frac{4}{3}g(1) - \frac{1}{3}g(0) = \frac{4}{3}(\frac{4}{3}) - \frac{1}{3}(0) = \frac{16}{9} - 0 = 1 + \frac{7}{9}$

Proof: Suppose that $n = k + 1$, $g(k+1) = 2 - \frac{2}{3^{k+1}} = 2 + \frac{2}{3^{k}*3}$

$g(n) = \frac{4}{3}g(k+1-1)-\frac{1}{3}g(k+1-2) = \frac{4}{3}g(k)-\frac{1}{3}g(k-1)$
",1,2,2,1,0,0,0,Seth,fa22
420,421,Exam 1,learningStudy/WrittenInduction_Recurrence_v3,"Suppose n = 2. From the above we know that g(2) = 4/3 * g(1) - 1/3 * g(0) = 4/3 * 4/3 - 1/3 * 0 = 16/9

2 - 2 / 3^n = 2 - 2 / 3^2 = 16/9

Therefore, g(n) = 2 - 2 / 3^n works for n = 2, so that it works for any number n. Q.E.D.",1,2,0,0,0,0,0,Seth,fa22
421,422,Exam 1,learningStudy/WrittenInduction_Recurrence_v3,"g(0)=0

g(1)=4/3

g(2)=16/9

g(3)=64/27-4/9 = 52/27

g(4)=(4/3)*(52/27)-(1/3)*(16/9)=208/81-16/27=160/81

As shown, as n gets larger and larger the value of g(n) gets closer to 2. This is similar to the equation given: g(n)=2-2/3^n because as n gets larger in this equation, the value of 3^n becomes larger and larger, eventually infinite making 2/3^n equal to a negligible value so the equation. Hence, the claim is true for any natural number n.",0,0,0,0,0,0,0,Seth,fa22
422,423,Exam 6,learningStudy/WrittenInduction_Recurrence_v3,"We will prove that g(n) = 2 - $\frac{2}{3^n}$ for any natural number n through induction.

Base case 0: g(0) = 0 and 2 - $\frac{2}{3^0}$ = 0. 

Base case 1: g(1) = $\frac{4}{3}$ and 2 - $\frac{2}{3^1}$ = $\frac{4}{3}$.

Induction: Consider n+1. Let g(n) = 2 - $\frac{2}{3^n}$ be true for all numbers up to and including n. We need to prove that g(n+1) = 2 - $\frac{2}{3^(n+1)}$. 

Firstly, g(n-1) = 2 - $\frac{2}{3^(n-1)}$ and g(n) = 2 - $\frac{2}{3^n}$ because our claim is true for all numbers up to and including n. By the definition of g(n), g(n+1) = $\frac{4}{3}$g(n) + $\frac{1}{3}$g(n-1). Substituting our values for g(n) and g(n-1), we get g(n+1) = $\frac{4}{3}$(2 - $\frac{2}{3^n}$) + $\frac{1}{3}$(2 - $\frac{2}{3^(n-1)}$). Simplifyin, we achieve g(n+1) = $\frac{4}{3}$(2 - $\frac{2}{3^n}$) + $\frac{1}{3}$(2 - $\frac{2}{3^(n-1)}$) = $\frac{8}{3}$ -  $\frac{8}{3^(n+1)}$ - $\frac{2}{3}$ + $\frac{2}{3^n}$ = 2 - $\frac{8}{3^(n+1)}$ + $\frac{2}{3^n}$ = 2 - $\frac{8}{3^(n+1)}$ + $\frac{6}{3^(n+1)}$ = 2 - $\frac{2}{3^(n+1)}$. QED.


**Note that denominators of the intended form 3^(n+1) may appear as 3(n+1). That is, for example, $\frac{8}{3^(n+1)}$ = (8) / (3^(n+1)).",2,2,2,2,2,2,2,Seth,fa22
423,424,Exam 6,learningStudy/WrittenInduction_Recurrence_v3,"Proof: We are going to use induction to prove that for g(n) = 2 - 2/3^n for any natural number n. 

Base Case 1: Let n = 0. We know g(0)=0, so plugging n=0 into the formula yields g(0) = 2 - 2/3^0 = 2-2 = 0.

Base Case 2: Let n = 1. We know g(1) = 4/3, so plugging n = 1 into the formula yields g(1) = 2 - 2/3^1 = 2 - 2/3 = 6/2 - 2/3 = 4/3. 

Body: Let n = k-1. g(k-1) = 4/3g(k-1-1) - 1/3g(k-1-2) = 4/3g(k-2) - 1/3g(k-3). Plugging in the formula yields 4/3(2-2/3^k-2) - 1/3(2-2/3^k-3). So if the formula works for values from 0 to k-1, we need to show that the formula works for n = k. 

Suppose k = n+1. Then we have 4/3(2-2/3^(n+1)-2) - 1/3(2-2/3^(n+1)-3) = 4/3(2-2/3^n-1) - 1/3(2-2/3^(n-2))

= 8/3 - (8/ 3*3^(n-1)) - (2/3 - 2/(3*3^n-2)) = 8/3 - 8/3^n - 2/3 + 2/3^n-1 = 6/3 - 8/3^n + 2*3/3*3^n-1 = 2 - 8/3^n + 6/3^n = 2 - 2/3^n. 


Conclusion: We've shown that the formula works for an arbitrary value of k. Therefore g(n) = 2 - 2/3^n for any natural number n. This is what we needed to show. ",2,2,1,2,1,2,1,Seth,fa22
424,425,Exam 1,learningStudy/WrittenInduction_Recurrence_v3,"I'm honestly not sure, I tried expressing it with a growing series generally as 4^n/3^n - 4^n-2/3^n-1 but couldn't find a pattern to how the series was growing. I just can't find a connection between the recursive formula and the given equation. I can see the manner in which 2 is approached as n increases but unsure how to do this proof. ",0,0,0,0,0,0,0,Seth,fa22
425,426,Exam 6,learningStudy/WrittenInduction_Recurrence_v3,"g(n) is recursive, because it keeps ""calling"" itself over and over again, each time subtracting 1 or 2 from the original parameter. This keeps happing until we get to the two base cases, where n=0 or n=1. When called with a number greater or equal to 2, g(n) will always be equal to 2 - 2/3^n. This is because the many 4/3 from g(n-1) stack on top of each other, subtracted by the 1/3g(n-2).",0,0,0,0,0,0,0,Seth,fa22
426,427,Exam 1,learningStudy/WrittenInduction_Recurrence_v3,g = ,0,0,0,0,0,0,0,Seth,fa22
427,428,Exam 4,learningStudy/WrittenInduction_Recurrence_v3,"Let n = 0. Then g(0) = 0.

Suppose that g(1) = 4/3 when n = 1.

We need to show that g(n) = (4/3)g(n-1) - (1/3)g(n-2) when n is greater than or equal to 2.

From hypothesis we know that g(n) = 2-(2/3^n) when n is a natural number.

We know that g(n) = (4/3)g(n-1) - (1/3)g(n-2) is greater than 2-(2/3^n) so we know that when n is greater than 2, (4/3)g(n-1) - (1/3)g(n-2) which is what we needed to prove.",0,0,0,0,0,0,0,Seth,fa22
428,429,Exam 6,learningStudy/WrittenInduction_Recurrence_v3,"I do not remember how to do this...
vaguely remember it being similar to recursion...


Inductive claim = ? ",0,0,0,0,0,0,0,Seth,fa22
429,430,Exam 4,learningStudy/WrittenInduction_Recurrence_v3,"Proof by induction of n. Let p(n) : g(n) = 2 - (2/(3^n)). Let g(1) = 2 - (2/(3^1)) = (4/3). Suppose p(n) : g(n) = 2 - (2/(3^n)) holds true for n = 0, 1, ... k. Let p(k) : g(k) = 2 - (2/(3^k)). Let g(k) = (4/3)g(k-1) - (1/3)g(k-2) by g. Simplifying this gives us g(k) = 2 - (2/(3^k)) which is what we needed to prove. ",1,1,2,2,1,2,0,Seth,fa22
430,431,Exam 1,learningStudy/WrittenInduction_Recurrence_v3,"g(n) = 4/3 g(n-1) - 1/3 g(n-2)

g(n-1) = 4/3 g(n-2) - 1/3 g(n-3)

...

g(2) = 4/3 g(1) - 1/3 g(0).

g(n) + g(n-1) + ... + g(2) = 4/3 g(n-1) - 1/3 g(n-2) + 4/3 g(n-2) - 1/3 g(n-3) + ... + 4/3 g(1) - 1/3 g(0).

g(n) = 1/3 g(n-1) + g(1) - 1/3 g(0) = 1/3 g(n-1) + 4/3

g(n) - 2 = 1/3(g(n-1) - 2)

g(n) - 2 = (1/3)^n * (g(0) - 2) = -2 * (1/3)^n

g(n) = $2 - \frac{2}{3^n}$.

That's what we needed to prove.",0,0,0,0,0,0,0,Seth,fa22
431,432,Exam 1,learningStudy/WrittenInduction_Recurrence_v3,"Suppose $g(n) = 2 - \frac{2}{3^n} $ for n $\ge 2 $

Then $g(n-1) = 2 - \frac{2}{3^{n-1}} = 2 - \frac{6}{3^n}$
and $g(n-2) = 2 - \frac{2}{3^{n-2}} = 2 - \frac{18}{3^n}$

So, $\frac{4}{3}g(n-1) - \frac{1}{3}g(n-2) =  \frac{8}{3} - \frac{8}{3^n} - \frac{2}{3} + \frac{6}{3^n}$

$ = \frac{6}{3} - \frac{2}{3^n} = 2 - \frac{2}{3^n} = g(n)$

So $g(n) = \frac{4}{3}g(n-1) - \frac{1}{3}g(n-2)$",0,0,0,0,2,2,2,Seth,fa22
432,433,Exam 6,learningStudy/WrittenInduction_Recurrence_v3,"Let P(n) be the statement that g(n) = 2 - 2/3^n.
Base case P(0) is true since 2 - 2/3^0 = 2 - 2 = 0 = g(0). Base case P(1) is true since 2 - 2/3^1 = 2 - 2/3 = 4/3 = g(1).

Inductive hypothesis: Let P(n) be true for n=k, k-1,... 0. WTS g(k+1) = 2 - 2/(3^(k+1)).

LHS = g(k+1) = 4g(k)/3 - g(k-1)/3 = $\frac13(8-\frac8{3^k})-\frac13(2-\frac2{3^{k-1}})$ (From the inductive hypothesis)

$=\frac13(6-\frac2{3^k})=2-\frac2{3^{k+1}}$=RHS. Therefore by induction P(n) is true for all natural numbers n. We are done.",2,2,2,2,2,2,2,Seth,fa22
433,434,Exam 4,learningStudy/WrittenInduction_Recurrence_v3,"Setting n = 2, $g(2) = \frac{4}3g(1) - \frac{1}3g(0) = \frac{16}9$. Also, $g(2) = 2 - \frac{2}{3^2} = \frac{16}{9}$ so the claim is true for n = 2. Now we can set n = 2, 3, 4 ... k. so the given $g(k) = \frac{4}3g(k-1) - \frac{1}3g(k-2)$ and the hypothesis $g(k) = 2 - \frac{2}{3^k}$. Further simplifying to $g(k) = \frac{4}3g(k - 1) - \frac{1}3g(k-2)$ ",1,2,1,1,0,0,0,Seth,fa22
434,435,Exam 1,learningStudy/WrittenInduction_Recurrence_v3,"Since g(0) = 0 and g(1) = 4/3
g(n) = 4/3g(n-1) - 1/3g(n -2) for n >= 2
So 8/3 * 4/3g(n-1) - 8/3 * 1/3g(n-1)
So g(n) = 2 - 2/3^n for any natural number n",0,0,0,0,0,0,0,Seth,fa22
435,436,Exam 6,learningStudy/WrittenInduction_Recurrence_v3,"Base case: when n = 2, g(2) = 2 - 2/9 = 16/9 = 16/9 - 0. True
Induction stp:  suppose when k >= 2 and  k <= n, g(k) is true. For that,g(n+1) = 4/3(2-2/3^(n)) - 1/3(2-2/3^(n-1)) = 4/3 * 3 *(2/3 - 2/3^(n+1)) - 3 * (2/9 - 2/3^(n+1)) = 8/3 - 4 * 2/3^(n+1) - 2/3 + 3 * 2/3^(n+1) = 2 - 2/3^(n+1). Proof done",1,2,1,2,2,2,2,Seth,fa22
436,437,Exam 4,learningStudy/WrittenInduction_Recurrence_v3,"Proof by induction on n.

Suppose that $g(n)=\frac{4}{3}g(n-1)-\frac{1}{3}g(n-2)$ for all n=2,3,4,....k-1.

g(2)=4/3*g(1)-1/3*g(0)=16/9-0=16/9 = 2-2/3^2= 16/9, so base case of 2 holds.

$g(k)=\frac{4}{3}g(k-1)-\frac{1}{3}g(k-2)$.

By inductive hypothesis, $g(k)=\frac{4}{3}(2-\frac{2}{3^{k-1}})-\frac{1}{3}(2-\frac{2}{3^{k-2}})=\frac{8}{3}-\frac{8}{3^k}-\frac{2}{3}+\frac{2}{3^{k-1}}=2-\frac{8}{3^k}+\frac{6}{3^k}=2-\frac{2}{3^k}$. QED ",1,2,2,2,2,2,2,Seth,fa22
437,438,Exam 4,learningStudy/WrittenInduction_Recurrence_v3,"Proof by induction on $n$  
Inductive Predicate: $P(n):g(n)=2-\frac{2}{3^n}$ for $n\in \mathbb{N}$  
For $n=0, g(0)=0$ and $g(0)=2-\frac{2}{3^0}=2-\frac{2}{1}=2-2=0$, So $g(0)$ Holds  
For $n=1, g(1)=\frac{4}{3}$ and $g(1)=2-\frac{2}{3^1}=2-\frac{2}{3}=\frac{4}{3}$, So $g(1)$ Holds  
Therefore, All base cases hold  
Inductive Hypothesis: Suppose that $P(n):g(n)=2-\frac{2}{3^n}$ holds for $n\in \mathbb{N}$  
Inductive Step: We need to show that $P(k):g(k)=2-\frac{2}{3^{k}}$ holds  
$g(k)=\frac{4}{3}g(k-1)-\frac{1}{3}g(k-2)$ by definition of $g$  
$\frac{4}{3}g(k-1)-\frac{1}{3}g(k-2)=\frac{4}{3}(2-\frac{2}{3^{k-1}})-\frac{1}{3}(2-\frac{2}{3^{k-2}})$ by inductive hypothesis  
Simplifying gives $\frac{8}{3}-\frac{2}{3}+\frac{2}{3^{k-1}}-\frac{4}{3}*\frac{2}{3^{k-1}}=2-\frac{2}{3^{k-1}}$ Which is what we needed to show
",2,2,2,2,2,2,2,Seth,fa22
438,439,Exam 4,learningStudy/WrittenInduction_Recurrence_v3,I think I would still need a lot more time running through the textbook + some online videos to tackle this one. Maybe an hour extra and I would have been fine. Maybe should have looked closer at the reading.,0,0,0,0,0,0,0,Seth,fa22
439,440,Exam 1,learningStudy/WrittenInduction_Recurrence_v3,"$$g(0) = 0$$
$$g(1) = \frac{4}{3}$$
$$g(n) = \frac{4}{3}g(n-1)-\frac{1}{3}g(n-2), n \geq 2$$

$$P(n): g(n) = 2 - \frac{2}{3^n}$$

.

#### When $n=0$

$$P(0): g(0) = 2 - \frac{2}{3^0}$$

LHS:

$$g(0) = 0$$

RHS:

$$g(0) = 2 - \frac{2}{1} = 0$$

$\therefore P(0)$ is true.

.

#### When $n=1$

$$P(1): g(1) = 2 - \frac{2}{3^1}$$

LHS:

$$g(1) = \frac{4}{3}$$

RHS:

$$g(1) = 2 - \frac{2}{3} = \frac{4}{3}$$

$\therefore P(1)$ is true.

.

#### When $n=2$

$$P(2): g(2) = 2 - \frac{2}{3^2}$$

LHS:

$$g(2) = \frac{4}{3}g(2-1)-\frac{1}{3}g(2-2)$$

$$= \frac{4}{3}g(1)-\frac{1}{3}g(0)$$

$$= \frac{4}{3}\cdot\frac{4}{3} - \frac{1}{3}\cdot 0$$

$$= \frac{4\cdot4}{3\cdot3}$$

$$= \frac{16}{9}$$

RHS:

$$g(2) = 2 - \frac{2}{9}$$

$$= \frac{18}{9} - \frac{2}{9}$$

$$= \frac{16}{9}$$

$\therefore P(2)$ is true.

.

#### Assume $P(n)$ is true when $n=k$:

$$P(k): g(k) = 2 - \frac{2}{3^k}$$

.

#### When $n=k+1$:

$$P(k + 1): g(k + 1) = 2 - \frac{2}{3^{k+1}}$$

Using the definition of $g(n)$:

$$g(k+1) = \frac{4}{3}g((k+1)-1)-\frac{1}{3}g((k+1)-2)$$

$$= \frac{4}{3}g(k)-\frac{1}{3}g(k-1)$$

By assumption of $P(k)$ being true:

$$= \frac{4}{3}\cdot[2 - \frac{2}{3^k}] -\frac{1}{3}g(k-1)$$

$$= \frac{4}{3}\cdot[\frac{2\cdot3^k}{3^k} - \frac{2}{3^k}] -\frac{1}{3}g(k-1)$$

$$= \frac{4}{3}\cdot[\frac{2\cdot3^k - 2}{3^k}] -\frac{1}{3}g(k-1)$$

$$= \frac{4\cdot[2\cdot3^k - 2]}{3\cdot3^k} -\frac{1}{3}g(k-1)$$

$$= \frac{4\cdot2\cdot3^k - 4\cdot 2}{3^{k+1}} -\frac{1}{3}g(k-1)$$

$$= \frac{8\cdot3^k - 8}{3^{k+1}} -\frac{1}{3}g(k-1)$$

Unsure how to finish proof.",2,2,2,1,2,2,2,Seth,fa22
440,441,Exam 1,learningStudy/WrittenInduction_Recurrence_v3,"The first term will be 4^n/3^n  
The second term will be -(4^n-1)/(3^n)   
I don't know where to go from here.",0,0,0,0,0,0,0,Seth,fa22
441,442,Exam 1,learningStudy/WrittenInduction_Recurrence_v3,"$g(n) = \frac{4}{3}g(n-1) - \frac{1}{3}g(n-2)$, so $g(n) - g(n-1) = \frac{1}{3}(g(n-1) - g(n-2)) = \frac{1}{3} * \frac{1}{3}(g(n-2) - g(n-3)) = \frac{1}{3 ^ {n-1}} (g(1) - g(0))$$ = \frac{1}{3 ^ {n-1}} * (\frac{4}{3} - 0) = \frac{4}{3 ^ {n}}$. 

As a result, $g(n) = g(n-1) + \frac{4}{3 ^ {n}} = g(n-2) + \frac{4}{3 ^ {n - 1}} + \frac{4}{3 ^ {n}} = \sum_{i = 1}^{n}{\frac{4}{3 ^ {n}}} = 4\sum_{i = 1}^{n}{\frac{1}{3 ^ {n}}}$ 

$\sum_{i = 1}^{n}{\frac{1}{3 ^ {n}}} = \frac{1}{2} - \frac{1}{2} * \frac{1}{3 ^ {n}}$. So $g(n) = 4\sum_{i = 1}^{n}{\frac{1}{3 ^ {n}}} = 2 - \frac{2}{3 ^ {n}}$ ",0,0,0,0,0,0,0,Seth,fa22
442,443,Exam 1,learningStudy/WrittenInduction_Recurrence_v3,"Suppose that $g:\mathbb{N} \to \mathbb{R}$ is defined by $g(0)=0$, $g(1)=\frac{4}{3}$, and $g(n) = \frac{4}{3}g(n-1)-\frac{1}{3}g(n-2)$, for all $n \geq 2$. From this formula, $g(2) = \frac{4}{3}\frac{4}{3}-\frac{1}{3}0=\frac{16}{3}$ and $g(3)=\frac{4}{3} \frac{16}{3} - \frac{1}{3} \frac{4}{3}=\frac{20}{3}$, so we can see that it approaches 2 and there is a $-\frac{2}{3^n}$ in the equation. Therefore, this proves that $g(n)=2-\frac{2}{3^n}$, which is what we needed to prove.",0,0,0,0,0,0,0,Seth,fa22
443,444,Exam 4,learningStudy/WrittenInduction_Recurrence_v3,"Proof by induction on n.
Induction predicate: g(n) = 2-2/3^n.
Base cases: g(2) = 4/3*g(1) - 1/3*g(0) = (4/3)^2 - 1/3*0 = 16/9 = 2-2/3^2, so g(2) and all base cases hold true. 
Induction Hypothesis: g(n) = 2-2/3^n holds true for all n=1,2,3...k+1.
Induction Step: Prove that g(k+1) = 2-2/3^(k+1).
g(k+1) = 4/3*g(k) - 1/3*g(k-1) for k>=1 by definition of g.
By induction hypothesis, 4/3*(2-2/3^k) - 1/3*(2-2/3^(k-1)) = 2-2/3^(k+1) for k>=1.
Simplifying the left side, 8/3-8/(3^k*3) - 2/3-2/(3^(k-1)*3) = 6/3 - 8/3^(k+1) - 2/3^k = 2-8/3^(k+1)-6/3^(k+1) = 2-2/3^(k+1).
So g(k+1) = 2-2/3^(k+1) which is what we needed to prove.",1,2,2,2,1,2,2,Seth,fa22
444,445,Exam 1,learningStudy/WrittenInduction_Recurrence_v3,Cant solve,0,0,0,0,0,0,0,Seth,fa22
445,446,Exam 1,learningStudy/WrittenInduction_Recurrence_v3,"Again, I don't know what induction is, but since g(2) is 16/9 then the map makes sense, but I don't know how to proe it.",0,0,0,0,0,0,0,Seth,fa22
446,447,Exam 4,learningStudy/WrittenInduction_Recurrence_v3,"Let n be any natural number.
g(n) can be rewritten as 4gn/3 - 4g/3 - gn/3 + 2g/3 which equals gn - 2g/3. 
If n equals 2, this equation can be simplified to 2g - 2g/3.
If n equals k-1, this equation can be simplified to (k-1)g - 2g/3.
g(n) equals 2 - 2/3^n, and this is what we are trying to show.",0,0,0,0,0,0,0,Seth,fa22
447,448,Exam 6,learningStudy/WrittenInduction_Recurrence_v3,prove nothing,0,0,0,0,0,0,0,Seth,fa22
448,449,Exam 1,learningStudy/WrittenInduction_Recurrence_v3,"Hypothesis: For any natural number $n$, $g(n) = 2 - \frac{2}{3^n}$.

Base Case: $g(0) = 0$, $g(1) = \frac{4}{3}$, $g(2) = \frac{4}{3}(g(1)) - \frac{1}{3}(g(0))$ = $(\frac{4}{3})^2$

Induction: Unrolling

$g(n) = \frac{4}{3}g(n-1)=\frac{1}{3}g(n-2)$

$g(n) = \frac{4}{3}(\frac{4}{3}g(n-2)-\frac{1}{3}g(n-3))-\frac{1}{3}(\frac{4}{3}g(n-3)-\frac{1}{3}g(n-4))$

$g(n) = (\frac{4}{3})^2g(n-2)-(\frac{4}{3})(\frac{1}{3}g(n-3)-(\frac{1}{3})(\frac{4}{3})g(n-3)+(\frac{1}{3})^2g(n-4)$

$g(n) = (\frac{4}{3})^2g(n-2)-(2)(\frac{4}{3})(\frac{1}{3})g(n-3)+(\frac{1}{3})^2g(n-4)$

$g(n) = (\frac{4}{3})^2(\frac{4}{3}g(n-3)-\frac{1}{3}g(n-4)-(2)(\frac{4}{3})(\frac{1}{3})(\frac{4}{3}g(n-4)-\frac{1}{3}g(n-5))+(\frac{1}{3})^2(\frac{4}{3}g(n-5)-\frac{1}{3}$$g(n-6))$

$g(n) = (\frac{4}{3})^3g(n-3)-\frac{1}{3}(\frac{4}{3})^2g(n-4)-2(\frac{1}{3})(\frac{4}{3})^2g(n-4)-(\frac{1}{3})^2(\frac{4}{3})(2)g(n-5)+(\frac{1}{3})^2(\frac{4}{3})g(n-5)$$-(\frac{1}{3})^3g(n-6)$

$g(n) = (\frac{4}{3})^3g(n-3)-3(\frac{1}{3})(\frac{4}{3})^2g(n-4)-2(\frac{1}{3})^2(\frac{4}{3})g(n-5)-(\frac{1}{3})^3g(n-6)$

$g(n) = \frac{4^3}{3^3}g(n-3)-\frac{4^2}{3}g(n-4)-\frac{8}{3^3}g(n-5)-\frac{1}{3^3}g(n-6)$",2,1,0,0,0,0,0,Seth,fa22
449,450,Exam 4,learningStudy/WrittenInduction_Recurrence_v3,"Base: Let n be 0. Then, g(n) = 0. Let n = 1. Then g(n) = 4/3. Suppose that g(n) = 2 - 2/(3^n) for n = 0, 1, ..., k-1. Then we have to prove that g(n) = 2 - 2/3^n for k + 1.

g(k + 1) = (4/3)g(k - 1) - 1/2g(k - 2) = 2 - (8/3^n) - (2/3^n-1)

",1,2,2,2,1,1,1,Seth,fa22
450,451,Exam 1,learningStudy/WrittenInduction_Recurrence_v3,"Let n be natural number that is greater than or equal to 2,
g(2) = (4/3)(g(1)) + (1/3)(g(0)) = (4/3)(4/3) = 16/9;
g(3) = (4/3)(g(2)) + (1/3)(g(1)) = (4/3)(16/9) + (1/3)(4/3) = 52/27;
...
g(n) is equal to what is given in the problem, QED.",1,1,0,0,0,0,0,Seth,fa22
451,452,Exam 1,learningStudy/WrittenInduction_Recurrence_v3,"$g(n) = \frac{4}{3}g(n-1)-\frac{1}{3}g(n-2)$

$=\frac{4}{3}(\frac{4}{3}g(n-2)-\frac{1}{3}g(n-3))-\frac{1}{3}(\frac{4}{3}g(n-3)-\frac{1}{3}g(n-4))$",0,0,0,0,0,0,0,Seth,fa22
452,453,Exam 4,learningStudy/WrittenInduction_Recurrence_v3,"We will be proving by induction that ""g(n) is equal to 2 - 2/(3^n).

Base Case: n = 0. g(0) is defined as 0, and 2 - 2/(3^0) would simplify to 2 - 2/1, which would just be 2-2 = 0. Therefore the proof works on the base case.

Induction: Assume n = k + 1. Then g(k + 1) = 4/3 g(k) - 1/3 g(k - 1). This can then be simplified to g(k + 1) = 4/3 g(k) - 1/3 g(k)*g(k-2). To simplify this, the function is simplified to be g(k) = 2 - 2/(3^k). Thus, g(n) = 2 - 2/(3^n), which is what we needed to show.",1,2,0,0,2,2,0,Seth,fa22
453,454,Exam 4,learningStudy/WrittenInduction_Recurrence_v3,"Let's start with base case.
Plugging in n = 0, we get g(0) = 2 - 2/(3^0) = 2 - 2/1 = 0, which is correct.

Plugging in n = 1, we get g(1) = 2 - 2/(3^1) = 2 - 2/3 = 4/3, which is correct.

Now, we need to prove that g(n) = 2 - 2/(3^n) for natural numbers 1,2,3 ... k. Thus, we'll need to prove that this holds for k+1, and that g(k) = 2 - 2/(3^k+1). The latter is our hypothesis.

Starting with the left side, g(n), we know that g(n) = 4/3(g(n-1)) - 1/3(g(n-2)), so plugging this in for k+1 we get 4/3(g(k)) - 1/3(g(k-1)) = 4/3(2-(2/3^k)) - 1/3(2-(2/3^k-1)).

To be honest, I forgot where to go from here.",2,2,1,2,1,2,2,Seth,fa22
454,455,Exam 6,learningStudy/WrittenInduction_Recurrence_v3,"Proof by induction.

Base case: g(0) = $0 = 2-\frac{2}{3^0}=2-\frac{2}{1} = 0$

g(1) $\frac{4}{3} = 2-\frac{2}{3^1}=2-\frac{2}{3} = \frac{4}{3}$

Inductive step: for any natural number k this statement holds show that it holds for k+1.
$\frac{4}{3}g(k)-\frac{1}{3}g(k-1) =  2-\frac{2}{3^{k+1}}$

Subbing into the equation it can be shown that $\frac{4}{3}(2-\frac{2}{3^k})-\frac{1}{3}(2-\frac{2}{3^{k-1}}) =  \frac{8}{3}-\frac{8}{3^{k+1}}+\frac{2}{3} +\frac{2}{3^{k}} = 2-\frac{2}{3^{k+1}}$

Because the statement holds for all natural numbers k+1 $g(n) = 2-\frac{2}{3^n}$ the statement is proven.",2,2,2,1,2,2,2,Seth,fa22
455,456,Exam 6,learningStudy/WrittenInduction_Recurrence_v3,"Let's say that n is the natural number which are bigger or equal to 2. 

By the definition of g(n), each of the denominator should be the power of the 3. 

Also, we should consider the cap between 2 since all of the n's are bigger or equal to 2. 

The the value for g(n) will be bigger if n increases since it is more further away from 2. 

Also there will be a gap 2 for the numerator since 2 will be the gap. 

Therefore, we can set a formula for g(n), which 2 - 2/3^n. 


-> I tried my best to prove, but I was a little bit not sure with proving the following statement. ",0,0,0,0,0,0,0,Seth,fa22
456,457,Exam 1,learningStudy/WrittenInduction_Recurrence_v3,"If we know that some g is defined as N -> R. And we are given the following:
g(0) = 0
g(1) = $\frac43$
g(n) = $\frac43g(n-1)-\frac13g(n-2) for n >= 2.$
If we expand the g(n) equation, then we could probably end up with a solution of g(n) 2-2/3^n",0,0,0,0,0,0,0,Seth,fa22
457,458,Exam 6,learningStudy/WrittenInduction_Recurrence_v3,"For g(n), as n keeps getting bigger and bigger, it builds off of the previous values of g(n) starting at 0. I don't remember how to use induction to prove that it simplifies to 2 - (2/(3^n)) but the simplification works for any value of n (even 0 and 1). ",0,0,0,0,0,0,0,Seth,fa22
458,459,Exam 6,learningStudy/WrittenInduction_Recurrence_v3,"Let g be non-negative number to real numbers.

Suppose that g(0) = 0, g(1) = 4/3, and g(n) = 4/3g(n-1) - 1/3g(n-2).

Also, n >= 2.

For g(n) = 2- 2/3^n, we now have 2 - 2/3^(2), which is 1.7777.

By the law of induction, we have g(n) = 1.7777 which is what we needed to prove.",0,0,0,0,0,0,0,Seth,fa22
459,460,Exam 6,learningStudy/WrittenInduction_Recurrence_v3,"Let g(0) = 0 and g(1) = 4/3 and g(n) = 4/3g(n-1) - 1/3g(n-2) for n>= 2

Base cases: g(0) = 2 -2/3^0 = 2-2 = 0 which is what was expected. Additionally, g(1) = 2 - 2/(3^n) = 2-2/3 = 4/3. This means that we can use induction for n = k + 1

induction hypothesis: g(k + 1) = 4/3g(k) - 1/3g(k - 1) 

g(k + 1) = 2 - 2/(3^(k+1)).

This ends up showing that g() - 2 - 2/(3^n) by induction",2,2,0,1,2,2,0,Seth,fa22
460,461,Exam 4,learningStudy/WrittenInduction_Recurrence_v3,"Proof by induction on n

Inductive Predicate: $P(n): g(n) = 2 - \frac{2}{3^n}$

Base Case: For $n = 0$, $g(0) = 0, g(1) = 2 - \frac{2}{3^1}, g(1) = \frac{4}{3} which is true$

Induction Hypothesis: Suppose $P(n): g(n)= 2 - \frac{2}{3^n} $ holds for $ n = 0,1,...,k-1$

Inductive Step: We need to show $P(k): g(k) = 2 - \frac{2}{3^k} $ holds

LHS: $g(k) = \frac{4}{3} g(k-1) - \frac{1}{3} g(k-2)$ by definition of $g$

$g(k) = \frac{4}{3}(2 - \frac{2}{3^{k-1}})   - \frac{1}{3} (2 - \frac{2}{3^{k-2}})$

that results in $8 - \frac{1}{3^k} - 2$

Which results in $2 - \frac{2}{3^{k}}$ which is what we needed to show
",2,1,2,2,2,2,2,Seth,fa22
461,462,Exam 1,learningStudy/WrittenInduction_Recurrence_v3,"4/3g(n-1)=4/3*(2-2/(3^(n-1)))=8/3-8/3^n. 1/3g(n-2)=1/3*(2-2/3^(n-2))=2/3-2/3^(n-1). Subtract them, and we get 2-2/3^n, Q.E.D.",0,0,0,0,1,2,2,Seth,fa22
462,463,Exam 6,learningStudy/WrittenInduction_Recurrence_v3,"Since g(n)=4/3g(n-1)-1/3g(n-2), g(2)=$\frac43$$\frac 43$=$\frac43^2$, g(3)=$\frac43^3$-$\frac13/\frac43$. For integers from 0 to k, g(k)=2-2/$3^n$",0,0,0,0,0,0,0,Seth,fa22
463,464,Exam 1,learningStudy/WrittenInduction_Recurrence_v3,"base case: 

g(0) = 0

$g(1) = \frac{4}{3}$

given that $g(n)= \frac{3}{4}g(n-1)-\frac{1}{3}g(n-2)$ for $n \geq2$

suppose there is a value $k \in R$ and $k \geq 2$

$g(k)  = \frac{3}{4}g(k-1)-\frac{1}{3}g(k-2)= 2 - \frac{2}{3^k}$

$g(k+1) = \frac{3}{4}g(k)-\frac{1}{3}g(k-1) = 2- \frac{2}{3^{k+1}}$

$\frac{3}{4}(2 - \frac{2}{3^k}) - \frac{1}{3}(2- \frac{2}{3^{k-1}}) = 2-\frac{2}{3^{k+1}}$

$\frac{6}{4} -\frac{3}{4} \frac{2}{3^k} - \frac{2}{3}+ \frac{2}{3^{k}} = 2-\frac{2}{3^{k+1}}$

$\frac{10}{12}+\frac{1}{4}\frac{2}{3^k} = 2-\frac{2}{3^{k+1}}$

",2,1,0,1,2,2,2,Seth,fa22
464,465,Exam 4,learningStudy/WrittenInduction_Recurrence_v3,didn't get time to get to this but i somewhat understand it,0,0,0,0,0,0,0,Seth,fa22
465,466,Exam 4,learningStudy/WrittenInduction_Recurrence_v3,"Proof by induction on n.

Base cases: g(0) = 0, g(1) = 4/3, g(2) = 4(g(1))/3 - g(0)/3 = 16/9. 2 - 2/(3^2) = (18-2)/9 = 16/9. Therefore the base cases hold.

Inductive hypothesis: Let g(n) = 2 - 2/(3^n) for all n = 2,3....k.

Inductive step: Show g(k+1) = 2 - 2/(3^(k+1))

Using the definition of g, g(k+1) = 4g(k)/3 - g(k-1)/3 = 4(2 - 2/(3^(k)))/3 - (2 - 2/(3^(k-1)))/3

= 8/3 - 8/3^(k+1) -2/3 + 2/3^k = 2 + 2/3^k - 8/3^(k+1) = 2 + (6-8)/3^(k+1) = 2 - 2/3^(k+1) which is what we needed to show.",2,1,2,2,2,2,2,Seth,fa22
466,467,Exam 6,learningStudy/WrittenInduction_Recurrence_v3,"We need to show that this formula holds for n-0, n=0,...k-1, and n=k.

for n= 0: g(0)=0 and 2-$\frac{2}{3^n}$ = 0

for n=1: g(1)=$\frac{4}{3}$ and 2-$\frac{2}{3}$=$\frac{4}{3}$

for n=2: g(2) = $\frac{4}{3}$g(2-1)-$\frac{1}{3}$g(2-2)= $\frac{4}{3}$g(1)-$\frac{1}{3}$g(0)=$\frac{4}{3}$*$\frac{4}{3}$-$\frac{1}{3}$*$\frac{1}{3}$ = $\frac{15}{3}$ = 5

for n=k: g(k) = $\frac{4}{3}$g(k-1)-$\frac{1}{3}$g(k-2)

for n=k+1:$\frac{4}{3}$g(k-1)-$\frac{1}{3}$g(k-2) + 1


",2,2,0,0,0,0,0,Seth,fa22
467,468,Exam 4,learningStudy/WrittenInduction_Recurrence_v3,"Proof by induction on n. 

Inductive predicate: g(n) = 2 - 2/$3^{n}$.

Base case: we have two base cases, g(0) and g(1). g(0) = 2 - 2/1 = 0, so g(0) holds. g(1) = 2 - 2/3 = 4/3, so g(1) holds. 

Inductive hypothesis: suppose that g(n) = 2 - 2/$3^{n}$ holds for all n = 1, 2, ..., k - 1

Inductive step: we need to prove that g(k) = 2 - 2/$3^{k}$

Starting from the left side, g(k) = 4/3(g(k - 1)) - 1/3(g(k - 2)). This can be represented as 4/3(2 - 2/$3^{k - 1}$) - 1/3(2 - 2/$3^{k - 2}$) by inductive hypothesis. This can be simplified to ((8 - (24/$3^{k}$)) / 3) - ((2 - (18/$3^{k}$))/3), which simplifies to (6 - (6 / $3^{k}$) / 3, which simplifies to (6/3) - (6/$3^{k}$)/3, which again simplifies to 2 - (2 / $3^{k}$). Thus, g(n) = 2 - (2 / $3^{k}$), which establishes the inductive step.",2,2,2,2,2,2,2,Seth,fa22
468,469,Exam 4,learningStudy/WrittenInduction_Recurrence_v3,"Inductive predicate is stated above for $g(n)=2-\frac{2}{3^n}$. First, we need to prove the base case. This is shown that $g(0)=2-\frac{2}{3^0}=2-2=0$ and $g(1) =2-\frac{2}{3^1}=\frac{4}{3}$, so this is consistent with the inductive predicate. Therefore, let us prove that $g(n+1)=2-\frac{2}{3^{n+1}}$, and the inductive predicate signifies that $g(n+1) = \frac{4}{3}g(n)-\frac{1}{3}g(n-1)$. Therefore, we can substitute the hypothesis that $g(n)$ and $g(n-1)$ both work, so $g(n+1)=\frac{4}{3}(2-\frac{2}{3^n})-\frac{1}{3}(2-\frac{2}{3^{n-1}})=2(\frac{4}{3}-\frac{1}{3})+\frac{1}{3^{n+1}}(-8+6)=2-\frac{2}{3^n}$ 
Therefore, this proves that $g(n+1)=2-\frac{2}{3^{n+1}}$, which is what we needed to prove.",2,2,1,2,2,2,2,Seth,fa22
469,470,Exam 1,learningStudy/WrittenInduction_Recurrence_v3,"I don't know exactly what an induction proof is, but here is how I would approach this proof:

Given g(0) = 0, g(1) = 4/3, and the function g(n) which is only valid for n >= 2, we can manually solve for g(2) and g(3) by plugging in values. 

g(2) = (4/3)(g(1)) - (1/3)(g(0)) = (4/3)(4/3) - 0 = 16/9

g(3) = (4/3)(g(2)) - (1/3)(g(1)) = (4/3)(16/9) - (1/3)(4/3) = 52/27

Plugging in n = 3 for the equation we have to prove, you also get 52/27. I don't know what steps I would take next to use the information above to prove this. 

",1,2,0,0,0,0,0,Seth,fa22
470,471,Exam 6,learningStudy/WrittenInduction_Recurrence_v3,"Base case: g(0) = 0, g(1) = 4/3, g(2) = 16/9.

",1,1,0,0,0,0,0,Seth,fa22
471,472,Exam 4,learningStudy/WrittenInduction_Recurrence_v3,"lets plug in 0,  2- 2 = 0

lets plug in 1, 2 - 2/3 = 4/3

lets plug in k-1, 4/3(g(k-2)) - 1/3 (g(n-3))

lets plug in k, 4/3(g(k-1))- 1/3(g(k-2)) 

I assume if you use recursion all the way down, you will be able to prove this, but that seems like a lot of computational power that could all be  down a rabit hole.

In future, keep the guideline in this ""assessment"" so the student can refer to the structure during their proof.",2,2,0,0,0,0,0,Seth,fa22
472,473,Exam 4,learningStudy/WrittenInduction_Recurrence_v3,"Proof by induction on $n$

Inductive Predicate: $g(n) = 2 - \frac{2}{3^{n}}$

Inductive Hypothesis: Suppose that $g(n) = 2 - \frac{2}{3^{n}}$ holds for any natural number $n$, and $g(n)$ : $2 - \frac{2}{3^{n}} = \frac{4}{3}g(n-1) - \frac{1}{3}g(n-2)$, for $n \ge 2$

Base case(s): We need to show $g(n)$ holds for $n = 0$ and $n = 1$. $g(0) = 2 - \frac{2}{3^{0}} = 2 = \frac{2}{1} = 0$. $g(1) = 2 - \frac{2}{3^{1}} = 2 - \frac{2}{3} = \frac{6}{3} - \frac{2}{3} = \frac{4}{3}$. So $g(n)$ holds for $n=0$ and $n=1$

Inductive step: We need to show that $2 - \frac{2}{3^{n}} = \frac{4}{3}g(n-1) - \frac{1}{3}g(n-2)$",2,2,2,1,0,0,0,Seth,fa22
473,474,Exam 6,learningStudy/WrittenInduction_Recurrence_v3,"Proof by Induction:

For g(0):

g(0) = 2- 2/(3^0) = 0. Also, g(0) = 0. So, g(0) = 2-2/(3^0). 

For g(1):

g(1) = 2-2/(3^1) = 4/3. Also, g(1) = 4/3. So, g(1) = 2- 2/(3^1).

For any natural number n+1, g(n+1) = 2-2/(3^(n+1)). Also, for any natural number n+1 such that n+1 is greater than or equal to 2, g(n+1) = (4/3)g(n+1-1) - 1/3g(n+1-2). So, g(n+1) = (4/3)g(n) - (1/3)g(n-1). 

So, g(n+1) = 2-2/3^(n+1) = (4/3)g(n) - (1/3)g(n-1).

Q.E.D.",2,2,0,0,2,2,0,Seth,fa22
474,475,Exam 6,learningStudy/WrittenInduction_Recurrence_v3,"Proposition: for any natural number $n \ge 2$, $g(n) = 2 - \frac{2}{3^n}$.

Base Case: Let $n = 2$, then $g(n) = \frac{4}{3}g(1)-\frac{1}{3}g(0) = \frac{16}{9}$, and $2 - \frac{2}{3^2} = 2 - \frac{2}{9} = \frac{16}{9}$. So the proposition holds for $n= 2$.

Induction Hypothesis: $g(k) = 2 - \frac{2}{3^k}$ for all $k$ in {$2, 3, 4, ..., k$}.

We need to show that $g(k+1) = 2 - \frac{2}{3^{k+1}}$.

From the definition of $g$, $g(k+1) = \frac{4}{3}g(k)-\frac{1}{3}g(k-1)$.

Inductive Step: Using the induction hypothesis, $g(k+1) = \frac{4}{3}(2 - \frac{2}{3^{k}})-\frac{1}{3}(2 - \frac{2}{3^{k-1}})$.

Then, $g(k+1) = \frac{8}{3} - \frac{8}{3}*3^{-k}-\frac{2}{3} + \frac{2}{3}3^{-k}*3 = 2 - \frac{2}{3 *3^k}= 2 - \frac{2}{3^{k+1}}$.

So $g(k+1) = 2 - \frac{2}{3^{k+1}}$, which was what we needed to prove.",1,2,2,2,2,2,2,Seth,fa22
475,476,Exam 1,learningStudy/WrittenInduction_Recurrence_v3,$g(n-1)=4g(n-2)/3-g(n-3)/3$,0,0,0,0,0,0,0,Seth,fa22
476,477,Exam 6,learningStudy/WrittenInduction_Recurrence_v3,"Suppose that natural numbers 1 to $k$, $g(k) = 2 - \frac{2}{3^k}$.

For $k+1$, $g(k+1) = \frac{4}{3}g(k) - \frac{1}{3}g(k-1)$.

$g(k) = 2 - \frac{2}{3^k}$ and $g(k - 1) = 2 - \frac{2}{3^{k-1}}$.

Then, $g(k+1) = \frac{4}{3}(2 - \frac{2}{3^k}) - \frac{1}{3}(2 - \frac{2}{3^{k-1}})
= 2 - \frac{8}{3^{k+1}} + \frac{2}{3^k} = 2 - \frac{(8 - 2 * 3)}{3^{k+1}} = 2 - \frac{2}{3^{k+1}}$.

Since $g(k+1) = 2 - \frac{2}{3^{k+1}}$, $g(n) = 2 - \frac{2}{3^n}$ for any natural number n.

QED.",0,0,2,2,2,2,2,Seth,fa22
477,478,Exam 4,learningStudy/WrittenInduction_Recurrence_v3,"To prove the following claim by induction, let the base case be n = 1 and let the inductive case be n = k+1, where n = 0, 1... k. 

Base case: n = 0. g(0) = 0. 0 = 0. Thus, we have proved the base case.

Inductive case: g(n) = (4/3)g(n-1) - (1/3)(g)(n-2) = gn - (2/3)g. We know that n = k+1. Thus, g(n) = g(k+1) - (2/3)g. Thus, we get g(n) = gk + g - 2/3g = gk  - 1/3 g. Thus, g(n) = 2 - 2/3^n. We have proved this case by induction.",1,1,0,2,2,1,0,Seth,fa22
478,479,Exam 4,learningStudy/WrittenInduction_Recurrence_v3,"g(n) = 2 - 2/3^n works fro n - 1 because g(1) = 2 - 2/3 so 6/3 - 2/3 so that = 4/3 which is correct.

If n = k+1, then it is 2 - 2/3^k+1 so that is 2 - 2/(3^k*3) - k this equals 4/3g(k-1) - 1/3g(k-2) which is what we needed to prove.",1,2,0,0,2,2,0,Seth,fa22
479,480,Exam 6,learningStudy/WrittenInduction_Recurrence_v3,"Assume that g is a function with a domain of natural numbers and a co-domain of real numbers. Assume an arbitrarily chosen natural number n. In simplifying the equation for g(n), it becomes 4/3 g(n) - 4/3 g(1) - 1/3 g(n) + 1/3g(2). Solving for g(2) then becomes 4/3 g(1) = 16/9. Using the value, the original equation can then be simplified to g(n) - 4/3 (4/3) + 1/3 (16/9) = g(n) - 16/9 + 16/27 = g(n) - 32/27. 32/27 can be also shown as 2^6 / 3^3. Since g(n) needs to be simplified to be on both sides, then the equation becomes simplified to 3^n g(n) = 6^n - 2. Dividing both sides to be equal returns g(n) = 2 - 2/3^n. Since this works for an arbitrarily chosen number, it will work for any natural number, which is what we needed to prove.",0,0,0,0,0,0,0,Seth,fa22
480,481,Exam 1,learningStudy/WrittenInduction_Recurrence_v3,"Proof by induction on $n$  
Base Cases: $g(0) = 2-\frac{2}{3^0}=2-2=0$, so this base case holds. $g(1)=2-\frac{2}{3^1}=\frac{6}{3}-\frac{2}{3}=\frac{4}{3}$, so this base case holds.  ",2,2,0,0,0,0,0,Seth,fa22
481,482,Exam 6,learningStudy/WrittenInduction_Recurrence_v3,"When $n=2, g(2) = \frac 4 3 g(1) - \frac 1 3 g(0) = \frac {16} 9 = 2 - \frac 2 {3^2}$

Assume $g(n) = \frac 4 3 g(n-1) - \frac 1 3 g(n-2)$ for some value $k, k+1 \in \mathbb N, k \geq 2$

Proving $g(k+2) = 2 - \frac 2 {3^{k+2}}$

$g(k+2) = \frac 4 3 g(k+1) - \frac 1 3 g(k) = \frac 4 3 (2 - \frac 2 {3^{k+1}} ) - \frac 1 3 (2 - \frac 2 {3^k}) = 2 - \frac 8 {3^{k+2}} + \frac 2 {3^{k+1}} = 2 - \frac 2 {3^{k+2}}$

Q.E.D.",1,2,2,2,2,2,2,Seth,fa22
482,483,Exam 6,learningStudy/WrittenInduction_Recurrence_v3,"Base case: n = 2. g(2) = 4/3*g(1) - 1/3*g(0). This is 4/3*4/3 - 0, which is 16/9. Plugging in to the latter formula, g(2) = 2 - 2/9 = 18/9 - 2/9 = 16/9, which shows that our base case is true.

g(n) = 4/3g(n-1) - 1/3g(n-2)
g(n+1) = 4/3g(n) - 1/3g(n-1)
g(n+2) = 4/3g(n+1) - 1/3g(n)
g(n+3) = 4/3g(n+2) - 1/3g(n+1). 

I forgot how to do this oops.
",1,2,0,0,0,0,0,Seth,fa22
483,484,Exam 4,learningStudy/WrittenInduction_Recurrence_v3,"let n $\geq$ 2, suppose g(n) = 4/3(g(n-1)-1/3(g(n-2)
when n = 2, as we calculate g(2) = $(4/3)^{2}$
we could also write it in another form 2($3^{2}$ - 1)/($3^{2}$) = 2*$3^{2}$/$3^{2}$ - 2/$3^{2}$
which is equal to 2-2/($3^{2}$)
in this case n = 2, therefore for unknown natural number n we could write this equation as 2-2/$3^{2}$
which is what we needed to show.",1,1,0,0,0,0,0,Seth,fa22
484,485,Exam 4,learningStudy/WrittenInduction_Recurrence_v3,I'm not sure how to do this with the g in the formula.,0,0,0,0,0,0,0,Seth,fa22
485,486,Exam 6,learningStudy/WrittenInduction_Recurrence_v3,"g(0) = 2 - 2 = 0 so the base case holds

Assume g(n-1) is true

Prove g(n)


If n is even,
Since this is true for g(n-1), g(n-1) * 4/3 = 4/3 * (4/3)^n

g(n-2) = 1/3

g(n) = (4/3) * (4/3) ^ n - 1/3

If n is odd
g(n) = 4/3 - (1/3)(4/3)^n

In both cases, the statement g(n) = 2 - (2/3^n) is correct
",1,2,1,1,0,0,0,Seth,fa22
486,487,Exam 6,learningStudy/WrittenInduction_Recurrence_v3,I forgot how to do induction,0,0,0,0,0,0,0,Seth,fa22
487,488,Exam 1,learningStudy/WrittenInduction_Recurrence_v3,"Let g be some function such that 

then g(n) = 2-2/3^2, which is QED",0,0,0,0,0,0,0,Seth,fa22
488,489,Exam 6,learningStudy/WrittenInduction_Recurrence_v3,"Let n be 0 then g(0) = 2 - $\frac{2}{3^0}$ = 0
Let n be 1 then g(1) = 2 - $\frac{2}{3^1}$ = $\frac{4}{3}$

Suppose g(n) = $2 - \frac{2}{3^n}$, then g(n+1) = $2-\frac{2}{3^{n+1}}$

Let n be an integer greater than or equal to 2, then g(n+1) = $\frac{4}{3}g(n) - \frac{1}{3}g(n-1)$ = $\frac{4}{3}(2-\frac{2}{3^n}) - \frac{1}{3}(2-\frac{2}{3^{n-1}})$ = $\frac{8}{3} - \frac{8}{3^{n+1}} - \frac{2}{3} + \frac{2}{3^n}$ = $2 + (-\frac{8}{3^{n+1}}+\frac{2}{3^n}) = 2  - \frac{2}{3^{n+1}}$, which is what we wanted to show.

",2,2,2,1,2,2,2,Seth,fa22
489,490,Exam 4,learningStudy/WrittenInduction_Recurrence_v3,"$Base$

Let $n = 0$

Thus, $g(0) = 0 = 2 - \frac{2}{3^0}$

Therefore $g(n) = 2 - \frac{2}{3^n}$ if $n = 0$

Similarly, $g(n) = 2 - \frac{2}{3^n}$ for $n = 1$

.

$Induction$

Assume $g(n) = 2 - \frac{2}{3^n}$ for $n = 0, 1, ..., k$

Thus, by the definition of $g$, $g(k+1) = \frac{4}{3}g(k) - \frac{1}{3}g(k-1)$

Since $g(n) = 2 - \frac{2}{3^n}$ for $k$ and $k-1$, $g(k+1) = \frac{4}{3}(2-\frac{2}{3^k}) - \frac{1}{3}(2-\frac{2}{3^{k-1}})$

$= \frac{8}{3}-\frac{4}{3}\frac{2}{3^{k}}-\frac{2}{3}+\frac{2}{3^k}$

$= \frac{6}{3} - \frac{1}{3}\frac{2}{3^k}$

$= 2 - \frac{2}{3^{k+1}}$

Therefore, $g(n) = 2 - \frac{2}{3^n}$ QED",2,1,2,2,2,2,2,Seth,fa22
490,491,Exam 6,learningStudy/WrittenInduction_Recurrence_v3,suppose 2 - 2/3^n then we plus in a+1 where a is an integer. we then get 2-2/3^(a+1),0,0,0,0,0,0,0,Seth,fa22
491,492,Exam 4,learningStudy/WrittenInduction_Recurrence_v3,"Proof by induction on $n$  
Inductive Predicatve: $P(n): f(n)=2-\frac{2}{3^n}$  
Base Cases: For $n=0, 2-\frac{2}{3^0}=2-2=0$, which is equal to $f(1)$. For $n=1, 2-\frac{2}{3^1}=2-\frac{2}{3}=\frac{6}{3}-\frac{2}{3}=\frac{4}{3}$, which is equal to $f(2)$. So both base cases $P(1)$ and $P(2)$ hold. 
Inductive Hypothesis: Suppose that $P(n): f(n)=2-\frac{2}{3^n}$ holds for $n=1,2,...,k-1$, for some integer $k \geq 3$  
Inductive Step: Need to show that $P(k): f(k)=2-\frac{2}{3^k}$ holds  
Using the definition of $f$, you have:    
So $f(k)=2-\frac{2}{3^k}$, which is what we needed to show.",2,2,2,1,2,0,0,Seth,fa22
492,493,Exam 1,learningStudy/WrittenInduction_Recurrence_v3,"By distributing the g(n) equation and applying the principles of induction, the following is revealed about the function at g(n): g(n) = 2 - 2/(3^n). QED",0,0,0,0,0,0,0,Seth,fa22
493,494,Exam 6,learningStudy/WrittenInduction_Recurrence_v3,Prove by induction will use n-1 instead of n.,0,0,0,0,0,0,0,Seth,fa22
494,495,Exam 6,learningStudy/WrittenInduction_Recurrence_v3,"given the base case g(0)=0 and g(1)=4/3 we know when plugging in n=0 and n=1 for g(n)= 2 - 2/3^n you do get g(0)=0 and g(1) = 4/3

hypothesis = ",2,2,0,0,0,0,0,Seth,fa22
495,496,Exam 6,learningStudy/WrittenInduction_Recurrence_v3,"We must identify the base cases. The base cases are when n is 0 and n is 1. 

These base cases state that g(0) = 0 and g(1) = 4/3.

By the definition of g(n), g(2) = (4/3)g(1) - (1/3)g(0) = 16/3.

Looking at the expression, we know that an g will never surpass 2.

The math is too advanced from this point onwards.",2,0,0,0,0,0,0,Seth,fa22
496,497,Exam 6,learningStudy/WrittenInduction_Recurrence_v3,"Base Case: n = 2

g(2) = (4/3)g(1) - (1/3)g(0) = 16/9

2-2/(3^2) = 16/9

g(n) = 2 - 2/(3^n) is true for n=2

Base Case: n = 3

g(3) = (4/3)g(2) - (1/3)g(1) = 76/27

2-2/(3^3) = 76/27

g(n) = 2 - 2/(3^n) is true for n=3

Inductive step:

Assuming that g(j) = 2-2/(3^j) is true for natural number j >= 2 and j <= natural number k

Prove g(k+1) = 2-2/(3^(k+1))

g(k+1) = (4/3)g(k) - (1/3)g(k-1) = (4/3)*(2-2/(3^k)) - (1/3)*(2-2/(3^(k-1)))

 = (4/3)*((2*3^k-2)/(3^k)) - (1/3)*((2*3^(k-1)-2)/(3^(k-1)))
 
 = (4(2*3^k-2)/(3^(k+1))) - ((2*3^(k-1)-2)/(3^k))
 
 = (4(2*3^k-2)/(3^(k+1))) - (3(2*3^(k-1)-2)/(3^(k+1)))
 
 = (4(2*3^k-2) - 3(2*3^(k-1)-2)) / (3^(k+1))
 
 = (8*3^k-8 - 2*3^k+6) / (3^(k+1))
 
 = (2*3^(k+1)-2) / (3^(k+1))
 
 = 2 - 2/(3^(k+1))
 
Therefore, if g(j) = 2-2/(3^j) is true for natural number j >= 2 and j <= natural number k then the same is true for k+1.

Therefore g(n) = 2-2/(3^n) is true for all natural numbers n

QED",1,2,2,2,2,2,2,Seth,fa22
497,498,Exam 1,learningStudy/WrittenInduction_Recurrence_v3,"Let g be a natural number that turns into a real number. By the definition of g(n) = 4/3(g-1) - 1/3(g(n-2), for n>= 2. if we substitue functions of n with the definition of g(n)= 2 - 2/3^n. Which would mean that g(n-2) = g(n) = 2 - 2/3^(n-2) and g(n-1) = 2 - 2/3^(n-1). plugging it in would be 4/3(2/3^(n-1) - 1/3(2-2/3^(n-2). if we distribute we get, 8/3-8/9^(n-1) - 2/3 - 2/9^(n-1) = 2 - 72^(n-2)-18^(n-1)/81 ^(2n-3).
Therefore, g(n) = 2 - ((2)/(2/3^n)) for any natural number n, which is what we're supposed to show.",0,0,0,0,2,2,2,Seth,fa22
498,499,Exam 6,learningStudy/WrittenInduction_Recurrence_v3,"######Proof: We will prove that $g(n) = 2-\frac{2}{3^n}$ for any natural number n by using induction on n.

Base cases: We will show that $g(n) = 2-\frac{2}{3^n}$ for 0, 1, and 2. g(0)=0 by definition and $2-\frac{2}{3^0}=0$. g(1) = 4/3 by definition and $2-\frac{2}{3^1}=4/3$. And $g(2)=4/3g(1)-1/3g(0)=16/9$ and $2-\frac{2}{3^2}=16/9$. By these 3 cases we have shown $g(n) = 2-\frac{2}{3^n}$ for n=0, 1, 2. 

Let $g(n) = 2-\frac{2}{3^n}$ for n = 0, 1, 2, ... k. We need to show that $g(n) = 2-\frac{2}{3^n}$ when n = k + 1.

Since k+1 is greater than 1 (since it was proved that $g(n) = 2-\frac{2}{3^n}$ when n = 0, 1, 2) $g(k+1) = 4/3g(k)-1/3g(k-1)$. Since $g(n) = 2-\frac{2}{3^n}$ when n = 0, 1, 2, ... k, $4/3g(k)-1/3g(k-1)=4/3(2-\frac{2}{3^k})-1/3(2-\frac{2}{3^{k-1}})$ which is equal to $2-4/3(\frac{2}{3^k})-1/3(\frac{2}{3^{k-1}})=2-4/3(\frac{2}{3^k})-(\frac{2}{3^k})=2-1/3(\frac{2}{3^k})=2-(\frac{2}{3^{k+1}})$. As such, we have shown that $g(n) = 2-\frac{2}{3^n}$ when n = k+1. 

So by induction $g(n) = 2-\frac{2}{3^n}$ for any natural number n, which is what we needed to show.",2,2,2,2,2,2,2,Seth,fa22
499,500,Exam 4,learningStudy/WrittenInduction_Recurrence_v3,"n is a narual number, g(n-1)=2-2/3^(n-1).4/3g(n-1)=8/3-8/3^n. g(n-2)=2-2/3^(n-2), so 1/3*g(n-2)=2/3-2/3^(n-1). Subtract 1/3g(n-2) fro, 4/3g(n-1), and we get g(n)=2-2/3^n. Q.E.D.",0,0,0,0,2,2,2,Seth,fa22
500,501,Exam 1,learningStudy/WrittenInduction_Recurrence_v3,"Let g be N to R. Such that 4/3 = g(1). We know that g(n) = (4/)3g(n-1) - (1/3)g(n-2) when n >= 2. 

g(n) is (4/3)gn-(4/3)g-(1/3)gn-(2/3)gn. This simplifies to (1/3)gn. 

(1/3)gn > 2-(2/3^n) therefore g(n) = 2 -2/(3^n) which is what we needed to prove.",0,0,0,0,0,0,0,Seth,fa22
501,502,Exam 6,learningStudy/WrittenInduction_Recurrence_v3,I forgot how to use induction.,0,0,0,0,0,0,0,Seth,fa22
502,503,Exam 1,learningStudy/WrittenInduction_Recurrence_v3,"Base case - for n = 2, g(n) = ($4/3 * g(1)$) - ($1/3 * g(0)$) =  16/9

$2 - (2/(3^n))$ for n  = 2, is equal to $16/9$

Induction Hypothesis = Since base case is true, $2 - (2/(3^n))$ should hold for n = 2, 3, k - 1;",1,2,1,2,0,0,0,Seth,fa22
503,504,Exam 4,learningStudy/WrittenInduction_Recurrence_v3,"Proof: by induction on n

Base: Let n = 1

g(1) = 2 - 2/(3^1) = 6/3 - 2/3 = 4/3

Induction: suppose that g(n) = 2 - 2/(3^n) for any natural number n.

We need to show that g(n) = (4/3)g(n-1) - (1/3)g(n-2) for n >= 2

Now let n = 2

From the inductive hypothesis, g(1) = 4/3 so (4/3)g(n-1) = 4/3

Since g(0) = 0, -(1/3)g(0) = 0

So g(2) = (4/3)g(n-1) - (1/3)g(n-2) = 4/3 which is equal to 2 - 2/(3^n), which is what we needed to show.",1,2,2,1,0,0,0,Seth,fa22
504,505,Exam 1,learningStudy/WrittenInduction_Recurrence_v3,"Select $2, 3 , 4$, calculate in the $g(n)= 4/3*g(n-1) - 1/3*(n-2),$ for $n \ge 2$q. We found that it we can take 2 off the function and make the only fraction include variable is $2/3^n$",0,0,0,0,0,0,0,Seth,fa22
505,506,Exam 1,learningStudy/WrittenInduction_Recurrence_v3,"$g(0)=0$  
$g(1)=\frac{4}{3}$  

$g(n)=\frac{4}{3}g(n-1)-\frac{1}{3}g(n-2)$  


Suppose n is the natural number 3.  
$g(3)=\frac{4}{3}g(3-1)-\frac{1}{3}g(3-2)$  
$g(3)=\frac{4}{3}g(2)-\frac{1}{3}g(1)$  
$g(3)=\frac{4}{3}(\frac{4}{3}g(2-1)-\frac{1}{3}g(2-2))-\frac{1}{3}(\frac{4}{3})$  
$g(3)=\frac{4}{3}(\frac{4}{3}(\frac{4}{3})-\frac{1}{3}(0)-\frac{1}{3}(\frac{4}{3})$  
$g(3)=\frac{4}{3}(\frac{4}{3}(\frac{4}{3})-\frac{4}{9})$   
$g(3)=\frac{4}{3}(\frac{16}{9}-\frac{4}{9})$  
$g(3)=\frac{4}{3}(\frac{12}{9})$  
$g(3)=\frac{16}{9}$  
$g(3)=1+\frac{7}{9}$  

$g(3)=2-\frac{2}{9}$  
$g(3)=2-\frac{2}{3^n}$  

$g(n)=2-\frac{2}{3^n}$  
This is what we needed to show",0,0,0,0,0,0,0,Seth,fa22
506,507,Exam 4,learningStudy/WrittenInduction_Recurrence_v3,"To prove that the expression g(n) = 2 - 2*3^(-n), first show the base cases are true:

g(0) = 2-(2/1) = 0 which is valid for g(0)=0

g(1) = 2-(2/3) = 4/3 which is valid for g(1) = 4/3

Using induction, we need to show that g(k) is valid with the equation

So g(k) = (4/3)*g(k-1) - (1/3)*g(k-2) for k>=2

Which should be equivalent to g(k) = 2 - 2*3^-k

*Not sure how to prove induction here. I know I can use recursion to go back from k, k-1, and k-2 terms to the base case and then show that the values are the same for both equations. But I'm having trouble with showing the proof algebraically.",2,2,1,1,1,0,0,Seth,fa22
507,508,Exam 6,learningStudy/WrittenInduction_Recurrence_v3,"Let's prove this by induction.

Inductive predicate: Let n be a natural number.

Base cases:

$g(0) = 2 - \frac{2}{3^n} = 2 - \frac{2}{3^0} = 2 - \frac{2}{1} = 2 - 2 = 0$.

$g(1) = 2 - \frac{2}{3^1} = 2 - \frac{2}{3} = \frac{4}{3}$.

Inductive hypothesis: Assume that $g(n) = 2 - \frac{2}{3^n}$ holds for all values of n from 0 to n. Now, we need to prove this holds for n + 1.

$g(n + 1) = \frac{4}{3}g(n) - \frac{1}{3}g(n-1)$.

By the inductive hypothesis, we know that  $g(n) = 2 - \frac{2}{3^n}$ and  $g(n-1) = 2 - \frac{2}{3^{n-1}}$.

Substituting these in, we get $g(n + 1) = \frac{4}{3}(2 - \frac{2}{3^n}) - \frac{1}{3}(2 - \frac{2}{3^{n-1}})$

= $\frac{8}{3} - \frac{8}{3^{n+1}} - \frac{2}{3} + \frac{2}{3^n}$ = $\frac{6}{3} - \frac{8}{3^{n+1}} + \frac{6}{3^{n+1}} = 2 - \frac{2}{3^{n+1}}$.

Therefore, $g(n + 1) = 2 - \frac{2}{3^{n+1}}$. $\square$",2,2,2,2,2,2,2,Seth,fa22
508,509,Exam 4,learningStudy/WrittenInduction_Recurrence_v3,"P(n):g(n)=2-2/(3^n)
for n=0 we have g(0)=0 and 2-2=0. So P(0) holds. For n=1 we have 4/3 nd 2-2/3^1=4/3. So P(1) holds. for n=2 we have 4/3(g1)-1/3(g2)=16/9 and 2-2/3^2=16/9, so P(2) holds. So all 3 bases cases holds.
Suppose that P(n):g(n)=2-2/(3^n) holds for n=1,2,3,...,k-1 for some integer k>=3
g(k)=2-2/(3^k)",2,2,2,2,1,0,0,Seth,fa22
509,510,Exam 4,learningStudy/WrittenInduction_Recurrence_v3,"Im still not sure entirely how to do this but I have learned a general structure for it,
proof by induction of n
predicate
base cases will hold for n greater than or equal to 2
state hypothesis 4/3g(n-1) -1/3g(n-2) where n subisitues into k+1
show inductive step 4/3g(k+1-1) - 1/3g(k+1-2) 
something that likely uses hypothesis to prove point
simplify into desired form to prove case i.e. 2-2/3^n
this shows that they are equal via proof by induction.",0,0,1,1,0,0,0,Seth,fa22
510,511,Exam 6,learningStudy/WrittenInduction_Recurrence_v3,"$\text{Let $n$ be a natural number such that $n=1, 2, 3,..., k - 1$}$

$\text{Suppose $n=2$, $g(2)=\frac{4}{3}g(1)-\frac{1}{3}g(0)=\frac{16}{9}=2-\frac{2}{3^2}$}$

$\text{Assume $g(n)=2-\frac{2}{3^n}$}$

$g(k)=\frac{4}{3}g(k-1)-\frac{1}{3}g(k-2)$

$g(k)=\frac{4}{3}(2-\frac{2}{3^{k-1}})-\frac{1}{3}(2-\frac{2}{3^{k-2}})$

$g(k)=\frac{4}{3}(\frac{2*3^{k-1}-2}{3^{k-1}})-\frac{1}{3}(\frac{2*3^{k-2}-2}{3^{k-2}})$

$g(k)=\frac{8*3^{k-1}-8}{3^k}-\frac{2*3^{k-2}-2}{3^{k-1}}$

$g(k)=\frac{8*3^{k-1}-8-3(2*3^{k-2}-2)}{3^k}$

$g(k)=\frac{8*3^{k-1}-8-2*3^{k-1}+6}{3^k}$

$g(k)=\frac{6(3^{k-1})-2}{3^k}$

$g(k)=\frac{6(3^{k-1})}{3^k}-\frac{2}{3^k}$

$g(k)=2-\frac{2}{3^k}$

$\text{Thus, $g(n) = 2-\frac{2}{3^n}$}$",1,2,2,0,2,2,2,Seth,fa22
511,512,Exam 1,learningStudy/WrittenInduction_Recurrence_v3,"Sorry, I'm not sure how to answer this question",0,0,0,0,0,0,0,Seth,fa22
512,513,Exam 4,learningStudy/WrittenInduction_Recurrence_v3,"Proof by induction on n.

Inductive Predicate: Suppose that g(0) = 0, g(1) = 4/3, and $P(n)$ = $\frac{4}{3}g(n-1) - \frac{1}{3}g(n-2)$ for n $\geq$ 2.

Inductive Hypothesis: Suppose for $P(n)$ = $\frac{4}{3}g(n-1) - \frac{1}{3}g(n-2)$ where n is a natural number 2,3...,k

Inductive Step: we need to show that $\frac{4}{3}g(k-1) - \frac{1}{3}g(k-2)$ = 2 - $\frac{2}{3^n}$.

Base case: Suppose g(0). 2 -  $\frac{2}{3^0}$ = 2-$\frac{2}{1}$ = 0 which is true. Suppose g(1). 2 -  $\frac{2}{3^1}$ = 2-$\frac{2}{3}$ = 4/3 which is true.

Consider when $\frac{4}{3}g(k-1) - \frac{1}{3}g(k-2)$.

$\frac{4}{3}g(n-1) - \frac{1}{3}g(n-2)$ =  2 - $\frac{2}{3^n}$ which is what we needed to prove.",2,2,2,1,2,0,0,Seth,fa22
513,514,Exam 1,learningStudy/WrittenInduction_Recurrence_v3,I honestly have no idea,0,0,0,0,0,0,0,Seth,fa22
514,515,Exam 1,learningStudy/WrittenInduction_Recurrence_v3,"Have not covered what induction is yet. Do not know how to proceed, Plugged in numbers and the rule worked obviously.",0,0,0,0,0,0,0,Seth,fa22
515,516,Exam 4,learningStudy/WrittenInduction_Recurrence_v3,efafa,0,0,0,0,0,0,0,Seth,fa22
516,517,Exam 4,learningStudy/WrittenInduction_Recurrence_v3,"Proof: We will prove that $g(n) = 2-\frac{2}{3^{n}}$ for any natural number n by using induction on n. 
<p>
Base: There are 2 base cases. Let $n = 0$. $g(0) = 0$. $2-\frac{2}{3^{n}} = 2-2 = 0$. So when n = 0 $g(n) = 2-\frac{2}{3^{n}}$. Let n = 1. g(1) = 4/3. $2-\frac{2}{3^{1}} = 2-\frac{2}{3} = 4/3$. So when n = 1 $g(n) = 2-\frac{2}{3^{n}}$.
<p>
Induction: Suppose $g(n) = 2-\frac{2}{3^{n}}$ for $n = 0, 1, ... k$. We need to prove $g(n) = 2-\frac{2}{3^{n}}$ when $n = k + 1$. 
<p>
By the definition of g(n) when n >= 2, $g(k) = 4/3g(k-1) - 1/3g(n-2)$. so $g(k + 1) = 4/3g(k) - 1/3g(k-1)$. 
<p>
Our induction hypothesis states at n = k, $g(k) = 2-\frac{2}{3^{k}}$ and at n = k - 1, $g(k - 1) = 2-\frac{2}{3^{k - 1}}$
<p>
Combining these two equations gives us $g(k + 1) = 4/3(2-\frac{2}{3^{k}}) - 1/3(2-\frac{2}{3^{k - 1}})$
which is equal to 
$2-4/3(\frac{2}{3^{k}}) - 1/3(\frac{2}{3^{k - 1}}) = 2-4/3(\frac{2}{3^{k}}) - (\frac{2}{3^{k}}) = 2-4/3(\frac{2}{3^{k}}) - (\frac{2}{3^{k}}) = 2-1/3(\frac{2}{3^{k}})$
which is equal to $2-\frac{2}{3^{k+1}}$
<p>
So $g(k + 1) = 2-\frac{2}{3^{k+1}}$, which is what we needed to show. ",2,2,2,2,2,2,2,Seth,fa22
517,518,Exam 4,learningStudy/WrittenInduction_Recurrence_v3,"at $n = 2$, $\frac{4}{3}*\frac{4}{3} + \frac{1}{3}*0 = \frac{16}{9}$ 

This matches $g(n) = 2 - \frac{2}{3^n}$ as the statement says as $2 - \frac{2}{3^n} = \frac{18}{9}-\frac{2}{9}$ .

Suppose that $g(n) = \frac{4}{3}g(n-1)-\frac{1}{3}g(n-2) = 2 - \frac{2}{3^n}$.

At $n = k - 1$ the solution would be, then, $2 - \frac{2}{3^{k-1}}$
At $n = k - 2$ the solution would be, then, $2 - \frac{2}{3^{k-2}}$

At $n = k$ the solution would be $\frac{4}{3}*(2 - \frac{2}{3^{k-1}})$

(since the equation works for any natural number $n$, set $k$ as a natural number.)

$- \frac{1}{3}*(2 - \frac{2}{3^{k-2}})$

$= (\frac{8}{3} - \frac{8}{3^k})- (\frac{2}{3}-\frac{2}{3^{k-1}})$

$2 - \frac{8}{3^{k}}+ \frac{2}{3^{k-1}}= 2 - \frac{8}{3^{k}}+ \frac{2}{3^{k}}*3$

$= 2 - \frac{8}{3^{k}}+ \frac{6}{3^{k}}$

$= 2 -  2 - \frac{2}{3^n}$",1,2,0,0,2,2,2,Seth,fa22
518,519,Exam 6,learningStudy/WrittenInduction_Recurrence_v3,"proof by induction on g

let's prove the base cases by showing that g(0) = 0 and g(1) = 4/3

g(0) = 2 - 2/3^0 = 0
g(1) = 2 - 2/3^1 = 4/3

now we will proof g(n) for n >= 2.

let's say that g(n) holds true for all n = 0,1,2...k where k is a natural number. We will show that g(n) holds for any value of k+1. 

g(k) = 4/3g(k+1-1)-1/3g(k+1-2)
     
        = 4/3g(k) - 1/3g(k-1)
        
        = 4/3(2-2/3^k) - 1/3(2-2/3^(k-1))
        
        
        = 8/3 - 8/3*3^k - 2/3 + 2/3^k
        
        
        = 6/3 - 6/3*3^k
        
        = 2 - 2/3^k
        
        
        
therefore we have proved that g(k+1) = 2 - 2/3^n and our proof is done. 
",2,2,2,2,2,2,2,Seth,fa22
519,520,Exam 4,learningStudy/WrittenInduction_Recurrence_v3,"Proof by induction on n.

P(n) = (4/3)g(n-1) - (1/3)g(n-2) = 2 - (2/(3^n)). 

P(1) = 4/3 and it also equals 4/3 for the other equation.

Supposed that P(n) holds true for n = 1, 2...,k-1.

We need to show that P(k+1) = 2 - $\frac{2}{3^n}$. 

So we have P(k+1) = 2 - $\frac{2}{3^{k+1}}$. 

If we plug in values for k, at k = 1, the 2 equations are equal as well as at k = 2. 

So we know that (4/3)g(n-1) - (1/3)g(n-2) = 2 - $\frac{2}{3^n}$ which is what we needed to show. ",1,2,2,2,1,0,0,Seth,fa22
520,521,Exam 1,learningStudy/WrittenInduction_Recurrence_v3,"Let g : N -> R and suppose g(n) = (4/3)g(m-1)-(1/3)g(n-2). We can rewrite this as g(n) = 4g/(3n - 3) - g/(3n-6). Mutliplying 4g/(3n-3) by (n-2) gives us 3(n-1)(n-2), and mutliplying 3n-6 by (n-1) gives us the same. So now, 4g(n-2)-g(n-1)/(3(n-1)(n-2)) = g(n). Simplifying, we get g(3n-7)/(3n-6)(n-1). Separating, we get 2 - (2/3^n), which is what we needed to prove.",0,0,0,0,0,0,0,Seth,fa22
521,522,Exam 1,learningStudy/WrittenInduction_Recurrence_v3,"since 4/3g(n-1) - 1/3g(n-2) = g(n)
we can multiply out and subtract to get an alernate form of g(n).
for any number greater than 2 it multiplies it 4/3 by n but then does 1/3 by a factor of 2 more than N so it subtracts 2/3 from 4/3. Yielidng a result of 2/3^n.",0,0,0,0,0,0,0,Seth,fa22
522,523,Exam 6,learningStudy/WrittenInduction_Recurrence_v3,"Let g(0) = 0, g(1) = $\frac{4}{3}$, and g(n) = $\frac{4}{3}g(n - 1)-\frac{1}{3}(n-2)$ for $n\geq2$. Suppose, $ 2 - \frac{2}{3^n}$ for any natural number. 

g(0) = 2 - $\frac{2}{2^0}$ = 0 which is true.

g(1) = 2 - $\frac{2}{3^1}$ = $\frac{4}{3}$ which is true.

Let x be some natural number where x $\geq$ 2 and x = n. 

$\frac{4}{3}g(x-1) - \frac{1}{3}g(x-2)$ = $ 2 - \frac{2}{3^n}$

When x = 2, the equation is true since $\frac{16}{9}$ = $\frac{16}{9}$ and this trend continues for all natural numbers, therefore proving the claim that $ 2 - \frac{2}{3^n}$ for any natural number n. ",2,2,0,0,0,0,0,Seth,fa22
523,524,Exam 4,learningStudy/WrittenInduction_Recurrence_v3,g(n),0,0,0,0,0,0,0,Seth,fa22
524,525,Exam 6,learningStudy/WrittenInduction_Recurrence_v3,"We know,

$g(0 ) =0$ and $g(1) = 4/3$

 $g(n) = \frac{4g(n-1)}{3} - \frac{1g(n-2)}{3} \forall n \geq2$ holds true
 
 Let us assume $g(n) = 2 - \frac{2}{3^n}$
 
 We need to show $g(n+1) = 2 - \frac{2}{3^{n+1}}$ holds true
 

But, $g(n +1) = \frac{4g(n)}{3} - \frac{1g(n-1)}{3}$

= $\frac{4}{3}(2 - \frac{2}{3^n}) - $ $\frac{1}{3}(2 - \frac{2}{3^{n-1}})$

= $\frac{8-2}{3} - \frac{8}{3^{n+1}} + \frac{2}{3^n}$

= $2 - (\frac{2}{3^{n+1}})$

Which is what we needed to show.

QED",0,0,2,0,2,2,2,Seth,fa22
525,526,Exam 4,learningStudy/WrittenInduction_Recurrence_v3,"We prove by strong induction,  
Base case: g(0) = 0, g(1) = 4/3, then g(2) = 4/3*4/3 - 1/3 * 0 = 16/9 = 2 - 2/(3^2) which is true.  
Suppose g(n) = 4/3g(n-1) - 1/3 g(n-2) = 2- 2/(3^n) holds for all n >= 2, then g(n+1) = 4/3g(n) - 1/3g(n-1) = 4/3(2-2/3^n) - 1/3(2-2/3^n-1) = 8/3 - 8/3^n+1 - 2/3 + 2/3^n = 2 - 2/3^(n+1), which is true.
Therefore the induction process complete and this is what we need to show.",2,1,2,1,2,2,2,Seth,fa22
526,527,Exam 4,learningStudy/WrittenInduction_Recurrence_v3,"Claim: For any natural number $n$, $g(n) = 2 - \frac{2}{3^n}$.

Inductive Predicate: let $P(n) := g(n) = 2 - \frac{2}{3^n}$.

Base Case I: $(n = 0)$:

$g(0) = 0$ by the definition of $g$

$g(n) = 2 - \frac2{3^n} $ when $n = 0$ evaluates to $ 2 - \frac2{3^0} = 2 - 2 = 0$

As both sides of the inductive predicate are equal for $n = 0$ then $P(0)$ holds.

Base Case II: $(n = 1)$:

$g(1) = \frac43$ by the definition of $g$

$g(n) = 2 - \frac2{3^n} $ when $n = 1$ evaluates to $ 2 - \frac2{3^1} = 2 - \frac23 = \frac43$

As both sides of the inductive predicate are equal for $n = 1$ then $P(1)$ holds.

(Strong) Inductive Hypothesis: Assume for all $n = k$ where $k \in \mathbb{N}$ that $P(0), P(1), P(2), ... , P(k)$ are true.

Inductive Step: We must show that for $n = k + 1$ that $g(k + 1) = 2 - \frac{2}{3^{k + 1}}$

Considering the left hand side, $g(k + 1) = \frac43g(k + 1 - 1) - \frac13g(k + 1 - 2) = \frac43g(k) - \frac13g(k - 1)$

Applying the Strong Inductive Hypothesis

$= \frac43[2 - \frac2{3^k}] - \frac13[2 - \frac{2}{3^{k - 1}}]$

$= \frac83 - \frac{8}{3^{k + 1}} - \frac23 + \frac{2}{3^k}$

$= \frac83 - \frac23 - \frac8{3^{k + 1}} + \frac2{3^k}$

$= 2 - \frac8{3^{k + 1}} + \frac{2 * 3}{3^k * 3} = 2 - \frac8{3^{k + 1}} + \frac{6}{3^{k + 1}} $

$= 2 - \frac{2}{3^{k + 1}}$

Hence we have shown that $P(k + 1)$ holds.

Therefore, by Strong Mathematical Induction, we have shown that $g(n) = 2 - \frac{2}{3^n}$ is true for all $n \in \mathbb{N}$ following the given definition of $g(n)$ above. $ \space \space \space \space \square$

",2,2,2,2,2,2,2,Seth,fa22
527,528,Exam 1,learningStudy/WrittenInduction_Recurrence_v3,"Let n be a natural number:

Suppose n is 3, then $g(3) = \frac{4}{3} * g(3-1) - \frac{1}{3}*g(3-2) $ = $\frac{4}{3}*g(2) - \frac{4}{9}$ 

$g(2) = \frac{16}{9}$

$g(3) = \frac{4}{3}*\frac{16}{9} - \frac{4}{9} = \frac{52}{27}$

$g(3) = 2- \frac{2}{3^n} = 2- \frac{2}{27} = \frac{52}{27} $

thus for any natural number n, $g(n) = 2- \frac{2}{3^n}$",1,2,0,0,0,0,0,Seth,fa22
528,529,Exam 4,learningStudy/WrittenInduction_Recurrence_v3,"Proof by induction on n.
Inductive Predicate: P(n) = g(n) = (4/3)(g(n-1)) - (1/3)g(n-2)
Base Cases: At P(0) = 0 and P(1) = 4/3 so these base cases are true.
Inductive Hypothesis: Suppose P(n) holds for n = 0,1,2,3,...k.
Inductive step: We need to show that g(k+1) = (4/3)(g(k)) - (1/3)g(k-1)
If you expand both sides of this equation g(k+1) = (4/3)(g(k)) - (1/3)g(k-1) which is what we needed to show.",2,1,2,2,1,0,0,Seth,fa22
529,530,Exam 1,learningStudy/WrittenInduction_Recurrence_v3,"Prove for n = 2:

LHS: $g(2) = \frac{4}{3} g(1) - \frac{1}{3} g(0) = \frac{4}{3} (\frac{4}{3}) - \frac{1}{3} (0) = \frac{16}{9}$

RHS: $g(2) = 2 - \frac{2}{9} = \frac{16}{9}$

LHS = RHS, therfore true for smallest possible value of $n$.

Assume true for n = k:
$g(k) = \frac{4}{3} g(k-1) - \frac{1}{3} g(k-2) = 2 - \frac{2}{3^{k}} $

Prove true for n = k + 1:

LHS: $\frac{4}{3} g(k) - \frac{1}{3} g(k-1)$

Assume if n = k is true then n = k -1 is true, hence:

LHS: $\frac{4}{3} g(k) - (2 - \frac{2}{3^{k-1}}) /3 = \frac{4}{3} g(k) -( \frac{2}{3} - \frac{2}{3^{k}})$

$ = \frac{4}{3} g(k) -( -\frac{4}{3} + 2 - \frac{2}{3^{k}})$ = $\frac{4}{3} g(k) -( -\frac{4}{3} + g(k))$
Therefore. LHS = $\frac{4}{3} + \frac{g(k)}{3}$ 

And

RHS: $2 - \frac{2}{3^{k+1}} = (4 + 2 - \frac{2}{3^{k}})/3 = (4 + g(k)) / 3 = \frac{4}{3} + \frac{g(k)}{3}$ 

LHS + RHS, therfore true for n = k +1.

By proof by mathematical induction, $g(n) = \frac{4}{3} g(n-1) - \frac{1}{3} g(n-2) = 2 - \frac{2}{3^{n}} $ for all nautral numbers $n \geq 2$.",1,2,2,1,2,2,1,Seth,fa22
530,531,Exam 1,learningStudy/WrittenInduction_Recurrence_v3,"When n is 0, g(n) = 2-2/1 which is also 0, so g(n) is valid for g(0)

When n is 1, g(n) = 2-2/3 which is also 4/3, so g(n) is valid for g(1)

When n is 2, g(n) from the defined equation is (4/3)*g(1) - (1/3)*g(0) = 16/9

g(2) from the second equation for g(n) is 2-2/9 which is also 16/9

Therefore, the proposed equation g(n) is valid for any natural number n",2,2,0,0,0,0,0,Seth,fa22
531,532,Exam 6,learningStudy/WrittenInduction_Recurrence_v3,"since g(0) = 0, and g(1) = 4/3, then 4/3g(n-1) - 1/3g(n-2) for any n>= 2. So that means g(n) = 2 - 2/3^n",0,0,0,0,0,0,0,Seth,fa22
532,533,Exam 4,learningStudy/WrittenInduction_Recurrence_v3,"proof by induction on n:

Base: let n = 2. 

Plugging into the given equation for g(n): g(2) = (4/3)(g(1)) - (1/3)(g(0)) = (4/3)(4/3) - 0 = 16/9

Plugging into the equation we need to prove: g(2) = 2 - (2/3^2) = (18/9) - (2/9) = (16/9)

Both are equivalent.

Induction: Suppose that g(n) = 2 - (2/3^n) for n = 0, 1, 2, ..., k+1

We need to show that g(k+2) = 2 - (2/3^(k+2))

g(k+2) = (4/3)(g(k+1)) -(1/3)(g(k))

From the inductive hypothesis, g(k-1) = 2 - (2/3^(k+1)) and g(k) = 2 - (2/3^k)

On scratch paper I plugged in the expressions but after factoring everything out I got stuck!",1,2,2,2,2,2,1,Seth,fa22
533,534,Exam 4,learningStudy/WrittenInduction_Recurrence_v3,"Let's suppose that if g is a natural number, then it is a real number. Also, let's assume that g(0) = 0, g(1) = (4/3), and g(n) = ((4/3)(g)(n-1)) - ((1/3)(g)(n-2)), for n >- 2.

Knowing n = k, we get g(k) = ((4/3)(g)(k-1)) - ((1/3)(g)(k-2)).

(not sure on what to do from here on out.)

Therefore, g(n) = 2 - (2/3^n), which is what we needed to show.",0,0,0,0,0,0,0,Seth,fa22
534,535,Exam 6,learningStudy/WrittenInduction_Recurrence_v3,"let k = n+1

suppose g(n) = 2 - 2/3^n

want to prove g(k) = 4/3g(k-1) - (1/3)g(k-2)

this translates to g(k) = 4/3g(n) - (1/3)g(k-2)

g(k) = (4/3)*(2 - 2/3^n) - (1/3)g(n-1)

(1/3)g(n-1) = (1/3)(2-2/3^n-1)

g(k) = 8/3 - 8/(3*3^n) - 2/3 - 3/(3*3^n-1)

Simplifying, 8/3 - 8/3^k - 2/3 - 3/3^n = g(k)

2 - 8/3^k - 3/3^k-1 = g(k)

2 - 8/3^k - 1/3^k = g(k)

I messed up somewhere, but this is all I remember.

",0,0,0,0,2,2,2,Seth,fa22
535,536,Exam 4,learningStudy/WrittenInduction_Recurrence_v3,"Proof by induction on n. Inductive predicate P(n): g(n) = 2 - 2/(3 * n).
Base case: For n = 0, 2 - /3*0 = 2 - 2 = 0, which is equal to g(0). For n = 1, 2 - 2/3 *1 = 6/3 - 2/3 = 4/3, which is equal to g(1). So both cases P(0) and P(1) hold. 
Inductive hypothesis, suppose that P(n): g(n) = 2 - 2/3*n holds for n = 1,..., k - 1, for some integer k >= 3.
Inductive step: We need to show that P(k): g(k) = 2 - 2/3*k holds. 
Using the definition of g, we get g(k) = 4/3.g(k-1) - 1/3.g(k-2).
Then using the inductive hyothesis, we get 4/3.(2- 2/3*(k-1)) - 1/3.(2 - 2/3*(k-1)).
Simplyfing the algebra, it equal to 2 - 2/3*k.
So, g(k) = 2 - 2/3*k, which is what we eeded to show.",2,2,2,2,2,2,2,Seth,fa22
536,537,Exam 4,learningStudy/WrittenInduction_Recurrence_v3,"Proof by induction on $n$.

Indictive Predicate: $P(n): g(n) = 2-\frac{2}{3^n}$.

Base cases:

For $n=0$ we have $g(0)=0$ and $2-\frac{2}{3^n}=2-2=0$ so $P(0)$ holds true.

For $n=1$ we have $g(1)=0$ and $2-\frac{2}{3^n}=2-\frac{2}{3}=\frac{4}{3}$ so $P(1)$ holds true.

Inductive Hypothesis: Suppose that $P(n)$ holds true for $n=1, 2, 3, ... , k$ for some integer $k\geq1$.

Inductive Step: We need to show that $P(k+1):g(k+1) = 2-\frac{2}{3^{k+1}}$ is true.

By applying the definition of $g$ we can see that $g(k+1) = \frac{4}{3}g(k)-\frac{1}{3}g(k-1)$.

By applying the inductive hypothesis, we get that $\frac{4}{3}g(k)-\frac{1}{3}g(k-1) = \frac{4}{3}(2-\frac{2}{3^k})-\frac{1}{3}(2-\frac{2}{3^{k-1}})$.

Simplifying, we get $\frac{4}{3}(2-\frac{2}{3^k})-\frac{1}{3}(2-\frac{2}{3^{k-1}}) = \frac{8}{3} - \frac{8}{3^{k+1}} - \frac{2}{3}-\frac{2}{3^k}=\frac{6}{3}-\frac{8}{3^{k+1}}- \frac{3*2}{3*3^{k}}=2-\frac{2}{3^{k+1}}$, which proves the inductive step. QED.",2,2,2,2,2,2,2,Seth,fa22
537,538,Exam 6,learningStudy/WrittenInduction_Recurrence_v3,"induction proof 
hypothesis g(n)=n for any natural number n

induction example 
g(1) and g(0) are n numbers
when n = or >2
we have to plug it into the g(n) equaion 
since the negative side of the equition is getting closer to 0 and the postive side is getting closer to g(1)=4/3 we know that this eqation will always be a postive number and the defn of a natural number is a number between zero and infinity. so we can say this will always be a g(n)= Natural number",0,0,0,0,0,0,0,Seth,fa22
538,539,Exam 1,learningStudy/WrittenInduction_Recurrence_v3,"$g(1) = \frac{4}{3}=2-\frac{2}{3^1}$

$g(2) = \frac{4}{3}*\frac{4}{3} - 0 = \frac{16}{9} = 2-\frac{2}{3^2}$

Suppose that $g(k) = 2-\frac{2}{3^k}$ for $k=3,...,n, n\in\mathbb{N}$

Then $g(n+1) = \frac{4}{3}g(n)-\frac{1}{3}g(n-1) = \frac{4}{3}(2-\frac{2}{3^n})-\frac{1}{3}(2-\frac{2}{3^{n-1}})$

$=\frac{8}{3}-\frac{8}{3^{n+1}}-\frac{2}{3}+\frac{2}{3^n}=2-\frac{2}{3^{n+1}}$

Therefore $g(n) = 2-\frac{2}{3^n}$ for every natural number n

Q.E.D",1,2,2,2,2,2,2,Seth,fa22
539,540,Exam 6,learningStudy/WrittenInduction_Recurrence_v3,"Suppose there exist function $g$ as defined above. 

We need to show that $g(n) = 2 - \frac{2}{3^n}$

Base Case: $g(0) = 0$, $g(1) = \frac{4}{3}$.

Induction Hypothesis: $g(n) = \frac{4}{3}g(n-1) - \frac{1}{3}g(n-2)$.",2,0,0,0,0,0,0,Seth,fa22
540,541,Exam 1,learningStudy/WrittenInduction_Recurrence_v3,"Let $x$ be any natural number. So by the definition of $g(n)$, $g(x) = 4/3g(x - 1) - 1/3g(x - 2)$, for $x \geq 2$. Let $x = 2$. So $\frac 43 g(n-1) = \frac 43g(1) = 16/9$ and $\frac 13g(n-2)=\frac13(0)= 0$. $16/9$ is $\frac29$ away from being 2. So $g(n)$ is equal to 2 minus 2 over 3 to the $n$th power, which is what we needed to prove.",1,2,0,0,0,0,0,Seth,fa22
541,542,Exam 6,learningStudy/WrittenInduction_Recurrence_v3,"### Base cases: $n=0, n=1$

$n=0$
$$g(0)=2-\dfrac{2}{3^0}=2-\dfrac{2}{1}=0\quad \checkmark$$
$n=1$
$$g(1)=2-\dfrac{2}{3^1}=2-\dfrac{2}{3}=\dfrac{4}{3}\quad \checkmark$$

### Inductive step

Assume that the function $g(n)=2-\dfrac{2}{3^n}$ is valid for values $n$ in $0,1,2,3,\dots,k$. 

To prove that the function holds for all $n\in\mathbb{N}$, it is sufficient to prove that our function holds for all values $n$ in $0,1,2,3,\dots,k+1$. Specifically, this requires us to prove that the function holds for $n=k+1$, which means the following must be proven:

$$g(k+1)=2-\dfrac{2}{3^{k+1}}$$

### Proof

Given that the function is valid for values $n$ in $0,1,2,3,\dots,k$, we know that the following statements are guaranteed to be true:

$$g(k-1)=2-\dfrac{2}{3^{k-1}}$$
$$g(k)=2-\dfrac{2}{3^k}$$

Now we must find the value for $g(k+1)$ starting with the initial recursive definition of the function.

$$g(k+1)=\dfrac{4}{3}g(k)-\dfrac{1}{3}g(k-1)$$

Subtitute our previous equations in.
$$g(k+1)=\dfrac{4}{3}\left(2-\dfrac{2}{3^k}\right)-\dfrac{1}{3}\left(2-\dfrac{2}{3^{k-1}}\right)$$

Multiply and simplify.
$$g(k+1)=\dfrac{8}{3}-\dfrac{8}{3^{k+1}}-\dfrac{2}{3}+\dfrac{2}{3^{k}}$$
$$g(k+1)=2-\dfrac{8}{3^{k+1}}+\dfrac{6}{3^{k+1}}$$
$$g(k+1)=2-\dfrac{2}{3^{k+1}}$$

We've proven the necessary statement to be true, which shows that our function definition is valid for all $n\in\mathbb{N}$.

QED.",2,2,2,2,2,2,2,Seth,fa22
542,543,Exam 6,learningStudy/WrittenInduction_Recurrence_v3,"For g(n) = 2 - 2/$3^n$, consider n=2.

We know that g(n) = 4/3g(n-1) -1/3 g(n-2) for n>=2.

If n=2, g(2) = 4/3*g(1) -1/3 *g(0) = 4/3 *4/3 - 1/3 *0 = 16/9

Also, g(2) = 2- 2/$3^2$ = 2-2/9 = 16/9. This proves g(n) = 2 - 2/$3^n$ by induction.
",1,2,0,0,0,0,0,Seth,fa22
543,544,Exam 4,learningStudy/WrittenInduction_Recurrence_v3,"Prove g(n)=2-2/3^n by induction. Base: g(2)=4/3g(1)-1/3g(0)=4/3(4/3)-0=16/9. g(2) =2-2/3^2 = 2-2/9=18/9-2/9=16/9, so base case works. Induction: Assume g(k)=2-2/3^k and g(k+1)=2-2/3^(k+1). g(k+2)=4/3(g(k+1))-1/3(g(k))=4/3(2-2/3^(k+1))-1/3(2-2/3^k) = 8/3-8/3^(k+2)-2/3+2/3^(k+1)=6/3-8/3^(k+2)+2*3/3^(k+2)=2-2/^(k+2). g(k+2)=2-2/3^(k+2)=4/3(g(k+1))-1/3(g(k)).",1,2,2,2,1,2,2,Seth,fa22
544,545,Exam 1,learningStudy/WrittenInduction_Recurrence_v3,"Base Cases:

n = 1

g(1) = 4/3

2 - 2/(3^1) = 4/3

n = 0

g(0) = 0

2-2/(3^0) = 0

g(n) is equal to 2-2/(3^n) for the numbers 0 and 1.

Inductive Step:

Assume that g(k) = 2-2/(3^k) and g(k-1) = 2-2/(3^(k-1)) is true for some natural number k.

Prove that the same is true for k+1

g(k+1) = 4/3*g(k) - 1/3*g(k-1)

g(k+1) = 4/3 * (2-2/(3^k)) - 1/3 * (2-2/(3^(k-1)))

g(k+1) = (8/3 - 8/(3^(k+1)) - (2/3 - 2/(3^k))

g(k+1) = 2 - (8/(3^(k+1)) - 2/(3^k))

g(k+1) = 2 - (8/(3^(k+1)) - 6/(3^(k+1))

g(k+1) = 2 - (8/(2^(k+1)))

Therefore, since g(n) = 2 - 2/(3^n) for 0 and 1 and g(n+1) = 2 - (8/(2^(n+1))) if g(n) = 2-2/(3^n) and g(n-1) = 2-2/(3^(n-1)) then for all integers numbers greater then 0, ie all natural numbers, g(n) = 2 - 2/(3^k).

QED",2,2,2,2,2,2,2,Seth,fa22
545,546,Exam 6,learningStudy/WrittenInduction_Recurrence_v3,"The base case is when n = 2 : $\frac{4}{3}g(1) - \frac{1}{3}g(0) = \frac{16}{9}$, $g(2) = 2 - \frac{2}{3^2} = \frac{16}{9}$. Now to prove n+1 case by strong induction(I know that this requires strong induction, but don't remember the proof structure :skull:) : $g(n+1) = \frac{4}{3}g(n) - \frac{1}{3}g(n-1)$ $2 - \frac{2}{3^{n+1}} = \frac{2(3^{n+1} - 1)}{3^{n+1}} $",1,2,0,0,1,2,0,Seth,fa22
546,547,Exam 4,learningStudy/WrittenInduction_Recurrence_v3,"Using a proof by induction on $n$.

#### Definitions

$$g(0) = 0$$
$$g(1) = \frac{4}{3}$$
$$g(n) = \frac{4}{3}g(n-1)-\frac{1}{3}g(n-2), n \geq 2$$

#### Predicate

$$P(n): g(n) = 2 - \frac{2}{3^n}$$

#### Base Cases

$$P(0): g(0) = 2 - \frac{2}{3^0}$$

$g(0) = 0$ and $g(0) = 2 - \frac{2}{1} = 0$, so $\therefore P(0)$ is true.

$$P(1): g(1) = 2 - \frac{2}{3^1}$$

$g(1) = \frac{4}{3}$ and $g(1) = 2 - \frac{2}{3} = \frac{4}{3}$, so $\therefore P(1)$ is true.

$$P(2): g(2) = 2 - \frac{2}{3^2}$$

$g(2) = \frac{4}{3}g(1)-\frac{1}{3}g(0) = \frac{16}{9}$ and $g(2) = 2 - \frac{2}{9} = \frac{16}{9}$, so $\therefore P(2)$ is true.

#### Inductive Hypothesis

Let's assume $P(k-1)$ is true.

$$P(k-1): g(k-1) = 2 - \frac{2}{3^{k-1}}$$

#### Inductive Process

We will show $P(k)$ is true.

$$P(k): g(k) = 2 - \frac{2}{3^{k}}$$

Using the definition of $g(n)$:

$$g(k) = \frac{4}{3}g(k-1)-\frac{1}{3}g(k-2)$$

By inductive hypothesis:

$$g(k) = \frac{4}{3}\cdot[2 - \frac{2}{3^{k-1}}] - \frac{1}{3}\cdot[2 - \frac{2}{3^{k-2}}]$$

$$= \frac{4}{3}\cdot[\frac{2\cdot3^{k-1}}{3^{k-1}} - \frac{2}{3^{k-1}}] - \frac{1}{3}\cdot[\frac{2\cdot3^{k-2}}{3^{k-2}} - \frac{2}{3^{k-2}}]$$

$$= \frac{4}{3}\cdot[\frac{2\cdot3^{k-1} - 2}{3^{k-1}}] - \frac{1}{3}\cdot[\frac{2\cdot3^{k-2} - 2}{3^{k-2}}]$$

$$= \frac{4\cdot[2\cdot3^{k-1} - 2]}{3\cdot3^{k-1}} - \frac{2\cdot3^{k-2} - 2}{3\cdot3^{k-2}}$$

$$= \frac{4\cdot2\cdot3^{k-1} - 4\cdot2}{3^{k}} - \frac{2\cdot3^{k-2} - 2}{3^{k-1}}$$

$$= \frac{8\cdot3^{k-1} - 8}{3^{k}} - \frac{2\cdot3^{k-2} - 2}{3^{k-1}}$$

$$= \frac{[3^{k-1}][8\cdot3^{k-1} - 8]-[3^k][2\cdot3^{k-2} - 2]}{3^{k} \cdot 3^{k-1}}$$

$$= \frac{8\cdot3^{k-1}\cdot3^{k-1} - 8\cdot3^{k-1} - 2\cdot3^k\cdot3^{k-2} + 2\cdot3^k}{3^{k} \cdot 3^{k-1}}$$

$$= \frac{8\cdot3^{k-1+k-1} - 8\cdot3^{k-1} - 2\cdot3^{k+k-2} + 2\cdot3^k}{3^{k} \cdot 3^{k-1}}$$

$$= \frac{8\cdot3^{2k-2} - 8\cdot3^{k-1} - 2\cdot3^{2k-2} + 2\cdot3^k}{3^{k} \cdot 3^{k-1}}$$

$$= \frac{3^{k-1}[8\cdot3^{k-1} - 8 - 2\cdot3^{k-1} + 2\cdot3]}{3^{k} \cdot 3^{k-1}}$$

$$= \frac{8\cdot3^{k-1} - 8 - 2\cdot3^{k-1} + 2\cdot3}{3^{k}}$$

$$= \frac{8[3^{k-1} - 1] - 2[3^{k-1} + 3]}{3^{k}}$$

Unsure how to complete proof.",2,2,2,1,2,2,2,Seth,fa22
547,548,Exam 4,learningStudy/WrittenInduction_Recurrence_v3,"Proof by induction n. 

Inductive predicate: g(n) = 2 - 2/3^n

Base cases: first, n = 0: g(0) = 2 - 2/3^0 = 2 - 2 = 0 which equals g(0) given above. n = 1: g(1) = 2 - 2/3^1 = 6/3 - 2/3 = 4/3 which equals the g(1) given above. Thus, both of the base cases hold. 

Inductive hypothesis: Assume g(k) = 4/3k(k - 1) - 1/3k(k - 2) for k >= 2 equals 2 - 2/3^k for any natural number n. 

Inductive step: prove g(k + 1) = 2 - 2/3^(k + 1)

g(k + 1) = 4/3(k + 1)g(k) - 1/3(k + 1)g(k - 1) = (k + 1)(4/3g(k) - 1/3g(k - 1)). Using the inductive hypothesis, = (k + 1) * (8/3 - 4/3^k - 2/3 + 1/3 * 2/3 ^ (k - 1)) = (k + 1) * (2 + 4/3^k + 1/3 * 2/3^(k - 1) = 2k + 4k/3^k + k/3 * 2/3 ^ (k - 1) + 2 + 4/3 ^ k + 1/3 * 2/3 ^ (k - 1) = 2 + (2)/(3 ^ (k + 1)).  ",2,2,1,1,2,1,1,Seth,fa22
548,549,Exam 1,learningStudy/WrittenInduction_Recurrence_v3,"Proof: Proof by induction.

Let n=0,1,2. g(0)=2-2/3^0=0, g(1)=2-2/3^1=4/3, g(2)=2-2/3^2=(4/3)*(4/3)=16/9. So g(n) is true for n=0,1,2.
",2,2,0,0,0,0,0,Seth,fa22
549,550,Exam 4,learningStudy/WrittenInduction_Recurrence_v3,"Proof: By induction on n.
Base: Let n = 2. g(2) = (4/3)*g(1)-0 = 16/9. 2 - 2/(3*2) = 2 - 2/9 = 16/9. g(2) = 2 - 2/(3^n).
Induction: Suppose that g(n) = 2 - 2/(3^n) for n = 2,3,4,5,.....,n-1. We need to show that g(n) = 2 - 2/(3^n).
by definition, g(n) = (4/3)g(n-1) - (1/3)g(n-2). Since g(n-1) = 2 - 2/(3^(n-1)) and g(n-2) = 2 - 2/(3^(n-2)), g(n) = (4/3)(2 - 2/(3^(n-1))) - (1/3)(2 - 2/(3^(n-2))) = 2 - 8/(3^n) + 2/(3^(n-1)). Since 2/(3^(n-1)) = 2*3/(3^n) = 6/(3^n), substitute we got g(n) = 2 - 8/(3^n) + 6/(3^n) = 2 - 2/(3^n), which is what we need to show",1,2,2,2,2,2,2,Seth,fa22
550,551,Exam 6,learningStudy/WrittenInduction_Recurrence_v3,"If we bring g(n)=2-2/(3^n) into the equation, we get:
g(n)=4/3*(2-2/3(n-1))-1/3*(2-2/3^(n-2))
=8/3-8/3^n-2/3+2/3^(n-1)
=2-8/3^n+6/3^n
=2-2/3^n
That is what we need to prove.",0,0,0,0,2,2,2,Seth,fa22
551,552,Exam 6,learningStudy/WrittenInduction_Recurrence_v3,"From calculating the value for g(2), g(3), g(4), and g(5), we found a pattern for g(n). That is, g(n) = 4/3g(n-1)-1/3g(n-2).",0,0,0,0,0,0,0,Seth,fa22
552,553,Exam 1,learningStudy/WrittenInduction_Recurrence_v3,"Plugging in 0 to g(n) = 2 - 2 /(3^0) = 2  -2 = 0
Plugging in 1 to g(1) - 2 - 2/3 = 4/3. ",2,1,0,0,0,0,0,Seth,fa22
553,554,Exam 1,learningStudy/WrittenInduction_Recurrence_v3,"This is a recursive function, meaning that once the base cases are met (g(0) and g(1)), the formula can be solved.

Let g be a function from the natural numbers to the reals. Let n =2, where n is a natural number. g(n) = 4/3 * g(1) - 1/3 * g(0) = 4/3 * 4/3 - 1/3 * 0 = (4/3) ^2. 

(4/3)^2 = 16/9 = 18/9 - 2/9 = 2 - 2/(3^n)

Therefore g(n) = 2 - 2/3^n for any natural number n.",1,2,0,0,0,0,0,Seth,fa22
554,555,Exam 6,learningStudy/WrittenInduction_Recurrence_v3,"g(n) = 2 - (2/3^n)
I am not sure how to do this proof, but I think since g(n) = (4/3)g(n-1) - (1/3)g(n-2), that means that when n=2, it will be (4/3)*g(1) - 1/3*g(0) which is 16/3, so that means that is greater than zero for all natural numbers.",0,0,0,0,0,0,0,Seth,fa22
555,556,Exam 6,learningStudy/WrittenInduction_Recurrence_v3,"We will prove this claim by induction.

Predicate: Let $k$ be any natural number. By the definition of $g$, $g(k)=2-\frac{2}{3^k}$.

Base case: If $k=0$, then $g(k) = g(0) = 0$. Substituting $n$ for $k$ in the second half of the claim gives us $2-\frac{2}{3^0} = 0$. So the base case for the predicate is true.

Hypothesis: For this claim to be true, $\frac{4}{3}g(k)-\frac{1}{3}g(k-1) = 2-\frac{2}{3^{k+1}}$.

(there's some more steps here but I don't really remember them and I barely remember the ones I've put down here)

Thus, the claim is proven by induction.",1,2,0,0,1,0,0,Seth,fa22
556,557,Exam 1,learningStudy/WrittenInduction_Recurrence_v3,g(n),0,0,0,0,0,0,0,Seth,fa22
557,558,Exam 6,learningStudy/WrittenInduction_Recurrence_v3,"We are given g(0) = 0 and g(1) = 1. Also, g(n) is the equivalent of 4/3(g(n-1) - 1/3(g)(n-2) for n >= 2. If we factor out the 1/3, we are left with 1/3(4g(n-1) - g(n-2). Hence, the final addition using induction means that those two values are equivalent. Thus, g(n0 = 2 - 2/3^n",0,0,0,0,0,0,0,Seth,fa22
558,559,Exam 6,learningStudy/WrittenInduction_Recurrence_v3,"can we say that by induction the question is worded to suggest the statement is true so the statement is probably true? No? Ok. 

Base case for n = 1 and n = 2

LHS = RHS (for n = 1)

4/3 = 2 - 2/3 = 4/3 so true for n = 1.

LHS = RHS (for n = 2)
16/9 = 2-2/3^2 = 16/9 so true for n = 2. 

________________________________________________________/

Suppose true for n = 2,3,...., k,k+1. @ n = k, k + 1

g(k) = 2-2/3^k

g(k+1) = 2 - 2/3^(k+1)

________________________________________________________/ 

INdUctIvE STeP!

@ n = k + 2

g(k+2) = 4/3(g(k+1)) - 1/3(g(k)), substituting from above and using the formula for n >= 2.

which simplifies to 2 - 8/3^(k+2) - 6/3^(k+2) = 2 - 2/3^(k+2). LHS

on the RHS (right hand side) => g(k+2) = 2 - 2/3^(k+2).

LHS = RHS so true for n = k+2.

since k was arbitrarily chosen, and is equal to both formulas, and the inputs are natural numbers for both, the formula holds for all natural numbers. QED..?




",1,2,2,2,2,2,2,Seth,fa22
559,560,Exam 6,learningStudy/WrittenInduction_Recurrence_v3,"Proof:
Let n=0,1,2. g(0)=0=2-2=0, g(1)=4/3, g(2)=(4/3)*(4/3)-1/3*(0)=16/9. So the statement is true for n=0,1,2.",2,1,0,0,0,0,0,Seth,fa22
560,561,Exam 1,learningStudy/WrittenInduction_Recurrence_v3,"let g be finction using natural numbers. we then plus in values into g g(0) = 0, g(1) = 4/3 and g(n) = 4/3g(n-1) ..

we see that g(n) is alwaus a natural number of n. ",0,0,0,0,0,0,0,Seth,fa22
561,562,Exam 6,learningStudy/WrittenInduction_Recurrence_v3,Not sure,0,0,0,0,0,0,0,Seth,fa22
562,563,Exam 6,learningStudy/WrittenInduction_Recurrence_v3,"Claim: $\forall n \in \mathbb{N}, g(n) = 2 - \frac{2}{3^n}$

Proof By Induction:

Inductive Predicate:  $\forall n \in \mathbb{N}, g(n) = 2 - \frac{2}{3^n}$

Let $n \in \mathbb{N}$

Base Cases: for $n=0$, we use the definition of $g$ to see that $g(0) = 0$. We can see that this matches when we plug in $0$ for the inductive predicate. $g(0) = 2 - \frac{2}{3^0} = 2 - \frac{2}{1} = 2-2 = 0$, so the case of $n=0$ holds.

For $n=1$, we use the definition of $g$ to see that $g(1) = \frac{4}{3}$. We can see that this matches when we plug in $1$ for the inductive predicate. $g(1) = 2 - \frac{2}{3^1} = 2 - \frac{2}{3} = \frac{4}{3}$, so the case of $n=1$ holds.

Inductive Hypothesis: Suppose $g(n) = 2-\frac{2}{3^n}$ , when $n = 2, 3, ..., k-1$, with $k \in \mathbb{N}$

We need to show that $g(k) = 2-\frac{2}{3^n}$

By the definition of $g$, we can say that $g(k) = \frac{4}{3}g(k-1) - \frac{1}{3}g(k-2)$

By our inductive hypothesis, we can substitute in for $g(k-1)$ and $g(k-2)$ as to show :

$g(k) = \frac{4}{3}(2- \frac{2}{3^{k-1}}) - \frac{1}{3}(2- \frac{2}{3^{k-2}})$

This can simplify as follows:

$(\frac{8}{3} - \frac{2}{3^k}) - \frac{2}{3} + \frac{2}{3^{k-1}}$

$\frac{6}{3} - \frac{8}{3^k} + \frac{6}{3^k}$

$2 - \frac{2}{3^k}$, which is what we needed to show",2,2,2,2,2,2,2,Seth,fa22
563,564,Exam 1,learningStudy/WrittenInduction_Recurrence_v3,"By recursion, g(n-1) repeat until n = 1, so g(n-1) = (4/3)^n

If n is even, g(n-2) = 0. TJen we get (4/3) ^ n - 0 = (4/3)^n
If n is odd, g(n-2) = g(1) = (4/3)^n. Then we get 4/3 * (4/3)^n - 1/3 * (4/3) ^ n = (4/3)^n",0,0,0,0,0,0,0,Seth,fa22
564,565,Exam 4,learningStudy/WrittenInduction_Recurrence_v3,"Proof by induction of n.

Inductive Predicate: $P(n):g(n)=2-\frac{2}{3^n}$

Base cases: For n=0 we have g(0)=0 and $2-\frac{2}{3^0}=0.$ So P(0) holds. For n=1 we have $g(1)=\frac{4}{3}\ and\ 2-\frac{2}{3^1}=\frac{4}{3}.$ So P(1) holds. Therefore all the three base cases holds.

Induction hypothesis: Suppose that $P(n):g(n)=2-\frac{2}{3^n}$ holds for $n = 0, 1,...,k-1\ for\ k\leq3$.

Inductive step: We need to show that $P(k):g(n)=2-\frac{2}{3^n}$ holds.

Starting from the left hand side, $g(k) =\frac{4}{3}g(k-1)-\frac{1}{3}g(k-2)$ by definition of g. Thus $\frac{4}{3}g(k-1)-\frac{1}{3}g(k-2)=\frac{4}{3}(2-\frac{2}{3^{k-1}})-\frac{1}{3}(2-\frac{2}{3^{k-2}})$ by inductive hypothesis. This in turn equals to $\frac{10}{3} - \frac{8}{3}-\frac{2}{3}+\frac{2}{3^{k-1}}=2-\frac{2}{3^n}$.

So $g(n)=2-\frac{2}{3^n}$ which establishes the inductive step.",2,2,2,1,2,2,2,Seth,fa22
565,566,Exam 4,learningStudy/WrittenInduction_Recurrence_v3,"Proof by induction of n. Predicate is f of 2-2/3^n. Where base cas eis n = o so P(0) = is 2-0 and P(1) is 2 -2/3 which holds to be tru that is >= to 2.  So both cases hold true. Indutive hypothesis is 4/3g(2-2/3^n -1) 1/3g(2-2/3^n-2) for all n. f(k) is 2-2/3n creates the inducitve step. So 2-2/3(k+1) holds true for the base case. The hypothesis of P(n) is 2-2/3(k+1) holds true also. Subsituting in from abobe will show how n>=2 holds true for base case P(1),P(0) and P(k). So P(k) 2-2/3(k+1) holds true establishing the inductive step.  ",2,2,0,0,0,0,0,Seth,fa22
566,567,Exam 1,learningStudy/WrittenInduction_Recurrence_v3,"$g(1)=2-\dfrac{2}{3^1}=\dfrac{4}{3}$

Base cases: $n=0,n=1$

$$g(0)=0$$
$$g(0)=2-\dfrac{2}{3^0}=2-\dfrac{2}{1}=0$$
$$g(1)=\dfrac{4}{3}$$
$$g(1)=2-\dfrac{2}{3^1}=2-\dfrac{2}{3}=\dfrac{4}{3}$$

Assume that $g(n)$ is true for $n=k$ and $n=k+1$, so

$$g(k)=2-\dfrac{2}{3^{k}}$$

$$g(k+1)=2-\dfrac{2}{3^{k+1}}$$

Prove the statement is true for $n=k+2$. So show that

$$g(k+2)=2-\dfrac{2}{3^{k+2}}$$

Use initital definition of $g(n)$:
$$g(k+2)=\dfrac{4}{3}g(k+1)-\dfrac{1}{3}g(k)$$

$$=\dfrac{4}{3}(2-\dfrac{2}{3^k})-\dfrac{1}{3}(2-\dfrac{2}{3^{k+1}})$$
$$=\dfrac{8}{3}-\dfrac{8}{3^{k+1}}-\dfrac{2}{3}-\dfrac{2}{3^{k+2}}$$
$$=2-\dfrac{8}{3^{k+2}}-\dfrac{2\cdot3}{3^{k+2}}$$
$$=2-\dfrac{2}{3^{k+2}}$$

QED.

",2,2,2,1,2,2,2,Seth,fa22
567,568,Exam 6,learningStudy/WrittenInduction_Recurrence_v3,"$\frac{4}{3}g(n)-\frac{1}{3}g(n-1) = \frac{4}{3}(2 - \frac{2}{3^n})-\frac{1}{3}(2-\frac{2}{3^{n-1}} )$

$=2-\frac{8}{3^{n+1}}+\frac{2}{3^{n}} $

$=2-\frac{2}{3^{n+1}}$

which is $g(n+1)$

$g(2) = \frac{4}{3}g(1)-\frac{1}{3}g(0) = \frac{16}{9} =2 - \frac{2}{3^n} $

So $g(n) = 2 - \frac{2}{3^n} $ satisfies for all n from 2 to n.

Which is we want to prove.",1,2,0,0,2,2,2,Seth,fa22
568,569,Exam 6,learningStudy/WrittenInduction_Recurrence_v3,"Let n be a variable, and let g(n) = 2 - 2/3^n.

If we were to distribute 4/3g and 1/3g to (n - 1) and (n - 2) respectively, we would get 4/3gn - 4/3 - 1/3gn + 2/3g. Combining variables would give us gn - 4/3 + 2/3g, and if we were to replace g with n, we would get a similar equation to 2 - 2/3^n.

Therefore, g(n) = 2 - 2/3^n, which is what we wanted to prove.",0,0,0,0,0,0,0,Seth,fa22
569,570,Exam 6,learningStudy/WrittenInduction_Recurrence_v3,"g(0) = 0 if g(n) = 2-2/3^n

g(1) = 4/3 if g(n) = 2-2/3^n

g(n) = 4/3g(n-1) - 1/3g(n-2) 

using the definition of g provided

g(n) = 4/3(2- 2/(3)^(n-1))-1/3(2-2/(3)^(n-2)) 

simplifying

g(n) = 4/3(2- 6/(3^n)- 1/3 (2-18/(3^n))

g(n) = 8/3 - 8/3^n - 2/3 + 6/(3^n)

g(n) = 6/3 - 8/3^n + 6/(3^n)

g(n) = 2 - 2/(3^n)

which is what we needed to show. ",0,0,0,0,2,2,2,Seth,fa22
570,571,Exam 1,learningStudy/WrittenInduction_Recurrence_v3,"Proof: Let $g(n) = \frac{4}{3}g(n-1) - \frac{1}{3}g(n-2)$ for $n \geq 2$.

Suppose x is a natural number.

There are three cases:

Case 1: x = 1. By the facts given, $g(1) = \frac{4}{3} = \frac{6}{3} - \frac{2}{3} = 2 - \frac{2}{3^1}$.

Case 2: x = 2. The term $\frac{1}{3}g(n-2)$ becomes $\frac{1}{3}g(0)$. By the facts given, g(0) = 0, so this whole term becomes 0. The term $\frac{4}{3}g(n-1)$ becomes $\frac{4}{3}g(1)$. By the facts given, g(1) = $\frac{4}{3}$, so the term becomes $\frac{4}{3} * \frac{4}{3} = \frac{16}{9} = \frac{18}{9} - \frac{2}{9} = 2-\frac{2}{3^2}$.

Case 3: x > 2. Becaue of the recurrent terms, any x > 2 will always get down to g(1) and g(0). g(0) will simply cancel the current term. g(1) has already been proven to fit the claim. If multiplied by $\frac{4}{3}$ or $\frac{1}{3}$, the claim will still hold. Therefore, $g(x) = 2-\frac{2}{3^x}$ for any x > 2.

In all cases, we've proved that  $g(n) = 2-\frac{2}{3^n}$ for any natural number n, which is what we needed to show.",2,2,0,0,0,0,0,Seth,fa22
571,572,Exam 6,learningStudy/WrittenInduction_Recurrence_v3,"g(0) = 0, g(1) = 4/3. g(n) = 4/3g(n-1) = 1/3(n-2) for n greater than or equal to two. 


we need to find g(n) for numbers less than 2. We know that g(1) - 4/3, so maybe g(2) = 8/3. 

Therefore, g(n) = 2 - 2/3^n for any natural number n.",0,0,0,0,0,0,0,Seth,fa22
572,573,Exam 4,learningStudy/WrittenInduction_Recurrence_v3,"Proof by induction on n 
Base of n = 1, g(1) = 4/3
",1,1,0,0,0,0,0,Seth,fa22
573,574,Exam 6,learningStudy/WrittenInduction_Recurrence_v3,"Since g(0) = 0 and g(1) = 4/3, we can come to understand that g(n) is 4/3g(n - 1) - 1/3g(n-2) for n >= 2. 

Therefore, we can move on and understand that g(n) =  4/3g(n - 1) - 1/3g(n-2) / 4 g (n-1) will give us 
8/4 - 4/2 * 3^n, which is the same thing as 2 - 2/3^n = g(n)

That is what we needed to show.",0,0,0,0,0,0,0,Seth,fa22
574,575,Exam 4,learningStudy/WrittenInduction_Recurrence_v3,"Lets do a proof by indunction. Predicate -- . Base Case --. Hypothesis --. Inductive Step--.
",0,0,0,0,0,0,0,Seth,fa22
575,576,Exam 1,learningStudy/WrittenInduction_Recurrence_v3,"For any natural number $n\ge2$, $g(n)=\frac{4}{3}g(n-1)-\frac{1}{3}g(n-2)$.

$g(2)=\frac{4}{3}\times\frac{4}{3}=(\frac{4}{3})^2$

Substituting recursively, $g(3)=\frac{4}{3}g(2)-\frac{1}{3}g(1)=(\frac{4}{3})^3-\frac{4}{3}\times\frac{1}{3}$

$g(4)=\frac{4}{3}g(3)-\frac{1}{3}g(2)=(\frac{4}{3})^4-\frac{4}{3}^2\times\frac{2}{3}$

By continuing this pattern, we see that $g(n)=2-\frac{2}{3^n}$.",1,2,0,0,0,0,0,Seth,fa22
576,577,Exam 4,learningStudy/WrittenInduction_Recurrence_v3,"Prove by induction

Induction Predicate: g(n) = 2-2/3^n for any natural number n

Base case: when n = 2, g(2) = 2-2/9 = 4/3 * 4/3 - 1/3 * 0 = 16/9

Induction Hypothesis suppose  g(n) = 2-2/3^n holds for 2, 3 ,4, .... n

We need to show that g(n+1): 4/3 * g(n) - 1/3 * g(n-1) = 2-2/3^n+1

Plug in to the left:

4/3 * g(n) - 1/3 * g(n-1) = 4/3*(2-2/3^n) - 1/3*(2-2/3^n-1)

= 2-((8/3^n+1) - (2/3^n)) = 2-((8-6)/3^n+1) = 2 - 2/3^n+1

which is what we want to know

So g(n) = 2-2/3^n for any natural number n






",1,2,2,2,2,2,2,Seth,fa22
577,578,Exam 4,learningStudy/WrittenInduction_Recurrence_v3,"Prove by induction on $n$

Inductive Predicate: $P(n) : g(n) = 2 - \frac{2}{3^{n}}$

Base Case: when $n = 0, g(n) = 0$. Also $2 - \frac{2}{3^{0}} = 2 - \frac{2}{1} = 0 = g(0)$ So $P(0)$ holds.

When $n = 1$, $g(n) = \frac{4}{3}$. Also $2 - \frac{2}{3^{1}} = 2 - \frac{2}{3} = \frac{4}{3} = g(1)$, so $P(1) $ holds. 

When $n = 2, g(2) = \frac{4}{3}g(1) - \frac{1}{3}g(0) = \frac{4}{3} * \frac{4}{3} - \frac{1}{3} * 0 = \frac{16}{9}$. Also $2 - \frac{2}{3^{2}} = 2 - \frac{2}{9} = \frac{16}{9} = g(2)$, so $P(2)$ holds.

As a result, all three base cases of $P(0), P(1), P(2)$ holds

Induction Step: Suppose $g(n) = 2 - \frac{2}{3^{n}}$ holds for $n = 1, 2, 3, ... , k-1$. Need to prove that $g(k) = 2 - \frac{2}{3^{k}}$. 

By definition of the function, $g(k) = \frac{4}{3}g(k-1) - \frac{1}{3}g(k-2)$. By the induction hypothesis, $g(k-1) = 2 - \frac{2}{3^{k -1}}, g(k-2) = 2 - \frac{2}{3^{k - 2}}$. Plug these expressions into $g(k)$, it gives $g(k) = \frac{4}{3}*(2 - \frac{2}{3^{k - 1}}) - \frac{1}{3} (2 - \frac{2}{3^{k - 2}}) = \frac{8}{3} - \frac{8}{3^{k}} - \frac{2}{3} + \frac{2}{3^{k - 1}}$. 

Simplifying this gives  $g(k) = (\frac{8}{3} - \frac{2}{3}) - (\frac{8}{3^{k}} - \frac{2}{3^{k - 1}})$
Since $\frac{2}{3^{k - 1}} = \frac{2 * 3}{3^{k - 1} * 3} = \frac{6}{3^{k}}$, $g(k) = (\frac{8}{3} - \frac{2}{3}) - (\frac{8}{3^{k}} - \frac{6}{3^{k}}) = 2 - \frac{2}{3^{k}}$, which is what is required for the proof",2,2,2,2,2,2,2,Seth,fa22
578,579,Exam 6,learningStudy/WrittenInduction_Recurrence_v3,"To begin the proof by induction, we must first assess that the function g(n) does exist. Next, we must notice that the first term of g(n) always equals 1. In this instance, g(0) = 0, g(1) = 4/3. To plug these into the g(n) equation, we get that (4/3)(g(1)) - (1/3)(g(0), which in total evaluates out to 16/9 - 0 = 16/9.",0,0,0,0,0,0,0,Seth,fa22
579,580,Exam 1,learningStudy/WrittenInduction_Recurrence_v3,Dont know how to use induction.,0,0,0,0,0,0,0,Seth,fa22
580,581,Exam 6,learningStudy/WrittenInduction_Recurrence_v3,"This has flown over my head moreso than regular induction, I forgot this format of problem was even on here to begin with. I honestly could not recite a single step of this problemsolving heuristic. ",0,0,0,0,0,0,0,Seth,fa22
581,582,Exam 1,learningStudy/WrittenInduction_Recurrence_v3,"Let $P_n$ be the proposition such that for any natural number $n$, $n\ge2$,  $g(n) = \frac{4}{3}g(n-1)-\frac{1}{3}g(n-2) = 2 - \frac{2}{3^n}$.

To prove $P_2$:

On the left hand side: $g(2) = \frac{4}{3}g(2-1)-\frac{1}{3}g(2-2) = \frac{4}{3}g(1)-\frac{1}{3}g(0) = \frac{4}{3}\cdot\frac{4}{3} = \frac{16}{9}$

On the right hand side: $2 - \frac{2}{3^n} = 2 - \frac{2}{3^2} = 2 - \frac{2}{9} = \frac{16}{9}$

As the left and right hand sides are equal, $P_2$ is true.

Let $P_k$ be the proposition such that for any natural number $k$, $k\ge2$, $g(k) = \frac{4}{3}g(k-1)-\frac{1}{3}g(k-2) = 2 - \frac{2}{3^k}$.

To prove $P_{k+1}$, i.e. $g(k+1) = \frac{4}{3}g(k)-\frac{1}{3}g(k-1) = 2 - \frac{2}{3^{k+1}}$:

On the left hand side: $g(k+1) = \frac{4}{3}g(k)-\frac{1}{3}g(k-1) = \frac{4}{3}(2 - \frac{2}{3^k}) - \frac{1}{3}(2 - \frac{2}{3^{k-1}}) = $ $\frac{8}{3}-\frac{8}{3^{k+1}} - \frac{2}{3} + \frac{2}{3^k} = \frac{6}{3}-\frac{2}{3^{k+1}}$.

As the left and right hand sides are equal, $P_{k+1}$ is true.

As $P_{k+1}$ is true, and $P_k$ is true, and $P_2$ is true,

$P_n$ must be true.",1,2,1,1,2,2,2,Seth,fa22
582,583,Exam 6,learningStudy/WrittenInduction_Recurrence_v3,"Proof of n by induction.        
Let $g(n) = 2 - \frac{2}{3^n}.$ Suppose n = 0. $g(0) = 2 - \frac{2}{3^0} = 0$, so base case n = 0 hold true. Suppose n = 1.      
$g(1) = 2-\frac{2}{3^1} = \frac{4}{3}$, so the base case n = 1 holds true.      
Suppose that $g(n - 1) = 2 - \frac{2}{3^{n - 1}}$ is true. We now need to prove that $g(n) = 2 - \frac{2}{3^n}$ is true.       
By the definition of g, $g(n-1) = \frac{4}{3}g(n) - \frac{1}{3}g(n - 2)$.        
$= \frac{4}{3}(2 - \frac{2}{3^{n-1}}) - \frac{1}{3}(2 - \frac{2}{3^{n-2}})$     
$= \frac{4}{3}(2 - \frac{2}{3^n3^{-1}}) - \frac{1}{3}(2 - \frac{2}{3^n3^{-2}})$       
$= \frac{4}{3}(2 - \frac{6}{3^n}) - \frac{1}{3}(2 - \frac{18}{3^n})$            
$= \frac{8}{3} - \frac{8}{3^{n}} - \frac{2}{3}+\frac{6}{3^n}$        
$= \frac{2}{3} - \frac{2}{3^n}$     
So, $g(n) = 2 - \frac{2}{3^n} \ \square$
",2,2,2,1,2,1,2,Seth,fa22
583,584,Exam 1,learningStudy/WrittenInduction_Recurrence_v3,"For $n=2$, $g(2) = \frac{4}{3}g(2-1) - \frac{1}{3}g(2-2) = \frac{4}{3}\times\frac{4}{3} = \frac{16}{9} = 2-\frac{2}{3^2}$

For $\forall n \in \mathbb{N}, g(n) = \frac{4}{3}g(n-1) - \frac{1}{3}g(n-2)$

and therefore 

$g(n+1) = \frac{4}{3}g(n) - \frac{1}{3}g(n-1)$

$g(n+1) = \frac{4}{3} (\frac{4}{3}g(n-1) - \frac{1}{3}g(n-2)) - \frac{1}{3}g(n-1)$

$g(n+1) = \frac{16}{9}g(n-1) - \frac{3}{9}g(n-1) - \frac{4}{9}g(n-2)$",1,2,0,0,0,0,0,Seth,fa22
584,585,Exam 6,learningStudy/WrittenInduction_Recurrence_v3,"We prove by induction
Induction hypothesis
Base case",0,0,0,0,0,0,0,Seth,fa22
585,586,Exam 6,learningStudy/WrittenInduction_Recurrence_v3,"let n = k+1;  
g(k+1)= 4/3(g(k))-1/3(g(k-1))= 4/3(g(k-1))-1/3(g(k-2))-1/3(g(k-1))=g(k-1)-1/3(g(k-2))",0,0,0,0,0,0,0,Seth,fa22
586,587,Exam 1,learningStudy/WrittenInduction_Recurrence_v3,"Claim P(n): g(n) = $2 - \frac2 {3^n}$ for all n in $\mathbb N$, where g(n) is defined as above.

checking P(0) we get:

g(0) = 0

$2 - \frac2 {3^n}$ = 2 - 2/1 = 2-2 = 0

therefore P is true for n = 0.

checking P(1) we get:

g(1) = 4/3

$2 - \frac2 {3^n}$ = 2 - 2/3 = (6-2)/3 = 4/3

therefore P is true for n = 1.

Now, suppose there is a natural number k $\geq$ 2 such that P(k) is true.

Checking P(k+1) we get:

g(k+1) = $\frac4 3 g(k) - \frac1 3 g(k-1) = \frac4 3 (2 - \frac2 {3^k}) - \frac1 3 g(k-1)$ [since P(k) is true]

= 

**********

Now, P(1) and P(0) are true, and P(k+1) is true when P(k) is true. Thus by induction P is true for all natural numbers, which is what we needed to prove.",2,2,2,1,1,2,1,Seth,fa22
587,588,Exam 4,learningStudy/WrittenInduction_Recurrence_v3,"Instead of going up to k we can use k+1 and k+2. 

g(k+2) = 4/3 g(k+1) - 1/3 g(k)

simplifies to 2-2/3^(k+2)

which simplifies to 2-2/3^n as k+2 is equivalent to n. QED.",0,0,0,0,2,2,0,Seth,fa22
588,589,Exam 4,learningStudy/WrittenInduction_Recurrence_v3,"Proof by induction $n$

Inductive predicate: $P(n):g(n) = 2-\frac{2}{3^n}$

Base Cases: 

For $P(0) = 2 - \frac{2}{3^0} = 2-2 = 0$ So $P(0)$ holds.

For $P(1) = 2 - \frac{2}{3^1} = \frac43$ So P(1) holds.

Induction Hypothesis: Suppose that $2-\frac2{3^n}$ holds for $ n = 2, 1... k-1$

We need to show that $ P(k): g(k) = 2-\frac2{3^n}$ for  $n \geq 2$

Starting from the left hand side, $g(k) = \frac43 g(k-1) - \frac13 g(n-2)$ by defintion of g(n)

by the inductive hypothesis $g(k) = \frac43 g(k-1) - \frac13 g(n-2)$ = $g(k) = \frac43 (2-\frac2{3^{k-1}}) - \frac13(2-\frac2{3^{(k-2)}})$

By Simplifying we get $\frac83-\frac8{3^k}-\frac23+\frac2{3^{k-1}} = 2 - \frac2{3^k}$ which establsishes the inductive step. 

Q.E.D.",2,2,2,2,2,2,2,Seth,fa22
589,590,Exam 1,learningStudy/WrittenInduction_Recurrence_v3,"g(0) = 0

g(1) = 4/3

g(n) = 4/3g(n-1)-1/3g(n-2) for n>=2

if n = 2 
g(2) = 4/3g(1)-1/3g(0)

g(2) = (4/3)^2-0

g(2) = 16/9

g(n) = 2-2/3^n

2-2/3^n = 4/3g(n-1)-1/3g(n-2)
",2,2,0,0,0,0,0,Seth,fa22
590,591,Exam 4,learningStudy/WrittenInduction_Recurrence_v3,"Proof by induction on n

Inductive Predicate: P(n): g(n) = 2 - 2/3^n

Base cases: For n = 1, 2-2/3 = 4/3 which equal to g(1), for n = 2, 2 - 2/9 = 16/9 which is equal to g(2) so both base cases holds for p(1) and P(2).

Inductive Hypothesis: Suppose that P(n) : g(n) = 4/3g(n - 1) - 1/3g(n - 2) holdes for n = 1...k - 1 for some integer k >= 2.

Inductive Step: We need to show taht P(k): g(k) = 2 - 2/3^k holds

Using the definition of g, we get g(k) = 4/3g(k-1) - 1/3g(k-2)

Then using the inductive hypothesis we get 4/3g(k-1) - 1/3g(k-2) = 4/3(2 - 2/3^k-1) - 1/3(2 - 2/3^k-2)

Simplifying the algebra, 8/3 - 2/3 - 8/3^k + 2/3^k-1 = 2 - 8/3^k + 6/3^k = 2 - 2/3^k

So g(k) = 2 - 2/3^k, which is what we needed to prove",1,2,2,2,2,2,2,Seth,fa22
591,592,Exam 4,learningStudy/WrittenInduction_Recurrence_v3,"Proof: We will use induction on n. 

P(n) : g(n) = 2 - 2/3^n.

Base: g(0) = 0;

Inductive Step: Assume P(n) holds for n = 0,1,....k. 

*I really have no idea how to go about solving the rest of this. I do not remember enough from the induction chapter and also am not super familiar with working with recursive functions.*",1,1,2,2,0,0,0,Seth,fa22
592,593,Exam 4,learningStudy/WrittenInduction_Recurrence_v3,"Should identify the base case, the precidate and steps to come to conclusion.",0,0,0,0,0,0,0,Seth,fa22
593,594,Exam 6,learningStudy/WrittenInduction_Recurrence_v3,"Proposition P(n): For all $n \in \mathbb N, g(n) = 2 - \frac{2}{3^n}$.

We will prove this by induction on n.

Base Case(s): n = 0: RHS = 2 - (2/1) = 2 - 2 = 0 = g(0).

n = 1. RHS = 2 - (2/3) = (6-2)/3 = 4/3 = g(1).

Therefore, P(n) is true for n = 0,1.

Inductive Hypothesis: Let P(k-1) be true for all k = 1,2,...,k where k $\leq$ 2. Then if P(k) is true, P(n) is true for all natural numbers.

Inductive step: We need to prove $g(k) = 2 - \frac{2}{3^k}$

Proof: Statring from the left side of the equal sign, by the definition of g(n), we have $g(k) = \frac 4 3 g(k-1) - \frac 1 3 g(k-2)$

From the inductive hypothesis, we know that $g(k-1) = 2 - \frac{2}{3^{k-1}}$ and $g(k-2) = 2 - \frac{2}{3^{k-2}}$.

Substituting in g(k), we get $g(k) =\frac 4 3 (2 - \frac{2}{3^{k-1}}) -  \frac 1 3 (2 - \frac{2}{3^{k-2}})$

$= 2(\frac 4 3 - \frac 1 3) - \frac 4 3 * \frac{2}{3^{k-1}} + \frac 1 3 * \frac{2}{3^{k-2}} = 2 - \frac{8}{3^k} + \frac{2}{3^{k-1}} $

$= 2 - \frac{8}{3^k} + \frac{3*2}{3*3^{k-1}} = 2 - \frac{8}{3^k} + \frac{6}{3^k} = 2 - \frac{2}{3^k}$, which is what we needed to show.",2,2,2,1,2,2,2,Seth,fa22
594,595,Exam 4,learningStudy/WrittenInduction_Recurrence_v3,"Given: If we know that some g is defined as N -> R. And we are given the following:
g(0) = 0
g(1) = $\frac43$
g(n) = $\frac43g(n-1)-\frac13g(n-2) for n >= 2.$
If we expand the g(n) equation, then we could probably end up with a solution of g(n) 2-2/3^n",0,0,0,0,0,0,0,Seth,fa22
595,596,Exam 6,learningStudy/WrittenInduction_Recurrence_v3,"inductive hypothesis: $g(n) = 2 - \frac{2}{3^n}$ for any natural number n. 

inductive step: Let k be a natural number such that $k \ge 2$. So, $g(k) = \frac{4}{3}g(k-1) - \frac{1}{3}g(k-2)$.

substituting the inductive hypothesis gives:

$g(k) = \frac{4}{3}(2 - \frac{2}{3^{k-1}}) - \frac{1}{3}(2 - \frac{2}{3^{k-2}})$. simplifying shows 
$g(k) = \frac{8}{3} - \frac{8}{3*3^{k-1}} - \frac{2}{3} + \frac{2}{3*3^{k-2}}$

$g(k) = 2 - \frac{8}{3^{k}} + \frac{2}{\frac{3^k}{3}} = 2 - \frac{8}{3^k} + \frac{6}{3^k} = 2 - \frac{2}{3^k}$

thus we show $g(n) = 2 - \frac{2}{3^n}$ for any natural number $n$",0,0,0,0,2,2,2,Seth,fa22
596,597,Exam 6,learningStudy/WrittenInduction_Recurrence_v3,"We will use induction to prove this statement. Suppose k be an arbitrary natural number and the statement is true when input value is from 0 to k(include both sides). The base case is g(0) = 2 - $\frac{2}{3^0}$= 0, g(1)= 2-$\frac{2}{3^1}$=$\frac{4}{3}$. We will prove it by chekcing when n = k+1 if the statement is true.  When k = k+1 we know $\frac{4}{3}g(k)-\frac{1}{3}g(k-1) = \frac{4}{3}(2-\frac{2}{3^k})-\frac{1}{3}(2-\frac{2}{3^k-1})=2-\frac{2}{3^k+1}$ which is what we needed to show",2,2,0,0,2,2,2,Seth,fa22
597,598,Exam 1,learningStudy/WrittenInduction_Recurrence_v3,"I do not know what induction is.
",0,0,0,0,0,0,0,Seth,fa22
598,599,Exam 6,learningStudy/WrittenInduction_Recurrence_v3,"Let g be a function from natural number to real numbers and g(0) = 0 and g(1) = 4/3. We will prove by induction. Additionally, g(n) = 4/3g(n-1) - 1/3g(n-2) for n >= 2. Suppose we are trying to find g(2). We can then use g(2) = 4/3g(1) - 1/3g(0) = 4/3(4/3) - 1/3(0) = 16/9. We can then use the claim to see g(2) = 2 - 2/3^2 = 16/9 which is the same answer which is what we needed to prove.",0,0,0,0,0,0,0,Seth,fa22
599,600,Exam 4,learningStudy/WrittenInduction_Recurrence_v3,"We will prove by induction that for any natural number $g(n) = 2 - \frac{2}{3^n}$

The base case is for n = 0: $g(0) = 0 = 2- \frac{2}{3^0} = 2-2 =0$, this is true for any natural number 1,2,3....n

Let k be an arbitrary natural

We will use induction on k+1:


g(k+1) = $\frac{4}{3}*g(k+1-1) - \frac{1}{3}*g(k+1-2) = \frac{4}{3}*g(k) - \frac{1}{3}*g(k-1)$

g(k) = $2-\frac{2}{3^k}$, g(k-1) = $2-\frac{2}{3^(k-1)}$

g(k+1) = $\frac{4}{3}(2-\frac{2}{3^k}) - \frac{1}{3}(2-\frac{2}{3^(k-1)})$

g(k+1) = $\frac{8}{3}-\frac{8}{3^(k+1)}- \frac{2}{3}+\frac{6}{3^(k+1)} = 2 - \frac{2}{3^(k+1)} $ which is what we wanted to show.

",1,2,0,1,2,2,2,Seth,fa22
600,601,Exam 1,learningStudy/WrittenInduction_Recurrence_v3,"assuem g(n) is the statement
g(2)=4/3*4/3=16/9=2-2/3^2, which is correct
assume g(k), g(k+1) is correct, g(k)=2-2/3^k, g(k+1)=2-2/3^(k+1)
g(k+2)=4/3(2-2/3^(k+1))-1/3(2-2/3^k)
",1,2,1,2,1,2,2,Seth,fa22
601,602,Exam 1,learningStudy/WrittenInduction_Recurrence_v3,"Let g(n) = $\frac{4}{3}g(n-1)-\frac{1}{3}g(n-2)$ for  $n$ $ \ge 2$ for all Natural Numbers $n$. Suppose $g(0)=0,$ and $ g(1)=\frac{4}{3}$. For $n=2$, we find $g(2)=1\frac{7}{9}$. For $n=3$, we find $g(n)= \frac{64}{27}-\frac{4}{9}$, which equals $1 \frac{25}{27}$. Continuing this pattern, we can notice that $g(n)=2-\frac{2}{3^n}$, which is what we needed to prove.",0,0,0,0,0,0,0,Seth,fa22
602,603,Exam 6,learningStudy/WrittenInduction_Recurrence_v3,"Let n be a natural number and suppose g(n) = (4/3)g(n-1)-(1/3)g(n-2). Since this equation works for any natural number greater than or equal to 2, then we know g(n) = 2 - h, where h is a real number. Then let h be 2/(3^n), so g(n) = 2 - 2/(3^n), which is what we needed to prove.",0,0,0,0,0,0,0,Seth,fa22
603,604,Exam 1,learningStudy/WrittenInduction_Recurrence_v3,"Let $g(0)=0, g(1)=\frac{4}{3}, g(n)=\frac{4}{3}g(n-1)-\frac{1}{3}g(n-2), $ for $ n>=2$

$g(n-1) = \frac{4}{3}g(n-2)-\frac{1}{3}g(n-3), g(n-2) = \frac{4}{3}g(n-3)-\frac{1}{3}g(n-4)\to$

$g(n)=\frac{4}{3}(\frac{4}{3}g(n-2)-\frac{1}{3}g(n-3))-\frac{1}{3}(\frac{4}{3}g(n-3)-\frac{1}{3}g(n-4))\to$$\frac{4^2}{3^2}g(n-2)-\frac{4}{3}\frac{1}{3}g(n-3)\frac{1^2}{3^2}g(n-4)\to\frac{4^2}{3^2}(\frac{4}{3}g(n-3)-\frac{1}{3}g(n-4))-\frac{4}{3}\frac{1}{3}g(n-3)-\frac{1^2}{3^2}g(n-4)\to$$\frac{4}{3}(\frac{4^2}{3^2}-\frac{1}{3})g(n-3)-\frac{1^3}{3^3}g(n-4)\to g(n)=2-\frac{2}{3^n}$",0,0,0,0,0,0,0,Seth,fa22
604,605,Exam 1,learningStudy/WrittenInduction_Recurrence_v3,"Let $n$ be a natural number such that $g(0) = 0$, $g(1)=\frac{4}{3}$, and $g(n) = \frac{4}{3}g(n-1) - \frac{1}{3}g(n-2)$ (when $n \geq 2$)

Given the function $h(n) = 2 - \frac{2}{3^n}$, we have three cases.

Case 1: $n=0$
- When $n=0$, $g(n) = h(n) = 0$

Case 2: $n=1$
- When $n=1$, $g(n) = h(n) = \frac{4}{3}$

Case 3: $n \geq 2$
- We are given the expression $\frac{4}{3}g(n-1) - \frac{1}{3}g(n-2)$ and need to equate it to $2 = \frac{2}{3^n}$
- Note: Unsure how to express recursion properly with discrete structures

...

In all three cases, where $n \geq 0$, it is clear that $g(n) = h(n)$. This is what we needed to prove.",2,2,0,0,0,0,0,Seth,fa22
605,606,Exam 4,learningStudy/WrittenInduction_Recurrence_v3,"Prove by induction on n.

Inductive predicate: P(n) : g(n) = 4/3g(n-1) - 1/3g(n-2) for n >= 2.

Base Cases: At n = 0, g(n) = 0 and 4/3g(n-1) - 1/3g(n-2) = 0, so the base case, P(0) holds.
            At n = 1, g(1) = 4/3 and g(n) = 1/3. does not hold. 

Since the base case does not hold I must prove using a different method. 

I am unsure how to move further.",2,1,0,0,0,0,0,Seth,fa22
606,607,Exam 4,learningStudy/WrittenInduction_Recurrence_v3,"Proof: We will show that g(n) = 2 - 2/3^n for any natural number n, using induction on n. 

Base: we need to show that this formula holds for n = 0. Suppose that the definition of (g(n) states that g(0) = 0. Solving the formula with n = 0 gives g(0) = 2 - 2/3^0 = 2-2/1 = 2-2 = 0 which is equal to the definition. 

Base 2: we need to show that this formula holds for n = 1. The definition of g(n) states that g(1) = 4/3. So  gives g(1) = 2 - 2/3^1 = 2-2/3 = 6/3 - 2/3 = 4/3 which is equal to the definition. 

Induction: g(n) = 2 - 2/3^n for any natural number n for n = 0, 1, 2, 3... k-1. We need to show that this formula holds for n = k. The formula becomes g(k) = 2 - 2/3^k. 

The definition of g states that g(n) = 4/3g(n-1) - 1/3g(n-2) for n >= 2. 
g(k) = 4/3g(k-1) - 1/3g(k-2). From the inductive hypothesis, g(k-1) = 2 - 2/3^(k-1) and g(k-2) = 2 - 2/3^(k-2). 

Substituting into g(k) gvies  g(k) = (4/3)*(2 - 2/3^(k-1)) - (1/3)*(2 - 2/3^(k-2).

Simplying gives g(k) = (8/3 - 8/(3*3^(k-1)) - (2/3 - 2/(3*3^(k-2) 

= (8/3 - 8/3^k) - (2/3-2/3^k) 

= 8/3 - 2/3 - 8/3^k + 2/3^(k-1) 

= 6/3 - 8/3^k + 3*2/3^k 

= 2 - 8/3^k + 6/3^k 

g(k) = 2 - 2/3^k. 

This is what we needed to show. ",2,2,1,2,2,2,2,Seth,fa22
607,608,Exam 6,learningStudy/WrittenInduction_Recurrence_v3,"Proof: if n =0, then 2-2/1 = 0; if n = 1, then 2-2/3 = 4/3, thus the formula is true for 1, 2,...n-1

Then for g(n-1), it should equal to 2-2/(3^n-1), for g(n-2), it should equal to 2 - 2/(3^n-2), putting then in to the formula of g(n), it will give us 8/3-8/3^n-2/3+2/(3^n-1)=2-2/(3^n). As a result, the formula is true.",2,2,1,2,2,2,2,Seth,fa22
608,609,Exam 1,learningStudy/WrittenInduction_Recurrence_v3,"b = a+1
c = a+2

2- 2/3^c  = 2-2/3^a

4/3 g(b) - 1/3g(a)

4/3 g(a+1) - 1/3 g(a) = 4/3 - g(a)",0,0,0,0,0,0,0,Seth,fa22
609,610,Exam 4,learningStudy/WrittenInduction_Recurrence_v3,"I will prove this by induction of n. The inductive predicate is $P(n): g(n) = 2 -\frac{2}{3^n}$. For $n = 0$, $2 - \frac{2}{3^0} = 0$, which is equal to $g(0)$. For $n = 1$, $2 - \frac{2}{3} = \frac{4}{3}$, which is equal to $g(1)$. So both base cases $g(0)$ and $g(1)$ hold. Suppose that $P(n): g(n) = 2 -\frac{2}{3^n}$ holds for $n = 2, ..., k-1$ for some integer $k \geq 2$. We need to show that $P(k): g(k) = 2 - \frac{2}{3^k}$ holds. Using the definition of $g$, we get $g(k) = \frac43g(k-1)-\frac13g(k-2)$. Then, using the inductive hypothesis, we get $\frac43g(k-1)-\frac13g(k-2) = \frac{4}{3}(2-\frac{2}{3^{k-1}}) - \frac{1}{3}(2-\frac{2}{3^{k-2}})$. Simplifying the algebra, we get $\frac{8}{3} - \frac{2}{3^k} - \frac{2}{3}+\frac{2}{3^{k-1}} = 2 - \frac{2}{3^k}$. So $g(k)=2 - \frac{2}{3^k}$, which is what we needed to prove.",2,2,2,2,2,2,2,Seth,fa22
0,1,Exam 4,learningStudy/WrittenInduction_Recurrence_v3,"Let $n$ be an arbitrary natural number. Let $g(n)$ be a function of $n$ that produces a real number.

Base case: $g(0)=2-\frac{2}{3^0}=2-2=0$ which is equal to $g(0)$. $g(1)=2-\frac{2}{3^1}=\frac{4}{3}$ which is equal to $g(1)$.

Inductive hypothesis: For some $k$, $g(n)=\frac{4}{3}g(n-1)-\frac{1}{3}g(n-2)$ for $n \geq 2$ where $n=0...k$.

Inductive step: Show that $g(k+1)=\frac{4}{3}g(k)-\frac{1}{3}g(k-1)$.",2,2,2,2,1,1,0,Seth,sp23
1,2,Exam 4,learningStudy/WrittenInduction_Recurrence_v3,"Base case: n=2. $g(2)=\frac{16}{9}=2-\frac{2}{3^n}$.

Inductive hypothesis: We assume the claim works for any natural number n, and prove that it works for $n+1$. 

Inductive steps: $g(n+1)=\frac{4}{3}g(n)-\frac{1}{3}g(n-1)=\frac{8}{3}-\frac{8}{3^{n+1}}-\frac{2}{3}+\frac{2}{3^n}=2-\frac{2}{3^{n+1}}$. Therefore, we proved that the claim works for $n+1$.",1,2,2,1,2,2,2,Seth,sp23
2,3,Exam 4,learningStudy/WrittenInduction_Recurrence_v3,"Let g(n) = $\frac{4}{3}$g(n-1) - $\frac{1}{3}$g(n-2), for n$\geq$2.

Base Case: g(2) = $\frac{4}{3}$($\frac{4}{3}) - $\frac{1}{3}$(0) = $\frac{16}{3}$. 

Inductive Hypothesis: Thus, g(k+1) = $\frac{4}{3}$g(k) - $\frac{1}{3}$g(k-1).

Inductive Step:

Logical Deduction:

Therefore, g(n) = $\frac{4}{3}$2 - $\frac{1}{3}$g(n-2), for n $\geq$ 2.",1,2,1,0,0,0,0,Seth,sp23
3,4,Exam 4,learningStudy/WrittenInduction_Recurrence_v3,"base case:

4/3 * g(1) - 1/3 * g (0) = 16/9 - 4/9 = 12/9 = 4/3

2 - 2/3^n = 2 - 2/9 = 4/3 

g(2) = 2 - 2/3^n",1,2,0,0,0,0,0,Seth,sp23
4,5,Exam 4,learningStudy/WrittenInduction_Recurrence_v3,"Proof n by induction

Inductive Predicate: Prove that g(n) = 2 - (2/(3^n))

Base Case: g(0) = 0, and 2 - (2/(3^n)) = 0. g(1) = 4/3, and (2/(3^(4/3)))

Inductive Hyothesis: Suppose a k, that g(n) = 2 - (2/(3^n)) for n in 0,1,...k

Inductive Step: Prove that g(k+1) = 2-(2/(3^k))

By the definition of g(n), g(k+1) = ((4/3) * g((k+1)-1)) - ((1/3) * g((k+1)-2)) = ((4/3) * g(k)) - ((1/3) * g(k-1))

By the inductive hyothesis, ((4/3) * g(k)) - ((1/3) * g(k-1)) = ((4/3) * (2 - (2/(3^k)))) - ((1/3) * (2 - (2/(3^(k-1)))))

Simplifying, we get (8/3) - (8/3^(k+1)) - (2/3) + (2/3^k) = 2 - (8/3^(k+1)) + (2/3^k) = 2- (2/3^(k++1)), which is our inductive step

",2,1,2,2,1,2,2,Seth,sp23
5,6,Exam 4,learningStudy/WrittenInduction_Recurrence_v3,"when n = 0, 2 - 2/3^0 = 0 and g(0) = 0. When n = 1, 2 - 2/3 = 4/3 and g(1) = 4/3 so this is true.

assume that for an integer k, when n = k, g(k) = 2 - 2/3^k is true.

When n = k + 1, g(k+1) = 2 - 2/3^(k+1).

g(k+1) = 4/3 * g(k) - 1/3 * g(k-1) = 4/3*(2 - 2/3^k) - 1/3*(2 - 2/3^(k-1)) = 8/3 - 8/3^(k+1) - 2/3 + 2/3^k 
    = 6/3 - (8/3^(k+1) + 6/3^(k+1)) = 2 - 2/3^(k+1)
    
so this is also true.
",2,2,2,1,2,2,2,Seth,sp23
6,7,Exam 4,learningStudy/WrittenInduction_Recurrence_v3,"We will use induction to prove that g(n) = 2-2/3^n

Base Case:
g(0) = 0
g(1) = 4/3

Inductive hypsothsis: 

For every integer n in 0...n-1 g(n) = 2-2/3^n

Now to finish we need to prove that 2-2/3^n is valid for all natural number n+


",2,1,2,2,1,0,0,Seth,sp23
7,8,Exam 4,learningStudy/WrittenInduction_Recurrence_v3,g(n) = 2 - 2 / 3^n,0,0,0,0,0,0,0,Seth,sp23
8,9,Exam 4,learningStudy/WrittenInduction_Recurrence_v3,"We will use proof by induction.

Base case: We know that g(0) = 0 and g(1) = 4/3. We need to prove that g(n) = 4/3g(n-1)-1/3(g-2) = 2 - 2/3^n for all n >= 2. We need to prove first that g(2) is 2 - 2/3^n. Using teh first equaation, 4/3(4/3) - 1/3(0) = 16/9 which is also 2 - 2/3^2 = 2-2/9 = 18/9 - 2/9 = 16/9. So we know that this works for n = 2. 

Next, we need to prove that this works for all n from 0 to k. This is inductive hypothesis.

The inductive step will be, for all g(k), g(k) = 4/3g(k - 1) - 1/3 g(k-2) whihc is also g(k) = 2 - 2/3^n

...

Therefore we have proven that g(n) = 2 - 2/3^n for all natural number n.",1,2,1,2,1,0,0,Seth,sp23
9,10,Exam 4,learningStudy/WrittenInduction_Recurrence_v3,"Test for base case:  
g(n) = $4/3 *g(n-1)-1/3*g(n-2) = 2-2/(3^n)$  
g(2) = $4/3 *g(2-1)-1/3*g(2-2) = 2-2/(3^2)$   
$(4/3)(4/3) - (1/3)(0) = 2-2/9$  
$16/9 = 16/9$

Assume that eq is true for some value k. and is true for all values from 0 to k - 1.  
Test if eq is true for k + 1:  
$4/3*g(k) - 1/3*g(k-1) = 2-2/(3^k+1)$  
$4/3*(2-2/(3^k)) - 1/3*(2-6/(3^k) = 2-2/(3^k+1)$
$4/3*(2-6/(3^(k+1))) - 1/3*(2-18/(3^(k+1)) = 2-2/(3^k+1)$
$8/3-8/(3^(k+1))) - (2/3-6/(3^(k+1)) = 2-2/(3^k+1)$
$-8/(3^(k+1))) + 6/(3^(k+1)) = -2/(3^k+1)$  
$-2/(3^k+1) = -2/(3^k+1)$

Therfore, by the inductive step. the eq is true for all natural number $n$",1,2,2,2,2,2,2,Seth,sp23
10,11,Exam 4,learningStudy/WrittenInduction_Recurrence_v3,"Proof:
Base case: When n = 2, $\frac{4}{3}g(n-1) - \frac{1}{3}g(n-2) = 8/3 - 0 = 8/3 = 2 - 2/3^n$.
Inductive step: for some k,  $\frac{4}{3}g(n-1) - \frac{1}{3}g(n-2) = 2 - 2/3^n$ where n is from 0...k.
By inductive reasoning,  $\frac{4}{3}g(n-1) - \frac{1}{3}g(n-2) = 2 - 2/3^n$ for any natural number n.",1,2,2,2,0,0,0,Seth,sp23
11,12,Exam 4,learningStudy/WrittenInduction_Recurrence_v3,"Suppose we take n=0 for our base case. g(0) = 2-2/3^0 = 0. 0 = 0 so this case holds

Suppose we take n=1 for our base case. g(0) = 2-2/3^1 = 4/3. 4/3 = 4/3 so both base cases hold.

Next, suppose as our inductive hypothesis that for some k g(n) = $2-2/3^{n}$ for each n in 0...k

Now we need to show that g(k+1) = $2-2/3^{k+1}$

If we seperate the denominator we get $2-\frac{2}{(3^{k} * 3)}$",2,2,2,2,2,0,0,Seth,sp23
12,13,Exam 4,learningStudy/WrittenInduction_Recurrence_v3,"We apply induction on n.

Base case: when n = 0, g(0) = 2-2 = 0. When n = 1, g(1) = 2 - 2/3 = 4/3. Base case is proved.

Induction hypothesis: some some k, g(n) is correct for all natural number n from 0 to k.

induction step: prove that g(n) = 2 - 2/(3^n) for all natural number n.",2,2,2,2,1,0,0,Seth,sp23
13,14,Exam 4,learningStudy/WrittenInduction_Recurrence_v3,"Base case: g(2) = 2 - 2/9 = 1 7/9


",1,1,0,0,0,0,0,Seth,sp23
14,15,Exam 4,learningStudy/WrittenInduction_Recurrence_v3,"Proof:$g(n) = 2 - 2/3^n$ for $n >= 2$

Base cases: g(0) = 2 - 2/3^(0) = 2-2 = 0. g(0) is equivalent in both definitions of g(n), P(0) holds.

g(1) = 2 - 2/3 = 4/3. g(1) is equivalent in both definitions of g(n), P(0) holds.

Inductive hypothesis: $4/3g(n-1) - 1/3 (g(n-2)$ for every n in $2...k, k >= 2$

$(4/3)g(k) - (1/3) g(k-1) = 2 - 2/3$^$(k-1)$ 
",2,2,1,2,0,0,0,Seth,sp23
15,16,Exam 4,learningStudy/WrittenInduction_Recurrence_v3,"
For our base case, we say that g(2) = 4/3*g(2-1) - 1/3*g(2-2) = 2 - 2/(3^2).
The former is equal to 4/3*4/3 - 1/3*0 = 16/9.
The latter is equal to 2 - 2/9 = 16/9. This makes the base case is true.

Next, suppose as our Inductive Hypothesis that  g(k) = 4/3*g(k-1) - 1/3*g(k-2) = 2 - 2/(3^k) when n = 0, 1...k.

Now to finish we need to show that g(k+1) = 4/3*g(k) - 1/3*g(k-1) = 2 - 2/(3^(k+1))

The left hand side can be simplified into 
The right hand side can be simplified into 2 - 2/(3^k + 3)

Thus, our equation to prove i

Knowing our inductive hypothesis, subtracting equal elements leaves us with",1,2,2,2,2,0,0,Seth,sp23
16,17,Exam 4,learningStudy/WrittenInduction_Recurrence_v3,"Proof by induction
Base case: n = 0, n = 1. g(0) = 2 - $2/3^0$ = 0 and g(1) = 2 - $2/3^1$ = $4/3$.  
Inductive hypothesis: g(n) = 2 - $2/3^n$ for all n in 0,...,k.  
Inductive step: we need to prove g(k+1) = 2 - $2/3^{k+1}$  
g(k+1) =  $4/3$*g(k) - $1/3$*g(k - 1)  
g(k+1) = $4/3$(2 - $2/3^{k}$) - $1/3$(2 - $2/3^{k-1}$)  
This equals 2 - $2/3^{k+1}$, which is what we needed to show. QED.
",2,2,2,2,2,2,2,Seth,sp23
17,18,Exam 4,learningStudy/WrittenInduction_Recurrence_v3,"base case: g(0) = 0 and g(1) = 4/3

inductive hypothesis: g(n) = 4/3g(n-1) - 1/3g(n-2) for n >= 2

inductive step: 

g(n) = 2 - 2/3^n for any natural number n
QED",2,1,1,1,0,0,0,Seth,sp23
18,19,Exam 4,learningStudy/WrittenInduction_Recurrence_v3,"g(2) = 4/3*g(1) - 1/3g(0) = 4/3 * 4/3 - 0 = 16/9

g(3) = 4/3*g(2) - 1/3*g(1) = 64/27 - 4/9 =52/27

So g(n) = 2 - 2/(3^n)",0,0,0,0,0,0,0,Seth,sp23
19,20,Exam 4,learningStudy/WrittenInduction_Recurrence_v3,"Taking the base case , n = 0 we get g(0) = 2 - 2/3^0 = 0. Thus the claim is true for base case.

Let the claim be true for all integers n in (0,1,2...k),. So,

g(k) = 2 - 2/3^k, and g(k-1) = 2 - 2/3^k-1

The goal is to prove that it is also true for k + 1.

By the definition of g(n), g(k+1) = 4/3g(k) - 1/3g(k-1)

substituting for g(k) and g(k-1), g(k+1) = 4/3(2-2/3^k) - 1/3(2- 2/3^k-1)

= 8/3 - 8/3^k+1 - 2/3 + 2/3^k  
= 2 - 2/3^k+1 , which is what we needed to show.
",1,2,2,2,2,2,2,Seth,sp23
20,21,Exam 4,learningStudy/WrittenInduction_Recurrence_v3,"hypothesis: suppose that for some k, g(n) = 2-2/(3^n) for each n in 0...k

base case: 
    g(0) = 2-(2/3^0)
    g(1) = 2-(2/3^1)
    g(2) = 2-(2/3^2)

inductive step: g(k+1) = 2- 3/(3^k+1)
",2,1,2,2,2,0,0,Seth,sp23
21,22,Exam 4,learningStudy/WrittenInduction_Recurrence_v3,QAq,0,0,0,0,0,0,0,Seth,sp23
22,23,Exam 4,learningStudy/WrittenInduction_Recurrence_v3,"Proof by induction for $n$.

Inductive predicate: $g(n) = 2- \frac{2}{3^n}$ for any natural number $n$.

Base case: when $n=2$, $g(2) = \frac{4}{3}(g(1))-\frac{1}{3}(g(0)) = \frac{16}{9}$ and $2-\frac{2}{3^2} = \frac{16}{9}$, so base case $g(2)$ is proven.

Inductive hypothesis: Suppose that, for some $k \ge 2$, $g(n) = 2-\frac{2}{3^n}$ for $n$ in $0, 1, ... k$.

Inductive step: we must now find that $g(k+1) = 2-\frac{2}{3^{k+1}}$.

I'm not sure what to do next.",1,2,2,2,2,0,0,Seth,sp23
23,24,Exam 4,learningStudy/WrittenInduction_Recurrence_v3,"Proof inducted on n.
P(n) predicated over all natural numbers n.
Base cases: For P(0), g(0) = 0, 2 - 2/3^0 = 0, so P(0) holds. For P(1), g(1) = 4/3, 2 - 2/3^1 = 4/3, so P(1) holds.
Inductive hypothesis: g(n) = 2 - 2/3^n for n = 0, 1, ..., k, where k >=2.
Inductive step: We need to prove g(k + 1) = 2 - 2/3^(k + 1).
By the definition of g, g(k + 1) = 4/3 * g(k) - 1/3 * g(k - 1).
By the inductive hypothesis, g(k) = 2 - 2/3^k, g(k - 1) = 2 - 2/3^(k - 1).
Substituting in g(k) and g(k - 1), g(k + 1) = 4/3 * (2 - 2/3^k) - 1/3 * (2 - 2/3^(k - 1)).
Simplyfing the right side, we get g(k + 1) = 2 - 4/3 * 2/3^k + 1/3 * 2/3^(k - 1) = 2 - 2/3^(k + 1), which is what we needed to prove.",2,2,2,2,2,2,2,Seth,sp23
24,25,Exam 4,learningStudy/WrittenInduction_Recurrence_v3,"Inductive predicate: $g(n)=2-\frac{2}{3^n}$

Base cases: for $n=0$, $g(0)=0$ and $2-\frac{2}{3^0}=2-2=0$. For $n=1$, $g(1)=\frac{4}{3}$ and $2-\frac{2}{3^1}=\frac{6}{3}-\frac{2}{3}=\frac{4}{3}$. Thus, the inductive predicate holds for both base cases.

Inductive hypothesis: suppose for some $k\in\mathbb{Z}$, $k\geq2$, $g(n)=2-\frac{2}{3^n}$ holds for all $n$ in $0,1,2,\cdots,k$.

Inductive step: we will now show that $g(k+1)=2-\frac{2}{3^{k+1}}$.

From the definition of $g(n)$, $g(k+1)=\frac{4}{3}g(k)-\frac{1}{3}g(k-1)$.

From the inductive hypothesis, this can be rewritten as $g(k+1)=\frac{4}{3}(2-\frac{2}{3^k})-\frac{1}{3}(2-\frac{2}{3^{k-1}})$.

Rearranging, we get $g(k+1)=\frac{8}{3}-\frac{8}{3^{k+1}}-\frac{2}{3}+\frac{2}{3^k}=2-\frac{8}{3^{k+1}}+\frac{6}{3^{k+1}}=2-\frac{2}{3^{k+1}}$, which is what we needed to show.",2,2,2,2,2,2,2,Seth,sp23
25,26,Exam 4,learningStudy/WrittenInduction_Recurrence_v3,"We will prove our claim using induction.  
Base Case: When $g(0), g(0) = 0$ and $g(0)=2-2/1=0$ and when $g(1), g(1)=4/3,$ and $g(1)=2-2/3=4/3$  
Hypothesis: Suppose that for some k >= 0, $g(n)=2-2/3^n$ for each n in 0..k  
Next we will prove that g(k+1)=2-2/3^(k+1).  
$g(k+1)=(4/3)g(k)-(1/3)g(k-1) = (4/3)(2-2/3^k)-(1/3)(2-2/3^k-1)$  
$=((8/3)-(8/3^k+1))-((2/3)-(2/3^k)$ = 2-2/3^(k+1) = g(k+1).  
This is what we were trying to show, thus we have proven our claim by induction.  ",2,2,2,2,2,2,2,Seth,sp23
26,27,Exam 4,learningStudy/WrittenInduction_Recurrence_v3,"Proof by Induction on n

For our base case, note that when n=0 g(0)=2-2/1=0 and when n=1 g(1)=2-2/3=4/3

Suppose as our Inductive Hypothesis that g(n)=2-2/3^n for n in 0...k+1 k$\geq$0

Now to finish we need to show that g(k+1)=2-2/3^(k+1)",2,2,2,2,1,0,0,Seth,sp23
27,28,Exam 4,learningStudy/WrittenInduction_Recurrence_v3,"For our base cases, consier n = 0 and n = 1. g(0) = 0, and 2-2/3^0 = 0, and g(1) = 4/3 and 2-2/3^1 = 4/3.

Now for our induction hypothesis consider some natural number k such that g(n) = 2-2/3^n for all n in 0...k.

So, we need to show that g(k+1) = 2-2/3^(k+1). By the definition of g, g(k+1) = 4/3g(k)-1/3g(k-1). By the induction hypothesis, this can be rewritten as 4/3(2-2/3^k)-1/3(2-2/3^(k-1)). This can be rewritten as 2 - (8/3^(k+1)-6/3^(k+1) = 2-2/3^(k+1), which is what we needed to show.",2,2,2,2,2,2,2,Seth,sp23
28,29,Exam 4,learningStudy/WrittenInduction_Recurrence_v3,"our base case is g(2) = 4/3 *g(1) - 1/3g(0) = 16/9. g(2) = 2 - 2/9 = (18 - 2) / 9 = 16/9

our inductive hypothesis is that  g(n) = 4/3 *g(n-1) - 1/3g(n-2) = 2 - 2/3^n for all k 0 ... k

we need to prove g(k) = 4/3 *g(k-1) - 1/3g(k-2) = 2 - 2/3^k",2,2,2,1,1,0,0,Seth,sp23
29,30,Exam 4,learningStudy/WrittenInduction_Recurrence_v3,"For our base case we have $g(0) = 2 - \frac{2}{3^0} = 0$ and $g(1) = 2 - \frac{2}{3^1} = \frac{4}{3}$

As our hypothesis lets assume that $g(n) = 2 - \frac{2}{3^n}$ for every $n$ from $2..k-1$

We need to show that $g(k) = 2 - \frac{2}{3^{k}}$
",2,2,2,2,2,0,0,Seth,sp23
30,31,Exam 4,learningStudy/WrittenInduction_Recurrence_v3,"Prove by induction.
Base case: g(0):LHS=0=RHS, so it is true for n = 0.  
g(1): LHS = 4/3 =RHS, so it is true for n = 1.  
g(2): LHS =16/9 = RHS, so it is true for n = 2. 
Consider it is true for n = k, and prove it is true for n = k + 1.
Then g(k) = 4/3g(k-1) - 1/3g(k-2) is true.  
Consider n = k + 1.  
g(k+1) = 4/3g(k+1-1) - 1/3g(k+1-2)",2,1,2,1,2,2,0,Seth,sp23
31,32,Exam 4,learningStudy/WrittenInduction_Recurrence_v3,"We will use proof by induction.

Base Case: When g(0) = 2-2/3^0, which is equal to 0, and 0 is a natural number. Consider another base case when g(1), which would equal 2-2/3^1 which would evaluate to 4/3.

Induction Hypothesis: For some value k, g(n) = 2 - 2/3^n for any natural number n in 0...k.

Induction Step: Consider g(k) = 2-2/3^k and g(k) = 2-2/3^(k+1).

Induction Result:

Therefore, g(n) = 2 - 2/3^n for any natural number n, which is what we need to prove.",2,2,2,2,0,0,0,Seth,sp23
32,33,Exam 4,learningStudy/WrittenInduction_Recurrence_v3,"When $n = 2, (4/3g(2-1)) - 1/3g(2-2) = 4/3(4/3) - 1/3(0) = 16/9.$  
$2-(2/3^2) = 16/9$ meaning that $(4/3g(2-1)) - 1/3g(2-2) = 2-(2/3^2)$. 
 
For some $k, (4/3g(n-1))-(1/3g(n-2)) = 2-(2/3^n)$ for each $k$ in $3,4,5,...,k$.

Now I will prove that $(4/3g(k))-(1/3g(k-1)) = 2-(2/3^(k+1))$.  
  
  ...",1,2,2,1,2,0,0,Seth,sp23
33,34,Exam 4,learningStudy/WrittenInduction_Recurrence_v3,$g(n) = 2-$$2\over3^n$ for any natural number $n$,0,0,0,0,0,0,0,Seth,sp23
34,35,Exam 4,learningStudy/WrittenInduction_Recurrence_v3,"Let the base case be for n = 2: 

At n = 2, g(n) = 16/9 = 2 - 2/9

Inductive hypothesis: Suppose for all n that is represented by integers k ranging from 2 to k, 4/3 * g(n-1) - 1/3 * g(n-2) = 2 - 2/3^n

Inductive step: prove that 4/3 * g(k) - 1/3 * g(k-1) = 2 - 2/3^k + 1

plug in g(n) into the left hand side of the equation to simplify it. ",1,2,2,2,2,0,0,Seth,sp23
35,36,Exam 4,learningStudy/WrittenInduction_Recurrence_v3,"Suppose as our Inductive Hypothesis for some $k >= 0 $, $f(n) = 2 - (2/3^n)$ for n in $0...k$

Now we need to prove that $g(k+1)=2-(2/3^k+1)$.",0,0,1,2,2,0,0,Seth,sp23
36,37,Exam 4,learningStudy/WrittenInduction_Recurrence_v3,"For all natural numbers n, g(n) = 2 - 2/3^n. For our base case, note that when n = 1, g(1) = 4/3. Next suppose as our inductive hypothesis that for some k, g(n) = 2 - 2/3^n, for each n in 0...k. Once solved we see that the answer is n > or equal to 2, which is what we needed to show.",1,1,2,2,0,0,0,Seth,sp23
37,38,Exam 4,learningStudy/WrittenInduction_Recurrence_v3,"Base cases: $g(0) = 2-\frac{2}{3^0} = 2-2=0$ and $g(1) = 2-\frac{2}{3^1} = 2-\frac23=\frac43$

Inductive Hypothesis: $2-\frac{2}{3^n} = \frac43g(n-1)-\frac13g(n-2)$ for $n$ in $2, 3 ... k$

Inductive Step: $2-\frac{2}{3^{k+1}}=\frac43g(k)-\frac13g(k-1)$

From the definition of $g(n)$, we can substitute to get:

$2-\frac{2}{3^{k+1}}=\frac43*(2-\frac{2}{3^k})-\frac13*(2-\frac{2}{3^{k-1}})$

$2-\frac{2}{3^{k+1}}=\frac83-\frac{8}{3^{k+1}}-\frac23-\frac{2}{3^k}$

$2-\frac{2}{3^{k+1}}=2-\frac{8}{3^{k+1}}-\frac{6}{3^{k+1}}$

$2-\frac{2}{3^{k+1}}=2-\frac{2}{3^{k+1}}$

QED.",2,2,2,2,2,2,2,Seth,sp23
38,39,Exam 4,learningStudy/WrittenInduction_Recurrence_v3,"suppose n = 0
g(n) = 0 
Since g(0) = 0 the following claims hold true for all cases.

g(n) = 2 - 2/3^n",1,1,0,0,0,0,0,Seth,sp23
39,40,Exam 4,learningStudy/WrittenInduction_Recurrence_v3,"For our base case, let n = 0. Then g(0) = 2-2 = 0.

We must prove that (2 - 2/3^(k-1)) holds for all g(k+1) where k is any natural number. 

Since this always results in a number, our hypothesis is true.",2,2,0,0,0,0,0,Seth,sp23
40,41,Exam 4,learningStudy/WrittenInduction_Recurrence_v3,.,0,0,0,0,0,0,0,Seth,sp23
41,42,Exam 4,learningStudy/WrittenInduction_Recurrence_v3,"Prove by induction on $n$.

$P(n): g(n) = 2 - \frac{2}{3^n}$ for all natural number $n$.

Base case: when $n = 0$, $g(n) = 2-2 = 0$, which is right. when $n = 1$, $g(n) = 2-\frac23 = \frac43$, which is right

Suppose $p(n)$ is true for $n = 1, 2, ..., k-1$.

We need to prove $p(n)$ is true for $n = k$.

$p(k)$: $\frac{4}{3}g(n-1)-\frac{1}{3}g(n-2) = 2 - \frac{2}{3^n}$, for $n \geq 2$.


Left side is equal to: $\frac43(2-\frac2{3^{k-1}}) - \frac13(2-\frac2{3^{k-2}})$, based on the induction hypothesis.

Rearanging, $2-\frac{8}{3^k}+\frac{2}{3^{k-1}} = 2 - \frac{2}{3^n}$

So the left is equal to right, $p(k)$ is true.

Q.E.D.
",2,2,2,2,2,2,2,Seth,sp23
42,43,Exam 4,learningStudy/WrittenInduction_Recurrence_v3,"Proof by induction on n:

Claim: $g(n) = 2 - 2/3^n$, for any natural number n

Base case: g(0) = 0 = 2-2/3^0 = 2-2=0, g(1) = 4/3 = 2-2/3^1 = 2-2/3 = 4/3. Thus both base cases are satisfied by the claim

Hypothesis: $\frac43g(k-1)-\frac13g(k-2) = 2-2/3^k$, for each n in 0, ... k

Inductive step: $\frac43g(k)-\frac13g(k-1) = 2-2/3^{k+1}$, for each n in 0, ... k+1",2,2,1,2,1,0,0,Seth,sp23
43,44,Exam 4,learningStudy/WrittenInduction_Recurrence_v3,"For our base case, note that for n = 2, g(n) = 4/3(g1) -1/3g(0) = 16/9 and that 2 - 2/3^n = 16/9.    
Now, for our inductive hypothesis, suppose that for some value k, $g(n) = 2 - 2/3^n = 4/3g(n-1) -1/3g(n-2)$ where $ n = (2...k)$   
Now to finish our proof, we must prove that $g(k) = 2 - 2/3^k$    
Given that $n = k - 1, g(k) = g (n+1) = 2 - 2/3^n+1$   
$2 - 2/3^(n+1) = 2 - 2/3*3^n$",1,2,2,2,1,0,0,Seth,sp23
44,45,Exam 4,learningStudy/WrittenInduction_Recurrence_v3,"We will use proof by induction.

Inductive Predicate: g(n) = 2 - 2/3^n for all natural numbers n.

Base cases: 

g(0) = 2 - 2/2 = 0 - 1 = 0; g(1) = 2 - 2/3 = 4/3;

g(2) = 2 - 2/9 = 16/9. g(2) = 4/3 * g(1) - (1/3) * g(0) = 16/9 - 0 = 16/9.

Inductive Hypothesis: g(n) = For some k. g(n) 2 - 2/3^n for each n in 0 . . . k.

Inductive Step: g(k + 1) = 2 - 2/(3^(n + 1)).",2,2,2,2,1,0,0,Seth,sp23
45,46,Exam 4,learningStudy/WrittenInduction_Recurrence_v3,"base case:  g (0) = 2 - 2 = 0; g(1) = 2 - 2/3 = 4/3
when g = 2, g(2 ) = 4/3 * 4/3  - 1/3 * 0  = 2- 2/9
for some k we need to prove that for some k, 4/3g(n - 1) - 1/3(n - 2) = 2 - 2/3^n for k = all natural numbers
we need to prove that 4/3g(k - 1) - 1/3(k - 2) = 2 - 2/3^k 
 [rest of proof omitted]",2,2,0,0,0,0,0,Seth,sp23
46,47,Exam 4,learningStudy/WrittenInduction_Recurrence_v3,"proof:

base case:g(2) =2-2/3^2 = 2-2/9 = 16/9",1,1,0,0,0,0,0,Seth,sp23
47,48,Exam 4,learningStudy/WrittenInduction_Recurrence_v3,"Proof by induction on $n$.

**Inductive Predicate:** $g(n) = 2 - \frac{2}{3^n}$ for any natural number $n$.

**Base cases:** 
* For $n = 0, g(0) = 0$, and $2 - \frac{2}{3^0} = 2-2 = 0$, which holds.
* For $n = 1, g(1) = \frac{4}{3}$, and $2 - \frac{2}{3^1} = \frac{4}{3}$, which holds.

**Inductive hypothesis:** For some natural number $k$, $g(n) = 2 - \frac{2}{3^n} \text{for all n in the range } 0..k-1$

**Inductive Step:** Show that $g(k) = 2 - \frac{2}{3^k}$

By the definition of g. we get $g(k) = \frac{4}{3}g(k-1) - \frac{1}{3}g(k-2)$.

By the Inductive hypothesis, we get $g(k) = \frac{4}{3}(2 - \frac{2}{3^{k-1}}) - \frac{1}{3}(2 - \frac{2}{3^{k-2}})$.

Through algebra, we get $\frac{8}{3} - \frac{2}{3} - \frac{8}{3^k} + \frac{2}{3^{k-1}} = 2 - \frac{2}{3^k}$, which is what we needed to prove.

**QED**",2,2,2,2,2,2,2,Seth,sp23
48,49,Exam 4,learningStudy/WrittenInduction_Recurrence_v3,"g(2) = 16/9 

The values for the first g(n) and second g(n) always equal one another.

Therefore, the claim holds.",1,1,0,0,0,0,0,Seth,sp23
49,50,Exam 4,learningStudy/WrittenInduction_Recurrence_v3,"Proof by induction for n.  
Base Case: $(n = 0) \implies$ $2 - 2/(3^0) = 0$ and $(n = 1) \implies$ $2 - 2/(3^1) = 4/3$.  
Both base cases hold.  
Suppose for some natural number k, the claim holds true for  $0...k - 1$.  
$g(k) = 4g(k-1)/3 - 1g(k-2)/3$  
$= 4(2-2/3^{k-1})/3 - (2 - 2/(3^{k-2}))/3 = 8/3 - 8/3^k -2/3 + 2/3^{k-1}$  
$= 8/3 - 8/3^k -2/3 + 6/3^{k} = 6/3 - 2/3^k = 2 - 2/3^k$.  
Therefore, the claim holds for all natural numbers, QED.
",2,2,2,2,2,2,2,Seth,sp23
50,51,Exam 4,learningStudy/WrittenInduction_Recurrence_v3,"$g(n)=2-2/3^n$ for any natural number n.


 For our base case, when n=0. $g(n)=2-2/3^n=0$, when n=1. $g(n)=2-2/3^n=4/3$
 
 
  Next, suppose as our Inductive Hypothesis that for some k, $g(n)=2-2/3^n$ for n in 0...k
  
  ",2,2,2,2,0,0,0,Ben,sp23
51,52,Exam 4,learningStudy/WrittenInduction_Recurrence_v3,"Proof by induction on $n$.  
The inductive predicate is $P(n): g(n) = 2-\frac{2}{3^n}$.  
The base cases are when $n=0$ and $n=1$. When $n=0$, $g(0)=0$ and $2-\frac{2}{3^0} = 2-2=0$. When $n=1$, $g(1) = \frac{4}{3}$ and $2-\frac{2}{3^1}=\frac{4}{3}$. So $P(0)$ and $P(1)$ hold.

The inductive hypothesis is that there is some natural number $k \ge 2$ such that $g(n) = 2-\frac{2}{3^n}$ from every $n$ in $0 \dots k-1$. Then, the inductive step would be to show that $g(k) = 2-\frac{2}{3^k}$.

From the definition of $g(n)$, we know that $g(k) = \frac{4}{3}g(k-1)-\frac{1}{3}g(k-2)$. But we know from the inductive hypothesis that $g(k-1) = 2-\frac{2}{3^{k-1}}$ and $g(k-2)=2-\frac{2}{3^{k-2}}$. 

So we have $g(k)=\frac{4}{3}(2-\frac{2}{3^{k-1}})-\frac{1}{3}(2-\frac{2}{3^{k-2}})$  
$=8/3-8/3^k -2/3 +2/3^{k-1} = 2-\frac{2}{3^k}$, which is what we needed to show.",2,2,2,2,2,2,2,Ben,sp23
52,53,Exam 4,learningStudy/WrittenInduction_Recurrence_v3,"Base case: g(0) = 2 - $2/$$3^n$ = 2 - 2 = 0, g(1) = 2 - $2/$$3^1$ = 4/3

Inductive hypothesis: Let g(n) = 2 - $2/$$3^n$ for all n in 0...k

Inductive step: Let n = k + 1

2 - 2/$3^{n+1}$ ",2,2,2,2,1,0,0,Ben,sp23
53,54,Exam 4,learningStudy/WrittenInduction_Recurrence_v3,"g(0)=0=2-2

g(1)=4/3=2-2/3

$g(2)=4/3*g(1)-1/3*g(0)=4/3*4/3=16/9=2-\frac{2}{3^2}$

Suppose claim is true for n = 2,...,k-1. $g(k-1) = 2-\frac {2}{3^{k-1}}$, $g(k-2) = 2-\frac {2}{3^{k-2}}$

n = k, $g(k) = 4/3* (2-\frac {2}{3^{k-1}})-1/3*(2-\frac {2}{3^{k-2}}) = 2-\frac 2 {3^k}$

",2,2,2,1,2,2,2,Ben,sp23
54,55,Exam 4,learningStudy/WrittenInduction_Recurrence_v3,"Claim: $g(n) = 2 - \frac{2}{3^n}$ for any natural number n.

Proof: We will prove this claim through induction.

Base Case: $g(0) = 2 - \frac{2}{3^0} = 0$

$g(1) = 2 - \frac{2}{3^1} = \frac{2}{3}$ 

g(2) = 4/3(4/3) - (1/3)(0) = 16/9 and $g(2) = 2 - \frac{2}{3^2} = \frac{16}{9}$.

We will assume that $g(n) = 2 - \frac{2}{3^n}$, for 0...n, where n is some natural number.

When n = n + 1, $g(n+1) = 2 - \frac{2}{3^{n+1}} = \frac{4}{3}g(n) - \frac{1}{3}g(n-1)$.

$\frac{4}{3}(2 - \frac{2}{3^n}) - \frac{1}{3}(2 - \frac{2}{3^{n-1}})$ can be simplified to 2 - 2/(3^n), which what we wanted to show. Because of mathematical induction, we can conclude that $g(n) = 2 - \frac{2}{3^n}$ for any natural number n.",2,2,2,1,1,2,2,Ben,sp23
55,56,Exam 4,learningStudy/WrittenInduction_Recurrence_v3,"Base case: When n=0, $g(n)=2-\frac{2}{3^{0}}=0=g(0)$, When n=1, $g(n)=2-\frac{2}{3^{1}}=\frac{4}{3}=g(1)$, therefore, the case case is true.

Induction hypothesis: We claim that for some k $g(k+1)=\frac{4}{3}g(k)-\frac{1}{3}g(k-1)=2-\frac{2}{3^{k+1}}$ is true for 0,1,2,...,k+1. 

Based on induction. we could express left of the equation as $\frac{4}{3}(\frac{4}{3}g(k-1)-\frac{1}{3}g(k-2))-\frac{1}{3}(\frac{4}{3}g(k-2)-\frac{1}{3}g(k-3))$ 

After we simplified the expression, we get that $g(k+1)=2-\frac{2}{3^{k+1}}$, which is what we need to prove.

Hence, we prove the claim is ture",2,2,2,2,2,1,0,Ben,sp23
56,57,Exam 4,learningStudy/WrittenInduction_Recurrence_v3,"Base case: g(0) = 0 but 2 - 2/3^0 = 0. Then, the claim holds true for n = 0

Induction: Let g(n) = 2- 2/3^n for all values of n from 0...k -1  where k is a natural number
We need to prove that g(k + 1) = 2 - 2/3^k+1
Solving i by substitutinh g(n) = 4/3 g(n-2) - 1/3 g(n-2), we get g(k+1) =  2- 2 ^ k+1

QED",1,2,2,2,1,0,0,Ben,sp23
57,58,Exam 4,learningStudy/WrittenInduction_Recurrence_v3,"Proof by induction for n

Induction predicate: g(n) = 2 - 2/3^n for any natural number n

Base case: For n = 0, g(0) = 2 - 2/3^0 = 0 which is equal to g(0) = 0. For n = 1, g(1) = 2 - 2/3^1 = 4/3 which is equal to g(1) = 4/3. For n = 2, g(2) = 4/3g(1) - 1/3g(0) = 16/9, which is equal to g(2) = 2-2/3^2 = 2-2/9 = 16/9.

Induction hypothesis: g(n) = 2 - 2/3^n for n in 0...k - 1

Induction step: g(k) = 2 - 2/3^k

which is what we wanted to prove",2,2,2,2,2,0,0,Ben,sp23
58,59,Exam 4,learningStudy/WrittenInduction_Recurrence_v3,"Let n be any number greater than 2.
    
Base case n = 2:    
4/3(1) - 1/3(g(0)) = 4/3

2 - 2/3^2 = 4/3

Base case n = 3:    
4/3(2) - 1/3(g(1)) = 2 - 2/3^3

Therefore, g(n)=2 - $2/3^n$ for any natural number n. QED.",1,1,0,0,0,0,0,Ben,sp23
59,60,Exam 4,learningStudy/WrittenInduction_Recurrence_v3,"Base case is that g(0) = 0 and g(1) = 4/3

For any integer k >= 2, prove that g(n) = 2 - 2/3^n

If n = 2, g(2) = 4/3*g(1) - 1/3*g(0). This becomes 4/3 * 4/3 = 16/9 = 1 7/9

Similarly, 2 - 2/3^2 = 2 - 2/9 = 1 7/9.

Therefore, g(n) = 2-2/3^n for any natural number n, which is what we wanted to prove.",2,0,0,0,0,0,0,Ben,sp23
60,61,Exam 4,learningStudy/WrittenInduction_Recurrence_v3,"base case: n = 0, g(0) = 4/3*0*(0 - 1) - 1/3*0*(0-2) = 0 g(0) = 2-2/0! = 0",1,1,0,0,0,0,0,Ben,sp23
61,62,Exam 4,learningStudy/WrittenInduction_Recurrence_v3,"base case: when n = 0, g(0) = 0. When n = 1, g(1) = 2 - 2/3 = 4/3. When n = 2, g(2) = 4/3 * 4/3 - 0 = 16/9 = 2 - 2/9, so n = 0, 1, 2 all satisfiess.

Hypothesis: suppose that g(n) = 2 - 2/3^n for n = 0, 1, 2, ... k - 1, where k >= 3.

Thus we need to prove that g(n) = 2 - 2/3^n works when n = k.

g(k) = 4/3*(g(k - 1)) - 1/3*(g(k - 2)). Since g(n) = 2 - 2/3^n works for both n = k - 1 and n = k - 2, we have g(k) = 4/3*(2 - 2/3^(k - 1)) - 1/3*(2 - 2/3^(k - 2)) = 8/3 - 8/3^(k) - 2/3 + 2/3^(k - 1) = 2 - 2/3^k, which is what we need to know.",2,2,2,2,2,2,2,Ben,sp23
62,63,Exam 4,learningStudy/WrittenInduction_Recurrence_v3,"For our base case, note g(0) = 0.

For some k, g(n) = 2 - 2/3^n for some n in 0...k

Now we finish by showing g(k) = 2 - 2/3^k for any natural number k.

I do not know how to prove this",1,0,2,1,1,0,0,Ben,sp23
63,64,Exam 4,learningStudy/WrittenInduction_Recurrence_v3,"Base case: Checking the claim for $n = 1, 2$, we get:  
LHS: $g(1) = 1, g(2) = \dfrac{4}{3}g(1) - \dfrac{1}{3}g(0) = \dfrac{16}{9}$.  
RHS: $g(1) = 2 - \dfrac{2}{3} = \dfrac{4}{3}, g(2) = 2 - \dfrac{2}{3^2} = 2 - \dfrac{2}{9} = \dfrac{16}{9}$.  
As LHS = RHS, the claim holds true for the base case of $n = 1, 2$.

Let the proposition hold true for some $k \in \mathbb{N}$.  
$\rightarrow g(k) = \dfrac{4}{3}g(k -1 ) - \dfrac{1}{3}g(k - 2) =  2 - \dfrac{2}{3^k}$.  

Finding $g(k + 1)$,   
$= \dfrac{4}{3}g(k) - \dfrac{1}{3}g(k-1)$  
$= 2 - \dfrac{2}{3^k} - \dfrac{1}{3} g(k - 1)$  
$= 2 - \dfrac{2}{3^{k+1}}$.  
Therefore, the proposition holds for $k + 1$, which implies that by induction, the claim holds for $n = k$.  
Thus, this claim is true. ",2,2,2,1,2,2,1,Ben,sp23
64,65,Exam 4,learningStudy/WrittenInduction_Recurrence_v3,"We are performing induction on $n$.

The inductive hypothesis is for any natural number $n$, $g(n) = 2 - \frac{2}{3^n}$ for $n$ in $0,1,...,k - 1$, where $k - 1 >= 2$.

For the base case $n=0$, $g(0)=\frac{4}{3}g(0-1)-\frac{1}{3}g(0-2)=0$, and $g(0)=2 - \frac{2}{3^0} = 0$, so the base case is true. For the base case $n=1$, $g(1)=\frac{4}{3}g(1-1)-\frac{1}{3}g(1-2)=\frac{4}{3}$, and $g(1)=2 - \frac{2}{3^1} = \frac{4}{3}$, so the base case is true.

We must prove that when $n=k$, $g(k)=2-\frac{2}{3^{k}}$. 

When $n =k, g(k)=\frac{4}{3}g(k-1)-\frac{1}{3}g(k-2)=\frac{4}{3}(2-\frac{2}{3^{k-1}})-\frac{1}{3}(2-\frac{2}{3^{k-2}})$. Taking out the scalar multiplier of $\frac{1}{3}$ gives $\frac{1}{3}[4(2-\frac{2}{3^{k-1}})-(2-\frac{2}{3^{k-2}})]=\frac{1}{3}[8-\frac{8}{3^{k-1}}-2+\frac{2}{3^{k-2}}]=\frac{1}{3}[6-\frac{8}{3^{k-1}}+\frac{2}{3^{k-2}}]$.

Through the laws of exponents, the component $-\frac{8}{3^{k-1}}+\frac{2}{3^{k-2}}=-\frac{8}{3^{k}{3^{-1}}}+\frac{2}{3^{k}{3^{-2}}}=-\frac{24}{3^{k}}+\frac{18}{3^{k}}=-\frac{6}{3^k}$.

Plugging this expression back in gives $g(k)=\frac{1}{3}[6-\frac{6}{3^k}]=2-\frac{2}{3^k}$, which is what we needed to prove.

",2,1,2,2,2,2,2,Ben,sp23
65,66,Exam 4,learningStudy/WrittenInduction_Recurrence_v3,do not know,0,0,0,0,0,0,0,Ben,sp23
66,67,Exam 4,learningStudy/WrittenInduction_Recurrence_v3,"base cases: g(0) = 2 - 2 = 0. g(1) = 2 - 2/3 = 4/3. Inductive Hypothesis: there is some value k such that g(n) is true for 0,1,2,3...k. Inductive Step: g(k) = 4/3g(k-1) - 1/3g(k-2).",2,2,2,2,0,1,0,Ben,sp23
67,68,Exam 4,learningStudy/WrittenInduction_Recurrence_v3,"Proof bu induction on n.

For our base case, note that when n = 2, g(n) = 16/9.

Next, suppose as our inductive hypothesis that for some integer k, g(n) = 4/3g(n-1) - 1/3g(n-2) for n = 2 ... k. where k >= 0.

Now to finish we need to show that g(k - 1) = 4/3g(k - 2) - 1/3g(k - 3).

When k = 2, g(k) = 2 - 2/3^k. Therefore, g(n) = 2 - 2/3^n. QED",1,1,1,1,1,0,0,Ben,sp23
68,69,Exam 4,learningStudy/WrittenInduction_Recurrence_v3,"Base case:
g(0) = 2-2=0

g(1) = 2-(2/3)=4/3

suppose that g(n) = 2-(2/3^n) is true for n = 0,1,2,..,k.

Then we need to prove that when n = k+1, g(n)) = 2-(2/3^n is true.",2,2,2,2,2,0,0,Ben,sp23
69,70,Exam 4,learningStudy/WrittenInduction_Recurrence_v3,proof: when n = 0. g(n)=4/3g(-1)-1/3g(-2). which we cant proof the claim,1,0,0,0,0,0,0,Ben,sp23
70,71,Exam 4,learningStudy/WrittenInduction_Recurrence_v3,"base case: when n=0 $g(0)=0=2-2/1$
assume when ...
so when g(k+1)=...
",1,2,0,0,0,0,0,Seth,sp23
71,72,Exam 4,learningStudy/WrittenInduction_Recurrence_v3,"since our bases cases exhibit what we need, we know that this is in fact true due to vacousness",0,0,0,0,0,0,0,Seth,sp23
72,73,Exam 4,learningStudy/WrittenInduction_Recurrence_v3,"In our base case,we can show that g(0) = 2-2/1=0, g(1) = 2-2/3=4/3, and g(2) = 2-2/9=16/9 = 4/3*4/3 - 1/3*0. Suppose our inductive hypothesis states that g(n)=2-2/3^n for n in 0,1,2,......,k, we want to prove that g(k+1) = 2-2/3^(k+1) = 4/3g(k)-1/3g(k-1).",2,2,2,2,2,0,0,Seth,sp23
73,74,Exam 4,learningStudy/WrittenInduction_Recurrence_v3,"Lets prove by induction and let P(n) = to the claim above. 

Base cases: when n = 0; then 2 - (2/3^0) = 0 which is equal to g(0) = 0 so the claim is true for P(0) 

when n = 1 then 2 - (2/3^1) = 4/3 which is equal to g(1) = 4/3 so the claim is true for P(1)

Inductive hypothesis: For a natural number k, g(k) = 2 - (2/3^k).

Inductive step : Let us prove with k = k + 1, so g(k+1) = 4/3g(k+1-1) - 1/3g(k+1-2) 

Simplified, g(k + 1) = 4/3g(k) - 1/3g(k - 1)


So g(k) = 2 - (2/3^k) for any natural number k, QED. ",2,2,2,1,1,2,0,Seth,sp23
74,75,Exam 4,learningStudy/WrittenInduction_Recurrence_v3,"Base case: g(0) = 0, true; g(1) = 4/3, true

Inductive hypothesis: suppose that for some k, g(n) holds for all n in 2...k

Inductive step: show that g(n) holds for some k+1

let g(k+1) = 4/3g(k) - 1/3g(k-1)

so (4g(k) - g(k-1))/3 = g(k+1)



so g(k+1) = 2 - 2/3^(k+1), which is what we needed to show",2,1,2,2,2,2,0,Seth,sp23
75,76,Exam 4,learningStudy/WrittenInduction_Recurrence_v3,"Proof: We will use proof by induction.

Base Case: Let n = 2. (4/3)g(2-1) - (1/3)g(2-2) = (4/3)g(1) - (1/3)g(0) = (4/3)(4/3) = (16/9). Eqivelently, 2 - 2 / 3^2 = (16/9).

Inductive hypothesis. For some value n, 4/3g(n-1) - (1/3)g(n-2) = 2 - 2 / 3^n where each n is 2...k.

Induction: Using substitution, (4/3)(2 - 2 / 3^(k-1)) - (1/3)(2 - 2 / 3^(k-2)). Simplifying this expression,",1,2,2,2,1,2,0,Seth,sp23
76,77,Exam 4,learningStudy/WrittenInduction_Recurrence_v3,"for our base case, note that if n = 0, g(0) = 0 and 2-2/1 = 0.

our inductive hypothesis is for some k, g(n) = 2-2/3^n for each n in 0 ... k.

because this claim holds true for all natural numbers >= 2, this is true by induction.",1,2,2,2,0,0,0,Seth,sp23
77,78,Exam 4,learningStudy/WrittenInduction_Recurrence_v3,"Using n for induction

Base case: g(0) = 0 and g(1) = 4/3

Hypothesis:

We need to prove:",2,1,0,0,0,0,0,Seth,sp23
78,79,Exam 4,learningStudy/WrittenInduction_Recurrence_v3,"plug in n = 2 as base

4/3g(n-1) - 1/3g(n-2) =

4/3g(1) - 1/3g(0) = 

16/9 - 0 =

16/9",1,1,0,0,0,0,0,Seth,sp23
79,80,Exam 4,learningStudy/WrittenInduction_Recurrence_v3,Not sure.,0,0,0,0,0,0,0,Seth,sp23
80,81,Exam 4,learningStudy/WrittenInduction_Recurrence_v3,"For some k in each n 0...k then g(k) = 2 - (2/3^k).         
If k is a natural number 2 then g(2) = 2  - (2/3^2) which is 16/9. 
g(2) = 4/3g(2-1) - 1/3g(2-2),       
then g(2) = 4/3 * 4/3 - 1/3 * 0. g(2) = 16/9   
16/9 = 16/9 which is what we needed to show. ",1,2,1,2,0,0,0,Seth,sp23
81,82,Exam 4,learningStudy/WrittenInduction_Recurrence_v3,"I spent too much time on the first proof oops, this doesn't seem difficult though",0,0,0,0,0,0,0,Seth,sp23
82,83,Exam 4,learningStudy/WrittenInduction_Recurrence_v3,I do not really know how to use induction to prove that g(n) = 2 - (2/(3^n)) for any natural number n.,0,0,0,0,0,0,0,Seth,sp23
83,84,Exam 4,learningStudy/WrittenInduction_Recurrence_v3,"For our base case, $g(2) = 4/3*g(1) - 1/3*g(0) = 16/9$ and $g(2) = 2 - 2/3^2 = 16/9$.

Suppose for our inductive hypothesis that for some k, $g(n) = 2 - 2/3^n$ for each n in 0 ...k.

$g(k + 1) = (2*3^(k+1) - 2)/(3^(k+1))$

and $g(k + 1) = 4/3*g(k) - 1/3*g(k - 1) = (2*3^(k+1) - 2)/(3^(k+1))$ which is what we needed to prove.",1,2,2,2,1,2,0,Seth,sp23
84,85,Exam 4,learningStudy/WrittenInduction_Recurrence_v3,idk,0,0,0,0,0,0,0,Seth,sp23
85,86,Exam 4,learningStudy/WrittenInduction_Recurrence_v3,"The base case is to check if g(2) holds true, as 2 is the lower limit of value that n can hold.

LHS = g(2) = 2 - 2/(3^2) = 2 - 2/9 = 16/9

RHS = (4/3)g(2 - 1) - (1/3)g(2 - 2) => (4/3)(4/3) - (1/3)(0) => 16/9. The base case is proved.

My inductive step would be to rearrange the equation.

g(n) = 2 - (2/(3^2)) = (4/3)g(n - 1) - (1/3)g(n - 2) 

=> (4/3)g(n - 1) - (1/3)g(n - 2) + (2/ (3^n)) = 2

Now we can check if it holds true for a given natural number.

(inductive step) let n = 3
(4/3)g(2) - (1/3)g(1) - (2 / (3^n)) = (4/3)(16/9) - (1/3)(4/3) + (2 / (3^3))

=> 64/27 - 4/9 + 2/27 => (64 - 12 + 2)/27 => 54 / 27 => 2",1,2,0,0,0,0,0,Seth,sp23
86,87,Exam 4,learningStudy/WrittenInduction_Recurrence_v3,"Proof by induction on $n$  
Base case: For $n = 0, 1$, $g(0) = 2-\frac{2}{3^0} = 0$, and $g(1) = 2 - \frac{2}{3^1} = \frac{4}{3}$, so the base cases hold.  
Inductive hypothesis: For any $n = 0,...,k$, $g(n) = 2-\frac{2}{3^n}$  
Inductive step: For $n = k+1$, we need to show that $g(k+1) = 2-\frac{2}{3^{k+1}}$  
$g(k+1) = \frac{4}{3}g(k) - \frac{1}{3}g(k-1) = \frac{4}{3}\left(2-\frac{2}{3^k}\right) - \frac{1}{3}\left(2-\frac{2}{3^{k-1}}\right) = 2 - \frac{8}{3^{k+1}} + \frac{2}{3^k} = 2 + \frac{-8 + 6}{3^{k+1}} = 2 - \frac{2}{3^{k+1}}$  
which is what we were trying to prove.",2,2,2,2,2,2,2,Seth,sp23
87,88,Exam 4,learningStudy/WrittenInduction_Recurrence_v3,"Suppose predicate $P(n)$ holds when $g(n) = 2 - 2/3^n$ for all natural numbers $n$.<br>
Base case: when $n = 0$, $g(0)=0$, $2 - 2/3^0 = 2 - 2=0$, so $P(0)$ holds. when $n = 1$, $g(1) = 4/3$ and $2 - 2/3^1 = 2 - 2/3 = 4/3$, so $P(1)$ holds.<br>
Inductive hypothesis: $P(n)$ holds for some $n$ that $n = 0, 1, 2,...,k$ (where $k >= 2$).<br>
Inductive step: we need to prove that $g(k+1) = 2-2/3^{k+1}$ .<br>
By definition of $g(n)$, we know that $g(k+1) = 4/3g(k) - 1/3g(k-1)$.<br>
from the Inductive hypothesis we know that $g(k) = 2-2/3^k$, and $g(k-1) = 2-2/3^{k-1}$ <br>
after substitution we get that $g(k+1) = 4/3(2-2/3^k) - 1/3(2-2/3^{k-1}) = 2-8/3^{k+1}+6/3^{k+1} = 2-2/3^{k+1}$. <br>
so $g(k+1) = 2-2/3^{k+1}$, which is what we needed to show.",2,2,2,2,2,2,2,Seth,sp23
88,89,Exam 4,learningStudy/WrittenInduction_Recurrence_v3,"Proof by induction

Base case: n = 2

(4/3)(g(2-1) - (1/3)g(2-2)) = 4/3(4/3) - 0 = 16/9

2 - 2/3^2 = 2 - 2/9 = 16/9

Induction hypothesis: for some k, (4/3)g(n-1) - (1/3)g(n-2) = 2 - 2/3^n for n in 0 ... k

Induction step: Prove that (4/3)g(k + 1 - 1) - (1/3)g(k + 1 -2) = 2 - 2/3^(k + 1)

Based on the induction hypothesis, we know that g(k) and g(k - 1) are already proven. Therefore, by simplifying our induction step, we get (4/3)g(k) - (1/3)g(k - 1)) = 2 - 2/3^(k + 1). 

g(k) = 2 - 2/3^k. 

g(k-1) = 2 - 2/3^(k - 1). 

Therefore, our induction step becomes (4/3)(2 - 2/3^k) - (1/3)(2 - 2/3^(k - 1)). This simplifies to 8/3 - 8/3^(k+1) - 2/3 + 2/3^k. 

This simplifies to 2 - 2/3^(k+1), which is what we needed to prove. 


",1,2,2,2,2,2,2,Seth,sp23
89,90,Exam 4,learningStudy/WrittenInduction_Recurrence_v3,"For our base cases, note that when $n=0$, $g(0) = 2-\frac{2}{1}=2-2=0$.

Note also that when $n=1$, $g(1)=2-\frac{2}{3}=\frac{4}{3}$.

Lastly, note similarly that when $n=2$, $g(2)=2-\frac{2}{9}=\frac{16}{9}$.

Next ,suppose that our Inductive Hypothesis is that for some $k$, $g(n)=2-\frac{2}{3^n}$ for each $n$ in $0,..., k-1$.

Now to finish, we need to show that $g(k)=2-\frac{2}{3^k}$.

Suppose that our inductive hypothesis is true and therefore that $g(k-1)=2-\frac{2}{3^{k-1}}$.

I would evaluate this by cases, taking the given $g(0)$, $g(1)$, and $g(n)$ when $n\geq2$ and substituting into $g(k-1)=2-\frac{2}{3^{k-1}}$ to evaluate that for each case $g(k)=2-\frac{2}{3^k}$.

[Rest of proof if time allows...]",2,2,2,2,0,0,0,Seth,sp23
90,91,Exam 4,learningStudy/WrittenInduction_Recurrence_v3,"Suppose g(n) = 2 - 2/3^n for n = 0...k for k >=2

We will show that g(k + 1) = 2 - 2/3^(k+1)

By definition of g(n), g(k+1) = (4/3)*g(n) - (1/3)*g(n-1).

By the inductive hypothesis g(k+1) = (4/3)*(2 - 2/3^k) - (1/3)*(2 - 2/3^(k-1))

Rearranging, g(k+1) = (8/3) - (8)/(3*3^k) - (2/3) - (2*3)/(3*3^(k-1)*3)

g(k+1) = (8/3) - (8)/(3^(k+1)) - (2/3) - (6)/(3^(k+1))

Subtracting like terms, g(k+1) = (6/3) - (2/(3^(k+1)).

g(k+1) = 2 - 2/3^(k+1). QED",0,0,2,2,2,2,2,Seth,sp23
91,92,Exam 4,learningStudy/WrittenInduction_Recurrence_v3,"Base Case: When n = 2, g(2) = 16/9 and 2 - 2/(3^2) = 16/9. Inductive hypothesis: For some k, g(n) = 2 - 2/(3^n) for any n in 0...k. Now we must prove g(k+1) = 2 - 2/(3^k+1)",1,2,2,2,2,0,0,Seth,sp23
92,93,Exam 4,learningStudy/WrittenInduction_Recurrence_v3,"base case g(2)=$\frac{16}{9}$ base case holds

need to prove g(n+1)=2-$\frac{2}{3^{n+1}}$

$=2-\frac{2}{3^n*3}$",1,1,0,0,0,0,0,Seth,sp23
93,94,Exam 4,learningStudy/WrittenInduction_Recurrence_v3,"g(0) = 0, g(1) = 4/3, g(n) = 4/3g(n-1) -1/3g(n-2) for n>=2.

Base Case: For g(0), g(0) = 0. Subsitituing zero in the equation 2 - 2/(3^n) = 2 - 2/(3^0) = 2 - 2/1 = 2 - 2 = 0.

Inductive hypothesis: Suppose that g(k) = 2 - 2/(3^(k)) from 0 to k-1.

g(k+1) = 2 - 2/(3^k+1) = 2 - 2/(3 * 3^k). Applying this to any number from 0 and 1, you get 0 and 4/3 respecttively, which is equivalent to the original answer, thus showing that g(n) = 2 - 2/3^n 
for any natural number n, which is what we needed to show. 
",1,2,1,2,1,0,0,Seth,sp23
94,95,Exam 4,learningStudy/WrittenInduction_Recurrence_v3,"From the given information, we can construct our predicate as follows g(n) = 2 - 2/3^n

Base Case(s): In case 1, n = 0, so 2 - 2/3^0 = 0. In case 2, n = 1, so 2 - 2/3^1 = 4/3. In case 3, n = 2, so (4/3)(g(2-1) - (1/3)(g(2-2) = 16/9

Inductive Hypothesis: Next, suppose that for some k, g(n) = 2 - 2/3^n is true for n = 0...k.

Inductive Step: We must now show that g(k+1) = 2 - 2/3^(k+1)

... (UNSURE OF INTERMEDIATE STEPS TO GET TO RESULT)

Final Result: Therefore we can see that g(k+1) = 2 - 2/3^(k+1), which is what we wanted to show.",2,1,2,2,2,0,0,Seth,sp23
95,96,Exam 4,learningStudy/WrittenInduction_Recurrence_v3,"Base case: g(2) = 2 - 2/3^2 = 2 - 2/3^2 =4/3g(2-1)- 1/3g(2-2)  g(3) = 2 - 2/3^3 = 4/3g(3-1) - 1/3g(3-2)
we need to prove the expression is true when n = 2,3,4...n
g(n)=",1,1,0,0,0,0,0,Seth,sp23
96,97,Exam 4,learningStudy/WrittenInduction_Recurrence_v3,I don't know,0,0,0,0,0,0,0,Seth,sp23
97,98,Exam 4,learningStudy/WrittenInduction_Recurrence_v3,"For our base case, consider n = 0, 0 == 0 holds true

Next, suppose as our Inductive Hypothesis that for some k, g(k) = 2 - 2/3^n is true for all n, where n is a natural number

Now we need to show that for all natural numbers n, g(n) = 2 - 2/3^n

by induction,

substituing values, we get
k = k

and therfore substituing again, we found
0 = 0

therefore by defintion of induction we can say that or some kk, g(k) = 2 - 2/3^n is true for all n, where n is a natural number, which is what we needed to prove
",1,2,1,1,1,0,0,Seth,sp23
98,99,Exam 4,learningStudy/WrittenInduction_Recurrence_v3,"Let n be a real number.  
For our base case, note that n=0, g(0)=0 = g(0)=2-2, and for n=1 g(1)=4/3=  g(1)=2-2/3.  
Suppose that for some k, g(n)=2-2/3^n for each n in 1 .... k.  
Now we must show that  g(k+1)=2-2/3^(k+1).",2,2,2,2,2,0,0,Seth,sp23
99,100,Exam 4,learningStudy/WrittenInduction_Recurrence_v3,"Proof by induction on n. Predicate: g(n) = 2-2/3^n for any natural number n. Suppose that g(n) = 2-2/3^n for n = 0, 1, ..., k. The first base case is g(0) = 0 and g(0) = 2-2/1 = 0. The second base case is g(1) = 4/3 and g(1) = 2 - 2/3 = 4/3. We have to now show that g(k+1) = 2 - 2/3^(k+1). 

We start with the recursive relation, g(k+1) = 4/3g(k) - 1/3g(k-1). Using our inductive hypothesis, this equals 4/3(2-2/3^k) - 1/3(2-2/3^(k-1)) = 2 - 8/3^(k+1) + 2/3^k = 2 - 2/3^(k+1), which is what we wanted to show.",2,2,0,0,2,2,2,Ben,sp23
100,101,Exam 4,learningStudy/WrittenInduction_Recurrence_v3,"We need to prove that: 2-2/3^n = 4/3(g(n-1)) - 1/3(g(n-2)) 

For our base case, note that when when n = 1, 2-(2/3) = 4/3, and when n = 0, 2 - (2/2^0) = 0. There for, it holds. 

Next, suppose as our Inductive Hypothesis that for some k, 
2-2/3^k = 4/3(g(k-1)) - 1/3(g(k-2)) for 0,1....... k - 1


substituting k for n, we get 2-2/3^k = 4/3(g(k-1)) - 1/3(g(k-2))

substituting the definition of g(n), we get 2-2/3^k = 4/3(2-2/3^k-1) - 1/3(2-2/3^k-2)

do not know how to continue.....",2,2,2,1,1,2,2,Ben,sp23
101,102,Exam 4,learningStudy/WrittenInduction_Recurrence_v3,no idea,0,0,0,0,0,0,0,Ben,sp23
102,103,Exam 4,learningStudy/WrittenInduction_Recurrence_v3,"We need to prove that $g(n) = 4/3g(n-1) - 1/3g(n-2) = 2 - 2/3^{n}$

Base case, n = 2

 $g(n) = 4/3g(n-1) - 1/3g(n-2) = 2 - 2/3^{n}$
 
 $ 4/3 * 4/3 - 1/3 (0) = 16/9  $
 
 $2 - (2/3)^{2} = 16/9$
 
 Next, for some k, $g(n) = 4/3g(n-1) - 1/3g(n-2) = 2 - 2/3^{n}$
 
 ",1,2,2,1,0,0,0,Ben,sp23
103,104,Exam 4,learningStudy/WrittenInduction_Recurrence_v3,"g(0) = 2 - 2/1 = 0.

g(1) = 2 - 2/3 = 4/3.

g(2) = 2 - 2/9 = 16/9.

for every 0...k, g(k) = 2 - 2/3^k.

by induction, the same is true for k + 1...",2,2,2,2,2,0,0,Ben,sp23
104,105,Exam 4,learningStudy/WrittenInduction_Recurrence_v3,We can start this by provin this statement for all numbers n-1:,0,0,0,0,0,0,0,Ben,sp23
105,106,Exam 4,learningStudy/WrittenInduction_Recurrence_v3,"Proof: For $n = 1, g(1) = 2 - \frac{2}{3^1} = \frac{6-2}{3} = 4/3$ works; for $n = 2, g(2) = \frac{4}{3} \times \frac{4}{3} - \frac{1}{3} \times 0 = \frac{16}{9}$, while $g(2) = 2 - \frac{2}{3^2} = \frac{18-2}{3} = \frac{16}{9}$, which is also equivalent to the former.

We therefore suppose that for all $n = 1, 2, 3, ... k-1$, the claim is true, and we are going to prove that for $n=k$, the claim is also true. Thus, when $n = k-1, \frac{4}{3}g(k-2) - \frac{1}{3}g(k-3) = 2-\frac{2}{3^(k-1)}$, and $n = k, \frac{4}{3}g(k-1) - \frac{1}{3}g(k-2) = 2-\frac{2}{3^k}$.",1,2,2,2,2,1,1,Ben,sp23
106,107,Exam 4,learningStudy/WrittenInduction_Recurrence_v3,"g(2)= 4/3 g(2-1) - 1/3 g(2-2)

=4/3 g(1) - 1/3 g(0)

=(4/3)(4/3)

=16/9
-

g(2) = 2- 2/3^2

=2- 2/9

=18-2/9

=16/9
-
Hence proved
-",1,2,0,0,0,0,0,Ben,sp23
107,108,Exam 4,learningStudy/WrittenInduction_Recurrence_v3,"We are going to use induction to prove the claim. For our first base case, $g(0) = 0$ and $2 - \frac{2}{3^0} = 0.$ For the second base case, $g(1) = 4/3$ and $2 - \frac{2}{3^1} = 4/3.$ As our inductive hypothesis, we know that for some k, $g(n) = 2 - \frac{2}{3^n}$ for all n in 0...k. We must prove that $g(k + 1) = 2 - \frac{2}{3^{k + 1}}.$ On the left side of the equation, we have $(4/3)g(k) - (1/3)g(k-1)$. Using the inductive hypothesis, this evaluates to $(4/3)(2 - \frac{2}{3^k}) - (1/3)(2 - \frac{2}{3^{k-1}})$. Distributing the scalars, results in $8/3 - 8/(3^k*3) - 2/3 + 2/(3*3^{k-1}).$ Then, rewriting the exponents in the denominators and simplifying terms gives us $2 - 8/(3^{k+1}) + 6/(3^{k+1}).$ But, combining like terms gives us that $g(k + 1) = 2 - 2/(3^{k + 1})$, which is what we needed to prove. Thus, the claim is true by induction.",2,2,2,2,2,2,2,Ben,sp23
108,109,Exam 4,learningStudy/WrittenInduction_Recurrence_v3,"The base case is g(0) = 0, which holds the function; g(1) = 4/3. which holds the function; g(2) = 4/3 *4/3 -0 = 16/9, which also holds the function.
Suppose as our Inductive Hypothesis thatg(n) is true for n in 0...k (where k >=0).
We need to prove that g(k + 1) is true.",2,2,1,2,2,0,0,Ben,sp23
109,110,Exam 4,learningStudy/WrittenInduction_Recurrence_v3,"Base Case: g(0) = 2 - $2/3^0$ = 0 and g(1) = 2 - $2/3^1$ = 2/3.
",2,1,0,0,0,0,0,Ben,sp23
110,111,Exam 4,learningStudy/WrittenInduction_Recurrence_v3,"We use proof of induction by n. Let's first solve for base case. This dictates that g(2) = 4/3(g(1) - 1/3(g(0)). This adds to 4/3 * 4/3  = 16/9. On the other side, it leads to 2 - 2/9 = 16/9, thus proving that both sides are equal. The induction hypothesis states that g(n) = 2 - 2/3^n  and g(n) = 4/3(g(n-1)) -1/3(g(n-2)) for all integers 0... k+ 1. By substitution to the first equation, this gives use 4/3(g(k) -1/3(g(k-1)). The other equation equals 2 - 2/3^k+1. ",1,2,2,2,0,1,0,Ben,sp23
111,112,Exam 4,learningStudy/WrittenInduction_Recurrence_v3,"By definiton of induction, 

Base Case: For g(0), g(n) = 2-2 = 0. For g(1), g(n)= 4/3.

Indcutive Hypothesis: For some value k > or equal to 0, g(n) = 2-2/(3^n) for n in 0... k. 

Inductive Step: g(k+1) = 2 - 2/(3^(k+1))

We have proven that g(n) = 2 - 2/(3^n) for any natural number n.",2,2,2,2,2,0,0,Ben,sp23
112,113,Exam 4,learningStudy/WrittenInduction_Recurrence_v3,"g(2) = 4/3(g(2-1)) - 1/3(g(2-2)) = 4/3g(1) - 1/3g(0) = 4/3(4/3) - 1/3(0) = 16/9

g(3) = 4/3(g(2)) - 1/3(g(1)) = 4/3(16/9) - 1/3(4/3) = 52/27

g(2) = 2 - (2/3^2)) = 2 - (2/9) = 16/9

g(3) = 2 - (2/3^3) = 2 - (2/27) = 52/27

there exists k such that g(n) = 2 - (2/3^n)",1,2,2,1,0,0,0,Ben,sp23
113,114,Exam 4,learningStudy/WrittenInduction_Recurrence_v3,"Suppose g(n) = 2 - 2/3^n for any natural number n. Suppose g is defined by g(0)= 0, g(1) =4/3, g(n) = 4/3g(n-1) - 1/3g(n-2) for n >=2.",0,0,0,0,0,0,0,Ben,sp23
114,115,Exam 4,learningStudy/WrittenInduction_Recurrence_v3,sorry I don't know how to write proofs,0,0,0,0,0,0,0,Ben,sp23
115,116,Exam 4,learningStudy/WrittenInduction_Recurrence_v3,"Proof by induction on n.    
Inductive prediction: $g(n)=2-\frac{2}{3^n}$ for $all \space n \in \mathbb R$        
Base cases: when n = 0, $g(0)=0\space and\space 2-\frac{2}{3^0} = 0$     
when n = 1, $g(1)=\frac{4}{3}\space and\space 2-\frac{2}{3^1}=\frac{6}{3}-\frac{2}{3} = \frac43$, thus both base cases holds.       
Inductive hypothesis: $g(n)=2-\frac{2}{3^n}$ is true for all n in 0...k for k $\ge$ 2   
Inductive steps: we need to prove that $g(n)=2-\frac{2}{3^n}$ is also true for k+1.     
By inductive hypothesis we can know that $g(k-1) = 2-\frac2{3^{k-1}}$ and $g(k) = 2-\frac2{3^{k}}$  
By definition we can know that, $g(k+1)=\frac43g(k)-\frac13g(k-1)$      
Thus, $g(k+1)=\frac43(2-\frac2{3^k})-\frac13(2-\frac2{3^{k-1}})$        
$=\frac83-\frac8{3^{k+1}}-\frac23+\frac2{3^k}$      
$=\frac63-(\frac{8-2\times3}{3^{k+1}})$     
$=2-\frac2{3^{k+1}}$, which is what we need to prove.",2,2,2,2,2,2,2,Ben,sp23
116,117,Exam 4,learningStudy/WrittenInduction_Recurrence_v3,"Base cases: g(0) = 0; g(1) = 4/3; g(2) = 16/9.
Inductive Hypothesis: Suppose that g(n + 1) = 2 - 2/(3^n), and that g(n+1) = 4/3g(n)-1/3g(n-1) for n >= 2.
Inductive step: We must prove g(n+1) = 4/3g(n)-1/3g(n-1) = 2 - 2/(3^n) when n >= 2.
I am unsure of how to go about this.",2,1,2,1,1,0,0,Ben,sp23
117,118,Exam 4,learningStudy/WrittenInduction_Recurrence_v3,"g(n) = 2 - 2 / 3^n

For the base case we need to prove g(0) = 2 - 2/3^0 = 0 and g(1) = 2 - 2/3^1 = 4/3, so g(0) and g(1) hold

Suppose that g(n) = 2 - 2/3^n for each n in 0, 1, 2 ... k - 1 (such that k >= 3)

Then we would have to prove g(k)

g(k) = 4/3*g(k-1) - 1/3*g(k-2) = 4/3*(2 - 2/3^(k-1)) - 1/3*(2 - 2/3^(k-2)) = 8/3 - 8/3^k - 2/3 + 2/3^(k-1) = 3 + (2 - 8/3)/3^(k-1) = 3 - 2/3^k, which is what we need to prove",2,2,2,2,2,2,2,Ben,sp23
118,119,Exam 4,learningStudy/WrittenInduction_Recurrence_v3,"
Base case:
g(0) = 2 - 2 = 0
g(1)=  2 - 2/3 = 4/3

Inductive hypothesis: for some k, g(n) = 2 - 2/3^n for n in 0...k

Inductive step: g(k+1) = 2 - 2/(3^(k+1))

They both are equal which is what we needed to prove",2,2,2,2,2,0,0,Ben,sp23
119,120,Exam 4,learningStudy/WrittenInduction_Recurrence_v3,Will need to find a value n belonging from 0 to k where $g(k+1)=2-2/3^{k+1}$,0,0,0,0,0,0,0,Ben,sp23
120,121,Exam 4,learningStudy/WrittenInduction_Recurrence_v3,"Proof: by induction on n.

Base: Let n = 0. Then g(0) = 0 and g(0) = 2 - 2/(3^0) = 0.

Let n = 1. Then g(1) = 4/3 and g(1) = 2- 2/(3^1) = 4/3.

Let n = 2. Then 4/3(g(1)) - 1/3(g(0)) = 16/9 and g(2) = 2 - 2/(3^2) = 16/9

Induction: Suppose g(n) = 2 - 2/(3^n) for n = 0,...,k -1,
Then we must show that g(k) = 2 - 2/(3^k). 

...

Thus, g(n) = 2 - 2/(3^n) for any natural number n. ",2,2,2,2,2,0,0,Ben,sp23
121,122,Exam 4,learningStudy/WrittenInduction_Recurrence_v3,"(induction) 

(base case) 

g(0) = 0; 2 - 2/1 = 0

g(1) = 4/3; 2 - 2/3 = 4/3

base cases hold

(inductive hypothesis) suppose that g(n) = 2 - 2/3^n holds for n in 0... k

(inductive step) we must prove that g(n) = 2 - 2/3^n holds for n = k + 1

g(k + 1) = 4/3g(k) - 1/3(g(k - 1))

(conclusion) ",2,2,2,2,2,2,0,Ben,sp23
122,123,Exam 4,learningStudy/WrittenInduction_Recurrence_v3,"Base case: For n, where n is an integer, if n is greater than or equal to 2, then g(n) will always be 4/3.

g(n) = 4/3g(n-1) - 1/3g(n-2), for n greater than or equal to 2 will always equal 4/3.

Ex: g(2) = 4/3(4/3) - 1/3(0) = 16/9 = 4/3
Ex: g(3) = 4/3(4/3) - 1/3(4/3) = 12/9 = 4/3

g(n) = 2 - 2/3^n will also always simplify to 4/3 no matter what integer is put in.

Ex: g(2) = 2 - 2/9 = 18/9 - 2/9 = 16/9 = 4/3
Ex: g(3) = 2 - 2/27 = 54/27 - 2/27 = 52/27 = 4/3

(Forgot how to do induction)



",0,0,0,0,0,0,0,Ben,sp23
123,124,Exam 4,learningStudy/WrittenInduction_Recurrence_v3,"Proof by induction on n

Base cases

Inductive hypothesis

Inductive step",0,0,0,0,0,0,0,Ben,sp23
124,125,Exam 4,learningStudy/WrittenInduction_Recurrence_v3,"Base Case: For n = 0, g(n) = 2 - 2 / 3^0 = 2 - 2 = 1, For n = 1, g(n) = 2 - 2 / 3^1 = 2 - 2/3 = 4 / 3.

Inductive hypothesis: For any k >= 2, g(n) = 2 - 2 / 3^n for n = 2....k

Inductive step: We need to show that 2 - 2 / 3^k + 1 = 4/3( 2 - 2 / 3^k) - 1/3( 2 - 2 / 3^k - 1)

We can simplify the right side by multiplying to make 8/3 - 8/3^k+1 - 2/3 + 2/3^k

we can further simplify to 6/3 - 8/3^k+1 + 2/3 = 2 - 8/3^k+1 + 6/3^k+1 = 2 - 2/3^k+1 which is what we needed to show.",2,2,2,2,2,2,2,Ben,sp23
125,126,Exam 4,learningStudy/WrittenInduction_Recurrence_v3,"Proof by induction on n.

Let our inductive predicate be P(n) = $\frac{4}{3}g(n-1) - \frac{1}{3}g(n-2) = 2 - \frac{2}{3^n}$.

Let us prove our base cases, P(0) and P(1). When n = 0, $ g(0) = 2 - \frac{2}{3^0} = 2 - 2 = 0. $ When n = 1, $ g(1) = 2 - \frac{2}{3} = \frac{4}{3} $. 

Let our inductive hypothesis be that P(n) = $\frac{4}{3}g(n-1) - \frac{1}{3}g(n-2) = 2 - \frac{2}{3^n}$ for all 0 ... k. 

Inductive Step: Let us prove  P(k+1) = $\frac{4}{3}g((k+1)-1) - \frac{1}{3}g((k+1)-2) = 2 - \frac{2}{3^{k+1}}$.

Starting from the left hand side of the equation we can simplify it to be: $\frac{4}{3}g(k) - \frac{1}{3}g(k-1) $. 

Using our inductive hypothesis, we can then simplify this further to be: $\frac{4}{3}(2 - \frac{2}{3^k}) - \frac{1}{3}(2 - \frac{2}{3^{k-1}}) $. 

Simplifying further we get: $(\frac{8}{3} - \frac{8}{3^{k+1}}) - (\frac{2}{3} - \frac{2}{3^k}) = 2 - \frac{2
}{3^{k+1}} $ which is what we were trying to prove. ",2,2,2,2,2,2,2,Seth,sp23
126,127,Exam 4,learningStudy/WrittenInduction_Recurrence_v3,"Prove by induction of n.

Suppose that $g : \mathbb{N} -> \mathbb{R}$. We will prove that $g(n) = 2 - (2 / 3^n)$ for any natural number $n$. 

First we will prove our base cases 0, 1, and 2. $g(0) = 0$, which is equal to $2 - (2 / 3^0) = 0$. 

For $g(1), g(1) = (4/3)$, which is equal to $ 2 - (2 / 3^1) = (4/3)$.

For $g(2), g(2) = (4/3)g(1) - (1/3) g(0) = (4/3)^2 - 0$, which is equal to $ 2 - (2 / 3^2) = 16 / 9$.

Induction Hypothesis: $g(n) = 2 - (2 / 3^n)$ for when n = some k in $(0, 1, 2, ..., k - 2, k - 1)$, where k is a natural number. 

Inductive Step: We will need to prove that the statement holds true for n = k. For when n = k, $g(k), g(k) = (4/3)g(k - 1) - (1/3) g(k - 2)$. 

We know that $g(k - 1) = 2 - (2 / 3^(k-1)) $ and $g(k - 2) = 2 - (2 / 3^(k-2))$ by our inductive hypothesis. Therefore, we can substitute this in: $g(k) = (4/3) * (2 - (2 / 3^(k-1)) - (1/3)(2 - (2 / 3^(k-2)))$. 

This can be further simplified to: $g(k) = 2 - (2 / 3^k)$, so we can assume that $g(n) = 2 - (2 / 3^n) for any natural number n, which is what we were trying to prove.",2,2,2,2,2,2,2,Seth,sp23
127,128,Exam 4,learningStudy/WrittenInduction_Recurrence_v3,"proof by induction n. suppose g is a real function defined as above. for g(n) = 4/3g(n-1)-1/3g(n-2) for n >=2, it can be rearranged to gn-2/3g for n >=2",0,0,0,0,0,0,0,Seth,sp23
128,129,Exam 4,learningStudy/WrittenInduction_Recurrence_v3,"Let $g(n) = 2 - \frac{2}{3^n}$ be the predicate.

Base case: For $n=0$, we have that $g(0) = 0$ and that $2 - \frac{2}{3^0} = 2 - 2 = 0$, so the expressions are equal. For $n=1$, we have $g(1) = \frac{4}{3}$ and that $2 - \frac{2}{3^1} = 2 - \frac{2}{3} = \frac{4}{3}$, so the expressions are equal. Thus, both base cases hold.

Inductive hypothesis: For some $k$, let $g(n) = 2 - \frac{2}{3^n}$ be true for all $n$ in $0, 1, ... k$. Then, the rest of the inductive step is to show that $g(k+1) = 2 - \frac{2}{3^{k+1}}$.

By the definition of $g$, we know that $g(k+1) = \frac{4}{3}g(k) - \frac{1}{3}g(k-1)$. By the inductive hypothesis, we can rewrite $g(k)$ and $g(k-1)$ within the expression as such:

$g(k+1) = \frac{4}{3}(2 - \frac{2}{3^k}) - \frac{1}{3} (2 - \frac{2}{3^{k-1}})$.

Expanding and simplifying, we have:

$g(k+1) = \frac{8}{3} - \frac{8}{3^{k+1}} - \frac{2}{3} + \frac{2}{3^k}$

$g(k+1) = 2 + \frac{2}{3^k} (1 - \frac{4}{3})$

$g(k+1) = 2 + \frac{2}{3^k} (1 - \frac{4}{3})$

$g(k+1) = 2 + \frac{2}{3^k} (-\frac{1}{3})$

$g(k+1) = 2 - \frac{2}{3^{k+1}}$.

This is what we wanted to show, so the inductive step is complete and the claim has been proven to be true.",2,2,2,2,2,2,2,Seth,sp23
129,130,Exam 4,learningStudy/WrittenInduction_Recurrence_v3,"Proof by induction on n

Base Cases: $g(0) = 2 - 2/3^0$, $2-2/1 = 0$ so g(0) holds true. $g(1) = 2 - 2/3^1$, $2-2/3^1 = 4/3$ so g(1)  holds true.

I know there needs to be an inductive hypothesis and inductive step following but I do not know how to get these",2,2,0,0,0,0,0,Seth,sp23
130,131,Exam 4,learningStudy/WrittenInduction_Recurrence_v3,"Let us use induction here

The induction step is that n = 2

So 4/3(g(2-1)) - 1/3(g(2-2)) = 4/3(4/3) - 1/3(0) = 16/9

In our claim, 2 - 2/3^n, we can do 2 - 2/9 = 18/9 - 2/9 = 16/9

Since both are equal, this will be true!

QED",1,2,0,0,0,0,0,Seth,sp23
131,132,Exam 4,learningStudy/WrittenInduction_Recurrence_v3,"For our base cases, g(0) = 2 - 2/(3^0) = 2 - 2 = 0, g(1) = 2 - 2/(3^1) = 4/3, and g(2) = 4/3(4/3) - 1/3(0) = 16/9

Suppose as our Inductive Hypothesis that for some k $\gt$ or equal to 0, g(n) = 2 - (2/3^n) for n in 0...k

Then we must prove g(k+1) = 2 - 2/3^(k+1)

",2,2,2,2,2,0,0,Seth,sp23
132,133,Exam 4,learningStudy/WrittenInduction_Recurrence_v3,"Base Case: at n = 0, g(0) = 2 - $2/3^0$ = 0 = 0.
at n = 1, g(1) = 2 - $2/3^1$ = 4/3 = 4/3. therefore at both base cases, g(n) = 2 - $2/3^n$ is true.

Inductive Hypothesis: Suppose g(n) = 2 - $2/3^n$ is true for all n = 0, ..., k.

Inductive step: let n = k + 1

g(k+1) = 4/3 g(k+1-1) - 1/3 g(k + 1 - 2) 

= 4/3 g(k) - 1/3 g(k -1).  

However, we already proved in our inductive hypthesis that g(n) is true for all n = 0, ...k, so therefore g(k+1) is true. 
",2,2,2,2,2,2,0,Seth,sp23
133,134,Exam 4,learningStudy/WrittenInduction_Recurrence_v3,"Let g be a function from the natural numbers to the reals.

Induction predicate: Suppose, g(0) = 0, g(1) = 4/3, and g(n) = (4/3)g(n - 1) - (1/3)g(n -2), for n >= 2.

Induction Hypothesis: g(n) = 2 - 2/3^n for any natural number n.

Therefore, g(n) = 2 - 2/3^n, which is what we needed to show. ",0,0,2,1,0,0,0,Seth,sp23
134,135,Exam 4,learningStudy/WrittenInduction_Recurrence_v3,"Proof by induction on n.

Base case: When n = 0, g(0) = $2-2/3^0 = 2-2 = 0$. When n = 1, $g(1) = 2-2/3^1 = 4/3$. Therefore, g(n) holds for 0 and 1.

Inductive Hypothesis: Suppose that $g(n) = 2-2/3^n$ for n in $0,1,...,k-1$.

Inductive Step: Show that g(k) holds.

By the definition of g(n), $g(n) = 4/3*g(n-1) -1/3* g(n-2)$.

Using our inductive hypothesis and substituting, we get:

$g(k)= 4/3*(2-2/3^{k-1}) - 1/3 *(2-2/3^{k-2})$.

Rearranging, we get:

$g(k) = 8/3-8/3^k-2/3+2/3^{k-1} = 2-8/3^k+2/3^{k-1} = 2 - 8/3^k+6/3^k=2-2/3^k$. Therefore, g(n) holds for n = k, which is what we needed to show.",2,2,2,2,2,2,2,Seth,sp23
135,136,Exam 4,learningStudy/WrittenInduction_Recurrence_v3,I don't remember the process of using induction to prove this claim.,0,0,0,0,0,0,0,Seth,sp23
136,137,Exam 4,learningStudy/WrittenInduction_Recurrence_v3,"Base cases:

g(0) = 0 = 2 - 2/(1) = 0

g(1) = 4/3 = 2 - 2/3 = 4/3

g(2) = 4/3(4/3) - 1/3(0) = 16/9 = 2 - 2/9 = 16/9

Induction:

g(k + 1) = 4/3g(k) - 1/3g(k - 1) = 2 - 2/3^n

QED",2,2,0,0,2,2,0,Seth,sp23
137,138,Exam 4,learningStudy/WrittenInduction_Recurrence_v3,"Proof by induction on n. Fist we confirm the base cases of g(0) and g(1). g(0) = 2 - 2/3^0 = 0 and g(1) = 2 - 2/3^1 = 4/3, so both true. Inductive hypothesis is that g(n) = 2 - 2/3^n for n in the range of (0, 1). For the inductive step we need to prove g(2) = 2 - 2/3^2 = 4/3(g(1)) - 1/3(g(0)). Simplifying we get 16/9 = 16/9 - 1/3*0, so 16/9 = 16/9 which shows what we needed to show.",2,2,2,1,1,0,0,Seth,sp23
138,139,Exam 4,learningStudy/WrittenInduction_Recurrence_v3,"Proof bu Infuction
Base case: g(0) = 2 - 2/(3^0) = 2 - 2 = 0;       g(1) = 2 - 2/ (3^1) = 4/3  
Inductive hypothesis: g(n) = 2 - 2/3^n for each n in 2,.....,k;  
Inductive Step: prove for some k, g(n) = 2 - 2/3^n for each n in 2,.....,k",2,2,2,2,1,0,0,Seth,sp23
139,140,Exam 4,learningStudy/WrittenInduction_Recurrence_v3,"If we substitute the values 0 and 1 into g(n) = 2-2/3^2, we get 0 and 4/3, respectively.",2,1,0,0,0,0,0,Seth,sp23
140,141,Exam 4,learningStudy/WrittenInduction_Recurrence_v3,"For the base case, n =2 and g(n)=4/3g(1)-1/3g(0)=4/3*4/3 = 16/9 and g(2) = 2-2/9 = 18/9-2/9=16/9

The inductive hypothesis is that for 4/3g(n-1)-1/3g(n-1) for n>=2 and g(n) =2-2/3^n there is a k where k 2...k.

Now the proof needs to show that 4/3g(n-1)-1/3g(n-2)=2-2/3^n. => 4/3(2-2/3^(n-1))-(1/3(2-2/3^(n-2)) = (8/3-8/3^n) -(2/3-2/3^(n-1)) = 2 -8/3^n+2/3^(n-1) = 2-8/3^n-(2/3)(1/3^n) = 2-(1/3^n)(8/3-2/3)= 2-(1/3^n)(2)=2-(2/3^n). Which is equal to2-2/3^n. Which is what we needed to show. 
",1,2,2,1,1,2,2,Seth,sp23
141,142,Exam 4,learningStudy/WrittenInduction_Recurrence_v3,g(0) = 0 g(1) = 4/3 g(2) = 4/3*4/3-1/3*0 = 16/9 etc,0,0,0,0,0,0,0,Seth,sp23
142,143,Exam 4,learningStudy/WrittenInduction_Recurrence_v3,"2-(2/3^0) = 0

2-(2/3^1) = 4/3
",2,1,0,0,0,0,0,Seth,sp23
143,144,Exam 4,learningStudy/WrittenInduction_Recurrence_v3,"Let n be a natural number

For the base case, note that when n = 2, 

Predicate: g(n-1) >= 2

Hypothesis: ",1,1,0,0,0,0,0,Seth,sp23
144,145,Exam 4,learningStudy/WrittenInduction_Recurrence_v3,$idk$,0,0,0,0,0,0,0,Seth,sp23
145,146,Exam 4,learningStudy/WrittenInduction_Recurrence_v3,"We use n for induction

Base case:

Inductive Hypothesis:

Inductive step:

what we need to show",0,0,0,0,0,0,0,Seth,sp23
146,147,Exam 4,learningStudy/WrittenInduction_Recurrence_v3,"base case: g(2) = 4/3g(2 - 1) - 1/3g(0) when n = 2 which equals 4/3 * 4/3 - (1/3 * 0) whish equals 16/9 which is equal to 2 - 2/(3^2), it is true",1,2,0,0,0,0,0,Seth,sp23
147,148,Exam 4,learningStudy/WrittenInduction_Recurrence_v3,"Base Case: g(0) = 2-2 and g(1) = 2-2/3 so g(0) and g(1) are true.

Inductive Step: assume P(n) for n in {0, 1, ... k-1} where k-1 is a natural number. Then g(k) = 4/3(g(k-2) - 1/3g(k-1) which equals 4/3(2-2/3^(k-2)) - 1/3(2-2/3^(k-1)) and this simplifies to 2-2/3^k.

Therefore, by induction, P(n) is true for any natural number n.",2,1,2,2,2,2,2,Seth,sp23
148,149,Exam 4,learningStudy/WrittenInduction_Recurrence_v3,"Base case:

n = 2: 2 - 2/3^2 = 2 - 2/9 = 16/9. g(2) = 16/9 

n = 1: 2 - 2/3^1 = 4/3. g(1) = 4/3

n = 0: 2 - 2/3^0 = 0. g(0) = 0",2,2,0,0,0,0,0,Seth,sp23
149,150,Exam 4,learningStudy/WrittenInduction_Recurrence_v3,"base: when n = 0, this is true,
IH, the claim is true when n = 0,1,2,3,,,,,,k-1",1,1,2,2,0,0,0,Seth,sp23
150,151,Exam 4,learningStudy/WrittenInduction_Recurrence_v3,"**Base Case: ** When $n=2$, $g(2) = \displaystyle{\frac{4}{3}g(2-1)-\frac{1}{3}g(2-2)} = \frac{4}{3}g(1)=\frac{16}{9}$. At the same time, $g(2)=2-\displaystyle{\frac{2}{3^2}}=2-\frac{2}{9}=\frac{16}{9}$. At this moment, the two sides of the equation are equal.",1,2,0,0,0,0,0,HC,sp23
151,152,Exam 4,learningStudy/WrittenInduction_Recurrence_v3,,0,0,0,0,0,0,0,HC,sp23
152,153,Exam 4,learningStudy/WrittenInduction_Recurrence_v3,"Proof by induction n

We note that for n = 0, $g(0) =2-\frac{2}{3^0} = 0 $. Also for n=1  $g(1) =2-\frac{2}{3^1} = \frac{4}{3} $.

Our induction hypothesis is that for some k, $g(n) = 2-\frac{2}{3^n}$ for any natural number n in 0....k.

We must show that  $g(k+1) = 2-\frac{2}{3^(k+1)}$.

//math part I didn't have time for

Since $g(k+1) = 2-\frac{2}{3^(k+1)}$ the claim is proven.",2,2,2,2,2,0,0,HC,sp23
153,154,Exam 4,learningStudy/WrittenInduction_Recurrence_v3,"Given the above claim, we use proof by induction of $n$:

Base Case: $g(0) = 0$ and $g(0) = 2 - \frac{2}{3^n} = 2 - 2 = 0.$ Thus, its true. Also $g(1) = \frac{4}{3}$ and $g(1) = 2 - \frac{2}{3^1} = 2 - 2/3 = 4/3.$ Thus, this is also true.

Inductive Predicate: $g(n)=\frac{4}{3}g(n-1) - \frac{1}{3}g(n-2) = 2 - \frac{2}{3^n} $ for $n \in \mathbb{N}.$

Inductive Hypothesis: Let there be some natural number $k$, such that $g(n)=\frac{4}{3}g(n-1) - \frac{1}{3}g(n-2) = 2 - \frac{2}{3^n}$ for all $n$ from $0,1,2,...,k-1,k.$

Inductive step to prove:  $g(k+1)=\frac{4}{3}g(k) - \frac{1}{3}g(k-1) = 2 - \frac{2}{3^{k+1}}$

Evaluating left hand side and using the inductive hypothesis:

$g(k+1)=\frac{4}{3}g(k) - \frac{1}{3}g(k-1) = \frac{4}{3}(2-\frac{2}{3^k}) - \frac{1}{3}(2-\frac{2}{3^{k-1}}).$ Simplifying - 

$g(k+1) = \frac{8}{3} - \frac{8}{3^{k+1}} - \frac{2}{3} + \frac{2}{3^{k}} = 2 - \frac{2}{3^{k+1}}$ which is what we needed to show. 

Thus, using proof by induction $g(n)$ holds true for any natural number $n$.",2,2,2,1,2,2,2,HC,sp23
154,155,Exam 4,learningStudy/WrittenInduction_Recurrence_v3,"Suppose that g: N -> R

Base Case: n=2, (4/3)*g(1)-(1/3)*g(0) = 16/9 and g(n) = 2- (2/9) = 16/19 so true

This must also hold true for g(n+1) So (4/3)*g(n) - (1/3)g(n-1) must equal 2 - (2/(3^(n+1)))

(4/3)*(2-(2/(3^n))) - 1/3(2-(2/(3^(n-1)))) = 2 - (2/(3^(n+1)))",0,0,0,0,0,0,0,HC,sp23
155,156,Exam 4,learningStudy/WrittenInduction_Recurrence_v3,"Let n be a natural number, let us solve the proof by induction. We have two base cases, one when n = 0, and the other when n = 1. For g(0), g(0) = 2 - 2/3^0 = 2 - 2 = 0, which is true as given above. For g(1), g(1) = 2 - 2/3 = 4/3, which is true as given above. Our inductive hypothesis is that for any n >= 2 to k, g(n) = 4/3g(n-1) - 1/3g(n-2). For our inductive step, 2 - 2/3^k = 4/3g(k-1) - 1/3g(k-2). By isolating for k, we get (-4/3g(k-1) + 1/3g(k-2) - 2)2 = 3^k. Set j = (-4/3g(k-1) + 1/3g(k-2) - 2)2. Taking the ln of both sides, we find the result to be true, as k = ln(, which is what we needed to show. ln(j/3) = k, which is what we needed to show.",2,2,0,2,0,0,0,HC,sp23
156,157,Exam 4,learningStudy/WrittenInduction_Recurrence_v3,"Prove base cases:  
$g(0)=2-\frac{2}{3^0}=2-2=0$, where $g(0)=0$  
$g(1)=2-\frac{2}{3^1}=2-\frac{2}{3}=\frac{4}{3}$, where $g(1)=\frac{4}{3}$  ",0,0,0,0,0,0,0,HC,sp23
157,158,Exam 4,learningStudy/WrittenInduction_Recurrence_v3,"g(n) = 4/3g(n-1) - 1/2g(n-2)

no idea",0,0,0,0,0,0,0,HC,sp23
158,159,Exam 4,learningStudy/WrittenInduction_Recurrence_v3,"g(0) = 2-2/3^n = 2 - 2 / 1 = 0, which matches g(0) = 0.

g(1) = 2 - 2/3^1 = 2 - 2/3 = 4/3, which matches g(1) = 4/3.

g(2) = 2 - 2/3^2 = 2 - 2/9 = 16/9.
g(2) = (4/3)g(1) - (1/3)g(0) = (4/3)(4/3) - 0 = 16/9, which means it matches.

Since all of them match, that proves the formula.",0,0,0,0,0,0,0,HC,sp23
159,160,Exam 4,learningStudy/WrittenInduction_Recurrence_v3,"Base case : for n = 2, where n is a natural number :

g(2) = (4/3)(g(1)) - (1/3)g(0)

g(2) = 16/9

plugging that into the claimed equation we see that g(2) also gives us 16/9

Induction : for some natural number n, the stated claim is true for all n such that n = 0.. n = k where k is a natural number
(4/3)(g(k)) - (1/3)(g(k-1)) = 2-2/3^(k+1)

= 2-(2/((3)*(3^k)))

since the left side of the equation has a recursive structure, we know (4/3(4/3)(4/3)...(4/3)) - (1/3(1/3)...(0)))

this simplifies to (4/3)^k = (4/3)^k which is what we needed to prove.",1,2,2,2,2,0,0,HC,sp23
160,161,Exam 4,learningStudy/WrittenInduction_Recurrence_v3,"For our base case, g(0) = 2 - 2/3^0 = 0.

Suppose our induction hypothesis is that g(n) = n - 2/3^n for n in 0...k (where k $\geq$ 0).

To prove our induction hypothesis g(k+1) = 2 - 2/3^k+1.

Set g(n) equal to itself: 4/3 g(k-1) - 1/3 g(k-2) = 2 - 2/3^k+1.

[algebra work]

therefore, g(n) = n - 2/3^n for any natural number n, which is what we needed to prove.",1,2,2,2,2,0,0,HC,sp23
161,162,Exam 4,learningStudy/WrittenInduction_Recurrence_v3,"Base case: prove that g(0) = 0 and g(1) = 2.

Induction hypothesis: for a natural number 0...k-1, if g(k+1) = 2 - 2/3^(k+1) for n >= 2, then it is proven.

From the denominator, it can be seen that 3 is raised to the power of n. This must be due to the fact that g(n) represents the difference of 4/3 times the previous term and 1/3 times the previous previous term. Since 3 is being multiplied multiple times, the 3^n is present.

By rearranging some parts of the equation and proving that the set of all ks work, it shows that g(n)=2-2/3^n for any natural number n.",2,0,0,2,0,0,0,HC,sp23
162,163,Exam 4,learningStudy/WrittenInduction_Recurrence_v3,"Proof by induction on n. We will prove that given g(n) = 4/3g(n-1)-(1/3)g(n-2), for n>=2, g(n) = 2 - 2/(3^n). Base case: g(0) = 4/3(0) - 1/3(2-(2/(3^-2))) = 0. Inductive step: Prove that g(n + 1) = 2-(2/(3^(n+1))). 

Therefore, by proof by induction, we have proved that g(n) = 2-(2/(3^n)).",1,0,0,0,2,0,0,HC,sp23
163,164,Exam 4,learningStudy/WrittenInduction_Recurrence_v3,i need more re-enforcement from the last lesson to be able to complete this proof.,0,0,0,0,0,0,0,HC,sp23
164,165,Exam 4,learningStudy/WrittenInduction_Recurrence_v3,"g(n) = 4/3*g(n-1) - 1/3*g(n-2)

g(2) = 4/3*4/3 - 1/3 * 0

= 16/9

likewise, when we do it for g(n) = 2 - 2/3^n

g(1) = 2 - 2/3 = 4/3
g(0) = 2 ",0,0,0,0,0,0,0,HC,sp23
165,166,Exam 4,learningStudy/WrittenInduction_Recurrence_v3,???,0,0,0,0,0,0,0,HC,sp23
166,167,Exam 4,learningStudy/WrittenInduction_Recurrence_v3,"Using induction to prove for n.
For base case 0 and 1. g(0) = 0 = 2 - 2 = 0. For base case 1, g(1) = 4/3 = 2-2/3 = 4/3. Thus we can say the statements hold true for the base case. Now for the inductive hypothesis assume the statement is true for some k where n = k. Thus, for g(k) = 4/3g(k -1) -1/3 g(k-2) = g(k) = 2-2/3^k. Now we need to prove the statement for some n = k+1. This gives us 4/3g(k) - 1/3 g(k-1) = 2-2/3^k+1. Similar question as the last exam we can through algebraic operations and the inductive hypothesis reduce the statement 4/3 = 4/3 and so the inductive hypothesis is true and the statement is true for all n.",2,2,2,1,2,2,0,HC,sp23
167,168,Exam 4,learningStudy/WrittenInduction_Recurrence_v3,yes,0,0,0,0,0,0,0,HC,sp23
168,169,Exam 4,learningStudy/WrittenInduction_Recurrence_v3,"For base case:

$g(2) = 2 - 2/3^2 = 16/9$  and $g(2) = 4/3*g(1) - 1/3*g(0) = 16/9$
 
 Supposed that for some K,  $g(n) = 2-2/3^n$ is true for any n in 2,3,...,k.
 
 We know that
 ",1,2,2,2,0,0,0,HC,sp23
169,170,Exam 4,learningStudy/WrittenInduction_Recurrence_v3,Real number include natural number(?,0,0,0,0,0,0,0,HC,sp23
170,171,Exam 4,learningStudy/WrittenInduction_Recurrence_v3,"Let n be a natural number.

Suppose g: N --> R and g is defined by g(n) 4/3g(n-1) - 1/3g(n-2) for all n$\ge$2.

The base case is n=2 where g(2) = 4/3(4/3) - 1/3(0) = 16/9.

The inductive hypothesis is for some k, g(n) = 2 - 2/(3^n) for all n 0,..,k.

Thus, g(k) = 2 - 2/(3^k).

Let k = 2, then g(2) = 2 - 2/(9) = 16/9.

Therefore g(n) = 2 - 2/(3^n).",1,1,2,2,0,0,0,HC,sp23
171,172,Exam 4,learningStudy/WrittenInduction_Recurrence_v3,"B/ase case: let n = 2, then g(n) = 16/9  and 2 - 2/(3^n) = 16/9, gives the P(2) holds.
Inductive hypothesis:
Inductive step:",1,2,0,0,0,0,0,HC,sp23
172,173,Exam 4,learningStudy/WrittenInduction_Recurrence_v3,"For our base case, note that when n = 0, $g(0) = 0 = 2- \frac {2} {3^0} = 0$. Additionally, $g(1) = \frac 4 3= 2- \frac {2} {3^1} = \frac 4 3$.

Next, suppose as our inductive hypothesis we have that for some k, $g(n)=2-\frac{2} {3^n}$ for each n in 0...k-1.

We need to show that $g(k)=2-\frac{2} {3^k}$.

$g(k)=\frac4 3g(k-1)-\frac1 3g(k-3)$. By our inductive hypothesis, $g(k-1)$ and $g(k-3) =2-\frac{2} {3^k}$.


Therefore, by induction, $g(k)=2-\frac{2} {3^k}$ which is what we needed to show.",2,2,2,2,2,1,0,HC,sp23
173,174,Exam 4,learningStudy/WrittenInduction_Recurrence_v3,"Base cases:

Notice $g(0) = 0 = 2 - \frac 2 {3^{0}} $

Notice $g(1) = \frac 4 3 = 2 - \frac 2 {3^{1}} $


There is an integer k, such that $g(n) = \frac 4 3g(n - 1) - \frac 1 3g(n-2) = 2 - \frac2 {3^{n}}$ for integers n 0...k

For $n = k+1, g(k+1) = \frac 4 3g(k) - \frac 1 3g(k-1)$

According to our hypothesis, $g(k) = 2 - \frac 2 {3^{k}}$ and $g(k-1) = 2 - \frac 2 {3^{k-1}} = 2 - \frac 6 {2^{k}}$

So $g(k+1) = \frac 4 3g(k) - \frac 1 3g(k-1) = 2 - \frac 2 {3^{k+1}}$

Whc=ich is what we wanted to prove.",2,2,2,2,2,2,2,HC,sp23
174,175,Exam 4,learningStudy/WrittenInduction_Recurrence_v3,"Base case: g(0) = 0 and g(1) = 1, so g(2) = 16/9 and g(2) = 4/3(g(1)) - 1/3(g(1)) = 16/9

Show that for any number $m$ in $0...k$, g(m) = $2-(2/3 ^{m})$

By the definition of g(n), g(m) = $(4/3)g(n-1) - (1/3)g(n-2) = 2 - 2/3^{m}$",1,0,0,2,0,0,0,HC,sp23
175,176,Exam 4,learningStudy/WrittenInduction_Recurrence_v3,"Let the base case be $n=2$. $g(2)=\frac{4}{3}g(1)-\frac{1}{3}g(0)=\frac{16}{9}-0=\frac{16}{9}=2-\frac{2}{3^2}$, which is true <br>
Assume the claim holds for a natural number $k-1$ and $k\ge2$. Thus, $g(k+1)=\frac{4}{3}g(k)-\frac{1}{3}g(k-1)=$<br>
$\frac{4}{3}(2-\frac{2}{3^k})-\frac{1}{3}(2-\frac{2}{3^{k-1}})=2-\frac{8}{3^{k+1}}+\frac{2}{3^k}=2-\frac{2}{3^{k+1}}$",1,2,2,1,2,2,2,HC,sp23
176,177,Exam 4,learningStudy/WrittenInduction_Recurrence_v3,"first, we ientify the best case n = 0 and n - 1. 

g(0) = 0 = 2 - 2
g(1) = 4/3 = 2 - 2/3

Then, the induction hypothesis is g(n) = 2 - 2/3^n = 4/3*g(n - 1) - 1/3*g(n - 2) for n = 0,1,2,.....k and -1,-2,-3....-k

The first step of induction is to prove that (I forgot how to write the rest).",2,2,2,1,0,0,0,HC,sp23
177,178,Exam 4,learningStudy/WrittenInduction_Recurrence_v3,"For our base case, we can use n=2. g(2) = $\frac 4 3 g(n-1) - \frac 1 3 g(n-2) = \frac {16} 9 $ which is equal to 2-$\frac 2 {3^2}= \frac {16} 9$. 
Suppose our inductive hypothesis that $2-\frac 2 {3^n}$ for each n 0...k+2 where k is a nutural number. 

Now we need to prove that $\frac 4 3 g(k+1)- \frac 1 3 g(k) = 2 - \frac 2 {3^(k+2)}$. ",1,2,2,2,2,2,0,HC,sp23
178,179,Exam 4,learningStudy/WrittenInduction_Recurrence_v3,"Proof by induction on n.

P(n) = $g(n) = 2 - \frac{2}{3^n}$ for any natural number n.

Base cases: When n = 0, g(0) = 2 - 2 = 0

When n = 1, g(1) = 2 - 2/3 = 4/3

Suppose that $g(n) = 2 - \frac{2}{3^k}$ is true for all natural numbers 0...k.

We want to prove that $g(n) = 2 - \frac{2}{3^n}$ is true for n = k + 1.

$g(k + 1) = 2 - \frac{2}{3^(k + 1)}$

$g(k + 1) = 2 - (\frac{1}{3} * \frac{2}{3^k})$

From the definition of g, we know that $g(k + 1) = \frac{4}{3}g(k) - \frac{1}{3}g(k - 1)$

$g(k + 1) = \frac{4}{3}(2 - \frac{2}{3^k}) - \frac{1}{3}(2 - \frac{2}{3^(k - 1)})$

$ = \frac{8}{3} - \frac{8}{3^(k + 1)} - \frac{2}{3} - \frac{2}{3^k}$

$ = 2 - \frac{2}{3^k}$

So, by induction, we have proved that $g(n) = 2 - \frac{2}{3^n}$ is true for all natural numbers n.",2,2,2,2,2,2,2,HC,sp23
179,180,Exam 4,learningStudy/WrittenInduction_Recurrence_v3,"For our base case, note that when n = 0, g(n) = 2 - 2/(3^n).
Next, suppose as our Inductive Hypothesis that for some k >= 0, g(n) = 2 - 2(3^n) for n  in 0...k. Now to finish we need to show that g(n) = 2 - 2/(3^k). Now do math to proof this but I do not know the math.",1,2,2,2,1,0,0,HC,sp23
180,181,Exam 4,learningStudy/WrittenInduction_Recurrence_v3,i don't know induction and wasn't provided any documentation. ,0,0,0,0,0,0,0,HC,sp23
181,182,Exam 4,learningStudy/WrittenInduction_Recurrence_v3,"For our base case, $ n = 0$, so $ g(0) = 2 - 2 /3^{0} = 2-2 = 0 $ which matches what was given. 

For our second base case, $n = 1$ so $ g(1) =  2 - 2 /3^{1} = 2 - 2/3 = 4/3$ which matches what was given.

Our inductive hypothesis states that for some $ k \geq 0, g(n) = 2 - 2/3^{n}$ for some $n$ in $0 ... k$.

We must now prove that $ g(k + 1) = 2 - 2/3^{k + 1}$",2,2,2,2,2,0,0,HC,sp23
182,183,Exam 4,learningStudy/WrittenInduction_Recurrence_v3,"kSuppose that all nnatural numbers are also real numbers. Let g(0) = 0, g(1) = 4/3, g(n) = 4/3g(n-1) - 1/3g(n - 2) for n>=2. By the indicative hypothesis, g(n) is also equal to 2 - 2/3^n for any natural number n. Therefore the claim is true that 2 - 2/3^m is true for any natural number n. ",0,0,0,0,0,0,0,HC,sp23
183,184,Exam 4,learningStudy/WrittenInduction_Recurrence_v3,"Base case: For our base case, when n = 2, g(2) = (4/3)*g(2-1) - (1/3)*g(2-2) = (4/3)*g(1) - (1/3)*g(0) = (4/3)*(4/3) - (1/3)*(0) = 16/9 and g(2) = 2 - (2/(3^2)) = 2 - 2/9 = 16/9.

Inductive hypothesis: For the inductive hypothesis, suppose that for some k, (4/3)*g(n-1) - 1/3*g(n-2) = 2 - (2/(3^n)) for each n in 2, 3, ..., k - 1.

Inductive step: Now we need to show that (4/3)*g(k-1) - 1/3*g(k-2) = 2 - (2/(3^k)).",1,2,2,2,2,2,0,HC,sp23
184,185,Exam 4,learningStudy/WrittenInduction_Recurrence_v3,"Proof by induction on n  
$g(0) = 2 - \frac{2}{3^0} = 2 - 2 = 0$ and $g(1) = 2 - \frac{2}{3^1} = \frac{4}{3}$. Thus these base cases are true  
Suppose $g(n) = 2 - \frac{2}{3^n}$ for all natural numbers 0, 1...k.   
$g(k+1) = 2 - \frac{2}{3^(k+1)}$   
This can be rewritten as $g(k + 1) = 2 - \frac{2}{3(3^k)}$
We know $g(k) = 2 - \frac{2}{3^k}$ and $g(k - 1) = 2 - \frac{2}{3 ^ (k-1)}$.  
Thus $g(k + 1) = \frac{4}{3}(2 - \frac{2}{3^k}) - \frac{1}{3}(2 - \frac{2}{3 ^ (k-1)})$  
This can be simplified to $\frac{8}{3} - \frac{2}{3} + \frac{2}{3^k} - \frac{8}{(3)3^k} =  2 - \frac{2}{3(3^k)} = g(k + 1)$
Thus $g(k + 1) = 2 - \frac{2}{3^k + 1}$ which is what we were trying to show.",2,2,2,2,2,2,2,HC,sp23
185,186,Exam 4,learningStudy/WrittenInduction_Recurrence_v3,"Let's proove this using strong induction. 

Supposed that g from Natural to Real numbers is defined by g(0) =  0, g(1) = 4/3, and g(n) = 4/3g(n-1) - 1/3g(n-2) for n>= 2. Let's substitute k into this equation. This gives us 4/3g(k-1) - 1/3g(k-2) for k >= 2. If we factor out 1/3, we get 4g(k-1) - g(k-2).

Have to prove the same for k+1

Not sure how to proceed from here.",0,0,0,0,0,0,0,HC,sp23
186,187,Exam 4,learningStudy/WrittenInduction_Recurrence_v3,base case of g(1) = 4/3 so summation of g(n) = 4/3g(n-1) - 1/3g(n-2) where g(n) = 2- 2/3^n should hold when g(n+1) holds or 2 -2/3^(n+1) will hold for n >= 2 ,0,0,0,0,0,0,0,HC,sp23
187,188,Exam 4,learningStudy/WrittenInduction_Recurrence_v3,"base case: when n=0, $g(0)=2-\frac{2}{3^0}=0$ and $g(0)=0$. when n=1, $g(1)=2-\frac{2}{3^1}=\frac{4}{3}$ and $g(1)=\frac{4}{3}$.

hypothesis: for some k, $g(n)=2-\frac{2}{3^n}$ for n in 2,3,...,k. 

then we want to prove that $g(k+1)=2-\frac{2}{3^{k+1}}$. By the definition of g and our hypothesis, we can rewrite g(k+1) as $g(k+1)=\frac{4}{3}g(k)-\frac{1}{3}g(k-1)=\frac{4}{3}(2-\frac{2}{3^k})-\frac{1}{3}(2-\frac{2}{3^{k-1}})$. 

simplify, 

$g(k+1)=\frac{8}{3}-\frac{8}{3^{k+1}}-\frac{2}{3}+\frac{2}{3^k}=2-\frac{8-6}{3^{k+1}}=2-\frac{2}{3^{k+1}}$, which is exactly what we want to show. ",2,2,2,2,2,2,2,HC,sp23
188,189,Exam 4,learningStudy/WrittenInduction_Recurrence_v3,"proof by induction on n

given g(0) = 0, g(1) = 4/3, and g(n) = 4/3g(n-1) - 1/3g(n-2) for n>=2 I will prove the inductive hypothesis g(n) = 2- 2/(3^n) for all natural numbers n.

Base cases g(0) = 2-2/1 =0 =0, g(1) = 2 - 2/(3^1) = 4/3 = 4/3

Now we can substitute in for all natural numbers k for n>=2.

g(k) = 4/3g(k-1) - 1/3g(k-2) = 4/3g(k-1) and we can substitute the indictive hypothesis in

g(k) = 4/3(2-(2/3^k-1)) -1/3(2-(2/3^k-2))

g(k) = 2 - 8/3^k + 6/3^k

when this is simplified down it is g(k) = 2-(2/(3^k)) QED",2,2,1,1,1,2,2,HC,sp23
189,190,Exam 4,learningStudy/WrittenInduction_Recurrence_v3,"$2 - (2/3^n)$ = $4/3$$(g(n-1) - 1/3 g(n-2)$

 $4/3$$(g((2)-1) - 1/3 g((2)-2)$
 
 ",0,0,0,0,0,0,0,HC,sp23
190,191,Exam 4,learningStudy/WrittenInduction_Recurrence_v3,"Proof: Proof by induction n that g(n) = 2 - 2/3^n for a natural number n

Base Case: We must prove g(0) and g(1) initially before going into the g(n) statement. g(0) in the wideranging equation is g(0) = 2 - 2/1 = 0, and g(0) was proven to be 0. g(1) = 2 - 2/3, which is equal to 6/3 - 2/3 = 4/3, which is on line with the g(1) statement. 

Induction Hypothesis: For a number k, g(n) = 2 - 2/3^n for n being in the range of 0,1,2,3.....k

Induction Step: Prove g(k+1) = 2 - 2/3^(k+1) for any natural number n

Prove: As the g(n) statement is bounded by the inequality n >=2, we can plug in 2 to the k+1 statement to see that g(3) = 2 - 2/3^(3) = 2 - 2/9 = 16/9 . We can plug n = 2 into the g(n) equation to get 4/3(g(2-1)) - 1/3 g(2-2). As we simplify that we get 4/3 * g(1) - 1/3 *g(0). g(1) = 4/3 and g(0) = 0. We can plug back in to get g(2) = 16/9, which = g(k+1) = 2 - 2/3^k+1, proving the induction step

Conclusion: For any natural number n, g(n) = 2 - 2/3^n
",2,2,2,2,2,0,0,HC,sp23
191,192,Exam 4,learningStudy/WrittenInduction_Recurrence_v3,"base case = 4/3g(n+1 - 1) - 1 1/3 g (n - 1) for n>=2

",0,0,0,0,0,0,0,HC,sp23
192,193,Exam 4,learningStudy/WrittenInduction_Recurrence_v3,"For our base case, note that when n = 0, g(0) = 0 and 2 - 2/(3^n) = 0.

Next, suppose as our inductive hypothesis that 2 - 2/(3^n) = (4/3) g(n-1) - (1/3) g(n-2) for each n in 0...k-1.

Now to finish we need to show that 2 - 2/(3^k) = (4/3) g(k-1) - (1/3) g(k-2).

(4/3) g(k-1) - (1/3) g(k-2) = (4/3) (2 - 2/(3^(k-1))) - (1/3) (2 - 2/(3^(k-2))) = (8/3) - 8/(3^k) - (2/3) + 2/(3^(k-1)) = 2 - 2/(3^k).",1,2,2,2,2,2,2,HC,sp23
193,194,Exam 4,learningStudy/WrittenInduction_Recurrence_v3,I have no idea.,0,0,0,0,0,0,0,HC,sp23
194,195,Exam 4,learningStudy/WrittenInduction_Recurrence_v3,"g(n)=2-2/3^n is true for some integers n = 1, 2, 3, ,..., k. Base case g(0) = 2 - 2/1 = 0 g(1) = 2- 2/3 = 4/3",0,0,0,0,0,0,0,HC,sp23
195,196,Exam 4,learningStudy/WrittenInduction_Recurrence_v3,"We can find base cases

$g(0)=2-\frac{2}{1}=0$ true for $n=0$  
$g(1)=2-\frac{2}{3}=\frac{4}{3}$ true for $n=0$

We can assume $g(n)$ is true for any $n=1,2,3,4....k$

idk",2,2,2,2,0,0,0,HC,sp23
196,197,Exam 4,learningStudy/WrittenInduction_Recurrence_v3,"by base case

suppose g(k) = 2 - 2/(3^k) is true

proof 

g(k + 1) = 2 - 2 /(3^(k+1))

(4/3)g(k) - (1/3)g(k-1) = 2 - 2 /(3^(k+1))",0,0,2,0,2,2,0,HC,sp23
197,198,Exam 4,learningStudy/WrittenInduction_Recurrence_v3,"For our base case, g(0) = 2 - 2/3^0 = 0

4/3 * g(k - 1) - 1/3 * g(k - 2) for values 0...k + 1

4/3 * g(k) - 1/3 * g(k-1) = 2 - 2/3^(k+1)

4g(k) - g(k-1) = 6 - 2/3^k

??",1,2,0,0,0,0,0,HC,sp23
198,199,Exam 4,learningStudy/WrittenInduction_Recurrence_v3,"Inductive proof on n 

Best Case g(0) = 0, g(1) = 4/3

Inductive Hypothesis g(n) = 4/3g(n-1) - 1/3g(n-2) = 2 - 2/(3^n)

I don't remember how to take inductive step and further prove from here",2,1,2,0,0,0,0,HC,sp23
199,200,Exam 4,learningStudy/WrittenInduction_Recurrence_v3,"base case: g(2) = 16/9 - 0 = 2 - 2/3^2. g(0) = 2-2/1, g(1) = 2-2/3.

Hypothesis: For some natural number k > 3, the claim is correct for n=0,1,2...k-1.

try to prove that the claim is correct when n = k.

g(k) = 4g(k-1)/3 - g(k-2)/3 = 4(2-2/3^(k-1))/3 -(2-2/3^(k-2))/3 = 2-2/3^k.

Then for any natural number n, the claim is correct.",2,2,2,2,2,2,2,HC,sp23
200,201,Exam 4,learningStudy/WrittenInduction_Recurrence_v3,"g(2) = $\frac{16}{9}$

g(3) = $\frac{64}{27}$ - $\frac{4}{9}$ = $\frac{52}{27}$

g(k) = $\frac{4}{3}$g(k-1) - $\frac{1}{3}$g(k-2)",0,0,0,0,0,0,0,HC,sp23
201,202,Exam 4,learningStudy/WrittenInduction_Recurrence_v3,"Induction proof of n
Induction predicate: for g(0)=0, g(1)=4/3, g(n)=(4/3)g(n-1)-(1/3)g(n-2) for n >=2 that g(n) = 2-2/3^n
Base case: n = 2: g(2) = (4/3)g(1)-(1/3)g(0) =16/9 and 2 - 2/3^2 = 16/9 a either
Inductive hypothesis: for some k that g(n) = 2 - 2/3^n for each n in 0...k
Inductive steps: we need to proof that g(k+1)=2-2/3^(k+1)",1,2,2,2,2,1,1,HC,sp23
202,203,Exam 4,learningStudy/WrittenInduction_Recurrence_v3,"For our base case, note that when $n = 2$, $\frac{4}{3} g(n - 1) - \frac{1}{3} g(n - 2) = \frac{16}{9}$, and $2 - \frac{2}{3^n} = \frac{16}{9}$, so the predicate holds for the base case. 

Next, suppose as our Inductive Hypothesis that $\frac{4}{3} g(n - 1) - \frac{1}{3} g(n - 2) = 2 - \frac{2}{3^n}$ for $n$ in $2 ... k$.

Now to finish we need to show that $\frac{4}{3} g(k) - \frac{1}{3} g(k - 1) = 2 - \frac{2}{3^{k + 1}}$.

From the Inductive Hypothesis we can see that ...

... Therefore, $\frac{4}{3} g(k) - \frac{1}{3} g(k - 1) = 2 - \frac{2}{3^{k + 1}}$.",1,2,2,2,2,2,0,HC,sp23
203,204,Exam 4,learningStudy/WrittenInduction_Recurrence_v3,"For our base case, when $n = 2, \frac{4}{3}g(2-1) - \frac{1}{3}g(2-2) = \frac{4}{3}\frac{4}{3} - \frac{1}{3}(0) = \frac{16}{9}$ and $2 - \frac{2}{3^2} = 2 - \frac{2}{9} = \frac{16}{9}$.

Next, suppose as our Inductive Hypothesis that for some $k$, $\frac{4}{3}g(n-1) - \frac{1}{3}g(n-2) = 2 - \frac{2}{3^n}$ for each $n$ in $0...k-1$.

Now to finish we need to show that $\frac{4}{3}g(k-1) - \frac{1}{3}g(k-2) = 2 - \frac{2}{3^k}$.

We know that $\frac{4}{3}g(k-1) - \frac{1}{3}g(k-2) = \frac{4}{3}(2 - \frac{2}{3^{k-1}}) - \frac{1}{3}(2 - \frac{2}{3^{k-2}})$.

$= \frac{8}{3} - \frac{4}{3}(\frac{2}{3^{k-1}}) - \frac{2}{3} + \frac{1}{3}(\frac{2}{3^{k-2}}) = 2 - \frac{4}{3}(\frac{2 * 3}{3^{k}}) + \frac{1}{3}(\frac{2 * 9}{3^{k}}) = 2 - \frac{4}{3}(\frac{6}{3^{k}}) + \frac{1}{3}(\frac{18}{3^{k}}) = 2 - \frac{8}{3^k} + \frac{6}{3^k}$

$= 2 - \frac{2}{3^k}$. $QED$",1,2,2,2,2,2,2,HC,sp23
204,205,Exam 4,learningStudy/WrittenInduction_Recurrence_v3,"Induction by n

Base case:

g(2) = 4/3(g(2-1)-1/3(g(2-2) = 4/3(g(1)) - 1/3(g(0) = 16/9-0 = 16/9

Inductive Hypotheis. 
For all n belonging to n, let g(n) = 2-2/3^n for all 0,1,2.....k
 
Inductive step:
Showing that for k + 1, g(k+1) = 4/3g(k+1 - 1) - 1/3g(k+1 - 2) = 4/3g(k) - 1/3g(k - 1).

Thus, g(n) - 2 - 2/3^n, which is what we needed to show.

Hence Proved",1,2,2,2,2,2,0,HC,sp23
205,206,Exam 4,learningStudy/WrittenInduction_Recurrence_v3,"Proof by induction on $n$

$P(n): g(n) = 2-\frac{2}{3^n}$

Inductive Hypothesis: Suppose $P(n)$ holds for $n$ in $0...k-1$ (with $k-1 \geq 0$)

Base Cases: 

$g(0) = 2-\frac{2}{3^0}$

$0 = 2-2 = 0$

$g(1) = 2-\frac{2}{3^1}$

$\frac{4}{3} = 2 - \frac{2}{3} = \frac{4}{3}$

Now, we need the show that $P(k)$ holds

$2 - \frac{2}{3^k} = g(k) = \frac{4}{3}g(k-1) - \frac{1}{3}g(k-2)$

By the inductive hypthesis:

$2 - \frac{2}{3^k} = \frac{4}{3}(2 - \frac{2}{3^{k-1}}) - \frac{1}{3}(2-\frac{2}{3^{k-2}})$

$2 - \frac{2}{3^k} = \frac{8}{3} - \frac{8}{3^k} - \frac{2}{3} + \frac{2}{3^{k-1}}$

Simplifying the algebra, we get:

$2 - \frac{2}{3^k} = 2 - \frac{2}{3^k}$

Which is what we needed to prove.
",2,2,2,2,2,2,2,HC,sp23
206,207,Exam 4,learningStudy/WrittenInduction_Recurrence_v3,"Proof: by induction

For our base case, let n = 2. So g(2) = 2 - 2/3^(2) = 2 - 2/9 = 16/9. Then according to the definition, g(2) = (4/3)(g(1)) - (1/3)(g(0)) = (4/3)(4/3) - (1/3)(0) = 16/3 - 0 = 16/3. Since both equal 16/3, then g(2) is true for n = 2. 

For our induction hypothesis, suppose for some k, (4/3)g(n-1) - (1/3)g(n-2) = 2 - 2/(3^n) for n = 0, 1,...k. ",1,2,2,2,0,0,0,HC,sp23
207,208,Exam 4,learningStudy/WrittenInduction_Recurrence_v3,"g(0) = 0

g(1) = 4/3

g(n) = (4/3)g(n-1)-(1/3)g(n-2), for n>=2.

0 = 4/3g(-1)-1/3g(-2) = a value that cannot be determined. 

4/3 = 4/3g(0)-1/3g(-1) = another value that cannot be determined since the g(n) becomes a negative, which is out of bounds. Therefore, due to g(n-2), n must be >= 2 for g(n) to start from g(0), which is given as 0. 
",0,0,0,0,0,0,0,HC,sp23
208,209,Exam 4,learningStudy/WrittenInduction_Recurrence_v3,"Let n be any natural number.

For our base case, note that when n = 0, 1, g(0) = 0 and g(1) = 4/3

Then, we must prove that g(n) = 4/3g(n - 1) - 1/3g(n - 2) holds true for all n = 0 ... k. Suppose n = k + 1. Then g(k + 1) = 4/3(2 - 2/(3^(k))) - 1/3(2 - 2/(3^(k - 1)). I have no idea where to even go from here.

Since the base case and inductive step are true, then the hypothesis holds for any natural number n which is what we needed to show.",2,1,1,2,2,2,0,HC,sp23
209,210,Exam 4,learningStudy/WrittenInduction_Recurrence_v3,"Suppose g(n) = 2/3 g(n-1) - 2 - 1/3 g(n-2)

Plugging in g(2), we get g(2) = 16/9

Plugging in g(3), we get 4/3(g(2)) - 1/3(g(1))

which equals 4/3 (16/9) - 1/3 (4/3)

when equals 52/27

We can see that g(n+1) can be solved for by using g(n) which is what we needed to show.",0,0,0,0,0,0,0,HC,sp23
210,211,Exam 4,learningStudy/WrittenInduction_Recurrence_v3,"Proof by induction on $n$

We need to prove that for any natural number $n$ $g(n) = 2 - \frac{2}{3^n}$

Our base cases are as follows. $g(0) = 2 - \frac{2}{3^0} = 2 - 2 = 0$, and $g(1) = 2 - \frac{2}{3^1} = \frac{6}{3} - \frac{2}{3} = \frac{4}{3}$. Thus both base cases hold true.

For our inductive hypothesis we need to prove that for any natural number $n$ $g(n) = \frac{4}{3}g(k-1) - \frac{1}{3}g(k-2)$ for any $k$ from $k = 2,...,k-1$.

For the inductive step we must show that $g(n) = \frac{4}{3}g(k-1)-\frac{1}{3}g(k-2) = 2 - \frac{2}{3^{k}}$.

By the inductive hypothesis, we know that $g(n) = \frac{4}{3}(2 - \frac{2}{3^{k-1}})-\frac{1}{3}(2 - \frac{2}{3^{k-2}})$. This equates to $\frac{8}{3} - \frac{8}{3^k} - \frac{2}{3} + \frac{2}{3^{k-1}}$.  Which becomes $2 - \frac{8}{3^k} + \frac{2}{3^{k-1}}$. Adding this step $2 - (\frac{1}{5})(\frac{8}{3^k}) + (\frac{1}{5^2})(\frac{2}{3^{k-1}}) = 2 - \frac{8}{15^{k+1}}+\frac{2}{15^{k+1}}$. Simlifying the algebra this becomes $2 - \frac{10}{15^{k+1}}$ which is then equal to $2 - \frac{2}{3^k}$.

Thus showing that $g(n) = 2 - \frac{2}{3^k}$ for $n \geq 2$, which is what we needed to show. 
",2,2,1,2,2,2,2,HC,sp23
211,212,Exam 4,learningStudy/WrittenInduction_Recurrence_v3,"For n = 2, g(n) = g(2) = (4/3)g(1) - (1/3)g(0) = (16/9 - 0) = 16/9.

2 - 2/(3^2) also equals 16/9. 

Let us now assume this claim is true for all natural numbers 2...k-1. 

We shall now prove that this works for n=k, which is (k-1)+1. 

Substituting k for the recursive definition, we get (4/3)*(g(k-1)) - (1/3)(g(k-2)). We know that k-1 and k-2 follow the claim, so we can use the second given definition to substitue for those values and simplify the expression. 

...computation not shown...

(4/3)*(g(k-1)) - (1/3)(g(k-2)) = 2 - 2/(3^n)
",1,2,2,2,2,2,0,HC,sp23
212,213,Exam 4,learningStudy/WrittenInduction_Recurrence_v3,Also Unsure,0,0,0,0,0,0,0,HC,sp23
213,214,Exam 4,learningStudy/WrittenInduction_Recurrence_v3,"For $n=0$, $g(0)=0$. Also, $g(0)=2-2=0$. Thus, the claim is true for $n=0$.

For $n=1$, $g(1)=\frac{4}{3}$. Also, $g(1)=2-\frac{2}{3}=\frac{4}{3}$. Thus, the claim is true for $n=1$.

For $n=2$, $g(2)=\frac{4}{3} \times \frac{4}{3}-\frac{1}{3} \times 0=\frac{16}{9}$. Also, $g(2)=2-\frac{2}{9}=\frac{16}{9}$. Thus, the claim is true for $n=2$.

Suppose that for some $k$, the claim is true for each $n$ in $0...k-1$. Then, we must show that the claim is true for $n=k$.

We know that $g(k)=\frac{4}{3} \times g(k-1)-\frac{1}{3} \times g(k-2)$. Using the assumption, we can simplify this to $g(k)=\frac{4}{3} \times (2-\frac{2}{3^{k-1}}) -\frac{1}{3} \times (2-\frac{2}{3^{k-2}})$. Simplifying, $g(k)=2-\frac{2}{3^{k}}$, which is what we needed to show.

Thus, the claim is true for any natural number $n$.",2,2,2,2,2,2,2,HC,sp23
214,215,Exam 4,learningStudy/WrittenInduction_Recurrence_v3,"g(n + 1) = 4/3g(n) - 1/3g(n-1)

g(n-1) = (g(n)+1/3g(n-2))/(4/3)

g(n + 1) =  4/3g(n) - 1/3(g(n)+1/3g(n-2))/(4/3)",0,0,0,0,0,0,0,HC,sp23
215,216,Exam 4,learningStudy/WrittenInduction_Recurrence_v3,"For $n = 0$, $g(n) = 2-(2/3^n)$ = $2-(2/3^0)$ $=0$ which $g(0) = 0$

For $n = 1$, $g(n) = 2-(2/3^n)$ = $2-(2/3^1)$ $=4/3$ which $g(1) = 4/3$

Suppose as our Inductive Hypothesis that for some $k$ , $g(n) = 2-(2/3^n)$ for $n$ in $0...k$.

Inductive step: $g(k+1) = 2-(2/3^(k+1))$.

$g(n) = (4/3) * g(n-1) - (1/3) * g(n-2)$

$g(k+1) = (4/3) * g(k) - (1/3) * g(k-1)$

$g(k+1) = (4/3) * (2-(2/3^k)) - (1/3) * (2-(2/3^(k-1)))$

$g(k+1) = (8/3) - (24/3^k) - (2/3) + (18/3^k)$

$g(k+1) = (2) - (6/3^k) = 2-(2/3^(k+1))$.",2,2,2,2,2,2,2,HC,sp23
216,217,Exam 4,learningStudy/WrittenInduction_Recurrence_v3,"We will prove this using induction of the integer n.

Inductive hypothesis: 2 - 2/3^k for any natural number k from 0,...,k+1

Base cases: g(0) = 0 = 2 - 2/3^0 = 2-2 = 0

g(1) = 4/3 = 2 - 2/3^1 = 2 - 2/3 = 4/3

Inductive step: 2 - 2/(3^(k+1)) = (2(3^(k+1) - 2)/3^(k+1) = 2 * (3^(k+1) - 1)/3^(k+1) = 4/3g(n-1) - 1/3g(n-2)

Therefore, g(n) = 2 - 2/3^n for any natural number n. QED",2,2,2,2,1,1,1,HC,sp23
217,218,Exam 4,learningStudy/WrittenInduction_Recurrence_v3,"For our base cases, g(0) = 0, g(1) = $\frac43$

Next for our inductive hyptohesis, $\frac43g(n-1) - \frac13g(n-2)$ where k > n - 1

Therefore, our inductive step states that $\sum_{k > 3}^{n} \frac43g(n-1) - \frac13g(n-2)$

...

Therefore, using strong induction, $g(n) = 2 - \frac{2}{3^n}$",2,1,0,0,0,0,0,HC,sp23
218,219,Exam 4,learningStudy/WrittenInduction_Recurrence_v3,"$g(n) = 2 - \frac{2}{3^n}$

For our base case, note that when $n = 0$, $g(0) = 2 - \frac{2}{3^0} = 0$ and that when $n = 3, g(2) = 2 - \frac{2}{3^2} = \frac{16}{9}$.

Next, suppose for our inductive hypothesis that for some k, $g(n) = 2-\frac{2}{3^n}$ for each n in 0, 1... k.

We then need to show that $g(k+1) = 2 - \frac{2}{3^{k+1}}$. 

We see that $g(k+1) = 2 - \frac{2}{3^{k+1}}$ and that for $k+1 >= 2$, $g(n) = \frac{4}{3}g(n-1) - \frac{1}{3}g(n-2)$. This means that $2 - \frac{2}{3^{k+1}} = \frac{4}{3}g(n-1) - \frac{1}{3}g(n-2)$.

...

This shows $g(n) = 2 - \frac{2}{3^n}$, which is what we wanted to show.",1,2,2,2,2,2,0,HC,sp23
219,220,Exam 4,learningStudy/WrittenInduction_Recurrence_v3,0 = 0 ,0,0,0,0,0,0,0,Seth,sp23
220,221,Exam 4,learningStudy/WrittenInduction_Recurrence_v3,Not sure.,0,0,0,0,0,0,0,Seth,sp23
221,222,Exam 4,learningStudy/WrittenInduction_Recurrence_v3,"g(2) = $\frac{4}{3}(\frac{4}{3})$ - $\frac{1}{3}(0)$ = $\frac{16}{9}$

2 - $\frac{2}{3^2}$ = 2 - $\frac{2}{9}$ = $\frac{16}{9}$

g(3) = $\frac{4}{3}(\frac{16}{9})$ - $\frac{1}{3}(\frac{4}{3})$ = $\frac{64}{27} - \frac{12}{27} = \frac{52}{27} = \frac{14}{9}$

2 - $\frac{2}{3^3}$ = 2 - $\frac{2}{27}$ = $\frac{54}{27} - \frac{2}{27} = \frac{52}{27} = \frac{14}{9}$

for n = 2 and n = 3, g(n) = $2 - \frac{2}{3^n}$

For all n, g(n) = $2 - \frac{2}{3^n}$",1,2,0,0,0,0,0,Seth,sp23
222,223,Exam 4,learningStudy/WrittenInduction_Recurrence_v3,"I don't really remember how to do this other than what I have written below...
We will prove this claim using induction. The claim is that g(n) = 2-2/3^n for all real numbers n >=2.

The base case for this is if n = 0. If n = 0, g(0) = 2-2/3^n = 0 and g(0) = 4/3g(n-1)-1/3g(n-2) = 0 which is the same. Thus the base case is proven. Another base case for this is if n = 1. If n = 1, g(1) = 2-2/3^n = 4/3 and g(1) = 4/3g(n-1)-1/3g(n-2) = 4/3 which is the same. Thus the base case is proven. 

Inductive hypothesis: Let k = any real number. Then, 
g(n) = 4/3g(n-1)-1/3g(n-2) =  2-2/3^n
Inductive step: g(k+1) = 4/3g((k+1)-1)-1/3g(k+1-2) =  2-2/3^k+1",2,2,1,1,2,2,0,Seth,sp23
223,224,Exam 4,learningStudy/WrittenInduction_Recurrence_v3,"Base case: When n = 2, g(2) = 4/3g(1) - 1/3g(0) = 16/9 and g(2) = 2 - 2/(3^2) = 16/9.  
Inductive hypothesis: for some k, g(n) = 2 - 2/(3^n) for each n in 1, 2, 3, 4,...,k-1.  
g(k) = 4/3g(k-1) - 1/3g(k-2).  
According to the hypothesis, g(k-1) = 2 - 2/(3^(k-1)) and g(k-2) = 2 / (3^(k-2)).  
g(k) = 4/3 * (2 - 2 / (3^(k-1))) - 1/3 * (2 - 2 / (3^(k-2))).  
Then, g(k) = 8/3 -  8/(3^k) - 2/3 + 2/(3(k-1)) = 2 - 2/(3^k). which is what we need to prove.",1,2,2,2,2,2,2,Seth,sp23
224,225,Exam 4,learningStudy/WrittenInduction_Recurrence_v3,"Prove by induction on $n$.

Base Case: For $n=0$, $\frac43g(0-1)-\frac13g(0-2)=0$ and for $n=0$, $\frac43g(1-1)-\frac13g(1-2)=\frac43$. So $g(0)$ and $g(1)$ are true.

Inductive Hypothesis: $\frac43g(n-1)-\frac13g(n-2)=2-\frac2{3^n}$ for $n$ in $0...k-1$ where $k$ is in the set of all natural numbers.

Inductive Step: We need to prove that $g(k)=\frac43g(k-1)-\frac13g(k-2)=2-\frac2{3^k}$. ",2,2,2,2,2,0,0,Seth,sp23
225,226,Exam 4,learningStudy/WrittenInduction_Recurrence_v3,I don't really know how to write proofs using induction.,0,0,0,0,0,0,0,Seth,sp23
226,227,Exam 4,learningStudy/WrittenInduction_Recurrence_v3,"4/3g(n - 1)- 1/3g(n-2)

if n $\ge$ 2 then 4/3g(n-1) and 1/3g(n-2) are both not negative. since 4/3 is greater than 1/3 and n - 1 is greater than n - 2, this equation is always positive

When u multiple out the equation, you get 4/3gn - 4/3g - 1/3gn - 2/3g. This is simplified to gn - 5/3g.
",0,0,0,0,0,0,0,Seth,sp23
227,228,Exam 4,learningStudy/WrittenInduction_Recurrence_v3,"For the base case, we need to prove g(0) and g(1) for 2 - $2/3^n$. g(0) = 0 and g(1) = $4/3$.  
  
For our hypothesis, we need to prove for some number k, g(n) = 2 - $2/3^n$ for any natural number n in 0...k.
  
Finally, we need to prove g(n) = 2 - $2/3^n$ for any natural number n.  
  
Suppose n = 2. g(2) = $4/3$g(1) - $1/3$g(0). Plugging in g(0) and g(1), we get $4/3$ * $4/3$ - $1/3$ * 0, which is 4/3 * 4/3 = 16/9.  
  
Next, we plug n = 2 in for g(n) = 2 - $2/3^n$. This equals 2 - 2/9. We can convert this to 18/9 - 2/9, which equals 16/9 as well. Both equations equal eachother for any number n, this is what we needed to show.",2,1,1,2,0,0,0,Seth,sp23
228,229,Exam 4,learningStudy/WrittenInduction_Recurrence_v3,"Proof by induction on n.

Inductive Predicate: $g(n) = 2 - \frac{2}{3^n}$ for any natural number n.

Best Case: g(0) = 0 and g(1) = $\frac{2}{3}$.

Inductive Hypothesis: For some k, $g(n) = 2 - \frac{2}{3^n}$ when n is 0 . . . k.

Inductive Step: We need to prove that $g(k+1) = 2 - \frac{2}{3^(k+1)}$.

By some algebra, $g(k+1) = 2 - \frac{2}{3^(k+1)}$

. . . 

$g(n) = 2 - \frac{2}{3^n}$ for any natural number n.",2,1,2,2,2,0,0,Seth,sp23
229,230,Exam 4,learningStudy/WrittenInduction_Recurrence_v3,"Base case 1: $n = 0$: $g(0) = 0$. $2-\frac{2}{3^0}=2-2=0$. $0=0$

Base case 2: $n=1$: $g(1)=\frac{4}{3}$. $2-\frac{2}{3^1} = \frac{4}{3}$. $\frac{4}{3}=\frac{4}{3}$

Inductive hypothesis: For some $k$, $g(n) = 2-\frac{2}{3^n}$ for each $n$ in $0...k$

Inductive step: Show $g(k+1) = 2-\frac{2}{3^{k+1}}$

$g(k+1) = \frac{4}{3}g(k) - \frac{1}{3}g(k-1)$. By inductive hypothesis:

$\frac{4}{3}g(k) - \frac{1}{3}g(k-1) = \frac{4}{3}(2-\frac{2}{3^{k}}) - \frac{1}{3}(2-\frac{2}{3^{k-1}})=\frac{8}{3}-\frac{8}{3^{k-1}}-\frac{2}{3}+\frac{2}{3^{k}}=2-\frac{8}{3^{k-1}}+\frac{6}{3^{k-1}}$

$=2-\frac{2}{3^{k+1}}$

By induction, $g(n) = 2-\frac{2}{3^{n}}$ for any natural number n.",2,2,2,2,2,2,2,Seth,sp23
230,231,Exam 4,learningStudy/WrittenInduction_Recurrence_v3,"As a base case, suppose that n = 2. Then g(2) = 4/3(4/3) - 1/3(0) = 16/9 = 2 - 2/9.

As an inductive hypothesis we need to show that for some number k, g(n) = 4/3g(n-1) - 1/3g(n-2) = 2 - 2/3^n for all n in 0, 1, 2... k.

",1,2,1,2,0,0,0,Seth,sp23
231,232,Exam 4,learningStudy/WrittenInduction_Recurrence_v3,"Proof by induction

establish base cases for g(0) and g(1) 

Inductive hypothesis for any natural number k, 4/3g(k-1) -1/3k(k-2) for any natural number 2.....k

Inductive step is to prove this with k (2-2/3^n)

Distribute everything to get 
4/3gn-4/3g -1/3gn+2/3g

which gets gn-2/3g

take out g 

g(n-2/3)

Not sure where to go from here ",2,0,1,1,0,0,0,Seth,sp23
232,233,Exam 4,learningStudy/WrittenInduction_Recurrence_v3,"For our base case g(n) = $4/3 $g(n-1) - $1/3$g(n-2), for n>=2.

Next, suppose as our Inductive Hypothesis that 
for some k, g(n) = $4/3 $g(n-1) - $1/3$g(n-2)
 is true for every n in 2...k + 1.

Now to finish we need to show that g(k) = $4/3 $g(k-1) - $1/3$g(k-2)

So let us say k = 2 then  g(k) = $4/3 $g(k-1) - $1/3$g(k-2) = 1.66 repeating 

thus the claim is incorrect.",0,0,1,2,1,0,0,Seth,sp23
233,234,Exam 4,learningStudy/WrittenInduction_Recurrence_v3,"By induction, we need to prove that the claim is true for all natural number n.",0,0,0,0,0,0,0,Seth,sp23
234,235,Exam 4,learningStudy/WrittenInduction_Recurrence_v3,"Forgot Inductive Proofs Fully

All I remember:
Inductive Claim -> Base Case -> Inductive Hypothesis",0,0,0,0,0,0,0,Seth,sp23
235,236,Exam 4,learningStudy/WrittenInduction_Recurrence_v3,"g(0) = 2-2 = 0;

g(1) = 2 -2/3 = 4/3;   

assume g(n) = 2-$\frac{2}{3^n}$ for any natual number n;

2-$\frac{2}{3^n}$  = $\frac{2 \times3^n}{3^n}$ -$\frac{2}{3^n}$  = $\frac{2 \times3^n -2}{3^n}$;
",2,2,2,1,0,0,0,Seth,sp23
236,237,Exam 4,learningStudy/WrittenInduction_Recurrence_v3,"for any natural number n, g(n) = 2 - 2/(3^n).

base cases: g(0) = 0 and 2-2/1 = 0. g(1) = 4/3 and 2-2/3 = 4/3. g(2) = 4/3g(1) -1/2g(0) = 16/9 and 2-2/9 = 16/9. base cases hold true.

inductive hypothesis: for some number k, g(n) = 2 - 2/(3^n) = 4/3g(n-1) - 1/3g(n-2) for each n in 0, 1, ... k.

inductive step: prove g(k+2) = 2 - 2/(3^k+2) = 4/3g(k+1) - 1/3g(k).

2-2/3^k+2 = 2 - (1/9)(2/3^k).",2,2,2,2,1,2,0,Seth,sp23
237,238,Exam 4,learningStudy/WrittenInduction_Recurrence_v3,"Proof: Show that g(n) =  2 - 2/$3^n$ for any natural numb

Base: For the base case, let n =2. At n = 2, g(2) = 4/3*g(2-1) - 1/3*g(n-2) = 4/3*g(1) - 1/3*g(0) = 4/3*4/3 - 1/3*0 = 16/9. At n = 2, 2 - 2/$3^n$ = 2 - 2/$3^2$ = 2 - 2/8 = (18 - 2)/8 = 16. Therefore, for our base case  g(n) = 2 - 2/$3^n$. We need to show that  g(k+1) = 2 - 2/$3^{k+1}$.

Induction: Suppose as our inductive hypothesis, g(n) = 2 - 2/$3^n$ for all n in 0.1.2,3,...k. Therefore, g(k) = 2 - 2/$3^k$ and g(k-1) = 2 - 2/$3^{k-1}$.  
For when n = k +1, g(k+1) = 4/3*g(k+1 - 1) - 1/3*g(k+1-2) = 4/3*g(k) - 1/3*g(k-1) = 4/3*(2 - 2/$3^k$) - 1/3*( 2 - 2/$3^{k-1}$) = 8/3 - 8/$3^{k+1}$ - 2/3 + 2/$3^k$ = 6/3 + (6-8)/$3^{k+1}$ = 2 - 2/$3^{k+1}$


Hence, g(k+1) = 2 - 2/$3^{k+1}$. ",1,1,2,2,2,2,2,Seth,sp23
238,239,Exam 4,learningStudy/WrittenInduction_Recurrence_v3,"Induction on $n$.  
Base case: when $n=2$, $\frac43g(2-1)-\frac13g(2-2)$=$2-\frac2{3^2}$.  
$\quad$$\frac43g(1)-\frac13g(0)=(\frac43)(\frac43)-\frac13(0)=\frac{16}9-0$.  
$\quad$$2-\frac29=\frac{16}9$.  
Base case is true.  
Indcution hypothesis: For any natural number $n = 2,3...k$ where $k$ is any natural number $\geq2$, $\frac43g(n-1)-\frac13g(n-2)=2-\frac2{3^n}$.  
Inductive step: Prove $\frac43g(n-1)-\frac13g(n-2)=2-\frac2{3^n}$ when $n=k+1$.  
$\quad$When $n=k+1$, $\frac43g(k)-\frac13g(k-1)$.  
$\quad$$g(k)=2-\frac2{3^k}$ and $g(k-1)=2-\frac2{3^{k-1}}$ by the Indcution hypothesis.  
$\quad$$\frac43g(k)-\frac13g(k-1)=\frac43(2-\frac2{3^k})-\frac13(2-\frac2{3^{k-1}})=\frac83-\frac8{3^{k+1}}-\frac23+\frac2{3^{k}}=\frac63-\frac8{3^{k+1}}+\frac6{3^{k+1}}$.  
$\quad$$=2-\frac2{3^{k+1}}$.  
$\quad$When $n = k+1$, $2-\frac2{3^{k+1}}$.  
$\therefore$$\frac43g(n-1)-\frac13g(n-2)=2-\frac2{3^n}$ when $n=k+1$, so the claim is true.",1,2,2,1,2,2,2,Seth,sp23
239,240,Exam 4,learningStudy/WrittenInduction_Recurrence_v3,"Base case: For $n = 2$, $g(2) = \dfrac{4}{3}g(1) - \dfrac{1}{3}g(0) = \dfrac{4}{3}(\dfrac{4}{3}) - \dfrac{1}{3}(0) = \frac{16}{9}$. This is equivalent to $2- \dfrac{2}{3^2} = \dfrac{16}{9}$. So, the base case holds.

Inductive hypothesis: We assume this holds for any $n \in \mathbb{N}$ from $2, ..., k$. In other words, $\frac{4}{3}g(k-1) - \frac{1}{3} g(k-2) = 2- \dfrac{2}{3^k}$.

Inductive step: we must show that this holds for $n = k+ 1$. In other words, that $\frac{4}{3}g(k) - \frac{1}{3} g(k-1) = 2- \dfrac{2}{3^{k+1}}$.

Not sure how to proceed from here because I cannot find a way to cancel the $k-1$ term. Keep getting stuck in a loop of $k-1, k-2,$ etc. and not sure how to break.",1,2,1,2,2,2,0,Seth,sp23
240,241,Exam 4,learningStudy/WrittenInduction_Recurrence_v3,I'm not sure,0,0,0,0,0,0,0,Seth,sp23
241,242,Exam 4,learningStudy/WrittenInduction_Recurrence_v3,"base case: when n = 0, g(0) = 0. g(n) = 2 - 2 = 0. when n = 1, g(1) = 4/3. g(1) = 2 - 2/3 = 4/3. So it is true for n = 0 and n = 1.
inductive hypothesis: g(n) = 2 - 2/3^n is ture for n = 2, 3, 4, ...., k 
",2,2,2,2,0,0,0,Seth,sp23
242,243,Exam 4,learningStudy/WrittenInduction_Recurrence_v3,"proof by induction on n

we say g(n) = 4/3g(n-1) - 1/3g(n-2) = 2-2/(3^n) for all n >= 2

We want to show that this holds true for all n = 0,1,2,...k+1

looking at our base cases, g(0) = 2-2/(3^0) = 0 = g(0)
and then our second case g(1) = 2-2/(3^1) = 4/3 = g(1)

g(k+1) = 2 - 2/(3^k+1) = 4/3g(k)-1/3g(k-1)
",2,2,2,1,2,0,0,Seth,sp23
243,244,Exam 4,learningStudy/WrittenInduction_Recurrence_v3,"For our base case, starting with $n=0, g(0)=0$ by its definition and $2-\frac{2}{3^0}=2-\frac{2}{1}=0$. for $n=1$ $g(1)=\frac{4}{3} $ and $2-\frac{2}{3^1} = \frac{2*3}{3}-\frac{2}{3} = \frac{4}{3}$

Lets suppose our inductive hypothesis is that $g(n) = 2-\frac{2}{3^n}$ for $n$ in $0 \dots k$ where $k \geq0$

We must then prove that $g(k+1) = 2-\frac{2}{3^{k+1}}$

starting with our lefthand side, ",2,2,2,2,2,0,0,Seth,sp23
244,245,Exam 4,learningStudy/WrittenInduction_Recurrence_v3,"Let's prove by induction. Let proposition g(n) = 2 - 2/(3^n) be true. For base case g(0), g(0) = 0 and 2 - 2(3^n) = 0, so the proposition holds true. As a result, g(n) = 2 - 2/(3^n) is true for any case n = 0, 1, 2, 3, ..., k. This means that we need to prove that g(k+1) = 2 - 2/(3^(k+1)). Since g(k+1) = 2-2/(3^(k+1)), this means that g(n) = 2-2/(3^n) is true for any natural number *n*, which is what we needed to prove.",1,2,1,2,2,0,0,Seth,sp23
245,246,Exam 4,learningStudy/WrittenInduction_Recurrence_v3,"base case : 

n = 0, g(0) = 2 - $\frac{2}{3^0}$ = 2-$\frac{2}{1}$ = 0

n = 1, g(1) = 2 - $\frac{2}{3^1}$ = 2-$\frac{2}{3}$ = $\frac{4}{3}$

both of the base cases hold.

inductional hypothesis: suppose $g(n) = 2 - \frac{2}{3^n}$ for n = 2,3...k

we need to prove that g(k+1)=$2 - \frac{2}{3^{k+1}}$

we know that $g(k+1)=\frac{4}{3}g(k) - \frac{1}{3}g(k-1)$

inductional step: from inductional hypothesis we know that $g(k) = 2 - \frac{2}{3^k}$ and $g(k-1) = 2 - \frac{2}{3^{k-1}}$

then $g(k+1) = \frac{4}{3}(2 - \frac{2}{3^k}) - \frac{1}{3}(2 - \frac{2}{3^{k-1}})$ = 2 - ($\frac{8}{3^{k+1}}-\frac{2}{3^k}$) = 2 - ($\frac{8}{3^{k+1}}-\frac{6}{3^{k+1}}$) = $2 - \frac{2}{3^{k+1}}$, which is what we needed to show
",2,2,2,2,2,2,2,Seth,sp23
246,247,Exam 4,learningStudy/WrittenInduction_Recurrence_v3,"Proof:

Let n be any natural number. ",0,0,0,0,0,0,0,Seth,sp23
247,248,Exam 4,learningStudy/WrittenInduction_Recurrence_v3,"g(0) = 2 - 2/(1) = 0 which we can prove

g(1) = 2 - 2/(3) = 4/3 which we can prove

we can asumme that g(n) = 4/3 g(n-1) - 1/3 g(n-2) for n = 2, 3, 4.... k - 1

g(k-1) = 2 - 2/ (3)^(k-1) 

g(k-1) = 4/3 (k-2) - 1/3 (k-3) ",2,2,1,2,0,0,0,Seth,sp23
248,249,Exam 4,learningStudy/WrittenInduction_Recurrence_v3,"g(2)= 4/3*4/3-1/3*0 = 2-2/3^2 = 16/9; the claim is true for n = 2;

let g(n) = 2-2/3^n; g(n+1) = g2=2-2/3^(n+1)

g(n+2)=4/3*g(n-1)-1/3*g(n-2) = 2-4/3*(2/3^n)+1/3*(2/3^(n+1)) = 2-4/3*9*(2/3^(n+2))+1/3*3*(2/3^(n+2))=2-22",1,2,2,1,1,1,1,Seth,sp23
249,250,Exam 4,learningStudy/WrittenInduction_Recurrence_v3,"Base Case: g(0)=2-2/1=0. g(1)=2-(2/3)=4/3. g(2)= 2-(2/9)=16/9 and g(2)=(4/3)(4/3)-(1/3)(0)=16/9

Inductive Hypothesis: g(n)=2-2/3^n for all n between 0, ..., k.

Inductive Step: we must prove that g(k)=2-2/3^k.

g(k)=(4/3)g(k-1)-(1/3)g(k-2), meaning that each value depends on the two preceding values. 

... this means g(k)=2-2/3^k, which is what we needed to show.",2,2,2,2,2,2,0,Seth,sp23
250,251,Exam 4,learningStudy/WrittenInduction_Recurrence_v3,"Our base case, g(0) = 0, g(1) = 4/3,",2,1,0,0,0,0,0,Seth,sp23
251,252,Exam 4,learningStudy/WrittenInduction_Recurrence_v3,,0,0,0,0,0,0,0,Seth,sp23
252,253,Exam 4,learningStudy/WrittenInduction_Recurrence_v3,"Base Case: g(0) = $2 - \frac{2}{3^0}$ = 0, which is also equal to g's definition of g(0) = 0

g(1) = $2 - \frac{2}{3^1}$ = 4/3, which is also equal to g's definition of g(1) = 4/3

g(2) = $2 - \frac{2}{3^2}$ = 16/9, and by function definition g(2) = 4/3(4/3) - (1/3)(0) = 16/9

Inductive Hypothesis: We can assume that for all n in {0, 1, 2, 3, .. ,k}, g(n) = $2 - \frac{2}{3^n}$. We want to prove that g(k + 1) = $2 - \frac{2}{3^(k+1)}$. 

We know g(k + 1) = (4/3)g(k) = (1/3)g(k-1) = $\frac{4}{3}(2 - \frac{2}{3^k}) - \frac{1}{3}(2 - \frac{2}{3^(k-1)})$ = $\frac{8}{3} - \frac{8}{3^(k+1)} - \frac{2}{3} + \frac{2}{3^k}$ = $2 - \frac{8}{3^(k+1)}$ - $\frac{6}{3^(k+1)}$ = $2 - \frac{2}{3^(k+1)}$

Therefore, we have proved our proposition by induction.",2,2,2,2,2,2,2,Seth,sp23
253,254,Exam 4,learningStudy/WrittenInduction_Recurrence_v3,"Base case: Suppose $n=0$. Then $g(0)=0=2-2=2-\frac{2}{1} =2-\frac{2}{3^0}$, so the base case $n=0$ is true. Suppose $n=1$. Then $g(1)=\frac{4}{3}=2-\frac{2}{3}=2-\frac{2}{3^1}$, so the base case $n=1$ is true. Suppose $n=2$. Then $g(2)=\frac{4}{3}g(1)-\frac{1}{3}g(0)=\frac{4}{3}(\frac{4}{3})-\frac{1}{3}(0)=\frac{16}{9}=2-\frac{2}{9}=2-\frac{2}{3^2}$, so the base case $n=2$ is true. So all the base cases are true.

Inductive hypothesis: Now suppose that for some $k\in\mathbb{N}$, $g(n)=2-\frac{2}{3^n}$ for all $n=0,1,...,k-1,k$.

Inductive step: We want to show that $g(k+1)=2-\frac{2}{3^{k+1}}$.

Evaluating the left side, we get

$g(k+1)$

$=\frac{4}{3}g(k)-\frac{1}{3}g(k-1)$

$=\frac{4}{3}(2-\frac{2}{3^k})-\frac{1}{3}(2-\frac{2}{3^{k-1}})$ [from our induction hypothesis]

$=\frac{8}{3}-\frac{8}{3^{k+1}}-\frac{2}{3}+\frac{2}{3^k}$

$=\frac{6}{3}-\frac{8}{3^{k+1}}+\frac{6}{3^{k+1}}$

$=2-\frac{2}{3^{k+1}}$, which is the right side of th equation. QED",2,2,2,2,2,2,2,Seth,sp23
254,255,Exam 4,learningStudy/WrittenInduction_Recurrence_v3,"base case: when g = 0 : 
        G(0) = 4/3*g(-1) - 1/3 * g(-2) = 0
        g(0) = 2 - 2/1 = 0
        when g = 1:
        g(1) = 4/3*g(0) - 1/3 * g(-1) = 4/3
        g(0) = 2 - 2/3 = 4/3
            
Inductive hypothesis: 1/3 * g(n -1) - 1/3 g(n -2) = 2 - 2/3^n  for all n values from 0...k
We must prove that 1/3 * g(n -1) - 1/3 g(n -2) = 2 - 2/3^n for n = k + 1 so
    1/3 * g(k) - 1/3 g(k -1) = 2 - 2/3^(k+1)
      *insert math of how these are equivalent*",2,2,2,2,2,2,0,Seth,sp23
255,256,Exam 4,learningStudy/WrittenInduction_Recurrence_v3,"when n = 0

4/3 g(-1) - 1/3 g(-2) which is not valid  g(-1) = 0; g(-2) = 0

g(0) =  0;

g(1) = 4/3 g(1-1) - 1/3 g(1-2) = 4/3 g(1) - 1/3 g(-2) = 4/3",2,1,0,0,0,0,0,Seth,sp23
256,257,Exam 4,learningStudy/WrittenInduction_Recurrence_v3,"where n = 0, 1, ..., k so that g(n) = 2 - 2/3^n",0,0,1,2,0,0,0,Seth,sp23
257,258,Exam 4,learningStudy/WrittenInduction_Recurrence_v3,"Base case: g(0) = (4/3)g(-1) - (1/3)((-2). g(0) = 2 - 2/(3)^ ((4/3)g(-1) - (1/3)((-2)?

not quite sure how to do the base cases here when g(n) is recursive",1,1,0,0,0,0,0,Seth,sp23
258,259,Exam 4,learningStudy/WrittenInduction_Recurrence_v3,"Inductive predicate: g(n) = 2 - (2/3^n) for any natural number n. 

Base case g(0) = 0, so this holds true

g(1) = 2 - 2/3 = 4/3, so this base case holds true 

Inductive hypothesis: There is a number n such that the aformentioned theorem holds true 

Let us assume that the inductive hypothesis is true

Since we assume our inductive hypothesis is true and our base cases all hold true, we can then assume the aforementioned hypothesis is true. 

Thus, g(n) = 2 - 2/(3^n) for any natural number n which is what we were trying to show. ",2,1,2,1,0,0,0,Seth,sp23
259,260,Exam 4,learningStudy/WrittenInduction_Recurrence_v3,"For our base case, when n = 0, g(0) = 2 - 2/(3^0) = 2 - 2/1 = 0. When n = 1, g(1) = 2 - 2/(3^1) = 2 - 2/3 = 4/3. Thus, both base cases hold.

Next, suppose our inductive hypothesis is that for some k, g(n) = 2 - 2/(3^n)  for each n in 0 ... k - 1.

So our inductive step would be f(k) = 2/(3^k).

",2,2,2,2,0,0,0,Seth,sp23
260,261,Exam 4,learningStudy/WrittenInduction_Recurrence_v3,"Proof by induction with n

We need to prove that $g(n)=2-\frac{2}{3^n}$ for any natural number n

For the base case, we can set n = 1 and n = 2

For n = 1, $g(1) = \frac{4}{3}$ and $2-\frac{2}{3^1} = \frac{4}{3}$

for n = 2, $g(2) = \frac{4}{3}g(1)-\frac{1}{3}g(0) = \frac{4}{3}*\frac{4}{3}-\frac{1}{3}*0 = \frac{16}{9}$ and $2-\frac{2}{3^2} = 2-\frac{18}{9}-\frac{2}{9} = \frac{16}{9}$

For the inductive hypothesis, suppose that for some k, $g(n)=2-\frac{2}{3^n}$ for each n in 0...k

We need to show that $g(k)=2-\frac{2}{3^k}$

...

Therefore, $g(n)=2-\frac{2}{3^n}$ for any natural number n, which is what we needed to show",2,2,2,1,2,0,0,Seth,sp23
261,262,Exam 4,learningStudy/WrittenInduction_Recurrence_v3,"Proof by induction on n <br>

Base Case: n = 0, n = 1 <br>

g(0) = 0 <br>
g(0) = 2 - 2/3^0 = 2- 2 = 0 <br>
g(1) = 4/3 <br>
g(1) = 2 - 2/3^1 = 2 - 2/3 = 4/3 <br>

Inductive Hypothesis: Suppose that g(n) = 2 - 2/3^n for all n in 1, 2 , 3, ... k <br>

Inductive Step: ",2,2,2,2,0,0,0,Seth,sp23
262,263,Exam 4,learningStudy/WrittenInduction_Recurrence_v3,2,0,0,0,0,0,0,0,Seth,sp23
263,264,Exam 4,learningStudy/WrittenInduction_Recurrence_v3,"taking base case for n = 2, 

LHS $g(2) = 4/3g(1) - 1/3g(0)$

RHS $2 - 2/3^2$

on LHS we get 16/9

on RHS we get 18/9 - 2/9 = 16/9

=> lhs = rhs

we can now assume that the hypothesis is always true 

now we know $4/3g(k-1) - 1/3 g(k-2) = 2 - 2/3^k$

we need k + 1 to be true

4/3(k)-1/3g(k-1) = 2 -2/3^(k+1)


LHS = 
4/3(2 -2/3^k) - 1/3(2 -2/3^(k-1) 

not sure how to move forward from this point
",1,2,1,0,2,2,0,Seth,sp23
264,265,Exam 4,learningStudy/WrittenInduction_Recurrence_v3,"Base Case: n = 0, then g(0) = 0 = 0. n = 1, then g(1) = 4/3 = 2 - 2/3.

Inductive Hypothesis: for all k, g(k) = 4/3g(k-1) - 1/3g(k-2) for all k >= 2.

Inductive Step: Because base case is true, then inductive hypothesis is true (?)",2,2,1,1,0,0,0,Seth,sp23
265,266,Exam 4,learningStudy/WrittenInduction_Recurrence_v3,"Base cases:

for $n=0$, $\frac43 g(n-1) - \frac13 g(n-2) = 0$ and $2- 2/(3^n) = 0$

for $n=1$, $\frac43 g(n-1) - \frac13 g(n-2) = \frac43$ and $2- 2/(3^n) = \frac43$

Next, as our inductive hypothesis, for $k$ in $\frac43 g(n-1) - \frac13 g(n-2) = 2- 2/(3^n)$ for all $n$ in $2..k$

Now to finish we need to show that $\frac43 g(k-1) - \frac13 g(k-2) = 2- 2/(3^k)$",2,1,1,2,1,0,0,Seth,sp23
266,267,Exam 4,learningStudy/WrittenInduction_Recurrence_v3,,0,0,0,0,0,0,0,Seth,sp23
267,268,Exam 4,learningStudy/WrittenInduction_Recurrence_v3,"Base: $g(0)=0=2 - 2$. $g(1) = \frac{4}{3} = 2 - \frac{2}{3}$.

Hypothesis: For $n = 1,2,...,k$, $g(n) = 2 - \frac{2}{3^{n}}$.

Induction step: $g(k + 1) = \frac{4}{3}g(k - 1) - \frac{1}{3}g(k - 2)$. According to the Hypothesis. $g(k + 1) = \frac{4}{3} \cdot(2 - \frac{2}{3^{k - 1}}) - \frac{1}{3}\cdot(2 - \frac{2}{3^{k - 2}})$. Simplify. Then we have $g(k + 1) = 2 - \frac{2}{3^{k + 1}}$, which is what we want.
",2,2,2,2,2,2,2,Seth,sp23
268,269,Exam 4,learningStudy/WrittenInduction_Recurrence_v3,"The inductive predicate is that g(n) = 2 - 2/3^n. The base cases are g(0) and g(1). After these are proven the inductive hypothesis is that g(n) = 2 - 2/3^n for any natural number n in the range 0 - k-1. The inductive step is to prove that g(k) = 2 - 2/3^k . Based on the inductive hypothesis we know that g(k-1) is 2 - 2/3^k-1 and g(k-2) is 2 - 2/3^k-2. Based on what we are given, g(k) = 4/3(2 - 2/3^k-1) - 1/3(2 - 2/3^k-2). After evaluating g(k) comes out to 2 - 2/3^k which is what we needed to prove.",2,0,2,2,2,2,2,Seth,sp23
269,270,Exam 4,learningStudy/WrittenInduction_Recurrence_v3,"Let n be a natural number

Base Case for g(0), g(1), and g(n)

Inductive Hypothesis

Inductive Step

Thus, $g(n) = 2 - \frac{2}{3^n}$, QED",2,0,0,0,0,0,0,Seth,sp23
270,271,Exam 4,learningStudy/WrittenInduction_Recurrence_v3,"Proof by induction on n

We want to use induction to prove that g(n) = 2-2/(3)^n for any natural number n

Base Case: g(0) = 0 = 2-2/(3^0) = 0

g(1) = 4/3 = 2-(2/3^(1)) = 4/3

Suppose g(n) = 2-2/(3)^n from 0 to k

We must show that g(k+1) = 2-2/(3^(k+1))

$g(k+1) = (4/3)*g(k) - 1/3*g(k-1)$

$g(k) = 2-2/3^k$, and g(k-1) = 2-2/3^(k-1)

Plugging these expressions into above equation you get 8/3 - 8/3^(k+1) -2/3 + 6/3^(k+1)

which is 2-2/3^(k+1) = 2-2/3^(k+1) with k+1 for n QED.
",2,2,2,2,2,2,2,Seth,sp23
271,272,Exam 4,learningStudy/WrittenInduction_Recurrence_v3,I don't recall how to do this question,0,0,0,0,0,0,0,Seth,sp23
272,273,Exam 4,learningStudy/WrittenInduction_Recurrence_v3,"Base cases

0: g(0) = 2 - 2/3^0 = 2 - 2 = 0 which stands true with the given value.

1: g(1) = 2 - 2/3^1 = 2 - 2/3 = 4/3 which stands true with the given value.

Suppose the claim holds true for a natural number n in 0...k-1

We need to prove that 4/3 g(k-1) - 1/3 g(k-2) = 2 - 2/3^k

Taking the left hand side, we can see by our inductive hypothesis that our claim stands true for both g(k-1) and g(k-2)

So, we can rewrite it as,

4/3 (2 - 2/3^k-1) - 1/3 (2 - 2/3^k-2)
",2,2,2,1,2,2,2,Seth,sp23
273,274,Exam 4,learningStudy/WrittenInduction_Recurrence_v3,"Proof by induction:  
Predicate: P(n) = 2 - $\frac 2 {3^n}$ 

Base case: when n = 0, 2 -  and $\frac 2 {3^0}$ = 0 and g(n) = 0; when n = 1, $\frac 2 {3^0}$ = 4/3 and g(1) = 4 /3 

Inductive hypothesis: For some k, g(n) = 2 - $\frac 2 {3^n} for n in 0 ..... k    

We need to show that g(n) = $\frac 2 {3^k+1}$ 

From this we have g(n) = $\frac 2 {3^k+1}$ 

Which is what we needed to prove ",2,2,2,2,1,0,0,Seth,sp23
274,275,Exam 4,learningStudy/WrittenInduction_Recurrence_v3,"Base case: g(0) = 2 - 2/(3^0) = 2 - 2 = 0.
Suppose as our Inductive Hypothesis that g(n) = 2 - 2/3^n for n in 0...k (k >= 0).
Then, we have g(k) = 2/3^k for k >= 0.",1,2,2,2,0,0,0,Seth,sp23
275,276,Exam 4,learningStudy/WrittenInduction_Recurrence_v3,"Claim: $g(n) = 2$ $-$ $2 \over 3^n$ for any natural number $n$.

We prove the base cases:

$g(0) = 2$ $-$ $2 \over 3^0$ $= 2 - 2 = 0$

$g(1) = 2$ $-$ $2 \over 3^1$ $ = 4/3$

$g(2) = 2$ $-$ $2 \over 3^2$ $= 16/9$

For $n = k + 1$,

$g(k+1) =$ $4 \over 3$ $g(k + 1 - 1)$ $-$ $1 \over 3$ $g(k + 1 - 2)$

$=$ $4 \over 3$ $g(k)$ $-$ $1 \over 3$ $g(k - 1)$

$=$ $4 \over 3$ ( $2$ $-$ $2 \over 3^k$ ) $-$ $1 \over 3$ ( $2 -$ $2 \over 3^(k-1)$ )

$=$ $4 \over 3$ ( $2$ $-$ $2 \over 3^k$ ) $-$ ( $2 \over 3$ $-$ $2 \over 3^k$ )

$=$ $8 \over 3$ + $2 \over 3^k$ ($1$ $-$ $4 \over 3$ ) $-$ $2 \over 3$

$=$ $2$ $-$ $2 \over 3^k$

This is what we needed to show.",2,1,0,0,2,2,2,Seth,sp23
276,277,Exam 4,learningStudy/WrittenInduction_Recurrence_v3,"$$\text{Proof by induction on n}$$
$$\text{Inductive Predicate: P(n): }g(n)=2-\frac{2}{3^n} \\ \text{for any natrual number n}$$
$$\text{Base case: } g(0)=0=2-\frac{2}{3^0}, \\ g(1)=\frac{4}{3}=2-\frac{2}{3}$$
$$\text{Inductive Hypothesis: Suppose that for some natrual number k, }g(n)=2-\frac{2}{3^n} \\ \text{when n in 0...k-1}$$
$$\text{Inductive Step: } g(k)=2-\frac{2}{3^k}$$",2,2,2,2,2,0,0,Seth,sp23
277,278,Exam 4,learningStudy/WrittenInduction_Recurrence_v3,"base cases: g(0) = 0, g(1) = 4/3

inductive hypothesis: g(n) = 2-2/(3^n) for any natural number n

g(n) = 4/3g(n-1) - 1/2g(n-2)  n>=2

for k+2, 1/3g(k+1) - 1/2g(k) 






",2,1,2,1,0,0,0,Seth,sp23
278,279,Exam 4,learningStudy/WrittenInduction_Recurrence_v3,"Base cases: g(0) = 0

g(1) = 4/3

Inductive hypothesis: g(n) = $\frac{4}{3}$g(k-1)-$\frac{1}{3}$g(k-2) for k $\geq$ 2 

Inductive step: g(n+1) = $\frac{4}{3}$g(k)-$\frac{1}{3}$g(k-1)

 
 g(n+1) = 4/3 ($\frac{4}{3}$g(k-1)-$\frac{1}{3}$g(k-2)) - 1/3 g (k-1)
 
 Since g(k+1) = 2 - 2/3^k for all k >= 2, then g(n) = 2 - 2/3^n
 ...
 
",2,1,1,1,1,1,0,Seth,sp23
279,280,Exam 4,learningStudy/WrittenInduction_Recurrence_v3,"For our base case, note that when n = 0, g(n) 2 -2/3*n = 0 for any natural number n. And when n = 1, g(n) = 2-2/3*n = 4/3 for any natural number n.
Suppose as our Inductive Hypothes is that for some k, g(n) = 2 - 2/3*n for each n in 0...k.
Now to finish we need to show that g(k) = 2 - 2/3*k and g(k + 1) = 2 - 2/3*k.",2,2,2,2,1,0,0,Seth,sp23
280,281,Exam 4,learningStudy/WrittenInduction_Recurrence_v3,"Proof: (By induction) 

Base Case:

Let $n = 0$. $g(0) = 0$. and $g(0) = 2 - \frac{2}{3^0} = 0$. Therefore this base case holds. 

Let $n = 1$. $g(1) = 4/3$. and $g(1) = 2 - \frac{2}{3^1} = 4/3$. Therefore this base case holds. 

Let $n = 2$. $g(2) = \frac{4}{3}g(1) - \frac{1}{3}g(0) = \frac{4}{3}^2 - \frac{1}{3}*0 = 16/9$. and $g(2) = 2 - \frac{2}{3^2} = 16/9$. Therefore this base case holds.

Let there be a number k greater than or equal to 2 such that for all n >= 2 and n <= k, the proposition P(n) stated in the question holds. We will show that P(k+1) also holds. 

Let $g(k + 1) = \frac{4}{3}g(k) - \frac{1}{3}g(k - 1)$

$= \frac{4}{3}(2 - \frac{2}{3^k}) - \frac{1}{3}(2 - \frac{2}{3^{k-1}}) $

$= 2 - \frac{2}{3^{k + 1}}$

Since we showed that the proposition $P(k) and P(k-1) \implies P(k+1)$ for all natural numbers k >= 2, then this proposition is proved by induction.



",2,2,2,2,2,2,2,Seth,sp23
281,282,Exam 4,learningStudy/WrittenInduction_Recurrence_v3,"Base case: $n = 0, g(0) = 2 - (2/ 3^0) = 0$

Inductive Hypothesis: suppose that for some k, $g(n) = 2 - (2/3^n)$ for n in 0...k

We must show that $g(k+1) = 2 - (2/3(^k+1))$",1,2,2,2,2,0,0,Seth,sp23
282,283,Exam 4,learningStudy/WrittenInduction_Recurrence_v3,"Base case: When n = 2, $g(2) = \frac43g(1)-\frac13g(0) = \frac{16}9 + 0 = \frac{16}9$, and $g(2) = 2-\frac2{3^n} = 2 - \frac2{3^2} =\frac{16}9 $ . So the claim is true for g(2).

Inductive hypothesis: assume $g(n) = 2-\frac2{3^n}$ for n = 2, 3, .... k-1.

Now to finish we need to show that $g(k) = 2-\frac2{3^k}$. 

From the given definition, we know that $g(k) = \frac43g(k-1)-\frac13g(k-2)$; by our inductive hypothesis we have that $g(k-1) = 2-\frac2{3^{k-1}}$ and $g(k-2) = 2-\frac2{3^{k-2}}$.

Combining these three equations, we have that $g(k) = \frac43(2-\frac2{3^{k-1}})-\frac13(2-\frac2{3^{k-2}}) = 2-\frac8{3^k}+\frac2{3^{k-1}} = 2-\frac2{3^k}$, which is what we needed to show.

",1,2,2,2,2,2,2,Seth,sp23
283,284,Exam 4,learningStudy/WrittenInduction_Recurrence_v3,"Let g(0) = 0, g(1) = 4/3, g(n) = 4/3g(n-1)-1/3g(n-2), for n>=2 and it equals to 2-2/(3^n) for any natural number n. Our base case, g(0) = 0 = 2-2/(3^0) = 0 holds. g(1) = 4/3 = 2-2/(3^1) holds. Our inductivve hypothesis states that g(n) = 2-2/(3^n) is true for 0, 1, 2, ..., k. Using the inductive step, we get 2-2/(3^(k+1)). g(k+1) = 4/3g(k) - 1/3g(k-1). 4/3(2-2/(3)^(k)) - 1/3 (2-2/(3^(k-1) equals to  2-2/(3^(k+1)). ",2,2,2,2,2,2,2,Seth,sp23
284,285,Exam 4,learningStudy/WrittenInduction_Recurrence_v3,"Proof: Base n = 2, then g(2) = 4g(1)/3 - g(0)/3 = 16/9 + 0/3 = 16/9. 2-2/3^2 = 2-2/9 = 16/9.

Since this is true, we can assume that for n in 1...k the claim is true. 

The claim for some k+1 = 4(g(k))-g(k-1)/3 = 4(2-2/3^k)/3 -(2-2/3^k-1)/3 = 

1/3 * (8-8/3^k)-(2-2/3^k-1) = 24-24/3^k+1 -18-18/3^k+1 = 6-6/3^k+1",1,2,2,2,1,2,2,Seth,sp23
285,286,Exam 4,learningStudy/WrittenInduction_Recurrence_v3,"Suppose x is a natural number n.

N implies R, 

g(0) = 2 - 0 = 2.

This claim is false.",0,0,0,0,0,0,0,Seth,sp23
286,287,Exam 4,learningStudy/WrittenInduction_Recurrence_v3,"Proof by Induction.

For our base cases, g(0) = 2 - $2/3^0$ = 2 - 1 = 0, which is true. g(1) = 2 - $2/3^1$ = 2 - 2/3 = $4/3$ which is also true.

Inductive Hypothesis: For any natural number $n$, g(n) = 2 - $2/3^n$ from 0, 1...k - 1.

Inductive Statement: We are trying to prove g(k) = 2 - $2/3^k$.

Since g(n) = 4/3g(n-1) - 1/3g(n - 2), for n >= 2, g(k) = 4/3g(k-1) - 1/3g(k - 2), for k >= 2.

Suppose k = 2. Then, g(k) = 4/3g(k-1) - 1/3g(k - 2) = 4/3g(1) - 1/3g(0) = 4(4/3) - 1/3(0) = 16/9.

g(k) = 2 - 2/$3^n$ = 2 - 2/$3^2$ = 2 - 2/9 = 18/9 - 2/9 = 16/9.

Since both equal to 16/9, g(k) = 2 - 2/$3^n$ which is what we are trying to show.",2,2,2,2,2,2,0,Seth,sp23
287,288,Exam 4,learningStudy/WrittenInduction_Recurrence_v3,"first, to prove g(n) is 2 - 2/3^n, that for all natural number n we can see g(n) = 4/3 g (n-1) - 1/3g(n-2) if n >= 2, so that except 0, and 1 case 
second, if there is no such natural number n, so g(n) not = 2 - 2/3^n, so it can be true",0,0,0,0,0,0,0,Seth,sp23
288,289,Exam 4,learningStudy/WrittenInduction_Recurrence_v3,"For the base case we have that n = 0, which gives us that g(0) = 0.
Now, for the hypothesis we have to show that g(n) = 4/3g(n - 1) - 1/3g(n - 2), when n = 2, 3, 4....k
Taking the case of k - 1, we get g(k - 1) = 4/3g(k - 2) - 1/3g(k - 3), which is what we needed to prove.",1,1,1,2,1,0,0,Seth,sp23
289,290,Exam 4,learningStudy/WrittenInduction_Recurrence_v3,"Let n = 2 be our base case. g(n) is defined by = g(2) = 4/3(g(1)) - 1/3(g(0)) = 4/3*4/3 - 0 = 16/9. The claim states that g(2) = 2 - 2/3^n = 2 - 2/9 = 18/9 - 2/9 = 16/9. Therefore, the claim is true for the base case.

The inductive hypothesis supposes that g(n) is true for n = 0, ..., k for any natural number k. 

Therefore, we must prove that g(n) is true for k + 1. 

g(k+1) = 4/3(g(k)) - 1/3g(k-1) = 2 - 2/3^(k+1). 

(Proof continued)

Therefore, since g(k+1) is true, the claim is true for any natural number n. ",2,2,2,1,2,2,0,Seth,sp23
290,291,Exam 4,learningStudy/WrittenInduction_Recurrence_v3,g(n) = 2- 2/3^n is true for any natural number n,0,0,0,0,0,0,0,Seth,sp23
291,292,Exam 4,learningStudy/WrittenInduction_Recurrence_v3,"I am not sure how to go about this. I would probably do the following steps: inclusive predicate, base case, inductive hypothesis, inductive step, and then finish the proof. The base cases that need to be proven are g(0) and g(1), and I would probably have to prove something for g(k + 1) so that the base cases would extend for the remainder of the natural numbers.",2,0,0,0,1,0,0,Seth,sp23
292,293,Exam 4,learningStudy/WrittenInduction_Recurrence_v3,"If k = 0, then g(0) = $2- \frac{2}{3^0} = 2-2=0$.
If k = 1, then g(1) = $2- \frac{2}{3^1} = 2- \frac{2}{3} = \frac{4}{3}$.",2,2,0,0,0,0,0,Seth,sp23
293,294,Exam 4,learningStudy/WrittenInduction_Recurrence_v3,"For our base case note that at k=2, $\frac{4}{3}g(n-1)-\frac{1}{3}g(n-2) = \frac{4}{3}g$ and $2-\frac{2}{3^n} = 16/9$. Thus, for our inductive hypothesis k+1, the first equation is equal to  $\frac{7}{3}g$ and the second equation is equal to $2-\frac{2}{27}$. They don't equal each other, so I'm not exactly sure how to proceede. ",1,1,0,0,0,0,0,Seth,sp23
294,295,Exam 4,learningStudy/WrittenInduction_Recurrence_v3,Do not know where to begin ,0,0,0,0,0,0,0,Seth,sp23
295,296,Exam 4,learningStudy/WrittenInduction_Recurrence_v3,"Proof by induction on n.

For our base cases, $g(0) = 2 - \frac{2}{1} = 0$ and $g(1) = 2 - \frac{2}{3} = \frac{4}{3}$, so the base cases hold.

Let our inductive hypothesis be that for some $k \geq 0$, $g(n) = 2 - \frac{2}{3^n}$ for n in 0... k.

For the inductive step, we need to show that $g(k+1) = 2 - \frac{2}{3^{k+1}}$. Using the definition of $g$, $g(k+1) = \frac{4}{3}g(k) - \frac{1}{3}g(k-1)$. Simplifying further using our inductive hypothesis, $g(k+1)$ $=$ $\frac{4}{3} (2 - \frac{2}{3^k})$  $-$ $\frac{1}{3} (2 - \frac{2}{3^{k-1}})$ = $2 - (\frac{8}{3^{k+1}} +  \frac{2}{3^k})$ = $2 - \frac{2}{3^{k+1}}$, which is what we needed to show.",2,2,2,1,2,2,2,Seth,sp23
296,297,Exam 4,learningStudy/WrittenInduction_Recurrence_v3,"Proof by indusction on n

Base case: g(0) = 1/4 g(-1) - 1/3g(-2) = 0 ",1,1,0,0,0,0,0,Seth,sp23
297,298,Exam 4,learningStudy/WrittenInduction_Recurrence_v3,"suppose there is natural number p

g(p) = 4/3g(p-1) -1/3g(p-2),

the first part equals to 4/3( 4/3g(n-2) - 1/3g(n-3)) 

the second part equals to 1/3( 4/3g(n-3) - 1/3g(n-4))

so expanding the function we get g(n) = 2-2/3^n and this is want we want to prove",0,0,0,0,1,2,0,Seth,sp23
298,299,Exam 4,learningStudy/WrittenInduction_Recurrence_v3,"Base cases: g(0) = 0 and $2 - \frac{2}{3^0} = 0$ so the equality holds true when n = 0. g(1) = 4/3 and $2 - \frac{2}{3^1} = 4/3$, so the equality also holds true when n = 1. 

Inductive step: Suppose g(n) is defined as above for every n from 0 to k. Then, we must show that $g(k) = 2 - \frac{2}{3^{k+1}}$. By the inductive step, we know that  ",2,2,1,2,1,0,0,Seth,sp23
299,300,Exam 4,learningStudy/WrittenInduction_Recurrence_v3,"base: g(n-1)=2-2/(3^(n-1)) for any natural number n.
proof: ",0,0,0,0,0,0,0,Seth,sp23
300,301,Exam 4,learningStudy/WrittenInduction_Recurrence_v3,"As our base cases, when $n=0$, $2-\frac{2}{3^0} = 0$, which is equal to $g(0)=0$. And when $n=1$, $2-\frac{2}{3^1} = \frac{4}{3}$, which is equal to $g(1)=\frac{4}{3}$.

Suppose that for some $k$, $g(n)=\frac{4}{3}g(n-1)-\frac{1}{3}g(n-2)$ is equal to $2-\frac{2}{3^n}$ for each $n$ in $2, 3, ..., k-1$.

We need to prove that $\frac{4}{3}g(k-1)-\frac{1}{3}g(k-2) = 2-\frac{2}{3^k}$. ",2,2,2,2,2,0,0,Seth,sp23
301,302,Exam 4,learningStudy/WrittenInduction_Recurrence_v3,"Proof by induction of $n$.

Predicte $P(n):\frac{4}{3}g(n-1)-\frac{1}{3}g(n-2)=2-\frac{2}{3^n}$ for any natural number $n$.

Base case: for $n=0$, $g(0)=0=2-\frac{2}{3^0}$. For $n=1$, $g(1)=\frac{4}{3}=2-\frac{2}{3^1}$. For $n=2$, $g(2)=\frac{4}{3}g(1)-\frac{1}{3}g(0)=\frac{16}{9}=2-\frac{2}{3^2}$.

Inductive hypothesis: Suppose that for some $k$, $\frac{4}{3}g(n-1)-\frac{1}{3}g(n-2)=2-\frac{2}{3^n}$ for every $n$ in $2\cdots k$.

Inductive step: We must show that $\frac{4}{3}g(k)-\frac{1}{3}g(k-1)=2-\frac{2}{3^{k+1}}$.

I am out of time and unable to complete this proof.",2,2,2,2,2,0,0,Seth,sp23
302,303,Exam 4,learningStudy/WrittenInduction_Recurrence_v3,prove of induction of n. ,0,0,0,0,0,0,0,Seth,sp23
303,304,Exam 4,learningStudy/WrittenInduction_Recurrence_v3,"Let's prove the induction by n such that g(n) = 2 - 2/(3^n) for any natural number n. If n = 0, 2 - 2/(3^0) = 0. If n = 1, 2- 2/(3^1) = 4/3. Therefore these two base cases of n = 0 and n = 1 and are true.

By our inductive hypothesis, for all values of n, k + 1 that follows 0, 1, 2, ... k + 1, g(k+1) = 2 - 2/(3^(k+1)). 

.

.

.

g(n) = 2 - 2/(3^n) for any natural number n is what we needed to show.",2,2,1,2,0,0,0,Seth,sp23
304,305,Exam 4,learningStudy/WrittenInduction_Recurrence_v3,"Proof by induction n.

Inductive predicate: For any natural number $n$, $g(n) = 2 - 2/3^n$.

Base cases: For $n = 0$, $g(0) = 2 - 2/3^0 = 2 - 2/1 = 2 - 2 = 0$, which matches the given defintion of $g$ that $g(0) = 0$. For $n = 1$, $g(1) = 2 - 2/3^1 = 2 - 2/3 = 6/3 - 2/3 = 4/3$, which matches the given defintion of $g$ that $g(1) = 4/3$.

Inductive hypothesis: Suppose that for any natural number $n$, $g(n) = 2 - 2/3^n$ holds true for each n in $0...k-1$.

Inductive step: Next, we will prove that $g(n) = 2 - 2/3^n$ will hold true for $n = k.$

can't figure out how to do rest of actual proof...",2,2,2,2,0,0,0,Seth,sp23
305,306,Exam 4,learningStudy/WrittenInduction_Recurrence_v3,"Proof by induction: $g(n)=(4/3)g(n-1)-(1/3)g(n-1)$ for $n>=2$

Base Case: $g(0)=0, g(1)=(4/3)$

Inductive Hypothesis: $g(k+1)=(4/3)g((k+1)-1)-(1/3)g((k+1)-1)$

Inductive Step: $g(k+1)=(4/3)g(k)-(1/3)g(k)$=g(k).

Therefore by inductive hypothesis, it can be shown that for any k value the claim holds true.

Therefore by proof by induction, $g(n)=2-2/(3^n)$, for any natural number n. This is what we were trying to show.",2,1,1,0,0,0,0,Seth,sp23
306,307,Exam 4,learningStudy/WrittenInduction_Recurrence_v3,"Proof by Induction on $n$.

Base Case: $n = 0$, then $g(0) = 0$ and $g(1) = \frac{4}{3}$ so the base case is established.

Inductive hypothesis: For integers $n$ where $n$ is $1, 2, 3... k$, $g(n) = \frac{4}{3}g(n-1)-\frac{1}{3}g(n-2)$ holds true

Inductive step: $g(k+1) = \frac{4}{3}g(k)-\frac{1}{3}g(k-1)$

If the inductive step is proven true with the inductive hypothesis, then it is proven that $g(n) = \frac{4}{3}g(n-1)-\frac{1}{3}g(n-2)$ for all integers natural numbers $n \ge 2$",2,1,1,2,1,0,0,Seth,sp23
307,308,Exam 4,learningStudy/WrittenInduction_Recurrence_v3,"Proof:  
Let g be a real number. Suppose that g is a natural number.  
Base case:  
g(1) = $\frac43$.  
Case n:  
By intuitive,  
$g(n)=\frac{4}{3}g(n-1) - \frac{1}{3}g(n-2)$.  
Case n+1:  
By intuitive,  
$g(n+1)=\frac{4}{3}g(n) - \frac{1}{3}g(n-1)$.  
Q.E.D.",1,1,0,0,0,0,0,Seth,sp23
308,309,Exam 4,learningStudy/WrittenInduction_Recurrence_v3,"g(0)=2-2/3^0=0, g(1)=2-2/3^n=4/3.
Suppose that for some n, g(n)=2-2/3^n for each n in 0~~k. So g(k)=2-2/3^k.",2,2,2,2,0,0,0,Seth,sp23
309,310,Exam 4,learningStudy/WrittenInduction_Recurrence_v3,"g(n) = 4/3g(n-1) - 1/3g(n-2)
g(2) = 4/3(4/3) - 1/3(0) = 16/9 = 2-2/3^2",1,2,0,0,0,0,0,Seth,sp23
310,311,Exam 4,learningStudy/WrittenInduction_Recurrence_v3,"Proof:

Base: g(0) = 2 - 2/(3^0) = 0

g(1) = 2 - 2/3 = 4/3

g(2) = 2 - 2/9 - 16/9

By proof by induction, we can see that this rule of g(n) = 4/3g(n-1) - 1/3g(n-2) holds true for all integers 0....k-1

Therefore, we can conclude that g(n) = 2 - 2/(3^n)

This is what we needed to show.",2,1,0,0,0,0,0,Seth,sp23
311,312,Exam 4,learningStudy/WrittenInduction_Recurrence_v3,"Base case: g(2) = 4/3g(2-1) - 1/3g(2-2) = 2 - 2/3^2 = 16/9       
Suppose as our inductive hypothesis that g(k) = 2 - 2/3^n for n in  0...k(where k >= 2)   
Prove g(k+1) = 2 - 2/3^(k+1)",1,2,1,2,2,0,0,Seth,sp23
312,313,Exam 4,learningStudy/WrittenInduction_Recurrence_v3,"Our base case is n = 2. We have g(2) = 2 - (2/3^2) and g(2) = (4/3)g(1) - (1/3)g(0). The former is 16/9 and the latter is 16/9, so these two are equal and we have demonstrated the base case.

Now our inductive hypothesis is that there is some k in which for all n in 0..k that g(k) = 2 - (2/3^n).

Our inductive step is that g(k + 1) = 2 - (2/3^(k+1)).

From the definition of g, we know g(k + 1) = (4/3)g(k) - (1/3)g(k-1). So with our inductive hypothesis, we have g(k + 1) = (4/3) * (2 - 2/3^k) - (1/3) * (2 - 2/3^(k - 1)). Simplfying this we have g(k + 1) = 2 - (8/3^(k + 1)) + (2/3^k). We can rewrite the last term as ((2 * 3)/(3^(k + 1)), or more simply (6/3^(k + 1)). Combining this with the original first 2 terms in the expression for g(k + 1), we get g(k + 1) = 2 - (8/3^(k + 1) + (6/3^(k + 1)), which simplifies to g(k + 1) = 2 - (2/3^(k + 1)), which is what we were trying to show.",1,2,2,2,2,2,2,Seth,sp23
313,314,Exam 4,learningStudy/WrittenInduction_Recurrence_v3,"Claim:- g(n) = 2 - ${2/3^n}$ for any natural number n.
Base: - When n = 0, g(0) = 0 which satisfies the condition. We will also check 1 in the base case because zero often may lead to unambiguity. When n = 1, g(1) = ${4/3}$ which satisfies the case again. Induction: For some k, g(n) = 2 - ${2/3^n}$ for 0...k. Substitute in k and then see that it matches the desired result, hence proving the claim by strong induction.",2,2,2,2,0,0,0,Seth,sp23
314,315,Exam 4,learningStudy/WrittenInduction_Recurrence_v3,"let g is natural number, and imples the real number;
let g(n) = 2 - 2/3n for any natural number n.",0,0,0,0,0,0,0,Seth,sp23
315,316,Exam 4,learningStudy/WrittenInduction_Recurrence_v3,"Because g(1) = 4/3, g(n) = 2- 2/3^n for n = 1

let n = 2...k such that g(k) = 4/3g(k-1) - 1/3g(k-2)

g(k) = 1/3 (4g(k-1) - g(k-2)) = 1/3(4(4/3)g(k-2)-1/3(g(k-3) - g(k-2))

Cancel similar terms to get g(n) = 2-2/3^n

QED
",1,2,1,2,1,2,0,Seth,sp23
316,317,Exam 4,learningStudy/WrittenInduction_Recurrence_v3,"For base case, note that when n = 0, the left hand side of the equation is equal to 0, and the right hand side of the equation is equal to 0, so that they are equal.

Now suppose our inductive hypothesis that this claim is true when n = 0, 1, ..., k

So the claim is true when n = k + 1 is what we need to prove.",1,2,2,2,2,0,0,Seth,sp23
317,318,Exam 4,learningStudy/WrittenInduction_Recurrence_v3,"Now starting off with the base case of n = 2, we can see that g(n) would then simplify to 1

Now we can move on and bring in our inductive hypothesis that g(n) = g(1)(g(n-1))-g(n-2)/3

We can further simplify this and using induction we can see that 2 can be taken out and we are then left with g(n) = 2 - 2/(3^n) which is what we are trying to prove in the first place.",1,1,1,0,0,0,0,Seth,sp23
318,319,Exam 4,learningStudy/WrittenInduction_Recurrence_v3,"For the base case, g(0) = $(4/3)g(-1)-(1/3)g(-2)  = 0.$
$g(1) = (4/3)g(0) -(1/3)g(-1) = (4/3).$

For all natural numbers n in 2...k+1, $g(n+1) = 4/3g(n) - 1/3g(n-1)$. When simplified, this equals $g(n) = 2-2/3^n)$ for all natural numbers n>= 2, which is what we needed to prove.",2,1,1,2,0,0,0,Seth,sp23
319,320,Exam 4,learningStudy/WrittenInduction_Recurrence_v3,"We will assume that g(n-1) = 4/3g(n-2) -1/3g(n-3) for n >=2. 
Then we will prove g(n) = 4/3g(n-1) - 1/3g(n-2) ",0,0,1,1,1,0,0,Seth,sp23
320,321,Exam 4,learningStudy/WrittenInduction_Recurrence_v3,"Proof by induction

Base case: g(0) = 0 and $2-\frac{2}{3^0}=0,\ g(1) = \frac43 \ and \ g(1) = 2-\frac2{3^1}=\frac43$, g(2) = $\frac{16}9\ and\ g(2) = 2-\frac2{3^2}=\frac{16}9$. Therefore the base cases hold.

Hypothesis: if suppose g(n) = $2-\frac2{3^n}$ for any natural number 0, 1, 2, ..., k-1, then we have to prove that g(k) = $2-\frac2{3^k}$

$\frac43(2-\frac2{3^{k-1}})-\frac13(2-\frac2{3^{k-2}})=2-\frac2{3^k}$

$\frac83-\frac8{3^{k}}-\frac23-\frac{2*3}{3^{k-1}*3}=2-\frac2{3^k}$

$2-\frac8{3^{k}}-\frac6{3^{k}}=2-\frac2{3^k}$

$2-\frac2{3^k}=2-\frac2{3^k}$ which is what we needed to prove",2,2,2,2,2,2,2,Seth,sp23
321,322,Exam 4,learningStudy/WrittenInduction_Recurrence_v3,"Let induction n
Predication:g(n)=2-2/3^n for any natural nuumber n. 
base case: when n=0,g(0)2-2/3^0=0,when n=1,g(1)=2-2/3^1=4/3. So both case satisfied. 
Hypo: for g(n)=2-2/3^n, n=0...k. 
Step: g(k+1)=2-2/3^(k+1).

",2,2,2,2,2,0,0,Seth,sp23
322,323,Exam 4,learningStudy/WrittenInduction_Recurrence_v3,"We will prove by induction on $n$.<br>
Note that for our base cases,<br>
$n=0$, $g(0)=0$ and $2-\frac2{3^0}=0$<br>
$n=1$, $g(0)=\frac43$ and $2-\frac2{3^1}=\frac43$<br>
Suppose for our inductive hypothesis that for some $k$, $g(n)=2-\frac2{3^n}$ for each $n$ in $0...k$.<br>
Now we need to show that $g(k+1)=2-\frac2{3^{k+1}}$.<br>
By definition, $g(k+1)=\frac43g(k)-\frac13g(k-1)$.<br>
Substituting, we get $\frac43(2-\frac2{3^k})-\frac13(2-\frac2{3^{k-1}})$.<br>
This evaluates to $\frac83-\frac8{3^{k+1}}-\frac23-\frac2{3^k}$<br>$\Rightarrow\frac63-\frac{8-6}{3^{k+1}}$<br>$\Rightarrow2-\frac2{3^{k+1}}$.<br>
Q.E.D.",2,2,2,2,2,2,2,Seth,sp23
323,324,Exam 4,learningStudy/WrittenInduction_Recurrence_v3,"i do not remember how to do this, but i believe you have to start by proving that g(0) and g(1) equal their respective values and then show how the equation for g(n) holds.",2,1,0,0,0,0,0,Seth,sp23
324,325,Exam 4,learningStudy/WrittenInduction_Recurrence_v3,"when n = 2, g(2) = 4/3g(1)-1/3g(0) = 16/9. 2 - 2/9 = 16/9. Therefore, $g(n) = 2 - \frac{2}{3^n}$ is true when n = 2.

Suppose that $g(n) = 2 - \frac{2}{3^n}$ is true when n = k. k is any natural number that >= 2.
Prove that $g(n) = 2 - \frac{2}{3^n}$ is true when n = k+1.

g(k+1) = $2 - \frac{2}{3^{k+1}}$

$g(k+1)=\frac{4}{3}g(k) - \frac{1}{3}g(k-1)$ = 4/3(2-$ \frac{2}{3^{k}})$ - $\frac{1}{3}(2-\frac{2}{3^{k-1}})$ = $\frac{8}{3}-\frac{8}{3^{k+1}}-\frac{2}{3}+\frac{2}{3^{k}} = 2 - \frac{8-2k}{3^{k+1}}$",1,2,2,1,2,2,2,Seth,sp23
325,326,Exam 4,learningStudy/WrittenInduction_Recurrence_v3,"4/3g(n) - 4/3 - 1/3g(n) +2/3 for n >= 2
=g(n - 2/3^n",0,0,0,0,0,0,0,Seth,sp23
326,327,Exam 4,learningStudy/WrittenInduction_Recurrence_v3,"base case   
$g(0) = 2 - \frac2{3^0} =2-2 = 0$  
 $g(1) = 2 - \frac2{3^1} =2-\frac23 = \frac43$
 
 inductive hypothesis - $2 - \frac2{3^n} = \frac43 g(n-1) - \frac13 g(n-2) $ for n in $0,1,2...k$ for any integer $ k$
 
 for the rest of the inductive step, we have to prove that $2 - \frac2{3^{k+1}} = \frac43 g(k) - \frac13 g(k-1) $",2,2,2,1,2,0,0,Seth,sp23
327,328,Exam 4,learningStudy/WrittenInduction_Recurrence_v3,"The above statement shows the base case is true when g(0) = 0. Then, when we increment it n + 1. So, we would get 4/3 g(n) - 1/3 g(n - 1). This is the same thing as before because of recursive functions, which means it is true for any number, which is what we needed to prove. ",1,0,0,0,0,0,0,Seth,sp23
328,329,Exam 4,learningStudy/WrittenInduction_Recurrence_v3,"if g(0) = 0

g(1) = 4/3

Then g(n) = 2- 2/3^n as for n >= 2 g(n) = 4/3g(n-1)-1/3g(n-2)

when n = 2, 4/3g(1)-1/3g(0) is 16/9-1/3(0)

2 - 2/3^n = 16/9

2/3^n = 2/9

n = 2

This therefore proves the statement that g(n) = 2 - 2/3^n for any number natural n",1,2,0,0,0,0,0,Seth,sp23
329,330,Exam 4,learningStudy/WrittenInduction_Recurrence_v3,"For our base cases, g(0) = 0 and 2- 2/3^0 = 0; g(1) = 4/3 and 2-2/3 = 4/3; g(2) = 4/3 g(1) - 1/3 g(0) = 16/9 and 2 - 2/3(^2) = 16/9.

For the inductive hypothesis, assume g(n) = 2 - 2/3^n for any n in 1...k (k>0).

Our inductive step to prove then is that g(k+1) = 2 - 2/3^(k+1).

    g(k+1) = 4/3 g(k) - 1/3 g(k-1)
    g(k+1) = 4/3 (2 - 2/3^k) - 1/3 (2 - 2/3^(k+1))
    g(k+1) = 8/3 - 8/3^(k+1) - 2/3 + 2/3^k
    g(k+1) = 2 - 8/3^(k+1) - 2/3^k
    g(k+1) = 2 - 8/3^(k+1) - 6/3^(k+1)
    g(k=1) - 2 - 2/3^(k+1)

This is what we need to show that g(n) = 2 - 2/3^n for any natural number n. ",2,2,2,1,2,2,2,Seth,sp23
330,331,Exam 4,learningStudy/WrittenInduction_Recurrence_v3,"Proof by induction:

Base Case: when n = 0, g(0) = 2 - 2/3^0 = 0 amd when n = 1, g(1) = 2 - 2/3 = 4/3.

Inductive hypothesis : Suppose P(n) is true for 0 to k, we have to prove that P(k+1) is true too.

Proof:

g(k + 1) = 4/3g(k+1-1) -1/3g(n-2)

= 4/3 g(k) - 1/3g(k - 1)

=4/3(2 - 2/3^k) - 1/3(2-2/3^k-1)

8/3 - 8/3^k+1 - 2/3 + 2/3^k

2 - 8/3^k+1 + 6/3^k+1

2 - 2/3^k+1

which is what we had to prove.",2,2,2,2,2,2,2,Seth,sp23
331,332,Exam 4,learningStudy/WrittenInduction_Recurrence_v3,"base case: n = 2,
$g(2) = \frac{4}{3}g(2-1)-\frac{1}{3}g(2-2)=\frac{16}{9}$. While
$g(2)=2-\frac{2}{3^2} = 16/9$
Stuck
",1,2,0,0,0,0,0,Seth,sp23
332,333,Exam 4,learningStudy/WrittenInduction_Recurrence_v3,"I'm sorry, but I do not know how to do this.",0,0,0,0,0,0,0,Seth,sp23
333,334,Exam 4,learningStudy/WrittenInduction_Recurrence_v3,"we have the base case that 

$g(0)=2-{2\over3^0}=2-2=0$

$g(1)=2-{2\over3^1}=2-{2\over3}={4\over3}$

According to our inductive hypothesis, we know that for some k, $g(n)=2-{2\over3^n}$ when $n=1,2,3...k$

So when $n=k+1$, $g(k+1)={4\over3}g(n)-{1\over3}g(n-1)$

$g(k+1)=2-{2\over3^{k+1}}$",2,2,2,2,2,2,0,Seth,sp23
334,335,Exam 4,learningStudy/WrittenInduction_Recurrence_v3,"In order to prove this, we can look at g(n) and plug in 2 for n.
When we use the earlier formula given to us, it comes out to be (16/9)
When we plug it in to the second formula, we get (16/9) too, hence proved.",1,2,0,0,0,0,0,Seth,sp23
335,336,Exam 4,learningStudy/WrittenInduction_Recurrence_v3,"Suppose n is any natural number.

When n = 0, g(0) = 2 - $(2/(3^0))$ = 2 - 2 = 0, which g(0) = 0 is true.


When n = 1, g(1) = 2 - $(2/(3^1))$ = 2 - 2/3 = 4/3, which g(1) = 4/3 is true.

For some integer k, g(n) = 4/3g(n-1) - 1/3g(n-2) for n $\geq$ 2 in 0 ... k + 2 (k $\geq$ 0).

g(k + 2) = $4/3g(k + 1) - 1/3g(k)$. For k = 0, g(2) = $4/3g(1) - 1/3g(0)$. g(2) = 4/3 * 4/3 - 1/3 * 0 = 16/9 - 0 = 16/9. Since g(2) = 2 - ($2/3^2$) = 2 - 2/9 - 16/9, it is equal to the previous equation. Thus, g(n) = 4/3g(n-1) - 1/3g(n-2) = 2 - ($2/3^n$) for any natural number n, QED.",2,2,1,2,1,0,0,Seth,sp23
336,337,Exam 4,learningStudy/WrittenInduction_Recurrence_v3,"Let's prove the claim $g(n)=2-\frac{2}{3^n}$ for any natural number $n$ by induction.

We'll have three base cases.

Let case 1 be where $n=0$. It is given that $g(0)=0$. Likewise, $2-\frac{2}{3^0}=2-\frac{2}{1}=0$. Thus, base case 1 supports the claim.

Let case 2 be where $n=1$. It is given that $g(1)=\frac{4}{3}$. Similarly $2-\frac{2}{3^1}=2-\frac{2}{3}=\frac{6}{3}-\frac{2}{3}=\frac{4}{3}$. Therefore, base case 2 supports the claim.

Let case 3 be where $n=2$. It is given that $g(n)=\frac{4}{3}g(n-1)-\frac{1}{3}g(n-2)$ for $n\geq 2$. So, $g(2)=\frac{4}{3}g(1)-\frac{1}{3}g(0)=\frac{4}{3}*\frac{4}{3}-0=\frac{16}{9}$. Also, $2-\frac{2}{3^2}=\frac{18}{9}-\frac{2}{9}=\frac{16}{9}$. Thus, all our base cases prove the claim to be true.

Let the inductive hypothesis suppose that for any $k$, $g(n)=2-\frac{2}{3^n}$ such that $n=2...k$.

We must prove that $g(k+1)=2-\frac{2}{3^{k+1}}$.

Given that $g(n)=\frac{4}{3}g(n-1)-\frac{1}{3}g(n-2)$ for $n\geq 2$. Therefore, we can write that $g(k+1)=\frac{4}{3}g(k)-\frac{1}{3}g(k-1)$.

Since we know that $g(k)=2-\frac{2}{3^k}$ and $g(k-1)=2-\frac{2}{3^{k-1
    }}$, we can rewrite the right side as $g(k+1)=\frac{4}{3}(2-\frac{2}{3^k})-\frac{1}{3}(2-\frac{2}{3^{k-1
    }})$
    
Rearranging the right side, we get $g(k+1)=\frac{8}{3}-\frac{8}{3^{k+1}}-\frac{2}{3}+\frac{2}{3^k}$

Rearranging the right side again, we get $g(k+1)=2-\frac{8}{3^{k+1}}+\frac{3*2}{3^{k+1}}$.
Simplifying further, we get $g(k+1)=2-\frac{2}{3^{k+1}}$ which is what we needed to show.",2,2,2,1,2,2,2,Seth,sp23
337,338,Exam 4,learningStudy/WrittenInduction_Recurrence_v3,"For our base case when g(0) we get 4/3g(n-1) - 1/3g(n-2) = 0 for all n >= 2.
Our second base case will evaluate the same equation for g(1), and we should get 4/3.

Now  4/3g(n-1) - 1/3g(n-2) = 2 - (2/$3^n$) for all n from 2 ... k.

We will then prove that 4/3g(k-1) - 1/3g(k-2) = 2 - (2/$3^k$) to finish the proof.",2,1,2,2,1,0,0,Seth,sp23
338,339,Exam 4,learningStudy/WrittenInduction_Recurrence_v3,"base case: for n = 0, g(0) = 4/3 ( 2- 6) - 1/3 (2-18) = 0, g(1) = 2- 2/1 = 0. 0=0.
for n = 1, g(1) = 4/2 (2-2) - 1/3 (2 - 6) = 4/3, g(1) = 2- 2/3 = 4/3. 4/3 = 4/3

induction hypothesis: for n >=2, if g(n) = 4/3g(n-1) - 1/3g(n-2), g(n) = 2 - 2/3^n, for all k
inducation step:  g(k+1) = 2 - 2/3^n. 
for the left side, 4/3 (2 - 2/3^ k)= 8/3 - 8 *(3^-k / 3) ,
1/3 g(k-1) = 2/3 - 2/ 3^(k-1) * 3 = 2/3 - 2 * 3^(1-k) / 3 
8/3 - 8 * (3^k / 3) - (2/3 - 2* 3^(1-k) / 3 )= 6/3 -  2 / n ^ 3. = 2- 2/3^n,
that is what we need to shown.
 ",2,2,2,1,2,0,0,Seth,sp23
339,340,Exam 4,learningStudy/WrittenInduction_Recurrence_v3,"I do not remember much from last week other than the form of the proofs. 

Base Case: g(2) = 1 7/9 for both equations

Inductive Hypothesis: For 0...k, n=(k+1), both definitions of the expressions are equal to eachother. 

Inductive Proof: I am not sure what would prove this, but this is what we needed to show.",1,2,0,1,0,0,0,Seth,sp23
340,341,Exam 4,learningStudy/WrittenInduction_Recurrence_v3,"For the base case, we need to prove $P(0)$ and $P(1)$ are valid.

$P(0)$:

$g(0) = 2 - \frac{2}{{3}^{0}} = 2 - \frac{2}{1} = 0$. Because $0 = 0$, $P(0)$ is valid.

$P(1)$:

$g(1) = 2 - \frac{2}{{3}^{1}} = 2 - \frac{2}{3} = \frac{4}{3}$. Because $\frac{4}{3} = \frac{4}{3}$, $P(1)$ is valid.

Suppose our induction hypothesis is $g(n) = 2 - \frac{2}{{3}^{n}}$ for any number $1,2,3...k-1$, where $k \geq0$

We need to prove $g(k) = 2 - \frac{2}{{3}^{k}}$.

By the definition of $g(n)$, the left hand side is equal to $\frac{4}{3}g(k-1) - \frac{1}{3}g(k-2)$. By the induction hypothesis, $g(k-1) = 2 - \frac{2}{{3}^{k-1}}$. and $g(k-2) = 2 - \frac{2}{{3}^{k-2}}$. Distributing out gives $\frac{8}{3} - \frac{8}{{3}^{k}} - \frac{2}{3} + \frac{2}{{3}^{k-1}}$. Multiplying $\frac{2}{{3}^{k-1}}$ by $\frac{3}{3}$ gives $\frac{6}{{3}^{k}}$. This allows futher simplification of the expression to $2 - \frac{2}{{3}^{k}}$. Now, both sides are equal, which shows that $g(k) = 2 - \frac{2}{{3}^{k}}$.",2,2,2,2,2,2,2,Seth,sp23
