"","Assessment","Question","Proof","Identify.Base.Case","Prove.Base.Case","Hypothesis.is.stated","Hypothesis.is.given.some.bound","Goal.is.Clear","Expression.of.Size.k.1.is.decomposed.into.expression.of.size.k","Inductive.Hypothesis.is.applied","Graded.By"
"1","Exam 4","learningStudy/WrittenInduction_Sum_v3","Let $n$ be some arbitrary natural number.

Base case: $\sum_{p=0}^{0}(p*p!)=(0*1)=0$ which is equal to $(0+1)!-1=(1!)-1=0$

Inductive hypothesis: For some $k$, $\sum_{p=0}^{n}(p*p!)=(n+1)!-1$ where $n=0...k$.

Inductive step: Show that $\sum_{p=0}^{k+1}(p*p!)=((k+1)+1)!-1$.",2,2,2,2,2,0,0,"Seth"
"2","Exam 4","learningStudy/WrittenInduction_Sum_v3","
Base case: n = 0. $\sum_{p=0}^{n}(p\times p!)=0=(n+1)! - 1$.

Inductive hypothesis: Assume that the claim works for all natural numbers n, and prove that it works for natural number $n+1$.

Inductive steps:  $\sum_{p=0}^{n+1}(p\times p!)= (n+1)(n+1)!\times\sum_{p=0}^{n}(p\times p!)=(n+1)(n+1)!((n+1)!-1)$. Then, we can rewrite the function, so it will be $(n+2)!-1$. ",2,2,2,1,2,1,2,"Seth"
"3","Exam 4","learningStudy/WrittenInduction_Sum_v3","base: when n = 0, this is true,
IH: the claim is true when n = 0,1,2,3,,,,,,k-1",2,1,2,2,0,0,0,"Seth"
"4","Exam 4","learningStudy/WrittenInduction_Sum_v3","$\sum_{0}^{k-1}$ (p*p!) = k! - 1

base case: 0 * 0! = 0 

(0 + 1)! - 1 = 0
0 * 0! = (0 + 1)!

",2,2,0,0,0,0,0,"Seth"
"5","Exam 4","learningStudy/WrittenInduction_Sum_v3","Let's do this using proof by induction. Let's have the base case be that when p = 0, (p*p!) = 0.

Now, let's take the example of p = k. When solving into the euqation that we had above, we get k * k!. We can rewrite this as ((k+1)-1) * k! which becomes (k+1)! - 1. Now we need to prove this for k+1. This gives us (k+1) * (k+1)! which can be written as ((k+2) - 1)*k! which becomes k+1! - 1. 

Hence, we have proved that (n+1)! - 1.",2,1,0,0,0,0,0,"Seth"
"6","Exam 4","learningStudy/WrittenInduction_Sum_v3","Let $\sum_{p = 0}^{n} p \cdot p! = (n+1)! - 1$ be the predicate.

Base case: Let $n = 0$. Then we have $\sum_{p = 0}^{n} p \cdot p! = 0 \cdot 1 = 0$ and $(n+1)!-1 = 1! - 1 = 0$. So the base case holds.

Our inductive hypothesis is that for some $k$, $\sum_{p = 0}^{n} p \cdot p! = (n+1)! - 1$ is true for all $0, 1, 2, ... k$. Then, in our inductive step we want to show that $\sum_{p = 0}^{k+1} p \cdot p! = (k+2)!-1$.

We can rewrite the summation $\sum_{p = 0}^{k+1} p \cdot p!$ as $\sum_{p = 0}^{k} p \cdot p! + (k+1)\cdot (k+1)!$. By the inductive hypothesis, we know that $\sum_{p = 0}^{k} p \cdot p! = (k+1)! - 1$. Substituting this value into our equation, we have that $(k+1)! - 1 + (k+1)\cdot (k+1)!$, which we can factor and further manipulate into

$(k+1)! \cdot (k+1 + 1) - 1 = (k+1)! \cdot(k+2) - 1 = (k+2)! \cdot (k+2)$.

Thus, we have shown that $\sum_{p = 0}^{k+1} p \cdot p! = (k+2)!-1$, which is what we needed to complete the proof.",2,2,2,2,2,2,2,"Seth"
"7","Exam 4","learningStudy/WrittenInduction_Sum_v3","We'll need to prove that $\sum_{p=0}^{n}(p*p!)=(n+2)!-1$.",0,0,0,0,0,0,0,"Seth"
"8","Exam 4","learningStudy/WrittenInduction_Sum_v3","Induction by n
 
Base Case: 
 
when n = 0,  $\sum_{p=0}^{0}$(0.0!) = 0 = (0+1)!-1
 
When n = 1, $\sum_{p=0}^{1}$(1.1!) = 1 = (1+1)! - 1

Inductive Hypothesis : For all n belongs to n, let $\sum_{p=0}^{n}$(p.p!) = (n+1)!-1 for all 1,2....k.

Inductive Step: Showing that $\sum_{p=0}^{k+1}$ = (k+1 + 1)! - 1 = (k+2)! - 1

Thus, $\sum_{p=0}^{n}$(p.p!) = (n+1)!-1, which is what we needed to show.
 
",2,2,2,1,2,0,0,"Seth"
"9","Exam 4","learningStudy/WrittenInduction_Sum_v3","Base case: n = 0, then (0+1)! - 1 = 1 - 1 = 0.
Suppose as our Inductive Hypothesis that sum from p=0 to n of (p * p!) for n in 0...k (k >= 0).
Then, we have sum from p=0 to k of (k * k!) = (k + 1)! - 1. ",2,2,1,2,0,0,0,"Seth"
"10","Exam 4","learningStudy/WrittenInduction_Sum_v3","Base Case: n = 0, then $\sum_{p=0}^{n}$ (p*p!) = 0. n = 1, then $\sum_{p=0}^{n}$ = 1. n = -1, then $\sum_{p=0}^{n}$ = 0.

Inductive hypothesis: Then, for all k,  $\sum_{p=0}^{k}$ (p*p!) = (k + 1)! - 1.

Inductive step: Because base cases are true, then hypothesis is true.",2,1,2,0,0,0,0,"Seth"
"11","Exam 4","learningStudy/WrittenInduction_Sum_v3","Base: When n is 0, $\sum_{0}^{0}$(p*p!)=0; right side is(0+1)!-1=0;
Inductive hypothesis: $\sum_{0}^{p}$(p*p!)=(n+1)!-1 for n = 0,1,2,3,4...k-1 (for k >= 0);
Inductive step: $\sum_{0}^{k}$(k*k!)=(k+1)!-1 for k >= 0;",2,2,2,2,2,0,0,"Yael"
"12","Exam 4","learningStudy/WrittenInduction_Sum_v3","Assume true for base case of n = 1:
$\sum_{p=0}^{n}(p*p!) = (1 + 1)! - 1$  
$1=1$

Assume eq is true for some value k, and all values from 0 to k - 1.  
Test if eq is true for k + 1:  
$\sum_{p=0}^{k+1}(p*p!) = (k+1 + 1)! - 1$  
$\((k+1)! - 1)+(k+1)(k+1)! = (k+2)! - 1$  
$\(k+1)!+(k+1)(k+1)! = (k+2)!$  
$\(k+1)!(1 + k + 1) = (k+2)!$   
$ (k+2)!= (k+2)!$ 

Thu by the inductive step the eq is true for all natural numbers $n$",2,2,2,2,2,2,2,"Yael"
"13","Exam 4","learningStudy/WrittenInduction_Sum_v3","We apply induction on n.

Base case: when n = 0. Both sides of equation is equal to 0.

Induction hypothesis: some some k, $\sum_{k=0}^{n}$ (k*k!) = (n+1)! - 1 for all natural number n in 0 to k.

induction step: prove that $\sum_{k=0}^{n}$ (k*k!) = (n+1)! - 1 for all natural number n.",2,1,2,2,1,0,0,"Yael"
"14","Exam 4","learningStudy/WrittenInduction_Sum_v3","when n = -1 

$\sum_{p = 0}^{n}$(p*p!) = 0 * 1 = 0

(n + 1)! -1 = 0! -1 = 0

",0,0,0,0,0,0,0,"yael"
"15","Exam 4","learningStudy/WrittenInduction_Sum_v3","Proof by induction on n

$P(n): \sum_{p=0}^{n}(p*!p)=(n+1)!-1$

Inductive Hypothesis: Suppose $P(n)$ is true for $n$ in $0...k$ ($k \geq 0$) 

Base case: When $n=0$:

$\sum_{p=0}^{0}(p*p!)=(0+1)!-1$

$0*0! = 0 = 1-1$

Now we need to show that the hypothesis holds for $P(k+1)$



",2,2,2,2,2,0,0,"yael"
"16","Exam 4","learningStudy/WrittenInduction_Sum_v3","The claim states that for n in N, $\sum_{p=0}^{n}(p*p!) = (n+1)! - 1$.

For our base case, we say that $\sum_{p=0}^{0}(p*p!) = (0+1)! - 1$. The former is 0 * 0! = 0. amd the latter is 1! - 1 = 0, making this true when n = 0.

Next, suppose as our Inductive Hypothesis that $\sum_{p=0}^{k}(p*p!) = (k+1)! - 1$ when n = 0, 1...k.

Now to finish we need to show that $\sum_{p=0}^{k+1}(p*p!) = (k+2)! - 1$

The left hand side can be simplified into $\sum_{p=0}^{k}(p*p!)$ + (k+1)((k+1)!) = $\sum_{p=0}^{k}(p*p!)$ + (k+1)^2*(k!).
The right hand side can be simplified into (k+1)!(k+2) - 1 = (k+1)! - 1

Thus, our equation  to prove is $\sum_{p=0}^{k}(p*p!)$ + (k+1)^2*(k!) = k+2 - 1/(k+1).

Knowing our inductive hypothesis, subtracting equal elements leaves us with (k+1)^2*(k!) = (k+2) + 1/(k+1)",2,2,2,2,2,2,1,"yael"
"17","Exam 4","learningStudy/WrittenInduction_Sum_v3","idk.",0,0,0,0,0,0,0,"yael"
"18","Exam 4","learningStudy/WrittenInduction_Sum_v3","Base Case: 0! = 1

Inductive Hypothesis:

Inductive Step:

QED",0,0,0,0,0,0,0,"yael"
"19","Exam 4","learningStudy/WrittenInduction_Sum_v3","Proof by induction on n.

Inductive Predicate: $\sum_{p=0}^{n}$ $(p*p!)=(n+1)!-1$ for all natural numbers n.

Best Case: P(0) = $\sum_{p=0}^{n}$ $(p*p!) = 0$ and $(n+1)!-1 = 0$.

Inductive Hypothesis: For some k, $\sum_{p=0}^{n}$ $(p*p!) = (n+1)!-1$ when n is 0 . . . k.

Inductive Step: We need to prove that $\sum_{p=0}^{k+1}$ $(p*p!) = ((k+1)+1)!-1$.

By some algebra, $((p + 1))* (p+1)!) = ((k+1)+1)!-1$

. . . 

$\sum_{p=0}^{n}$ $(p*p!)=(n+1)!-1$ for all natural numbers n.",2,2,2,2,2,0,0,"yael"
"20","Exam 4","learningStudy/WrittenInduction_Sum_v3","Taking the base case , n = 0 we get $\sum_{p=0}^{0}$(p.p!) = 0.0! = 0*1 = 0 and (0+1)!-1=1-1=0. Thus the claim is true for base case.

Let the claim be true for all integers n in (0,1,2...k-1),. So,

$\sum_{p=0}^{k-1}(p.p!) = k!-1. 

The goal is to rove that it is true for k also. 

We can say that $\sum_{p=0}^{k}$ f(k) - $\sum_{p=0}^{k-1}$ f(k-1) = f(k) where f(p) = (p.p!).

((k+1)! - 1) - (k! - 1) = (k+1)! - k! = k!(k+1-1) = k.k! = f(k).  
Hence the claim is true for k, which is what we needed to show.",2,2,2,2,2,2,1,"yael"
"21","Exam 4","learningStudy/WrittenInduction_Sum_v3","for our base case let us note that when n = 0, $\sum_{p=0}^{n}$ (p* p!) = 0 and (1)! - 1 = 0

next suppose suppose as our inductive hypothesis that for some k, $\sum_{p=0}^{n}$ (p* p!) = (n+1)! - 1 for each n in 0...k

now to finish we need to show that $\sum_{p=0}^{k}$ (p*p!) = (k+1)! - 1",2,2,2,2,0,0,0,"yael"
"22","Exam 4","learningStudy/WrittenInduction_Sum_v3","Suppose n = 0:

Then, $\sum_{p=0}^{0}(p * p!$) = 0

(1)! - 1 = 0

Suppose n = 1:

Then, $\sum_{p=0}^{1}(p * p!$) = (0 * 0)! + (1 * 1)! = 1

(2)! - 1 = 1

For n = 0, n = 1, $\sum_{p=0}^{n}(p * p!$) = (n + 1)! - 1

For all n,  $\sum_{p=0}^{n}(p * p!$) = (n + 1)! - 1",0,0,0,0,0,0,0,"yael"
"23","Exam 4","learningStudy/WrittenInduction_Sum_v3","I don't really remember how to do this other than what I have written below...
We will prove this claim using induction. The claim is that $\sum_{p=0}^{n}$(p * p!) =(n + 1)! - 1. for all natural numbers n.

The base case for this is if n = 0. If n = 0,  $\sum_{p=0}^{n}$(p * p!) = 0 and (n + 1)! - 1 = 0. Thus the base case is proven

Inductive hypothesis: Let k = any natural number. Then, $\sum_{p=0}^{k}$(p * p!) = (k + 1)! - 1 = 0. 

Inductive step: $\sum_{p=0}^{k + 1}$(p * p!) = ((k + 1) + 1)! - 1 = 0. ",2,2,2,2,2,0,0,"yael"
"24","Exam 4","learningStudy/WrittenInduction_Sum_v3","n = 0:  $\sum_{p=0}^{0}$ (0*0!) = 1!-1 = 0;

let n = k,  $\sum_{p=0}^{k}$ (p*p!) = (k+1)!-1 be true:

let n = k+1;  $\sum_{p=0}^{k+1}$ (p*p!) = $\sum_{p=0}^{k}$ (p*p!) + k*(k+1)!+(k+1)! = (k+1)!-1 + k*(k+1)!+(k+1)! = (k+1)!*(k+2)-1 = (k+2)!-1;

if n=k is true, n=k+1 has to be true, so the claim is true.",2,2,2,2,2,2,2,"yael"
"25","Exam 4","learningStudy/WrittenInduction_Sum_v3","Proof by induction on $n$.

Base Case: If $n=0$, $\sum_{p=0}^0(p\times{p!})=0$, and $(0+1)!-1=0$, so $P(0)$ is true.

Inductive Hypothesis: $\sum_{p=0}^n(p\times{p!})=(n+1)!-1$ for $n$ in $0...k$, for $k\ge0$.

Inductive Step: We need to prove that $\sum_{p=0}^{k+1}(p\times{p!})=(k+2)!-1$.",2,2,2,2,2,0,0,"yael"
"26","Exam 4","learningStudy/WrittenInduction_Sum_v3","For our base case note that at k=0, $\sum_{p=0}^{0}(p*p!)$ = 0 and $(n+1)!-1 = 0$. Thus, for our inductive hypothesis k+1, the first equation is equal to 1 $(1*1!)$ and the second equation is equal to 1 as well $(2! - 1)$. Thus, we needed to show that $\sum_{p=0}^{n}(p*p!) = (n+1)!-1$, which it does so the claim is true.",2,1,0,0,0,0,0,"yael"
"27","Exam 4","learningStudy/WrittenInduction_Sum_v3","Proof by Induction on n

For our base case, note that when n=0 $\sum_{p=0}^{n=0}$(p*p!) = 0 and (0+1)!-1 = 0 

Suppose as our Inductive Hypothesis that $\sum_{p=0}^{n}$(p*p!)=(n+1)!-1 for n in 0...k+1 k$\geq$0

Now to finish we need to show that $\sum_{p=0}^{k+1}$(p*p!)=(k+2)!-1

",2,2,2,2,2,0,0,"yael"
"28","Exam 4","learningStudy/WrittenInduction_Sum_v3","for(n=0), the $\sum_{n}{p=0}p*p!=0, and (n+1)!-1=0, so it is true. Suppose that  $\sum_{n}{p=0}p*p!=(n+1)!-1, for all natural number n, n is 0~~~k. So $\sum_{k}{p=0}k*k!.",2,2,2,2,0,0,0,"yael"
"29","Exam 4","learningStudy/WrittenInduction_Sum_v3","let p and n be arbirtary real number
since p * p! is the base, and it starts at 0, and 0! = 1, the entire thing should be (something)! + 1
thus you need to subtract 1 from it.",0,0,0,0,0,0,0,"yael"
"30","Exam 4","learningStudy/WrittenInduction_Sum_v3","When $n = 1, \sum_{p=0}^{0}(p*p!) =1$ and $(0+1)!-1 = 1! - 1 = 1 - 1  = 0$ meaning that $\sum_{p=0}^{0}(p*p!) = (0+1)!-1$.  
  
  For some $k, \sum_{p=0}^{n}(p*p!) = (1+1)!-1$ for each $k$ in $0, 1, 2, ..., k.$
    
Now we need to show that $\sum_{p=0}^{k+1}(p*p!) =(k+2)!-1$.

... Not sure what's next.
",2,2,2,2,2,0,0,"yael"
"31","Exam 4","learningStudy/WrittenInduction_Sum_v3","Prove by induction.
Base case: g(0): LHS=0=RHS, so it is true for n = 0.  
Consider it is true for n = k, and prove it is true for n = k + 1.  
Then p(k) = $\sum_{p=0}^{k}$ (p*p!) = (k + 1)! - 1 is true.   
Consider n = k + 1
Then p(k+1) = $\sum_{p=0}^{k}$ (p*p!) = (k + 1 + 1)! - 1",2,1,2,2,2,0,0,"yael"
"32","Exam 4","learningStudy/WrittenInduction_Sum_v3","We will use proof by induction.

Suppose there are natural numbers n where $\sum_{p=0}^{n}$(p*p!) = (n+1)!-1.

Base Case: When p=0, then n will equal 1, and 1 is a natural number which work.

Induction Hypothesis: For some value k, $\sum_{p=0}^{n}$(p*p!) = (n+1)!-1 for any natural number n in 0...k.

Induction Step: Consider $\sum_{p=0}^{n}$(p*p!) = (k+1)!-1 and $\sum_{p=0}^{n}$(p*p!) = ((k+1)+1)!-1.

Induction Result:

$\sum_{p=0}^{n}$(p*p!) = (n+1)!-1 for all natural numbers n. Which is what we need to prove.",2,2,2,2,2,0,0,"yael"
"33","Exam 4","learningStudy/WrittenInduction_Sum_v3","Let n be a natural number.

Base Case

Inductive Hypothesis

Inductive Step

Thus, $\sum_{n}{p=0}(p * p!) = (n + 1)! - 1$, QED",0,0,0,0,0,0,0,"yael"
"34","Exam 4","learningStudy/WrittenInduction_Sum_v3","$\sum_{p = 0}^{n}$ $(p*p!) = (n+1)! - 1$",0,0,0,0,0,0,0,"yael"
"35","Exam 4","learningStudy/WrittenInduction_Sum_v3","Starting with the base case which is p = 0, which we can plug in and get (0+1)! - 1 which is equal to 0 which is a natural number.

No using the inductive hypothesis we can changet the statement to $\sum_{p = 1}^{n}$ (p * p!)

Which can be further simplified to 1 - $\sum_{p = 0}^{n}$ (p * p!) which can be further simplified to (n+1)! - 1 which is the claim that we wanted to prove in the first place.
",2,2,0,0,0,0,0,"yael"
"36","Exam 4","learningStudy/WrittenInduction_Sum_v3","For our base case n = 0,  $\sum_{0}^{p=0}$$(p*p!)=0$ and $(0+1!) -1 = 0 $

Next suppose our inductive hypothesis  $\sum_{p=0}^{n}$$(p*p!)=$ $(n+1)! -1$ for  $n$ in $0...k$ where $n>=0$. 

Now we need to show that $\sum_{p=0}^{n}$$(p*p!)=$$(k+1)! -1$",2,2,2,2,0,0,0,"yael"
"37","Exam 4","learningStudy/WrittenInduction_Sum_v3","Proof by induction n.

For our base case, note that for n = 0, $\sum_{p=0}^{n}(p*p!) = 0 = (n+1)!-1$.

Now suppose our Inductive Hypothesis is that for some k,  $\sum_{p=0}^{n}(p*p!) =  (n+1)!-1$ for each natural number n in 0....k .

We must show that  $\sum_{p=0}^{k+1}((k+1)*(k+1)!) = (k+2)!-1$.

$\sum_{p=0}^{k+1}((k+1)*(k+1)!)= (k+1)^2(k!)  $.


Therefore since $\sum_{p=0}^{k+1}((k+1)*(k+1)!) = (k+2)!-1$ the claim is true.",2,2,2,2,1,0,0,"yael"
"38","Exam 4","learningStudy/WrittenInduction_Sum_v3","Proof by induction  
Base case: n = 0, $\sum_{p=0}^{0}$ (p * p!) = 0 and (0 + 1)! - 1 = 0.  
Inductive hypothesis: $\sum_{p=0}^{n}$ (p * p!) = (n + 1)! - 1 for all n in 0,...,k  
Inductive step: we need to prove $\sum_{p=0}^{k+1}$ (p * p!) = (k + 2)! - 1  
((k+1)*(k+1)(k)) = (k+2)(k+1)(k) - 1  
This is true, which is what we needed to show. QED",2,2,2,2,2,0,0,"yael"
"39","Exam 4","learningStudy/WrittenInduction_Sum_v3","Suppose predicate $P(n)$ holds when $\sum_{p=0}^{n}(p*p!) = (n+1)!-1$ for all natural numbers $n$.<br>
Base case: when $n = 0$, $\sum_{p=0}^{n}(p*p!) = 0*1 = 0$, and $(0 + 1)! - 1=1-1=0$, so $P(0)$ hodls.<br>
Inductive hypothesis: $P(n)$ holds for some $n$ that $n = 0, 1, 2,...,k - 1$ (where $k-1 >= 0$).<br>
Inductive step: we need to prove that $\sum_{p=0}^{k}(p*p!)=(k+1)!-1$ .<br>
$P(k) = \sum_{p=0}^{k}(p*p!) = \sum_{p=0}^{k - 1}(p*p!) + (k*k!)$.<br>
from the Inductive hypothesis we know that $\sum_{p=0}^{k - 1}(p*p!)=k! -1$, <br>
after substitution we get that $\sum_{p=0}^{k}(p*p!)  = k!-1+(k*k!) = (k+1)k!-1=(k+1)!-1$, which is what we needed to prove.",2,2,2,2,2,2,2,"yael"
"40","Exam 4","learningStudy/WrittenInduction_Sum_v3","Proof by induction on n.    
Inductive prediction: $\sum_{p=0}^{n}(p\times p!)=(n+1)!-1$     
Base case: when $p= n = 0, 0\times 0!=0, and \space (0+1)!-1 = 0, thus\space P(0)\space holds$      
Inductive hypothesis: $\sum_{p=0}^{n}(p\times p!)=(n+1)!-1$ is true for all n in 0...k  
Inductive steps: then we need to prove that $\sum_{p=0}^{n}(p\times p!)=(n+1)!-1$ is also true for k+1  
By inductive hypothesis, $\sum_{p=0}^{k}(p\times p!)=(k+1)!-1$  
then $\sum_{p=0}^{k+1}(p\times p!)=\sum_{p=0}^{k}(p\times p!) + (k+1)\times (k+1)!$     
which means $\sum_{p=0}^{k+1}(p\times p!)=(k+1)!-1 + (k+1)\times (k+1)!$    
thus, $\sum_{p=0}^{k+1}(p\times p!)=(k+1)!\times (k+1+1)-1$     $=(k+2)!-1$     
which is what we need to prove.
",2,2,2,2,2,2,2,"yael"
"41","Exam 4","learningStudy/WrittenInduction_Sum_v3","Unsure",0,0,0,0,0,0,0,"yael"
"42","Exam 4","learningStudy/WrittenInduction_Sum_v3","for the base case, when n = 0 $\sum_{0}^{0}$ (0 * 0!) = (0 + 1) ! - 1 = 0

next, suppose the hypothesis that for some k,  $\sum_{0}^{n}$ (n * n!) = (n + 1) ! - 1 in k = 0, 1......k

we need to prove that $\sum_{0}^{k}$ (k * k!) = (k + 1) ! - 1 

since (k + 1) ! - 1 = k * k! + k !- 1, $\sum_{0}^{k}$ (k * k!) = (k * k!) +  $\sum_{0}^{k-1}$ ((k - 1) * (k - 1)!)

when we both eliminate  k* k! from both sides, we get k! =$\sum_{0}^{k-1}$ ((k - 1) * (k - 1)!)

continue this step we can eventually eventually prove that both sides are always equal as it finally reach the base case.",2,2,2,2,1,1,1,"yael"
"43","Exam 4","learningStudy/WrittenInduction_Sum_v3","let p = 0, then (p * p!) = 0

let n = 0, then (n + 1)! - 1 = 0

so we can asumme that $\sum_{p=0}^{n}$ (p * p!) = (n + 1)! - 1 for n = 0, 1, 2, 3.... k - 1

(k - 1 + 1)! - 1 = k! - 1",0,0,0,0,0,0,0,"yael"
"44","Exam 4","learningStudy/WrittenInduction_Sum_v3","For our base case, f(n) = $\sum_{p = 0}^{n} (p*p!) = (0 + 1)! - 1 = 0.$

Next, for our hypothesis, assume that $\sum_{p=0}^{n} (p*p!)$ where n > 0.

Therefore, for our inductive step, $\sum_{k > 0}^{n} (n+1)! - 1$

...

Therefore, $\sum_{p = 0}^{n}(p*p!) = (n + 1)! - 1$",2,1,2,0,1,0,0,"yael"
"45","Exam 4","learningStudy/WrittenInduction_Sum_v3","Proof: by induction on n

Base: Let n = 0. Then $\sum_{p=0}^{0}$(p * p!) = 0 an (0+1)! - 1 = 0. 

Induction: Suppose $\sum_{p=0}^{n}$(p * p!) = (n+1)! - 1 for all n = 0, ..., k -1. 

Then we must prove that $\sum_{p=0}^{k}$(p * p!) = (k+1)! - 1

...

Thus, $\sum_{p=0}^{n}$(p * p!) = (n+1)! - 1 for all natural numbers n. ",2,2,2,2,2,0,0,"yael"
"46","Exam 4","learningStudy/WrittenInduction_Sum_v3","Proof: Proof by induction n

Base Case (For all natural numbers n): For n = 0  $\sum_{p=0}^{n}$ (P*P!) = 0 = 1-1 which is also 0, proving  the claim to be true for the base case, n = 1, $\sum_{p=0}^{n}$ (P*P!) = 1 = 2! - 1, which is true. For n = 2, $\sum_{p=0}^{n}$ (P*P!) = 5 = 3! - 1, which is also true so for these two cases of numbers n = 1 and n = 2, we can prove the base cases.

Induction Hypothesis: For some positive number k,  $\sum_{p=0}^{n}$ (P*P!) = (n+1)! - 1, for all numbers n  1,2,3...k

Induction Step: $\sum_{p=0}^{k+1}$ (P*P!) = (k+1+1)! - 1

Prove: When evaluating the induction step number by number, we can see that the results of the k+1 equation is equal to the right most (k+1+1)! - 1, proving that for all natural numbers n, the original statement stands. We can plug back n in for the final statement.

Conclusion: $\sum_{p=0}^{n}$ (P*P!) = (n+1)! - 1 for all natural numbers n",2,1,2,2,2,0,0,"yael"
"47","Exam 4","learningStudy/WrittenInduction_Sum_v3","Prove by induction on $n$.

$P(n): \sum_{p = 0}^{n} (p \times p!) = (n+1)! - 1$ for all natural number $n$.

Base case: when $n = 0$, $\sum_{p = 0}^{n} (p \times p!) = 0$, $(n+1)! - 1 = 0$, which is equal.

Suppose $p(n)$ is true for $n = 1, 2, ..., k-1$.

We need to prove $p(n)$ is true for $n = k$.

$p(k)$: $\sum_{p = 0}^{k} (p \times p!) = (k+1)! - 1$

Left side is equal to: $\sum_{p = 0}^{k-1} (p \times p!) + (k\times k!)$.

Right side is equal to: $(k+1)k! -1$

Substituting using the hypothesis, we get:

Left side is equal to $k! - 1 + (k\times k!) = (k+1)!-1$.

Right side is equal to $(k+1)! -1$.

So the left is equal to right, $p(k)$ is true.

Q.E.D.
",2,2,2,2,2,2,2,"yael"
"48","Exam 4","learningStudy/WrittenInduction_Sum_v3","Hypothesis: $\sum_{p=0}^{n}$ (p*p!) = (n+1)!-1 is true for 0, 1, 2 , ... , k for some integers k.
Base case n = 0, $\sum_{p=0}^{0}$ = 0  (0+1)!-1 = 0 base case is right",2,2,2,2,0,0,0,"yael"
"49","Exam 4","learningStudy/WrittenInduction_Sum_v3","Base Case:
Let $n=0$. Then, $\sum_{p=0}^{0}(pp!) = (0 * 0 !) =  0 = (1)! - 1 = 0$. Since both sides hold true, the base case is indeed shown to be true.

Inductive hypothesis: Suppose for all $n: 0, ..., k \in \mathbb{N}$, $\sum_{p=0}^{k} (pp!)= (k+1)! -1$. 

Inductive step: We must prove that $\sum_{p=0}^{k + 1} (pp!)= (k+2)! -1$.

Separating the summation, we get that $\sum_{p=0}^{k + 1} (pp!) = \sum_{p=0}^{k} (pp!) + (k+1)(k+1)!$. Substituting the inductive hypothesis gives that $\sum_{p=0}^{k + 1} (pp!) = (k+1)! -1 + (k+1)(k+1)!$. Factoring out $(k+1)!$ gives $(k+1)! -1 + (k+1)(k+1)! = (k+1)!(k+1+1) - 1 = (k+1)!(k+2) - 1$. Combining the factorial with the number one greater, it can be shown that $\sum_{p=0}^{k + 1} (pp!) = (k+2)! -1$, which is what was to be shown.",2,2,2,2,2,2,2,"yael"
"50","Exam 4","learningStudy/WrittenInduction_Sum_v3","(0 x 0!) = (0+1)! - 1 = 0",0,0,0,0,0,0,0,"yael"
"51","Exam 4","learningStudy/WrittenInduction_Sum_v3","$\sum_{p=0}^{n}(p*p!)=(n+1)!-1$


 For our base case, when n=0. $\sum_{p=0}^{0}(p*p!)=(0+1)!-1$=0.
 when n=1. $\sum_{p=0}^{1}(p*p!)=(1+1)!-1$=1.
  Next, suppose as our Inductive Hypothesis that for some k, $\sum_{p=0}^{n}(p*p!)=(n+1)!-1$ for n in 0...k
  
  
 ",2,2,2,2,0,0,0,"yael"
"52","Exam 4","learningStudy/WrittenInduction_Sum_v3","For our base case, note that when n = 1, $\sum_{p=0}^{n}$ (p*p!) = 0 and (n+1)! - 1 = 0 for all natural numbers n.

Next, suppose as our Inductive Hypothesis that 
for some k, 
$\sum_{p=0}^{n}$ (p*p!) = (n+1)! - 1 is true for each n in 0...k.

Now to finish we need to show that $\sum_{p=0}^{k}$ (p*p!) = (k+1)! - 1.

Let us assume k = 1, then $\sum_{p=0}^{k}$ (p*p!) = 0 and (k+1)! - 1 = 0.

Thus proven",2,1,2,2,1,0,0,"yael"
"53","Exam 4","learningStudy/WrittenInduction_Sum_v3","We will use proof by induction.

Inductive Predicate: $\sum_{p=0}^{n}$ = (n + 1)! - 1, for all natural numbers n.

Base Case: Note that when n = 1, $\sum_{p=0}^{n}$ = (1 + 1) - 1 = 2.

Inductive Hypothesis: For some k, $\sum_{p=0}^{n}$ (n + 1)! - 1 for each n . . . k.

Inductive Step: For some k, $\sum_{p=0}^{n + 1}$ (n + 2)! - 1 for each n . . . k - 1.",2,1,2,2,1,0,0,"yael"
"54","Exam 4","learningStudy/WrittenInduction_Sum_v3","$\sum_{n}^{p = 0}$ (p * p!) = $\sum_{n}^{p = 0}$ (p * p* (p - 1) * (p - 2) * p....

$\sum_{n}^{p = 0}$ (p + 1)! - 1 = $\sum_{n}^{p = 0}$ (n + 1)! - 1",0,0,0,0,0,0,0,"yael"
"55","Exam 4","learningStudy/WrittenInduction_Sum_v3","base case 0 = 0, base case holds

need to prove $\sum_{p=0}^{n+1}(p*p!)=(n+2)!-1$

$\sum_{p=0}^{n}(p*p!)$*$((n+1)*(n+1)!$=$((n+1)!-1)((n+1)(n+1)!)$",0,0,0,0,0,0,0,"yael"
"56","Exam 4","learningStudy/WrittenInduction_Sum_v3","Let's prove the claim $\sum_{p=0}^{n}(p*p!)=(n+1)!-1$, for all natural numbers $n$.

For our base case, let $n=0$. $\sum_{p=0}^{0}(p*p!)=(0*0!)=(0*1)=0$. Likewise, $(0+1)!-1=1!-1=1-1=0$. Therefore, our base case supports the presented claim.

Let the inductive hypothesis suppose that for some $k$, $\sum_{p=0}^{n}(p*p!)=(n+1)!-1$ for each $n$ in $0...k$.

We must prove that $\sum_{p=0}^{k+1}(p*p!)=((k+1)+1)!-1$.

We can write the summation to be $\sum_{p=0}^{k+1}(p*p!)=((k+1)*(k+1)!)+\sum_{p=0}^{k}(p*p!)$.

Since we know that $\sum_{p=0}^{k}(p*p!)=(k+1)!-1$, we can rewrite the right side of the equation as $((k+1)*(k+1)!)+(k+1)!-1$.

Rearranging the right side again, we get $\sum_{p=0}^{k+1}(p*p!)=(k+1)!*((k+1)+1)-1$.

Since $((k+1)+1)!=((k+1)+1)*(k+1)!$, we can further simplify the right side of the equation to be $\sum_{p=0}^{k+1}(p*p!)=((k+1)+1)!-1$, which is what we needed to show.",2,2,2,2,2,2,2,"yael"
"57","Exam 4","learningStudy/WrittenInduction_Sum_v3","Base case: When n = 0, left =0, right = 0, so the claim is correct.

Hypothesis: for some integer k > 0, the claim is correct for n = 0,1,2...k-1.

Try to prove that the claim is corrct for n = k.

$\sum_{p = 0}^{k}(p*p!)$ = $\sum_{p=0}^{k - 1}$ + k*k! = k! - 1 + k*k! = (k+1)! - 1 = right

Then for all natural numbers n, the claim is correct.",2,1,2,2,2,2,2,"yael"
"58","Exam 4","learningStudy/WrittenInduction_Sum_v3","Prove by induction of n.

We will prove that $\sum_{p = 0}^{n} (p * p!) = (n+1)! - 1$ for all natural numbers n.

First, we will prove the base case. Suppose that n = 0.  $\sum_{p = 0}^{0} = (0 * 0!) = 0$, and $(0 + 1)! - 1 = 0$. So the claim holds true for n = 0.

Induction hypothesis: $\sum_{p = 0}^{n}  (0 * 0!) = (n + 1)! - 1$ for when n = some k in $(0, 1, 2, ..., k - 1)$, where k is a natural number. 

We will need to prove that the claim holds true for k. Simplifying, $\sum_{p = 0}^{k} = (p * p!) = $, and the sum of this is $k! * (k! * $ 
and for $k, (k + 1)! - 1 $

So, for all natural numbers n, $\sum_{p = 0}^{n} (p * p!) = (n+1)! - 1$, which is what we were trying to prove.
",2,2,2,2,2,2,2,"yael"
"59","Exam 4","learningStudy/WrittenInduction_Sum_v3","Let n be any natural number. 

Base case: n = 0:   
(0*0!) = 0  
(0+1)! - 1 = 0

Base case: n = 1:   
(1*1!) = 1  
(1+1)! - 1 = 1

Therefore, $\sum_{p=0}^{n} (p*p!) = (n+1)! - 1$. QED.",2,2,0,0,0,0,0,"yael"
"60","Exam 4","learningStudy/WrittenInduction_Sum_v3","?",0,0,0,0,0,0,0,"yael"
"61","Exam 4","learningStudy/WrittenInduction_Sum_v3","Our base case is that when p=0, (0*0!) = 0. And, (0+1)!-1 = 1-1 = 0.

Inductive hypothesis is that for an integer k,  $\sum_{p=0}^{n}$ (p*p!) should = (k+1)!-1 from k values 0...k

Suppose k = 3. $\sum_{p=0}^{3}$ (p*p!) = (0*0)+(1*1)+(2*2)+(3*6)=23. And (3+1)!-1 = 24-1 = 23.

This same logic can be applied for k=1, and for any other numbers greater than 0.

Therefore, the claim is proven to be true.",2,2,2,2,0,0,0,"yael"
"62","Exam 4","learningStudy/WrittenInduction_Sum_v3","Proof inducted on n.
P(n) predicated over all natural numbers n.
Base case: For P(0), $\sum_{p = 0}^{0}$(p * p!) = 0, and (0 + 1)! - 1 = 0, so P(0) holds.
Inductive hypothesis: $\sum_{p = 0}^{n}$(p * p!) = (n + 1)! - 1 for n = 0,1, ... , k - 1 (where k >= 2).
Inductive step: We need to prove $\sum_{p = 0}^{k}$(p * p!) = (k + 1)! - 1.
It is easy to see that $\sum_{p = 0}^{k}$(p * p!) = $\sum_{p = 0}^{k - 1}$(p * p!) + k * k!.
By the inductive hypothesis, $\sum_{p = 0}^{k - 1}$(p * p!) = k! - 1.
Combining these two facts, $\sum_{p = 0}^{k}$(p * p!) = k! - 1 + k * k! = k! * (k + 1) - 1 = (k + 1)! - 1, which is what we needed to prove.
",2,2,2,2,2,2,2,"yael"
"63","Exam 4","learningStudy/WrittenInduction_Sum_v3","i don't know induction and wasn't provided any documentation",0,0,0,0,0,0,0,"yael"
"64","Exam 4","learningStudy/WrittenInduction_Sum_v3","Base case:  

Checking for $n = 1$ and $n = 2$, LHS = $\sum_{n = 1}^{1} (p*p!)= 1*1! = 1$. RHS = $(1 + 1)! - 1) = 2 - 1 = 1$. As LHS = RHS, this claim holds true for $n = 1$. For $n = 2$, LHS = $\sum_{p = 0}^{2} (p*p!) = 1*1! + 2*2! = 1 + 4 = 5$. RHS = $(2 + 1)! - 1 = 5$. As once again, LHS = RHS, the claim holds true for $n = 2$.   

Now, let $P(n)$ be true for some $k$.  
$\rightarrow \sum_{p = 0}^{k} (p*p!) = (k + 1)! - 1$. 

Taking this for some $k + 1$, we get LHS = $\sum_{p = 0}^{k + 1} (p*p!)$. This is equal to $\sum_{p = 0}^{k} (p*p!) + (k+1)(k+1)!.$  
$= (k+1)! - 1 + (k+1)*(k+1)! = (k + 1)!(1+k+1) - 1 = (k + 2)! - 1$.  
This is equal to the right hand side, therefore, $P(n)$ holds for $n \in 1, 2, 3, ... k+1$.  
Therefore, by induction, $P(n)$ holds for $n \in 1,2,3,...k$, and the claim is true. ",0,1,2,2,2,2,2,"yael"
"65","Exam 4","learningStudy/WrittenInduction_Sum_v3","Proof by induction for n

Induction predicate: $\sum_{p = 0}^{n}$(p * p!) = (n + 1)! - 1 for all natural numbers n

Base case: For n = 0, $\sum_{p = 0}^{0}$(p * p!) = 0, which is equal to (0 + 1)! - 1 = 0

Induction hypothesis: $\sum_{p = 0}^{n}$(p * p!) = (n + 1)! - 1 for n in 0...k - 1

Induction step: $\sum_{p = 0}^{k}$(p * p!) = (k + 1)! - 1

which is what we wanted to prove",2,2,2,2,2,0,0,"yael"
"66","Exam 4","learningStudy/WrittenInduction_Sum_v3","a",0,0,0,0,0,0,0,"yael"
"67","Exam 4","learningStudy/WrittenInduction_Sum_v3","The base case: The claim is true when p = 0, and when p = 1. The inductive hypothesis is that there is some value k in the natural numbers such (n*n!) = (n+1)!-1 from 0, 1, 2 ... k. The inductive step is (k*k!) = (k+1)!-1. qed",2,0,1,2,0,0,0,"yael"
"68","Exam 4","learningStudy/WrittenInduction_Sum_v3","For our base case, not that when n = -1, (n + 1)! - 1 = 1.

Next, suppose as our Inductive Hypothesis that for some k, $\sum_{p=0}^{n}$(p*p!) = (n + 1)! - 1 for n = 0 ... k.

Now to finish we need to show that $\sum_{p=0}^{k - 1}$ (p*p!)= (k)! - 1.

When k = 0, k! - 1 = 0.

For all integers k >= 0, $\sum_{p=0}^{k - 1}$ (p*p!)= (k)! - 1.

Therefore, $\sum_{p=0}^{n}$(p*p!) = (n + 1)! - 1. QED

",0,0,2,2,0,0,0,"yael"
"69","Exam 4","learningStudy/WrittenInduction_Sum_v3","sorry I don't know how to write proofs",0,0,0,0,0,0,0,"yael"
"70","Exam 4","learningStudy/WrittenInduction_Sum_v3","Claim: $\sum_{p=0}^{n} (p*p!) = (n+1)!-1$ for all natural numbers $n$

Base case:

$n=0$: The left hand side is $\sum_{p=0}^{0} (p*p!) = (0*0!)  = 0 $. The right hand side is $(0+1)!-1 = 1! -1 = 0$. Because both sides are equal to $0$, $P(1)$ is satisfied.

We hypothesize $\sum_{p=0}^{n} (p*p!) = (n+1)!-1$ is true for some natural number $k$ from $1,2,3...k-1$.

Therefore, we need to prove $\sum_{p=0}^{k} (p*p!) = (k+1)!-1$

Starting from the left hand side, $\sum_{p=0}^{k} (p*p!) = \sum_{p=0}^{k-1} (p*p!) + (k*k!)$

From the induction hypothesis, $\sum_{p=0}^{k-1} (p*p!) = ((k-1)+1)!-1 = (k)! -1$. Therefore, $\sum_{p=0}^{k} (p*p!) = (k!) - 1 + (k*k!)$ factoring out $k!$ gives $(k!)*(k+1) - 1$, or $(k+1)! - 1$. This shows that $\sum_{p=0}^{k} (p*p!) = (k+1)!-1$.",2,2,2,2,2,2,2,"yael"
"71","Exam 4","learningStudy/WrittenInduction_Sum_v3","base case: when$n=1,1!=2!-1$

assume when $n=1,2...k, \sum_{p=0}^k (p \cdot p!) = (k+1)! - 1$

when $n=k+1, \sum_{p=0}^{k+1} (p \cdot p!) = \sum_{p=0}^k (p \cdot p!)+(k+1)(k+1)=(k+1)!(k+1+1)-1=(k+2)!-1$

QED.

",2,2,2,2,2,2,2,"yael"
"72","Exam 4","learningStudy/WrittenInduction_Sum_v3","$\sum_{xxx}^{yyy}$$\sum_{xxx}^{yyy}$$\sum_{xxx}^{yyy}$$\sum_{xxx}^{yyy}$$\sum_{xxx}^{yyy}$$\sum_{xxx}^{yyy}$$\sum_{xxx}^{yyy}$$\sum_{xxx}^{yyy}$

$\sum_{xxx}^{yyy}$$\sum_{xxx}^{yyy}$$\sum_{xxx}^{yyy}$$\sum_{xxx}^{yyy}$$\sum_{xxx}^{yyy}$$\sum_{xxx}^{yyy}$$\sum_{xxx}^{yyy}$$\sum_{xxx}^{yyy}$

$\sum_{xxx}^{yyy}$$\sum_{xxx}^{yyy}$                                                $\sum_{xxx}^{yyy}$$\sum_{xxx}^{yyy}$

$\sum_{xxx}^{yyy}$$\sum_{xxx}^{yyy}$$\sum_{xxx}^{yyy}$$\sum_{xxx}^{yyy}$

$\sum_{xxx}^{yyy}$$\sum_{xxx}^{yyy}$$\sum_{xxx}^{yyy}$$\sum_{xxx}^{yyy}$

$\sum_{xxx}^{yyy}$$\sum_{xxx}^{yyy}$$\sum_{xxx}^{yyy}$$\sum_{xxx}^{yyy}$

$\sum_{xxx}^{yyy}$$\sum_{xxx}^{yyy}$$\sum_{xxx}^{yyy}$$\sum_{xxx}^{yyy}$",0,0,0,0,0,0,0,"yael"
"73","Exam 4","learningStudy/WrittenInduction_Sum_v3","Let n be a natural number, and we solve the predicate by proof of induction. For our base case, we try when n = 0. In this case, the summation would be 0*0! which is = 0, while the right side of the equation would be (0+1)! - 1 = 0, so our base case holds true. For our inductive hypothesis, we argue that the summation of 0 to to n of (p*p!) = (n+1)! - 1 for all natural numbers n from 0 to k. We will try to show that the summation from 0 to k of (p*p!) = (k+1)! - 1. (p*p!) for all n from 0 to k is just (k+1)! - 1, which means our proof comes out to be true.",2,2,1,2,0,0,0,"yael"
"74","Exam 4","learningStudy/WrittenInduction_Sum_v3","",0,0,0,0,0,0,0,"yael"
"75","Exam 4","learningStudy/WrittenInduction_Sum_v3","Base Cases when $n = 0$, $\sum_{p=0}^{0}(p*p!)=0$ and $(n+1)! - 1 = 0$

Next, suppose for our inductive hypothesis that for some $k$, $\sum_{p=0}^{n}(p*p!)=(n+1)! - 1$ for all $n$ in $0..k$

Now to finish we need to show that $\sum_{p=0}^{k}(p*p!)=(k+1)! - 1$
",2,2,2,2,1,0,0,"yael"
"76","Exam 4","learningStudy/WrittenInduction_Sum_v3","Base case: N = 0. (0 * 0!) = (0 + 0)! - 1  so 0 = 1 * 1 - 1 so 0 = 0.

Induction hypothesis: $\sum_{p = 0}^{n}$ (n * n!) = (n + 1)! - 1 is true for 0, ..... k.

Inductive step: $\sum_{p = 0}^{k + 1}$ ((k+1) * (k + 1)!) = (k + 2)! - 1 is true.

(k + 1) * (k + 1)(k) = (k + 1) * (k^2 + k) = k^3 + k^2 + k^2 + k = k^3 + 2k^2 + k

(k + 2)! - 1 = (k + 2) * (k + 1) * (k) - 1 = (k^2 +3k + 2)(k) - 1 = k^3 + 3k^2 + 2k - 1

Those don't equal each other so oops.",2,2,2,2,2,0,0,"yael"
"77","Exam 4","learningStudy/WrittenInduction_Sum_v3","I dont know ",0,0,0,0,0,0,0,"yael"
"78","Exam 4","learningStudy/WrittenInduction_Sum_v3","Inductive predicate $P(n)$: $\sum_{p=0}^n(p\cdot p!)=(n+1)!-1$

Base case: consider $n=0$. Then $\sum_{p=0}^n(p\cdot p!)=\sum_{p=0}^0(p\cdot p!)=0\cdot0!=0$ and $(n+1)!-1=(0+1)!-1=1-1=0$.

Inductive hypothesis: suppose for some $k\in\mathbb{N}$, $k>0$, $P(n)$ holds for each $n$ in $0,1,\cdots,k-1$ (that is, for some $k\in\mathbb{N}$, $k>0$, $\sum_{p=0}^n(p\cdot p!)=(n+1)!-1$ holds for each n in $0,1,\cdots,k-1$).

Inductive step: we will now show that $P(k)$ holds (that is, $\sum_{p=0}^k(p\cdot p!)=(k+1)!-1$ holds).

$\sum_{p=0}^k(p\cdot p!)=k\cdot k!+\sum_{p=0}^{k-1}(p\cdot p!)$

From the inductive hypothesis, this can be rewritten as $k\cdot k!+(k-1+1)!-1=k\cdot k!+k!-1$

Rearranging, we get $(k+1)k!-1=(k+1)!-1$, which is what we needed to show.",2,2,2,2,2,2,2,"yael"
"79","Exam 4","learningStudy/WrittenInduction_Sum_v3","Forgot Inductive Proofs Fully

All I remember:
Inductive Claim -> Base Case -> Inductive Hypothesis",0,0,0,0,0,0,0,"yael"
"80","Exam 4","learningStudy/WrittenInduction_Sum_v3"," (p + 1)!  = p!* (p +1)

p * p! = p! * (p +1 - 1)

$\sum_{0}^{n}$ = (n +1)! -1",0,0,0,0,0,0,0,"yael"
"81","Exam 4","learningStudy/WrittenInduction_Sum_v3","We are performing induction on $n$.

The inductive hypothesis is that for ",0,0,0,0,0,0,0,"yael"
"82","Exam 4","learningStudy/WrittenInduction_Sum_v3","For our base case, when $n=0$, $\sum_{p=0}^{n}(p*p!) =0$ and $(0+1)!-1=0$.

Suppose as our inductive hypothesis that $\sum_{p=0}^{n}(p*p!) =(n+1)!-1$ for each $n$ in $0 ... (k-1)$ (where $k\geq 1$).

Now we must show that $\sum_{p=0}^{k}(p*p!) =(k+1)!-1$.

By the definition of a factorial, we know that $(k+1)!=(k+1)((k)!)$. Similarly, by the definition of a sum we know that $\sum_{p=0}^{k}(p*p!)= \sum_{p=0}^{k-1}(p*p!) + (k*k!)$.

$\sum_{p=0}^{k-1}(p*p!) =(k)!-1$ as stated in the inductive hypothesis. 
With this, along with what was just found above, we can substitute both sides of $\sum_{p=0}^{k}(p*p!) =(k+1)!-1$ to the equivalent 
$\sum_{p=0}^{k-1}(p*p!) + (k*k!) = (k+1)((k)!) -1$.

If we substitute the sum for its equivalent equation, we are left with $(k)!-1 + (k*k!) = (k+1)((k)!) -1$. This can be further simplified to $(k)! + (k*k!) = (k+1)((k)!)$.

By distributing the $k!$ on the right side, we end up with $(k)! + (k*k!) = (k*k!)+(k)!$, which is a true statement, meaning that $\sum_{p=0}^{k-1}(p*p!) + (k*k!) = (k+1)((k)!) -1$",2,2,2,2,2,2,2,"yael"
"83","Exam 4","learningStudy/WrittenInduction_Sum_v3","I don't really know how to write proofs using induction.",0,0,0,0,0,0,0,"yael"
"84","Exam 4","learningStudy/WrittenInduction_Sum_v3","For our base case,  $\sum_{p = 0}^{0}(0 * 0!) = 0$ and $(0 + 1)! - 1 = 0$.

Suppose for our Inductive Hypothesis that for some k, $\sum_{p = 0}^{n}(p * p!) = (n + 1)! - 1$ for each n in 0 ...k.

(k * (k+1)!) = (k + 2)! -1

and (k + 1 + 1)! - 1 =  (k + 2)! -1

Since the claim holds for k, $\sum_{p = 0}^{n}(p * p!) = (n + 1)! - 1$  for all natural numbers n.

",2,2,2,2,0,0,0,"yael"
"85","Exam 4","learningStudy/WrittenInduction_Sum_v3","Let's prove proposition *n* by induction. Let *n* mean that $\sum_{p=0}^{n}$ (p * p!) = (n+1)! - 1 for all natural numbers *n*, where *n* is 0, 1, 2, 3, ..., k. This means that we have to prove that $\sum_{p=0}^{k+1}$ ((k+1) * (k+1)!) = (k+2)! - 1. For base case n = 0, $\sum_{p=0}^{n}$ (p * p!) = 0 and (n+1)! - 1 = 0, which means that proposition holds true. For k+1, $\sum_{p=0}^{k+1}$ ((k+1) * (k+1)!) = (k+2)! - 1. This means that $\sum_{p=0}^{n}$ (p * p!) = (n+1)! - 1, which is what we needed to prove.",2,2,1,2,2,0,0,"yael"
"86","Exam 4","learningStudy/WrittenInduction_Sum_v3","
Base case: when n = 0(0*1) = 1 - 1 = 0
We need to prove the expression is true for n = 1, 2, ...n

",2,2,0,0,0,0,0,"yael"
"87","Exam 4","learningStudy/WrittenInduction_Sum_v3","Proof by induction on $n$  
Base case: For $n=0$, $\sum_{p=0}^n(p\cdot p!) = 0$ and $(n+1)! - 1 = 0$, so the base case holds.  
Inductive hypothesis: For all $n = 0,...,k$, $\sum_{p=0}^n(p\cdot p!) = (k+2)! - 1$  
Inductive step: Prove that for $n = k+1$, $\sum_{p=0}^{k+1}(p\cdot p!) = (k+3)! - 1$  
$\sum_{p=0}^{k+1}(p\cdot p!) = (k+1)\cdot(k+1)! + \sum_{p=0}^k(p\cdot p!) = (k+1)\cdot(k+1)! + (k+2)! - 1$  
$(k+3)! - 1 = ?$",2,1,1,2,1,0,0,"yael"
"88","Exam 4","learningStudy/WrittenInduction_Sum_v3","From the information given, we can construct our inductive predicated as follows $\sum_{p=0}^{n}$(p*p!) = (n+1)! - 1

Base Case(s): In case 1, n = 0, so $\sum_{p=0}^{0}$(0*0!) = 0 = (0+1)! - 1. In case 2, n = 1, so $\sum_{p=0}^{1}$(1*1!) = 1 = (1+1)! - 1.

Inductive Hypothesis: Next, suppose that for some k, $\sum_{p=0}^{n}$(p*p!) = (n+1)! - 1 is true for n = 0 ... k - 1.

Inductive Step: Now we must show that $\sum_{p=0}^{k+1}$(p*p!) = ((k+1)+1)! - 1.

... (UNSURE OF INTERMEDIATE STEPS TO GET TO RESULT)

Final Result: Therefore we can see that $\sum_{p=0}^{k+1}$(p*p!) = ((k+1)+1)! - 1, which is what we wanted to show.",2,2,2,2,1,0,0,"yael"
"89","Exam 4","learningStudy/WrittenInduction_Sum_v3","For our base case, note that when n = 0, $\sum_{p=0}^{0}(p*p!) = 0 $ and that $(0+1)! - 1  = 0$  
Next for our Inductive Hypothesis, suppose for some k, $\sum_{p=0}^{n}(p*p!) = (n+1)! - 1$ where $n = (0,...k)$ where k >= 0  
Now, to finish our proof we must prove that  $\sum_{p=0}^{k-1}(p*p!) = (k)! - 1$    
I don't remember what I did after this.",2,2,2,2,1,0,0,"yael"
"90","Exam 4","learningStudy/WrittenInduction_Sum_v3","We can start this proof with the proof of all number n-1:",0,0,0,0,0,0,0,"yael"
"91","Exam 4","learningStudy/WrittenInduction_Sum_v3","Proof by induction.

Inductive predicate: $\sum_{p=0}^{n}$(p*p!) = (n+1)! - 1 for all natural numbers n.

Base case: For n=0 $\sum_{p=0}^{n}$(p*p!) = 0*0! = 0 = (0 + 1)! - 1 = 1 - 1 = 0.

Suppose that for all n = 0, ... k for k >= 0, $\sum_{p=0}^{n}$(p*p!) = (n+1)! - 1

We will prove that $\sum_{p=0}^{k+1}$(p*p!) = (k+2)! - 1 for all n = 0, ... k+1.

$\sum_{p=0}^{k+1}$(p*p!) = $\sum_{p=0}^{k}$(p*p!) + $\sum_{k+1}^{k+1}$((k+1)*(k+1)!).

Thus $\sum_{p=0}^{k+1}$(p*p!) = (k+1)! - 1 + (k+1)*(k+1)!

Rearrange this as (k+1)(k+1)! + (k+1)! - 1 and subsequently (k+1)! * ((k+1) + 1) - 1

This is equal to (k+2)(k+1)! - 1, and subsequently equal to (k+2)! - 1.

This is what we needed to show.
",2,2,2,2,2,1,1,"yael"
"92","Exam 4","learningStudy/WrittenInduction_Sum_v3","Base Case: when n = 0, $\sum_{p=0}^{0}$(p*p!) = 0 and (0 + 1)! - 1 = 0. Inductive hypothesis: for some k, $\sum_{p=0}^{n}$(p*p!) = (n + 1)! - 1 for each n in 0...k - 1. Now we must prove $\sum_{p=0}^{k}$(p*p!) = (k + 1)! - 1
",2,2,2,2,2,0,0,"yael"
"93","Exam 4","learningStudy/WrittenInduction_Sum_v3","Proof by induction on $n$.  
The inductive predicate is $P(n): \sum_{p=0}^{n}(p*p!)=(n+1)!-1$.  
The base case is when $n=0$. $\sum_{p=0}^{0}(p*p!)=0*0!=0*1=0$. And $(0+1)!-1=1-1=0$.
 So $P(0)$ holds.  
 
 The inductive hypothesis is that for some natural number $k$ such that $\sum_{p=0}^{n}(p*p!)=(n+1)!-1$ is true for each $n$ in $0 \dots k-1$. Then, the inductive step is to show that $P(k)$ holds.  
 So, we need to show that $\sum_{p=0}^{k}(p*p!)=(k+1)!-1$.  
 Separating the last term from the summation, we have $\sum_{p=0}^{k}(p*p!)=(\sum_{p=0}^{k-1}(p*p!))+k*k!$.  
 But we know from the inductive hypothesis that $\sum_{p=0}^{k-1}(p*p!)=k!-1$. Substituting this in the previous equation, we have $\sum_{p=0}^{k}(p*p!)=k*k!+k!-1=k!(k+1)-1$. But $k!(k+1)$ is just $(k+1)!$.  
 So we have $\sum_{p=0}^{k}(p*p!)=(k+1)!-1$, which is what we needed to show.",2,2,2,2,2,2,2,"yael"
"94","Exam 4","learningStudy/WrittenInduction_Sum_v3","I'm not sure how to write this proof.",0,0,0,0,0,0,0,"yael"
"95","Exam 4","learningStudy/WrittenInduction_Sum_v3","For our base case, we can see that when n = 0

The sum of p*p! from p = 0 to 0 is infact 0 and (0 + 1)! -1 is also 0.

The induction hypothesis would be that it is also true for all natural numbers n from 0...k

$\sum_{p = 0}^{k}$ (p*p!) would mean k * k! + (k-1) * (k - 1)! + (k - 2) * (k - 2)!... 0 * 0!

The sums that come after the k * k! actually add up to transform the k * k! into (k+1)! - 1 as the previous iteration adds to the next to bring the sum up except for when p = 0.

Thus, we can state that the original claim is true by induction.",2,2,2,2,1,1,0,"Ben"
"96","Exam 4","learningStudy/WrittenInduction_Sum_v3","Base case: when n = 1,  $\displaystyle\sum_{p=0}^1 (p \cdot p!)$ = 1, and $(n+1)! - 1$ is 1. So, $\displaystyle\sum_{p=0}^1 (p \cdot p!) = (n+1)! - 1$ is true.

Assume that for all natural numbers k, $\displaystyle\sum_{p=0}^k (p \cdot p!) = (k+1)! - 1$ is true.

Prove that $\displaystyle\sum_{p=0}^{k+1} (p \cdot p!)  = (k+2)! - 1$ is true.

$\displaystyle\sum_{p=0}^{k+1} (p \cdot p!)$ = $\displaystyle\sum_{p=0}^k (p \cdot p!) + (k+1)*(k+1)!$ 

= $(k+1)! - 1 +(k+1)*(k+1)!$

= $(k+1)!*(k+2) -1$

= $(k+2)! - 1$

Therefore,  $\displaystyle\sum_{p=0}^{k+1} (p \cdot p!)  = (k+2)! - 1$ is true.
Since n=1 is true, and n = k+1 is true while n = k is true. By induction, the claim is true.

",2,2,2,1,2,2,2,"Ben"
"97","Exam 4","learningStudy/WrittenInduction_Sum_v3","For our base case, let n = 0. (0+1)! -1 = 0 and the sum of 0 * 0! is also 0 so the base case is set.

We must prove this is true for all numbers from k to k-1.

(k-1 + 1)! - 1 is equal to the summation from p=0 to k-1 of (k-1 * (k-1)! proving this claim true.",2,2,2,1,1,0,0,"Ben"
"98","Exam 4","learningStudy/WrittenInduction_Sum_v3","Proof: 
Base Case: n = 0 and n = 1. When n = 0, $\sum_{p=0}^{n}(p*p!)$ = 0 = (n + 1)!-1. When n = 1, $\sum_{p=0}^{n}(p*p!)$ = 1 = (n + 1)!-1
For some integer k, $\sum_{p=0}^{n}(p*p!)$ = (n + 1)!-1 when n is from 0...k.
By inductive reasoning, $\sum_{p=0}^{n}(p*p!)$ = (n + 1)!-1",2,2,2,2,0,0,0,"Ben"
"99","Exam 4","learningStudy/WrittenInduction_Sum_v3","Let n be a natural number.  
For our base case, note that when n=1, $\sum_{p=0}^{n}$(p p!)=   
Suppose that for some k,$\sum_{p=0}^{n}$(p p!)= (n+1)!-1 for each n in 1 .... k.  
Now we must show that $\sum_{p=0}^{k+1}$(p p!)= ((k+1)+1)!-1.",2,0,2,2,2,0,0,"Ben"
"100","Exam 4","learningStudy/WrittenInduction_Sum_v3","Proof by induction on n. Predicate: $\sum_{p=0}^{n}$(p*p!) = (n+1)! - 1 for all natural numbers n. Suppose that $\sum_{p=0}^{n}$(p*p!) = (n+1)! - 1 for n = 0, 1, ..., k. The base case is n = 0, where $\sum_{p=0}^{0}$(p*p!) = 0 and and (0+1)! - 1 = 0. Then we have to prove that $\sum_{p=0}^{k+1}$(p*p!) = (k+2)! - 1. 

$\sum_{p=0}^{k+1}$(p*p!) = $\sum_{p=0}^{k}$(p*p!) + (k+1)*(k+1)!. Using our inductive hypothesis, this becomes (k+1)! - 1 + (k+1)*(k+1)!. We can make this (k+1)!*(1 + (k+1)) - 1 = (k+2)! - 1, which is what we wanted to show.",2,2,2,2,2,2,2,"Ben"
"101","Exam 4","learningStudy/WrittenInduction_Sum_v3","Base case: $n=0$.  
$\quad$$\sum_{p=0}^{0}(p*p!)=0$.  
$\quad$$(0+1)!-1=0$.  
Base case is true.  
Induction hypothesis: For any natural number $n=0,1,...,k$, $\sum_{p=0}^{n}(p*p!)=(n+1)!-1$.  
Induction step: Prove induction hypothesis for $n=k+1$.  
$\quad$$\sum_{p=0}^{k+1}(p*p!)=$$(k+1)*(k+1)!+\sum_{p=0}^{k}(p*p!)$.  
$\quad$$\sum_{p=0}^{k}(p*p!)=(k+1)!-1$ by the induction hypothesis.  
$\quad$$(k+1)(k+1)!+(k+1)!-1=(k+1)!(k+1+1)-1$.  
$\quad$$(k+1)!(k+2)=(k+2)!$.  
$\quad$$(k+2)!-1$",2,2,2,2,2,2,2,"Ben"
"102","Exam 4","learningStudy/WrittenInduction_Sum_v3","no idea",0,0,0,0,0,0,0,"Ben"
"103","Exam 4","learningStudy/WrittenInduction_Sum_v3","proof:

Base case:when n = -1, $\sum_{p=0}^{n}$(p.p!) = (n+1)!- 1 = 0",1,2,0,0,0,0,0,"Ben"
"104","Exam 4","learningStudy/WrittenInduction_Sum_v3","let n = 0

$\sum_{p=0}^{0}$ = 0 and (0 + 1)! -1 = 0.

inductive hypothesis: for every 0...k, $\sum_{p=0}^{k}$ = n and (k + 1)! -1 = n.

by induction, this holds true for k +1
",2,2,1,1,0,0,0,"Ben"
"105","Exam 4","learningStudy/WrittenInduction_Sum_v3","Proof by induction on n.

Inductive predicate: $\sum_{p=0}^{n}(p*p!)=(n+1)! - 1$, for all natural numbers $n.$

Base case: for n = 0, $\sum_{p=0}^{0}(p*p!) = 0$ and $(0 + 1)! - 1 = 0$

Inductive hypothesis: For some k, $\sum_{p=0}^{n}(p*p!)=(n+1)! - 1$ for each $n$ in $0...k$

Inductive step: Now to finish we need to show that $\sum_{p=0}^{k + 1}(p*p!)=((k + 1)+1)! - 1$

Therefore $\sum_{p=0}^{n}(p*p!)=(n+1)! - 1$, for all natural numbers $n.$",2,2,2,2,2,0,0,"Ben"
"106","Exam 4","learningStudy/WrittenInduction_Sum_v3","We will prove by induction.

Base case. $\sum_{p = 0}^{0} (p * p!) = 0$ and $1! - 1 = 0$, so the base case is true.

Inductive step. Suppose that the above claim is true for all n from 0, 1, 2, ..., k - 1. Then, we want to show that $\sum_{p = 0}^{k}(p * p!) = (k + 1)! - 1$.

$\sum_{p = 0}^{k}(k * k!) = \sum_{ = 0}^{k -1}((p - 1) * (p - 1)!) + k * k!$. By the inductive step, we know that $\sum_{ = 0}^{k -1}((p - 1) * (p - 1)!) = k! - 1$ Then, $\sum_{p = 0}^{k}(k * k!) = k! * k + k! -1 = k! (k + 1) - 1 = (k +1)! - 1$, which is what we wanted to show. ",2,2,2,2,2,2,2,"Ben"
"107","Exam 4","learningStudy/WrittenInduction_Sum_v3","For our base case, n = 0, $\sum_{p =0}^{0}$(p * p!) = (0 * 0!) = 0, and (0 + 1)! - 1 = 0

Suppose our inductive hypothesis that $\sum_{p =0}^{n}$(p * p!) = (n + 1)! - 1 for some n in 0...k

Now to finish we need to show that $\sum_{p =0}^{k}$(p * p!) = (k + 1)! - 1

(k+1)k/2 * k(k+1)!)
",2,2,2,1,1,0,0,"Ben"
"108","Exam 4","learningStudy/WrittenInduction_Sum_v3","We are going to use proof by induction on n. For our base case, $\sum_{p=0}^{0}(0*0!) = 0$ and $(0 + 1)! - 1 = 0.$ As our inductive hypothesis, suppose that for some integer k, $\sum_{p=0}^{n}(p*p!) = (n + 1)! - 1$ is true for all n in 0...(k-1). We must prove that $\sum_{p=0}^{k}(p*p!) = (k + 1)! - 1$ is true. Rewriting the left side of the equation, we get $\sum_{p=0}^{k - 1}(p*p!) + (k * k!) = (k + 1)! - 1$. From our inductive hypothesis, we know that $\sum_{p=0}^{k - 1}(p*p!)$ is equal to $((k - 1) + 1)! - 1$. Substituting into the original equation and rearranging the terms, we are left with $k * k! + k! - 1 = (k + 1)! - 1$. Then, rewriting the left side of the equation gives us $k!(k + 1) - 1$. But, $k!(k + 1)$ is the same thing as $(k + 1)!$, so the left side of the equation is really $(k + 1)! - 1$ and that is equal to the right side of the equation, which is what we needed to prove. Thus, the claim is true.",2,2,2,2,2,2,2,"Ben"
"109","Exam 4","learningStudy/WrittenInduction_Sum_v3","Let n be a natural number. 
Base case: when n = 0,   
$\displaystyle\sum_{p=0}^n (p \cdot p!) = 0*1=0$  
$(n+1)! - 1 = 1 - 1 = 0$  
Thus, for base case, $\displaystyle\sum_{p=0}^n (p \cdot p!) = (n+1)! - 1$

For case n : 
I have no idea how to represent the sum of $\displaystyle\sum_{p=0}^n (p \cdot p!)$",2,2,0,0,0,0,0,"Ben"
"110","Exam 4","learningStudy/WrittenInduction_Sum_v3","Base Case: 0 * 0! = 0 and (0+1)! - 1 = 0

Assume $\sum_{n}^{p=0}(p*p!) = (n=1)! - 1$ for all values n from 0..k-1.

$\sum_{p=0}^{k-1}(p*p!)$ $+ (k*k!)$  = $(k+1)! - 1$

$k! - 1 + (k*k!)$  = $(k+1)! - 1$

$k! + (k * k!) = (k + 1)!$

$k!(1 + k) = (k + 1)!$

$(k + 1)! = (k + 1)!$

Thus the claim is true.",2,2,2,2,2,2,2,"Ben"
"111","Exam 4","learningStudy/WrittenInduction_Sum_v3","Using induction for n. Let base case be n = 0. At n = 0, the left side becomes 0 * 0! = 0 * 1 = 0. The right side is (0+1)! -1 = 1 - 1 = 0. This proves that both sides are equal. The inductie hypothesis dictates that the claim  $\sum_{p = 0}^{n = 0}$ of (p*p!) = (n+1_)! - 1 for all numbers n in 0 through k. By substitution, we get (k+1)! - 1. This is where i Have no idea where to go. ",2,2,2,2,0,0,0,"Ben"
"112","Exam 4","learningStudy/WrittenInduction_Sum_v3","Using induction 

Set up base case which is n(1) which is 1!

Then use the inductive hypothesis for every natural number k, (n+1)! -1 holds true for all k 

Inductive Step which is (k+1)! - 1 for all natural numbers k 

Not sure where to go from here to solve the proof...

",2,1,1,1,1,0,0,"Ben"
"113","Exam 4","learningStudy/WrittenInduction_Sum_v3","Base case: $\sum_{p=0}^{0}(p*p!) = (0 * 0!) = 0$ and $(0 + 1)! - 1 = 1 -1 = 0$

Inductive Hypothesis: $\sum_{p=0}^{k-1}(p*p!) = (n + 1)! - 1$ for $n$ in $0, 1, ... k-1$ (where $ k >= 0$).

Inductive Step: $\sum_{p=0}^{k}(p*p!) = (k + 1)! - 1$

Simplifying the right side, we get $\sum_{p=0}^{k}(p*p!) = \sum_{p=0}^{k-1}(p*p!)+(k*k!)$

From our inductive hypothesis, we can substitute $\sum_{p=0}^{k}(p*p!) = (k)! - 1+(k*k!)$",2,2,1,2,2,2,2,"Ben"
"114","Exam 4","learningStudy/WrittenInduction_Sum_v3","For our base case, let n be equal to 0. $\sum_{0}^{0}$(p*p!) = 0 and (0+1)! - 1 = 0

Inductive hypothesis: Suppose $\sum_{p=0}^{n}$(p*p!) = (n+1)! - 1 for all n in 0...k

Inductive step: Prove that $\sum_{p=0}^{k+1}$(p*p!) = (k+2)! - 1",2,2,2,2,2,0,0,"Ben"
"115","Exam 4","learningStudy/WrittenInduction_Sum_v3","Proof: 
Contrapositive = E(p=0, n) != (n+1)! - 1 
For all natural numbers n, suppose that E(p=0, n) = (n+1)! - 1. 
Suppose summation = 0 * (0!) = 0
Suppose n = 1 
2! - 1 = 2 * 1 - 1 = 0
Since n does not equal p
Rhus, E(p=0, n) != (n+1)! - 1 which is what we needed to show ",0,0,0,0,0,0,0,"Ben"
"116","Exam 4","learningStudy/WrittenInduction_Sum_v3","For all natural numbers n, $\sum_{p=0}^{n}$(p*p!) = (n+1)!-1

$\sum_{p=0}^{n}$(0*0) = 0 = (0 + 1)! - 1",2,2,0,0,0,0,0,"Ben"
"117","Exam 4","learningStudy/WrittenInduction_Sum_v3","Base Case: n = 0, (0 * 0!) = 0; (0 + 1)! - 1 = 1 - 1 = 0, 0 = 0.
Hypothesis: For some k, $\sum_{p = 0}^{n}$ = (n + 1)! - 1 for some n from 0..k.
Inductive step:  $\sum_{k = 0 }^{K + 1}$ (p + p!) = (k + 2)! - 1.
Lets say that that n is 3.
So, the left hand simplifies to 0 + 1 + 4 + 18;
The right hand simplifies to 4! - 1 = 23;
QED.
I am unsure of how to solve this problem.",2,2,2,1,2,0,0,"Ben"
"118","Exam 4","learningStudy/WrittenInduction_Sum_v3","For our base case, note that when n=0 $\sum_{p=0}^{0}$p(p!)=0 and (0+1)!-1 = 0. 

Next Suppose our induction hypothesis is that for some k, $\sum_{p=0}^{n}(p\times p!)=(n+1)!-1$ for each n in 0...k where k is a natural number. 

Now we need to show that $\sum_{p=0}^{k+1}(p\times p!) = (k+2)!-1$

By first expanding the right side we get $(k+2)(k+1)(k)(k-1)!-1$. Then by expanding the right we get $(p)(p)(p-1)!$, setting them equal we can cross out out (p-1)! and end with $(p)(p)=(k+2)(k+1)(k)-1$, which can be simplified further to $p=(k+1)(k+2)-1$

Multiplying the right out we get, $k^2+3k+1=p$, which you will prove the claim with this statement. ",2,2,2,2,2,0,0,"Ben"
"119","Exam 4","learningStudy/WrittenInduction_Sum_v3","Base case:When n=1, $\sum_{0}^{n=0}$ (p.p!) = 0 and (n+1)!-1 = 0.

Inductive hypothesis: For some k, $\sum_{0}^{n=0}$ (p.p!) = (n+1)!-1 for each n in 0...k

Inductive step: (p.p!) = (k+1)! -1

They both are equal which is what we needed to prove.",2,2,2,2,1,0,0,"Ben"
"120","Exam 4","learningStudy/WrittenInduction_Sum_v3","By definition of induction, 

Base case: For n = 0, $\sum_{n}^{p=0}$ (p * p!) = 0 and (n+1)!-1 = 0.

Induction Hypothesis: For some value k, $\sum_{n}^{p=0}$ (p*p!) = (n+1)! - 1 for each n in 0... k.

Inductive Step: $\sum_{n}^{p=0}$ (p*p!) = (k+1)!-1


We have proven that $\sum_{n}^{p=0}$ (p * p!) = (n+1)!-1.",2,2,2,2,1,0,0,"Ben"
"121","Exam 4","learningStudy/WrittenInduction_Sum_v3","We use n for induction
Predicate P: $\sum_{p=0}^{n}(p*p!)=(n+1)!-1$
Base Case: for P(0)=0,P(1)=1
Induction Hypothesis:$\sum_{p=0}^{k}(p*p!)=(k+1)!-1$ holds for 0,1,2,3,...,k.
Induction",2,0,2,1,0,0,0,"Ben"
"122","Exam 4","learningStudy/WrittenInduction_Sum_v3","(induction) 

(base case) 

P(0) = (0 * 1) = 0; (0 +1)! - 1 = 0; base case holds 

(inductive hypothesis) suppose that $\sum_{p = 0}^{n}$ (p*p!) = (n+1)! - 1 holds for n in 0... k - 2

(inductive step) we must prove that $\sum_{p = 0}^{n}$ (p*p!) = (n+1)! - 1 holds for n = k - 1

(k - 1 + 1)! - 1 

k! + 1

(conclusion) ",2,2,2,2,2,0,0,"Ben"
"123","Exam 4","learningStudy/WrittenInduction_Sum_v3","For our base case, note that if p = 0 in $\sum_{p=0}^{n}$ (p*p!), then the equation equals 0 as (0*1) = 0. Note that if n = 0, then (n+1)! - 1 = (0+1)! - 1 = 1 - 1 = 0.

Our hypothesis would consist of for some k, $\sum_{k=0}^{n}$ (k*k!) = (k+1)! - 1, for each p and n in 1...k.

Next to finish we need to show that they are both equal to one another no matter what k is equal to.

Test 1: if k = 1, then $\sum_{p=0}^{k}$(1*1!) = 1 and (1+1)! - 1 = 2 - 1 = 1.
Test 2: if k = 2, then $\sum_{p=0}^{k}$(2*2!) = 6 amd (2+1)! - 1 = 5 (????)

",2,2,1,2,0,0,0,"Ben"
"124","Exam 4","learningStudy/WrittenInduction_Sum_v3","Prove by induction.

Base case: when n = 0, 0 * 0! = 1 - 1 = 0",2,2,0,0,0,0,0,"Ben"
"125","Exam 4","learningStudy/WrittenInduction_Sum_v3","Base Case: $\sum_{p=0}^{0} (p * p!) = 0, 1! - 1 = 0$, so P(0) holds.

Inductive hypothesis: for some k, P(n) holds for n = 0, 1, .... k.

Inductive step: we need to show P(k+1) holds.

$\sum_{p=0}^{k+1} (p * p!) = \sum_{p=0}^{k} (p * p!) + (k + 1) * (k+1)! $, $(k+2)! - 1 = (k+2)(k+1)! - 1$. 

By Inductive Hypothesis we know $\sum_{p=0}^{k} (p * p!) = (k+1)! - 1$


",2,2,2,2,2,2,2,"Ben"
"126","Exam 4","learningStudy/WrittenInduction_Sum_v3","Proof by induction on n.

Let our inductive predicate be $ P(n) =  \sum_{p=0}^{n}(p * p!) = (n+1)! - 1$.

Let us look at the base case, n = 1. When n = 1, $ \sum_{p=0}^{1}(p * p!) = (0 * 0!) + (1 * 1!) = 0 +1 = 1 $ and $ (1+1)! - 1 = 2 - 1 = 1 $. Therefore, P(1) holds.

Let our inductive hypothesis be that $ P(n) =  \sum_{p=0}^{n}(p * p!) = (n+1)! - 1$ for all n in 0...k.

Inductive Step: Prove P(k + 1) : $ P(n) =  \sum_{p=0}^{k+1}(p * p!) = ((k+1)+1)! - 1$.

Starting on the left hand side of the equation,  we get $ \sum_{p=0}^{k+1}(p * p!) = ((k + 1) * (k+1)!) + \sum_{p=0}^{k}(p * p!). $

From our inductive hypothesis, we know that $ \sum_{p=0}^{k}(p * p!) = (k+1)! - 1 $. Therefore, we can substitute:  $ \sum_{p=0}^{k+1}(p * p!) = ((k + 1) * (k+1)!) + ((k+1)! - 1). $

Simplifying this equation we get $(k+2)(k+1)! - 1 = (k+2)! - 1$.

Looking back at our original equation, we know have $(k+2)! - 1 = ((k+1)+1)! - 1$ which simplifies to $(k+2)! - 1 = (k+2)! - 1$. QED. ",2,2,2,2,2,2,2,"Ben"
"127","Exam 4","learningStudy/WrittenInduction_Sum_v3","For the base case we have that n = 0, which gives us that $\sum_{0}^{n}$ (p * =p!) = (n + 1)! - 1 which is that 0 = 0, which is true.
Now, for the hypothesis we have to show that $\sum_{0}^{n}$ (p * =p!) = (n + 1)! - 1, when p = 0, 1, 2....n
Taking the case of n - 1, we get $\sum_{0}^{n - 1}$ (p * =p!) = (n)! - 1, which is what we needed to prove.",2,2,1,1,1,0,0,"Ben"
"128","Exam 4","learningStudy/WrittenInduction_Sum_v3","Genuinely no idea.",0,0,0,0,0,0,0,"Ben"
"129","Exam 4","learningStudy/WrittenInduction_Sum_v3","The base case $\sum_{n}^{p = 0} = (0 + 1)! -1  = 0$  
Next, suppose that $\sum_{n}^{p = 0} (p*p!) = (k + 1)! - 1$ for all natural numbers to k",2,2,1,2,0,0,0,"Ben"
"130","Exam 4","learningStudy/WrittenInduction_Sum_v3","Proof by induction on n

Base Case: For n = 0, $\sum_{p=0}^{0}$$(p*p!)=(n+1)!-1$

$0*0!$ = $(0+1)!-1$ so the base case holds true.

I know there needs to be an inductive hypothesis and an inductive step following but I do not know how these are created",2,2,0,0,0,0,0,"Ben"
"131","Exam 4","learningStudy/WrittenInduction_Sum_v3","Let us use induction here

If n = 2 then (2 * 2!)(1 * 1!)(0 * 0!) = 0

And for our claim if n = 2, then (2 + 1)! - 1 = 3! - 1 = 3 * 2 * 1 - 1 = 5

These two do not match and therefore these two are not equal",0,0,0,0,0,0,0,"Ben"
"132","Exam 4","learningStudy/WrittenInduction_Sum_v3","Proof: by induction

For our base case, let n = 0. Then the sum from p=0 to 0 of (0*0!) = 0. Also, (0 +1)! - 1 = 0. So then the sum from p = 0 to 0 of (p*p!) = (n+1)! - 1 for zero. 

Suppose that for some k, the sum from p=0 to n (p*p!) = (n+1)! - 1, for all n = 0,1,....k. Then we need to show that the sum from p=0 to k-1 of (p*p!) = ((k-1)+1)! - 1. 

At k-1, ((k-1)+1)! - 1 = k! - 1. Another way to write this would be k(k-1)! - 1. 
",2,2,2,2,1,0,0,"Ben"
"133","Exam 4","learningStudy/WrittenInduction_Sum_v3","let us start with induction on n.

Base case: let n = 0. $\sum_{p=0}^{n}$(0 * 0!) = 0 = (0 + 1)! - 1. Therefore the claim is true at n = 0.

Inductive hypothesis:Let  $\sum_{p=0}^{n}$(p * p!) = (p + 1)! - 1 for all n = 0, ..., k;

Inductive step: Let n = k + 1.  

$\sum_{p=0}^{n}$((k+1) * (k+1)!) = ((k+1) * (k+1)!) + (k+1)! - 1 = (k + 2)! - 1.

Therefore  $\sum_{p=0}^{n}$(p * p!) = (p + 1)! - 1 is true for n = 0, ..., k+1.",2,2,2,2,2,2,2,"Ben"
"134","Exam 4","learningStudy/WrittenInduction_Sum_v3","Base case: Suppose $n=0$. $\sum_{p=0}^{0}(p\times p!)=0\times0!=0\times 1=0$, and $(0+1)!-1=1!-1=1-1=0$. So the base case $n=0$ holds.

Inductive hypothesis: Suppose that for some $k\in\mathbb{N}$, $\sum_{p=0}^{n}(p\times p!)=(n+1)!-1$ for all $n=0,1,...,k-1,k$.

Inductive step: We want to show that $\sum_{p=0}^{k+1}(p\times p!)=(k+2)!-1$

Evaluating the left side, we get

$\sum_{p=0}^{k+1}(p\times p!)$

$=[(k+1)\times(k+1)!]+\sum_{p=0}^{k}(p\times p!)$

$=[(k+1)\times(k+1)!]+(k+1)!-1$ [from our induction hypothesis]

$=(k+1+1)(k+1)!-1$

$=(k+2)(k+1)!-1$

$=(k+2)!-1$, which is the right side of the equation. QED",2,2,2,2,2,2,2,"Ben"
"135","Exam 4","learningStudy/WrittenInduction_Sum_v3","base case: n = 0, $\sum_{0}^{0}$(0*0!) = 1! - 1 =0",2,2,0,0,0,0,0,"Ben"
"136","Exam 4","learningStudy/WrittenInduction_Sum_v3","I don't remember the process of using induction to prove this claim.",0,0,0,0,0,0,0,"Ben"
"137","Exam 4","learningStudy/WrittenInduction_Sum_v3","Base Case: (0 * 0!) = 0 * 1 = 0 and (0 + 1)! - 1 = 1 - 1 = 0

Induction 

$\sum_{k = 1}^{n}$ (k * k!) = $\sum_{k = 0}^{n}$ (k+1)(k +1)! - 1 = (n + 1)! - 1

QED",2,2,0,0,0,0,0,"Ben"
"138","Exam 4","learningStudy/WrittenInduction_Sum_v3","Proof by induction on n. For base case let n = 1, from that we get 1 = 1. For our inductive hypothesis we will assume $\sum_{p=0}^{n}(p * p!) = (n+1)! - 1$ for all real numbers n in range of (0,...,k-1). For the inductive step we will show that $\sum_{p=0}^{k}(p * p!) = (k+1)! - 1$. Simplifying we get",2,2,2,2,2,0,0,"Ben"
"139","Exam 4","learningStudy/WrittenInduction_Sum_v3","Prove by Induction
Base case: when p = 0, the $\sum_{p=o}^{0}$ p*p! = 0. (n+1)! - 1 = 0.

Inductive Hypothesis: $\sum_{p = 0}^{n}$ (p*p!) = (n+1)! - 1, for each n in 0....k.

inductive step: prove for some k, $\sum_{p = 0}^{n}$ (p*p!) = (n+1)! - 1, for each n in 0,....,k.",2,2,2,2,1,0,0,"Ben"
"140","Exam 4","learningStudy/WrittenInduction_Sum_v3"," For our base case, note that when n = 0",0,0,0,0,0,0,0,"Ben"
"141","Exam 4","learningStudy/WrittenInduction_Sum_v3","Proof: Suppose that for $n = 1$, $\sum_{p=0}^{1}(p \times p!) = 0 \times 0! + 1 \times 1! = 1$, while $(1 + 1)! - 1 = 2 - 1 = 1$, both are equivalent.

Using the mathematical induction, we need to suppose that if the original equation works for $n = 1, 2, 3, ... k - 1$, the equation also works in $n = k$. Thus, we know that $\sum_{p=0}^{k-1}(p \times p!) = k! - 1$ (Equation #1), and we need to prove that $\sum_{p=0}^{k}(p \times p!) = (k + 1)! - 1$ (Equation #2).

Minus Equation #2 to Equation #1 we get: $k \times k! = (k+1)! - k!$; add both sides in $k!$ we get $(k + 1) \times k! = (k + 1)!$ on the left side, which is equivalent to the right after calculation. We therefore prove that the induction works, so that the claim is proved. $Q. E. D.$",2,2,2,2,2,2,2,"Ben"
"142","Exam 4","learningStudy/WrittenInduction_Sum_v3","If n = 0, n! = 1, (n+1)! = 1-1",2,1,0,0,0,0,0,"Ben"
"143","Exam 4","learningStudy/WrittenInduction_Sum_v3","For our base case, when n=0,

 $\sum_{p=0}^{0}(p\times p!) = (1+1)! - 1 = 0$
 
 Then, according to our inductive hypothesis, for some $k$, $\sum_{p=0}^{n}(p\times p!)=(n+1)!-1$ when $n$ is $0,1,2...k$
 
 So when $n=k+1$, $\sum_{p=0}^{k+1}(p\times p!)=\sum_{p=0}^{k}(p\times p!) + (k+1)\times(k+1)!$
 
 Since we know $\sum_{p=0}^{k}(p*p!)=(k+1)!-1$,
 
 $\sum_{p=0}^{k+1}(p\times p!) = (k+1)!-1+(k+1)\times(k+1)!=(k+1)!\times(k+2)-1=(k+2)!-1$ as we needed.
 ",2,2,2,2,2,2,2,"Ben"
"144","Exam 4","learningStudy/WrittenInduction_Sum_v3","Base case: when n = 0, (n*n!) = 0, (n+1)! - 1 = 0, so true.  
Inductive Hypothesis: for some integer k, $\sum_{p=0}^{n}(p*p!)=(n+1)! - 1$ for n in 0,..., k-1.  
Inductive Step: Prove $\sum_{p=0}^{k}(p*p!)=(k+1)! - 1$  
$\sum_{p=0}^{k}(p*p!)=\sum_{p=0}^{k-1}(p*p!)+(k*k!)$  
By our hypothesis, we have $\sum_{p=0}^{k-1}(p*p!)+(k*k!)= k!-1+(k*k!)=k!-1+k![(k+1)-1]=k!(k+1)+k!-k!-1=$  
$(k+1)!-1$, which is what we need to prove. ",2,2,2,2,2,2,2,"Ben"
"145","Exam 4","learningStudy/WrittenInduction_Sum_v3","$idk$",0,0,0,0,0,0,0,"Ben"
"146","Exam 4","learningStudy/WrittenInduction_Sum_v3","Let n be a natural number.

Predicate: (p * p!) = 1

",0,0,0,0,0,0,0,"Ben"
"147","Exam 4","learningStudy/WrittenInduction_Sum_v3","I am not sure how to start",0,0,0,0,0,0,0,"Ben"
"148","Exam 4","learningStudy/WrittenInduction_Sum_v3","Base Case: summation from 0 to 0 of 0! equals 0, which equals 1! - 1. Thus the base case is true.

Inductive Step: Assume that P(k-1) is true for a natural number k-1. Then adding (k * k!) to both sides, the left hand side becomes the summation from p=0 to k, and the right hand side becomes k!-1 + k * k!, which because (k+1)!-1 so P(k) is true. Therefore, P(k-1) implies P(k) for any natural number k-1.

By induction, the statement is true for all natural numbers n.",2,2,2,2,2,2,2,"Ben"
"149","Exam 4","learningStudy/WrittenInduction_Sum_v3","i need more re-enforcement from the last lesson to be able to complete this proof.",0,0,0,0,0,0,0,"Ben"
"150","Exam 4","learningStudy/WrittenInduction_Sum_v3","We will prove our claim by induction.  
Base Case: When n = 1, $\sum_{p=0}^{n}(1*1!)=1$, and $(1+1)!-1=1$.  
Suppose that for some k, $\sum_{p=0}^{n}(p*p!)=(n+1)!-1$ for each n in 0..k  
We will prove that $\sum_{p=0}^{k+1}(p*p!)=(k+2)!-1$",2,2,2,2,2,0,0,"Ben"
"151","Exam 4","learningStudy/WrittenInduction_Sum_v3","**Claim: ** $\forall n \in \mathbb{N}$, $\sum_{p=0}^{n}(p\cdot p!) = (n+1)! - 1$.

**Base Case: ** When $n=0$, the sum is $0 \cdot 1$ which is equal to $0$. Moreover, $(0+1)!-1=0$. The two sides of the equation are equal.",2,2,0,0,0,0,0,"Ben"
"152","Exam 4","learningStudy/WrittenInduction_Sum_v3","Inductive predicate: $\sum_{p = 0}^{n}$(p * p!) = (n+1)! - 1 for all natural numbers n

Base case f(0), $\sum_{p = 0}^{n}$ (0 *0!) = 0+1)! - 1 = 0

Inductive hypothesis: There is a number n such that the aformentioned theorem holds true 

Let us assume that the inductive hypothesis is true

Since we assume our inductive hypothesis is true and our base cases work, we can then assume the aforementioned hypothesis is true. 

Thus, $\sum_{p = 0}^{n}$(p * p!) = (n+1)! - 1 for all natural numbers n which is what we were trying to show. ",2,2,2,1,0,0,0,"Ben"
"153","Exam 4","learningStudy/WrittenInduction_Sum_v3","For our base case, we have $ \sum_{p=0}^{1}$ (p*p!) = 1 and (1+1)!-1 = 1 that two results are same. Suppose our inductive hypothesis goes through that $ \sum_{p=0}^{n}$ (p*p!)=(n+1)!-1 for n in 0,1,2,......,k, we want to prove that $ \sum_{p=0}^{k+1}$ (p*p!) = (k+2)!-1. By definition of summation, we know that $ \sum_{p=0}^{k+1}$ (p*p!) = $ \sum_{p=0}^{k}$ (p*p!) + (k+1)(k+1)!. We can write it as (k+1)!-1+(k+1)(k+1)!. Rearranging we get (k+1)!(1+k+1)-1 = (k+2)(k+1)!-1=(k+2)!-1 which we reach the conclusion we want to get.",2,2,2,2,2,2,2,"Ben"
"154","Exam 4","learningStudy/WrittenInduction_Sum_v3","Given the above claim, we use proof by induction of $n$ - 

Inductive predicate: For all natural numbers $n, \displaystyle\sum_{p=0}^n (p \cdot p!) = (n+1)! - 1$ 

Base Case: Evaluating for n = 0. Left hand side - $ \displaystyle\sum_{p=0}^n (p \cdot p!) = 0$

Right hand side: $(n+1)! - 1 = 1! -1 = 0.$

Now, inductive hypothesis: For some natural numbers $k, \displaystyle\sum_{p=0}^n (p \cdot p!) = (n+1)! - 1$ for all $n$ from $0,1,2,....k.$

Now to prove the claim we need to show that: $\displaystyle\sum_{p=0}^{k+1} (p \cdot p!) = ((k+1)+1)! - 1 = (k+2)! - 1$

Strarting with the left-hand side:

$\displaystyle\sum_{p=0}^{k+1} (p \cdot p!) = \displaystyle\sum_{p=0}^{k} (p \cdot p!) + (k+1)\cdot (k+1)!$

From the inductive hypothesis, we know that: $\displaystyle\sum_{p=0}^k (p \cdot p!) = (k+1)! - 1$

Thus, $\displaystyle\sum_{p=0}^{k} (p \cdot p!) + (k+1)\cdot (k+1)! = (k+1)! - 1 + (k+1)\cdot (k+1)! = (k+1)!(1+k+1) - 1 $
$= (k+2)! - 1$ which is what we needed to show.

Thus, for any arbitrarily chosen $k,$ if $P(k)$ is true then $P(k+1)$ is also true. Thus, by induction, the given claim is true. ",2,2,2,2,2,2,2,"Ben"
"155","Exam 4","learningStudy/WrittenInduction_Sum_v3","Let n be all natural numbers

Suppose $\sum_{p=0}^{n}$ (p*p!) = (n+1)! - 1

Base Case: n=0, 0*0! = 0 and (0+1)! - 1 = 0 

This must also hold true for $\sum_{p=0}^{n+1}$ (p*p!) = (n+2)! - 1",2,2,1,0,0,0,0,"Ben"
"156","Exam 4","learningStudy/WrittenInduction_Sum_v3","Let n be all natural numbers.

Suppose that the sum from p = 0 to n of p * p! is equal to (n+1)! - 1.

Induction hypothesis: for all natural numbers from 0...k-1, prove that the sum from p = 0 to k+1 of p * p! = (k+2)! - 1.

After rearranging the equation, it is proven that the sum from p = 0 to n of p * p! is equal to (n+1)! - 1 since the hypothesis was proven.",0,0,2,1,2,0,0,"Ben"
"157","Exam 4","learningStudy/WrittenInduction_Sum_v3","##### Base Case:
$\sum_{p=0}^{k-1}(p*p!)=(k)!-1$; when k = 1:  
$\sum_{p=0}^{0}(0*0!)=0*1=0$, where$(0)!-1=1-1=0$",2,2,0,0,0,0,0,"Ben"
"158","Exam 4","learningStudy/WrittenInduction_Sum_v3","base case: for n = 0, $\sum_{p=0}^{0}$ (p * p! ) = 0, ( 0 + 1)! -1 = 0, 
induction hypothesis: for natural numbers n, $\sum_{p=0}^{n}$ (p * p!) = (n+1)! -1. for all natural number k, 0.....k.
induction step: for $\sum_{p=0}^{k+1}$ (k * k!) = (k +1)! - 1
both side divide k!, k = k+1 - 1
k = k
thus, $\sum_{p=0}^{k+1}$ (k *k!) = (k+1)! - 1. that is what we need to shown. 
",2,2,2,2,2,0,0,"Ben"
"159","Exam 4","learningStudy/WrittenInduction_Sum_v3","I do not remember much from last week other than the form of the proofs. 

Base Case: $\sum_{p=0}^{n}$ (p*p!) = 0 = (0+1)! - 1

Inductive Hypothesis: For 0...k, n=k+1 the summation is equal to the expression on the right

Inductive Proof: I am not sure what would prove this, but this is what we needed to show.

",2,2,2,1,0,0,0,"Ben"
"160","Exam 4","learningStudy/WrittenInduction_Sum_v3","Base Case : $\sum_{p=0}^{1}(p*p!) = n(n+1)! - 1$ :

1 = 1

Inductive Hypothesis:


for some natural number n, the stated claim is true for all n such that n = 0.. n = k where k is a natural number

$\sum_{p=0}^{k+1}(p*p!) = (k+1)(k+2)! - 1$ :

We can expand the left side out to eventually be equal to a summation of ((0*0!) + (1*1!)...(k+1)(k+1)!)/(k+2)

simplify to (k+1)(k+2)! -1 = (k+1)(k+2)! - 1 which is what we needed to prove.",2,2,2,2,2,0,0,"Ben"
"161","Exam 4","learningStudy/WrittenInduction_Sum_v3","Base case: When p = 0, $\sum_{p=0}^{n}$(0*0!) = (0+1)!-1 = 0 

Inductive hypothesis: Suppose  $\sum_{p=0}^{n}$(p*p!) = (n+1)!-1 for some natural number k from 0..1..k 

Inductive step:  $\sum_{p=0}^{k}$(p*p!) = (k+1)!-1    

$\sum_{p=0}^{k}$(p*p!) = $\sum_{p=0}^{k}$((p+1)!) 

(k+1)!-1=(k+1)l-1

since  $\sum_{p=0}^{k}$(p*p!) = (k+1)!-1, $\sum_{p=0}^{n}$(p*p!) = (n+1)!-1
",2,2,2,1,1,0,0,"Ben"
"162","Exam 4","learningStudy/WrittenInduction_Sum_v3","Prove: $\sum_{p=0}^{n}$$(p*p!) = (n + 1)! -1$ for all natural numbers $n$

Base case: for n = 1, (0 * 0!) = (0 + 1)! - 1 = 0, so $P(0)$ holds.

Inductive hypothesis: Suupose that $\sum_{p=0}^{n}$$(p*p!)= (n + 1)! -1$  for some n in $0,1,2...k.$

$\sum_{p=0}^{k + 1}$$(p*p!)= ((k + 1) + 1)! -1$

$(k + 2)! - 1 = $ 

",2,2,2,1,1,0,0,"Ben"
"163","Exam 4","learningStudy/WrittenInduction_Sum_v3","Proof by induction on n. Hypothesis:  $\sum_{n}^{p=0}$ (p x p!) = (n + 1)! - 1. For p = 0, (0 + 1)! - 1 = 0. Inductive step: Prove that  $\sum_{n+1}^{p=0}$ (p x p!) = (n+2)! - 1.

Therefore, by proof by induction, $\sum_{n+1}^{p=0}$ (p x p!) = (n+2)! - 1 for all natural numbers n.",2,1,2,0,2,0,0,"Ben"
"164","Exam 4","learningStudy/WrittenInduction_Sum_v3","Base Case: when n = 0, $\sum_{p=0}^{n}$ (p $\cdot$ p!) = 0 and (0 + 1)! - 1 = 0.

Induction Hypothesis: $\sum_{p=0}^{n}$ (p $\cdot$ p!) = (n + 1)! - 1 for n in 0...k (where k $\geq$ 0).

To prove the induction hypothesis $\sum_{p=0}^{k + 1}$ (p $\cdot$ p!) = (k + 2)! - 1.

...

which is what we needed to show",2,2,2,2,2,0,0,"Ben"
"165","Exam 4","learningStudy/WrittenInduction_Sum_v3","Base case: when n = 0, $\sum_{p=0}^{0}(0*0!)$ = 0, and (0+1)!-1 = 0, 0 = 0, so the claim is true for n = 0.

Inductive Hypothesis: assume  $\sum_{p=0}^{n}(p*p!) = (n+1)! -1$ is true for n = 0, 1, 2 ... k-1.

 Now to finish we need to show that $\sum_{p=0}^{k}(p*p!) = (k+1)! -1$. 
 
 From our Inductive Hypothesis we can have $\sum_{p=0}^{k-1}(p*p!) = (k)! -1$; by definition of the summation notation, we also have $\sum_{p=0}^{k}(p*p!)$ = $\sum_{p=0}^{k-1}(p*p!) + k*k!$.
 
 Combing these two equations, we get $\sum_{p=0}^{k}(p*p!) = k!-1 + k*k = k!*(1+k) -1 = (k+1)! -1$, which is what we needed to show.


",2,2,2,2,2,2,2,"Ben"
"166","Exam 4","learningStudy/WrittenInduction_Sum_v3","Let n = 2. $\sum_{p=0}^{n=2}$(p x p!) = ",0,0,0,0,0,0,0,"Ben"
"167","Exam 4","learningStudy/WrittenInduction_Sum_v3","for the base case of 0 and 1. $\sum_{p=0}^{0} = 0 = 1 - 1  =0$ for n = 1 $\sum_{p=0}^{1} = 1 = 2 -1 = 1$. Now for some number k assume this statement to be true for all values of n from 0 to k. Now, prove this statement to be true for some k + 1. which can be done by replacing parts of it with equation from n = k and then equation the rest giving us the proof we needed through induction",2,2,2,2,2,0,0,"Ben"
"168","Exam 4","learningStudy/WrittenInduction_Sum_v3","For p = 0, (0 * 0!) = 0.
N = 0 means, (0 + 1)! -1 = 0.

For p = 2, (1 *1!) = 1
For n = 2, (1 + 1)! - 1 = 1.

This proves that the two expressions are equal to each other. ",2,2,0,0,0,0,0,"Ben"
"169","Exam 4","learningStudy/WrittenInduction_Sum_v3","The base case is n=0, 0=0, which satisfy the function.
Suppose as our Inductive Hypothesis that the function is true for n in 0...k(where k >=0).
We need to prove that the function holds for n=k+1.
the left side is 0*1+1*1+2*2+3*6+...+(k+1)*(k+1)!. The left side + 1 = (k+2)!. The right side + 1 = (k+2)!, which equal the left side + 1, and holds the function for n = k + 1. And this is what we needed to know
",2,2,2,2,2,0,0,"Ben"
"170","Exam 4","learningStudy/WrittenInduction_Sum_v3","$\sum_{p!}^{p}$
",0,0,0,0,0,0,0,"Ben"
"171","Exam 4","learningStudy/WrittenInduction_Sum_v3","the base case: 
when n = 0: 0 $\times$1 = 1-1=0

suppose a nutual number k that k = 1,2,3,4,...,n;

$\sum_{p=0}^{k}$((p+1) $\times$(p+1)!) = (p+1)^2 $\times$(p)!

(n+1)!-1=

",2,2,0,2,0,0,0,"Ben"
"172","Exam 4","learningStudy/WrittenInduction_Sum_v3","Base case: let n = 0, then  $\sum_{p=0}^{0}$(p*p!) = 0 and (n+1)! - 1 = 0, gives the P(0) holds.
Inductive hypothesis:
Inductive step:",2,2,0,0,0,0,0,"Ben"
"173","Exam 4","learningStudy/WrittenInduction_Sum_v3","For our base case, note that when n = 0, $\sum_{p=0}^{0} (p *p!) = 0$ = $(0+1)!-1 = 0$.

Next, suppose as our inductive hypothesis for some k, $\sum_{p=0}^{n} (p *p!)$ = $(n+1)!-1$ for each n in 0...k-1

We need to show $\sum_{p=0}^{k} (p *p!)$ = $(k+1)!-1$.

Note that $\sum_{p=0}^{k} (k *k!)$ = $(k+1)!-1$, thus $\sum_{p=0}^{k} (p *p!)$ = $(k+1)!-1$ by induction, which is what we needed to show.",2,2,2,2,2,0,0,"Ben"
"174","Exam 4","learningStudy/WrittenInduction_Sum_v3","For our base case we have $n = 1$ so $\sum_{p=0}^{1}(p \times p!) = 1$ and $(1 + 1)! - 1 = 1$

As our inductive hypothesis, suppose that $\sum_{p=0}^{n}(p \times p!) = (n +1)! - 1$ for all $n$ from $1..k$

We need to prove that $\sum_{p=0}^{k + 1}(p \times p!) = (k + 2)! - 1$

$\sum_{p=0}^{k}(p\times p!) + (k+1)(k+1)! = (k+2)! -1$

From our hypothesis we can substitue:

$(k + 1)! - 1 + (k+1)(k+1)! = (k+2)! -1$

$(k + 1)! + (k+1)(k+1)! = (k+2)!$

$(k + 1)! (1 + (k + 1)) = (k+2)!$

$(k + 1)! (k + 2) = (k+2)!$

$(k + 2)! = (k+2)!$

Therefore $\sum_{p=0}^{k + 1}(p \times p!) = (k + 2)! - 1$",2,2,2,2,2,2,2,"Ben"
"175","Exam 4","learningStudy/WrittenInduction_Sum_v3","Claim: $\sum_{p=0}^{n} (p*p!) = (n+1)!-1$ for all natural numbers $n$

Base case: $\sum_{p=0}^{0} (p*p!) = (0+1)!-1$, so $(0*0!) = 1$ and $(1+1)!-1 = 1$, and $1=1$

Show that, for some natural number $m$ in range $0...k$, $\sum_{m=0}^{k} (m*m!) = (k+1)!-1$

By the definition of summation, $\sum_{m=0}^{k} (m*m!)$ means $(0*0!) + ... + (k*k!)$, which is equal to $(k+1)!-1$",2,2,1,1,1,0,0,"Ben"
"176","Exam 4","learningStudy/WrittenInduction_Sum_v3","Let the base case be $n=0$. $\sum_{p=0}^{0}(pp!) = 0*0!=0=(0+1)!-1$.
<br>
Assume the case holds for an arbitrary natural number k. Thus, <br>
$\sum_{p=0}^{k+1}(pp!)=\sum_{p=0}^{k}(pp!)+(k+1)(k+1)!=(k+1)!-1+(k+1)(k+1)!=$ <br>
$(k+2)(k+1)!-1=(k+2)!-1$, so it holds for the inductive step as well. Thus, the claim is proven",2,2,2,2,2,2,2,"Ben"
"177","Exam 4","learningStudy/WrittenInduction_Sum_v3","Let induction n. 
Predicate:$\sum_{p=0}^{n}$=(n+1)!-1. 
Base case:when n=0,$\sum_{0}^{0}$(0*0!)=0=1!-1. 
Hypo:for $\sum_{p=0}^{n}$(p*p!)=(n+1)!-1for n=0...k. 
Step:we need to prove that $\sum_{p=0}^{k+1}$(p*p!)=(k+2)!-1",2,2,2,2,2,0,0,"Ben"
"178","Exam 4","learningStudy/WrittenInduction_Sum_v3","Proof by induction on n:

Claim: $\sum_{p=0}^{n}(p*p!)=(n+1)!-1$ for all natural numbers n

Base Case: $\sum_{p=0}^{0}(p*p!)=(0+1)!-1$, $(0*0!)=0=1-1$, thus the claim holds for n = 0.

Inductive Hypothesis:$\sum_{p=0}^{k}(p*p!)=(k+1)!-1$ holds for each n in 0, 1, ... k 

Inductive step: Prove that $\sum_{p=0}^{k+1}(p*p!)=(k+1+1)!-1$

Expanding the left side of the equation, we get (0*0!) + (1*1!) + ... ((k+1)*(k+1)!)

Expanding the right side of the equation, we get (k+2)*(k+1)*(k)*...*(0!) - 1.

Since we know from the hypothesis that (k+1)!-1 = (0*0!)+...+(k*k!), we can substitute this into the left side of the equation to get, (k+1)! - 1 + ((k+1)(k+1)!) = (k+2)(k+1)!-1.

Taking out the -1 on each side leaves us with (k+1)! + ((k+1)(k+1)!) = (k+2)(k+1)!

The left hand side can be factored out to equal (k+1)!(k+1+1) which equals (k+2)(k+1)!, therefore for n = k+1, the hypothesis holds. QED",2,2,2,1,2,2,2,"Ben"
"179","Exam 4","learningStudy/WrittenInduction_Sum_v3","Proof by induction on n

P(n) = $\sum_{p=0}^{n}p * p! = (n + 1)! - 1$

Base case: For n = 0. p * p! = 0 * 0! = 0, and (0 + 1)! - 1 = 1 - 1 = 0.

Suppose that $\sum_{p=0}^{k}p * p! = (k + 1)! - 1$ is true for all natural numbers 0...k.

We want to prove that $\sum_{p=0}^{n}p * p! = (n + 1)! - 1$ is true for n = k + 1.

$\sum_{p=0}^{k + 1}p * p! = (k + 2)! - 1$

$(k + 2)! - 1 = (k + 2)(k + 1)! - 1$

$\sum_{p=1}^{k}p * p! = (k + 1)!$

",2,2,2,1,2,0,0,"Ben"
"180","Exam 4","learningStudy/WrittenInduction_Sum_v3","For our base case, note that when n = 0, $\sum_{p=0}^{n}$(p*p1) = (1)! - 1 = 0.
Next, suppose as our Inductive Hypothesis that $\sum_{p=0}^{n}$(p*p1) = (n+1)! - 1 for n for each natural number n. Now to finish we need to show that $\sum_{p=0}^{n}$(p*p1) = (k+1)! - 1. Now do math to proof this but I do not know the math.",2,2,2,1,1,0,0,"Ben"
"181","Exam 4","learningStudy/WrittenInduction_Sum_v3","Base case: when n = 0, $\sum_{p=0}^{0}$(p*p!) = 0 and (n + 1)! - 1 = 0.  
Inductive hypothesis: for some k, $\sum_{p=0}^{n}$(p*p!) = (n+1)!-1 for each n in 0, 1, 2,...,k-1.  
$\sum_{p=0}^{k}$(p*p!) = 0*0! + 1*1! + 2*2! + ... + (k-1)(k-1)! + k * k!.  
According to the hypothesis, $\sum_{p=0}^{k - 1}$(p*p!) = k! - 1.  
Therefore, $\sum_{p=0}^{k}$(p*p!) = (k! - 1) + k*k! = (k+1)! - 1, which is what we need to prove.
",2,2,2,2,2,2,2,"Ben"
"182","Exam 4","learningStudy/WrittenInduction_Sum_v3","For our base case, note that (0x0!) = 0 and (1)! -1 = 0.

Our inductive hypothesis is for some k, $\sum_{p=0}^{n}$ p*p! for each n in 0...k.

Now we finish by showing  $\sum_{p=0}^{k}$ p*p! = (k+1)! -1.

(I do not know how to do the rest).",2,2,1,2,2,0,0,"Ben"
"183","Exam 4","learningStudy/WrittenInduction_Sum_v3","base case 0*0! = 1!-1

inductive hypoyhesis for some k n p=0 (p*p!) = (n+1)!-1 from 0,1 .....k

inductive step k+1 p = 0 P*P! =(k+2)!-1 for0,1....k,k+1

k+1 p (p*p!) = k p=0 (p*p!) + (k+1)*(K+1)! .....

prove ",2,2,2,2,1,2,0,"Ben"
"184","Exam 4","learningStudy/WrittenInduction_Sum_v3","Proof by induction on $n$.

For our base case where n = 0, $(0 * 0!) = 0$ and $(1)! - 1 = 0$, so the base case holds.

Let our inductive hypothesis be that for some k, $\sum_{p=0}^{n} (p*p!) = (n + 1)! - 1$ for n in 0... k, where $k \geq 0$.

For the inductive step, we need to show that $\sum_{p=0}^{k+1} (p*p!) = (k + 2)! - 1$. Starting with the left side of the equation, $\sum_{p=0}^{k+1} (p*p!) = (k+1)(k+1)! + \sum_{p=0}^{k} (p*p!) = (k+2)! - 1$. Substituting in our inductive hypothesis, we get $(k+1)(k+1)! + (k + 1)! - 1 = (k+2)! - 1$. This is then simplified to $(k+2)! - 1 = (k+2)! - 1$, so we have proven what we needed to show.",2,2,2,2,2,2,2,"Ben"
"185","Exam 4","learningStudy/WrittenInduction_Sum_v3","proof by induction on n   
For the base case n = 0, $\sum_{p = 0}^{n = 0}(0 * 0!) = 0$ and $(0 + 1)! - 1 = 0$ so 0 = 0.  
Our inductive hypothesis states that $\sum_{p = 0}^{n}(p * p!) = (n+1)! - 1$ for all natural numbers 0...k   
We must prove that $\sum_{p = 0}^{n = k + 1}((k + 1) * (k+ 1)!) = (k + 2)! - 1$  
We can simplify this to be $\sum_{p = 0}^{n = k + 1}k! * (k)(k!) = (k + 2)(k+1)! - 1$  
By our inductive hypothesis we know that $\sum_{p = 0}^{n = k}(k * k!) = (k+1)! - 1$
",2,2,2,2,2,1,1,"Ben"
"186","Exam 4","learningStudy/WrittenInduction_Sum_v3","For our base case, when $n = 0$, $\sum_{p=0}^{0} (0 * 0!) = 0 * 1 = 0$ and $(0 + 1)! - 1 = 1 - 1 = 0. $ So $ 0 = 0$.

Lets assume for our inductive hypothesis that for some k, $\sum_{p=0}^{n} (n * n!) = (n + 1)! - 1$ for each n in $0...k - 1$.

Now we will show that $\sum_{p=0}^{k} (k * k!) = (k + 1)! - 1$

",2,2,2,2,2,0,0,"Ben"
"187","Exam 4","learningStudy/WrittenInduction_Sum_v3","Suppose $\sum_{p=0}^{n}$ (p * p!) = (n+1)! - 1 for all natural numbers n. (0 * 0!) = (0 + 1)! - 1 = 0.",2,2,2,1,0,0,0,"Ben"
"188","Exam 4","learningStudy/WrittenInduction_Sum_v3","base case: when  n=0, $\sum_{p=0}^{0}(0\cdot0!)=0$ and $(0+1)!-1=0$.

hypothesis: for some k, $\sum_{p=0}^{n}(p\cdot p!)=(n+1)!-1$ for n in 1,2,...,k.

Then we need to prove that $\sum_{p=0}^{k+1}(p\cdot p!)=(k+2)!-1$

By some algebraic manipulation, 

The left hand side of the equation is equal to $\sum_{p=0}^{k+1}((p+1)!-p!)=(k+2)!-(k+1)!+(k+1)!-k!+...+2!-1!+1!-0!=(k+2)!-0!=(k+2)!-1$, which is exactly what we want to prove. ",2,2,2,2,2,0,0,"Ben"
"189","Exam 4","learningStudy/WrittenInduction_Sum_v3","proof by induction on n

Given $\sum_{p=0}^{n}$(p*p!) = (n+1)!-1 for all natural numbers n and I will prove this by strong induction.

The base case is p=0, (0*0!) = 0 = (0+1)! -1 = 0 for all natural numbers n

The inductive hypothesis is  $\sum_{p=0}^{n}$(p*p!) = (n+1)!-1

The inductive step is to substitute in k for all values n.

$\sum_{p=0}^{k}$(p*p!) = (k+1)!-1

rearranging, $\sum_{p=0}^{k}$ p(p!) = k!(k+1) -1

and p!p = k!k

Thus by induction we know the claim is valid QED",2,2,2,0,2,0,0,"Ben"
"190","Exam 4","learningStudy/WrittenInduction_Sum_v3","$\sum_{p=0}^{n}$ ($p*p!$) = $(n+1)!$ - $1$ for all natural numbers $n$

$0=0*0!* = 0$",2,2,0,0,0,0,0,"Seth"
"191","Exam 4","learningStudy/WrittenInduction_Sum_v3","base case: when n = 0 : $\sum_{p = 0} ^ {0}$ (p * p!) = 0 * 1 = 0/
            the second part of the claim is equivalent. (n+1)! -1 when n = 0, = (1)! -1 = 1-1 = 0
            
Inductive hypothesis: $\sum_{p = 0} ^ {n}$ (p * p!) = (n+1)! -1  for all n values from 0...k
We must prove that $\sum_{p = 0} ^ {n}$ (p * p!) = (n+1)! -1  for n = k + 1 so
    $\sum_{p = 0} ^ {k+1}$ (p * p!) = ((k+2)! -1 
    $\sum_{p = 0} ^ {k}$ * ((k+1) * (k+1)!) = ((k+2)! -1 
      *insert math of how these are equivalent*",2,2,2,2,2,0,0,"Seth"
"192","Exam 4","learningStudy/WrittenInduction_Sum_v3","Claim: $\displaystyle\sum_{p=0}^n (p \cdot p!) = (n+1)! - 1$, for all natural numbers n.

Proof: 
We will prove this claim by induction.

Base Case: When p= 0, $\sum_{0}^{1} (p \cdot p!)$ = 0 + 1 = 1 and $(n+1)! - 1$ = 2 - 1 = 1, which shows that for p=1, $\displaystyle\sum_{p=0}^n (p \cdot p!) = (n+1)! - 1$.

We will suppose that $\displaystyle\sum_{p=0}^n (p \cdot p!) = (n+1)! - 1$, for all natural numbers from 0...n.

Our inductive hypothesis is that for p = n + 1, $\displaystyle\sum_{p=0}^{n+1} (p \cdot p!) = (n+2)! - 1$.

We can rewrite this as (n+1)(n+1)! +  $\displaystyle\sum_{p=0}^n (p \cdot p!)$ = (n+2)! - 1. 

We can substitute based off our previous assumption to (n+1)(n+1)! + (n+1)! - 1 = (n+2)! - 1.
We can simplify this expression to be (n+1)!(n+1 + 1) = (n+2)!, which is the same as (n+2)!=(n+2)!, which is what we wanted to prove. By mathematical induction, we can conclude that $\displaystyle\sum_{p=0}^n (p \cdot p!) = (n+1)! - 1$, which is what we wanted to prove. ",2,1,2,1,1,2,2,"Seth"
"193","Exam 4","learningStudy/WrittenInduction_Sum_v3","For our base case, note that when n = 0, $\sum_{p=0}^{n}$ (p * p!) = 0 and (n + 1)! - 1 = 0.

Next, suppose as our inductive hypothesis that $\sum_{p=0}^{n}$ (p * p!) = (n + 1)! - 1 for each n in 0...k-1.

Now to finish we need to show that $\sum_{p=0}^{k}$ (p * p!) = (k + 1)! - 1.",2,2,2,2,2,0,0,"Seth"
"194","Exam 4","learningStudy/WrittenInduction_Sum_v3","Proof by induction n. Suppose p = 3 for the sum of P*P! which equals 18. if n=3, (4! - 1) = 23",0,0,0,0,0,0,0,"Seth"
"195","Exam 4","learningStudy/WrittenInduction_Sum_v3","It is hard. qaq.",0,0,0,0,0,0,0,"Seth"
"196","Exam 4","learningStudy/WrittenInduction_Sum_v3","Base case $\sum_{n}^{p=0}$ (p * p!) = (n + 1)! - 1 for all naturla numbers of n

Hypothesis: unknown",2,1,0,0,0,0,0,"Seth"
"197","Exam 4","learningStudy/WrittenInduction_Sum_v3","yes",0,0,0,0,0,0,0,"Seth"
"198","Exam 4","learningStudy/WrittenInduction_Sum_v3","suppose $\sum_{p=0}^{k}$ (p * p!) = (k + 1)! - 1

proof

$\sum_{p=0}^{k+1}$(p * p!) = (k+2)! - 1

(k+1)(k+1)! = (k+1)!(k+2) - 1

by cancelation

(k+1) =(k+2) - 1

k+1 = k+1

which is true",0,0,0,0,0,0,0,"Seth"
"199","Exam 4","learningStudy/WrittenInduction_Sum_v3","$\sum_{p=0}^{n}$(p$*$p!)
Suppose that $\sum_{p=0}^{n}$(p$*$p!) = (n+1)!-1 for all natural numbers n. ",0,0,0,0,0,0,0,"Seth"
"200","Exam 4","learningStudy/WrittenInduction_Sum_v3","Inductive proof on n, 

Best Case: n= 1 in wich case 1 = 1

Inductive hypothesis $\sum_{p=0}^{n}(p*p!) = (n+1)! -1$",2,2,2,0,0,0,0,"Seth"
"201","Exam 4","learningStudy/WrittenInduction_Sum_v3","Let P(n) $\sum_{p = 0}^{n}$ (p*p!) = (n+1)!-1 for all nature numbers n. Our base case (0*0!) = (0+1)!-1 = 0, so P(0) holds. Our inductive hypothesis states that P(n) = (n+1)!-1 is true when 0, 1, 2, ..., k-1. Our inductive step includes $\sum_{p = 0}^{k}$ (p*p!) = (k+1)!-1. Converting back to n variable, $\sum_{p = 0}^{n}$ (p*p!) = (n+1)!-1 is true.",2,2,2,1,2,0,0,"Seth"
"202","Exam 4","learningStudy/WrittenInduction_Sum_v3","P(n) = $\sum_{p=0}^{n}$(p*p!)=(n+1)!-1
 
For our base case P(1) = $\sum_{p=0}^{1}$(p*p!) = 2!-1 = 1, so P(1) holds
 
Let's suppose that  $\sum_{p=0}^{n}$(p*p!)=(n+1)!-1 is true for n in 1, 2, 3, ... k
 
Then we would have to prove P(k+1) = $\sum_{p=0}^{k+1}$(p*p!)=(k+2)!-1

Left clause: $\sum_{p=0}^{k+1}$(p*p!)= $\sum_{p=0}^{k}$(p*p!) + (k+1) * (k+1)!

By the inductive hypothesis $\sum_{p=0}^{k}$(p*p!) = (k+1)! - 1 so we would have $\sum_{p=0}^{k}$(p*p!) + (k+1) + (k+1)! = (k+1)! - 1 + (k+1)^2 * k! = k! * (k+1) + (k+1)^2 - 1 

Right clause: (k+2)! - 1 = k!*(k+1)*(k+2) - 1 = k! * (k+1)^2 + k! * (k+1) - 1 

Since left and right clause are equal we can prove P(k+1), Q.E.D",2,2,2,2,2,2,2,"Seth"
"203","Exam 4","learningStudy/WrittenInduction_Sum_v3","proof by induction on n <br>

Base Case: p = 0 <br>
$\sum_{p=0}^{n}$ (0 * 0!) = 1
(1 + 1)! - 1 = 2 - 1 = 1 <br>

Inductive Hypothesis: Suppose that $\sum_{p=0}^{n}$ (p * p!) = (n + 1)! - 1 for all natural numbers n in 1, 2, 3, ....k <br>
Inductive Step: ",2,1,2,2,0,0,0,"Seth"
"204","Exam 4","learningStudy/WrittenInduction_Sum_v3","For our base case, note that when $n = 0$, $\sum_{p = 0}^{n} (p \cdot p!) = 0$, and $(n + 1)! - 1 = 0$, so the predicate holds for the base case. 

Next, suppose as our Inductive Hypothesis that $\sum_{p = 0}^{n} (p \cdot p!) = (n + 1)! - 1$ for $n$ in $0 ... k$.

Now to finish we need to show that $\sum_{p = 0}^{k + 1} (p \cdot p!) = (k + 2)! - 1$.

From the Inductive Hypothesis we can see that $\sum_{p = 0}^{k + 1} (p \cdot p!) = (k + 1)! - 1 + (k + 1) \cdot (k + 1)! $. This is the same as $(k + 2)\cdot (k + 1)! - 1$, or $(k + 2)! - 1$. 

This concludes our inductive step. We have shown that $\sum_{p = 0}^{k + 1} (p \cdot p!) = (k + 2)! - 1$, and we have used induction to prove the claim. (Thank you, and enjoy the rest of your day. Apologies for the informality). ",2,2,2,2,2,2,2,"Seth"
"205","Exam 4","learningStudy/WrittenInduction_Sum_v3","For our base case, when $n = 0, \sum_{p=0}^{n}(p * p!) = 0$ and $(0 + 1)! - 1 = 0$.

Next, suppose as our Inductive Hypothesis that for some $k$, $\sum_{p=0}^{n}(p * p!) = (n + 1)! - 1$ for each $n$ in $0...k-1$.

Now to finish we need to show that $\sum_{p=0}^{k}(p * p!) = (k + 1)! - 1$.

We know that $\sum_{p=0}^{k}(p * p!) = \sum_{p=0}^{k - 1}(p * p!) + (k * k!)$ based on summation notation.

$\sum_{p=0}^{k - 1}(p * p!) + (k * k!) = ((k - 1) + 1)! - 1 + (k * k!)$

$= k! - 1 + (k * k!) = k!(k + 1) - 1 = (k + 1)! - 1$. $QED$",2,2,2,2,2,2,2,"Seth"
"206","Exam 4","learningStudy/WrittenInduction_Sum_v3","For k = -1, $\sum_{p=0}^{n}(p*p!) = (-1+1)!-1=-1$",0,0,0,0,0,0,0,"Seth"
"207","Exam 4","learningStudy/WrittenInduction_Sum_v3","when n = 0, (p * p!) = 0 and (n + 1)! - 1 is 0 so this is true.

assume that when n = k, $\sum_{p=0}^{k}$(p*p!) = (k+1)! - 1 is true for an integer k.

when n = k + 1, (k + 2)! - 1 = (k + 2)(k + 1)! - 1",2,2,2,2,1,0,0,"Seth"
"208","Exam 4","learningStudy/WrittenInduction_Sum_v3","Let n be a natural number.

Induction predicate: $\sum_{p = 0}^{n}$ (p dot p!). 

Induction Hypothesis: $\sum_{p = 0}^{n}$ (p dot p!) = (n + 1)! - 1.

Therefore, $\sum_{p = 0}^{n}$ (p dot p!) = (n + 1)! - 1, which is what we needed to show. ",0,0,2,0,0,0,0,"Seth"
"209","Exam 4","learningStudy/WrittenInduction_Sum_v3","$\sum_{n}^{p=0} (p*p!)$ = $(n+1)! - 1$

Proof by induction on n

Base cases
 
When n = 0 $\sum_{n}^{p=0} (p*p!)$ = 0  and $(n+1)! - 1$ = 0

Inductive hypothesis

Inductive step",2,2,0,0,0,0,0,"Seth"
"210","Exam 4","learningStudy/WrittenInduction_Sum_v3","Let n be any natural number.

For our base case, note that when n = 1 $\sum_{0}^{1}$ (1 X 1!) = (1 + 1)! - 1 = 1. So the base case holds true.

Then, we must prove that $\sum_{p = 0}^{n}$ holds true for all n = 0 ... k. Suppose $\sum_{p = 0}^{k + 1}$ = (p X p!) = (k + 2)! - 1. Then (k + 2) (k + 1) (k)! -1. Factor p out of the expression to get p (p - 1)!. (k!) - 1 = (p - 1)! therefore the inductive step holds true.

Since the base case and inductive step are true, then the hypothesis holds for any natural number n which is what we needed to show.",2,2,1,2,0,0,0,"Seth"
"211","Exam 4","learningStudy/WrittenInduction_Sum_v3","Suppose $\sum_{p=0}^{n}$ (p p!) = (n + 1)! - 1

Plugging in n=1, we get 1 = 2! -1 which equals one

Plugging in n=2, we get (1 + 4) = 3! - 1 which equals five

We can see that the original statement holds true, which is what we needed to show.",2,2,0,0,0,0,0,"Seth"
"212","Exam 4","learningStudy/WrittenInduction_Sum_v3","Didn't have enough time",0,0,0,0,0,0,0,"Seth"
"213","Exam 4","learningStudy/WrittenInduction_Sum_v3","Proof: Show that $\sum_{p=0}^{n}$ (p*p!) = (n+1)! - 1, for all natural numbers n.

Base: For the base case, let n = 0. At n = 0, $\sum_{p=0}^{n}$ (p*p!) = 0*0!= 0 * 1 = 0. Also, (n+1)! - 1 = (0+1)! - 1 = 1 - 1 = 0. Hence for n= 0, $\sum_{p=0}^{n}$ (p*p!) = (n+1)! - 1.

Induction: Suppose as our inductive hypothesis, $\sum_{p=0}^{n}$ (p*p!) = (n+1)! - 1, for all n in 0, 1....,k. Therefore, $\sum_{p=0}^{k}$ (p*p!) = (k+1)! - 1.   We want to show that $\sum_{p=0}^{k+1}$ (p*p!) = (k+2)! - 1.  
For when, n = k +1, $\sum_{p=0}^{k+1}$ (p*p!) = (k+1)*(k+1)! + $\sum_{p=0}^{k}$ (p*p!) = (k+1)*(k+1)! + (k+1)! - 1 = (k+1)!*(k+1+1) - 1 = (k+1)!*(k+2) - 1 = (k+2)! - 1. 


Hence, $\sum_{p=0}^{k+1}$ (p*p!) = (k+2)! - 1.  


",2,2,2,2,2,2,2,"Seth"
"214","Exam 4","learningStudy/WrittenInduction_Sum_v3","Base case: n = 0, $\sum_{p = 0}^{0} (p * p!)$ = 0 and $(0+1)! - 1$ = 0

Inductive Hypthesis: for some k, $\sum_{p = 0}^{n} (p * p!)$ = $(n + 1)! - 1$ for each n in 0...k-1.

Goal: show $\sum_{p = 0}^{k+1} (p * p!)$ = $(k+2)! - 1$",2,2,2,2,2,0,0,"Seth"
"215","Exam 4","learningStudy/WrittenInduction_Sum_v3","proof by induction on n

we assume that $\sum_{p=0}^{n}$(p . p!) = (n+1) - 1 is true for all natural numbers n

looking at our base case of n=0, (0 . 0!) = (0+1) - 1

now 0 = 0, so our base case holds

We know need to show that $\sum_{p=0}^{n}$(p . p!) for all n = 0,1,2,...k+1

$\sum_{p=0}^{k+1}$(p . p!) = (k+2) - 1

",2,2,1,1,0,0,0,"Seth"
"216","Exam 4","learningStudy/WrittenInduction_Sum_v3","For $n = 0$,  $\sum_{p=0}^{0}(p \times p!)=0$ and $0+1)!-1=0$, so the claim is true for $n=0$.

Suppose that for some $k$, the claim is true for each $n$ in $0...k-1$. Then, we must show that the claim is true for $n=k$.

Using the assumption, we know that  $\sum_{p=0}^{k-1}(p \times p!)=k!-1$.

Additionally, $\sum_{p=0}^{k}(p \times p!)=\sum_{p=0}^{k-1}(p \times p!) + k \times k!=k!-1+k \times k!$

Simplifying, we get $\sum_{p=0}^{k}(p \times p!)=0=k!(k+1)-1=(k+1)!-1$, which is what we needed to show.

Thus, the claim is true for all natural numbers $n$.",2,2,2,2,2,2,2,"Seth"
"217","Exam 4","learningStudy/WrittenInduction_Sum_v3","$\sum_{p = 0}^{k + 1}$(pp!) = (k+1+1)! - 1

p = 0

0 * 0! = (n+1)! - 1
0 = (n+1)! - 1
1 = (n+1)!
n = 0

p = 1
(1*1!) = (n+1)! - 1
2 = (n+1)!
n = 1

p = 2

(2*2!) = (n+1)! - 1
5 = (n+1)!

if n = 2
3!-1 = 5 = pp!
n natural numbers! is equal to 5, so the claim is false.
",0,0,0,0,0,0,0,"Seth"
"218","Exam 4","learningStudy/WrittenInduction_Sum_v3"," $\sum_{p=0}^{n} (p.p!) = (n+1)! - 1$, for all natrual numbers $n$.
 
 When $n=0$, $\sum_{p=0}^{n} (p.p!)$ = $0.0!$ = $0$ and $(0+1)! - 1$ is also $0$.
 
 For some $k$, $\sum_{p=0}^{n} (p.p!)  = (n+1)! - 1$ for each $n$ in $0...k$.
 
 We need to show that $\sum_{p=0}^{k} (p.p!)  = (k+1)! - 1$.
 
 Inductive Step: $\sum_{p=0}^{k+1} (p.p!)  = (k+1+1)! - 1$
 
 We know that $\sum_{p=0}^{k} (p.p!)  = (k+1)! - 1$ and $\sum_{p=0}^{k+1} (p.p!)$ = $\sum_{p=0}^{k} (p.p!)$ + $(k+1).(k+1)!$
 
 $\sum_{p=0}^{k} (p.p!)$ + $(k+1).(k+1)!$ = $(k+1)! - 1$ + $(k+1).(k+1)!$
 
 Factoring out $(k+1)!$, then expression is $(k+1)!(1+k+1)-1$ which is $(k+1)!(k+2)-1$.
 
 $(k+1)!(k+2)$ = $(k+2)!$
 
 Therefore, $\sum_{p=0}^{k+1} (p.p!)$ = $(k+2)! - 1$ which is equal to $(k+1+1)! - 1$.
 
 ",2,2,2,2,1,2,2,"Seth"
"219","Exam 4","learningStudy/WrittenInduction_Sum_v3","We will prove this through induction of the integer n.

Inductive hypothesis for 0,...,k - 1

Base case(s)

Inductive step: summation of (p * p!) from p=0 to k.

manipulation of numbers in proof

conclusion QED",0,0,0,0,0,0,0,"Seth"
"220","Exam 4","learningStudy/WrittenInduction_Sum_v3","$\sum_{p=0}^{1}$(0*0!)=2!-1=1",2,2,0,0,0,0,0,"Seth"
"221","Exam 4","learningStudy/WrittenInduction_Sum_v3","Do not remember what strong induction is ",0,0,0,0,0,0,0,"Seth"
"222","Exam 4","learningStudy/WrittenInduction_Sum_v3","Proof by induction on n.

Base case: For n = 0, $\sum_{p = 0}^{0}$(p x p!) = 0 and (n + 1)! - 1 = 0 

Our inductive hyptohesis is that $\sum_{p = 0}^{n}$(p x p!) = (n + 1)! - 1 for n = 0.....k.

Inductive Step: We need to show that $\sum_{p = 0}^{k + 1}$(p x p!) = (k + 2)! - 1 ",2,2,2,2,2,0,0,"Seth"
"223","Exam 4","learningStudy/WrittenInduction_Sum_v3","$\sum_{p=0}^{n}$ = (n+1)! - 1",0,0,0,0,0,0,0,"Seth"
"224","Exam 4","learningStudy/WrittenInduction_Sum_v3","For our base case, when n=0, $\sum_{p=0}^{0}$p*p! = 0 and (0 +1)! - 1 = 0. So our base case holds

Next, suppose as our inductive hypothesis that for some k, $\sum_{p=0}^{n}$p*p! = (n +1)! - 1 for each n in 0...k-1

Now, we need to show that $\sum_{p=0}^{k}$p*p! = (k +1)! - 1

If we break up the factorial, we see that is is equal to (k+1) * k! - 1",2,2,2,2,2,0,0,"Seth"
"225","Exam 4","learningStudy/WrittenInduction_Sum_v3","for our base case, note that for n = 0, (0*1) = 0 and (0+1)!-1 = 0. 

let our inductive hypothesis be for some k, the summation of (p*p!) from p = 0 to n is equal to (n+1)! - 1. for each n in 0 ... k. 

Because every natural number from 0 ... k fits this hypothesis, by induction, this claim is true.",2,2,2,2,0,0,0,"Seth"
"226","Exam 4","learningStudy/WrittenInduction_Sum_v3","n something induction etc...

Base case: $\sum_{p=0}^{0}(p*p!) = 0$ and $(0+1)!-1 = 1-1 = 0$

Hypothesis: $\sum_{p=0}^{k}(p*p!) = (k+1)!-1$

We need to prove $\sum_{p=0}^{k+1}(p*p!) = (k+2)!-1$

$((k+1)*(k+1)!)+\sum_{p=0}^{k}(p*p!) = (k+2)(k+1)!-1$

Substituting from hypothesis: $((k+1)*(k+1)!)+(k+1)!-1 = (k+2)(k+1)!-1$

$(k+1)(k+1)!+(k+1)! = (k+2)(k+1)!$

$(k+1)+1 = (k+2)$

$k+2 = k+2$

$k=k$ which is true for all values of k",2,2,2,2,2,2,2,"Seth"
"227","Exam 4","learningStudy/WrittenInduction_Sum_v3","Proof by induction

Base: n = 0,  $\sum_{p=0}^{0}$(p * p!) = 0 and (0 + 1)! - 1 = 0.

Induction hypothesis: for some k, $\sum_{p=0}^{n}$(p * p!) = (n + 1)! - 1 for n in 0...k. 

Induction step: Prove that $\sum_{p=0}^{k + 1}$(p * p!) = (k + 1 + 1)! - 1

Forgot how to do summation",2,2,2,2,2,0,0,"Seth"
"228","Exam 4","learningStudy/WrittenInduction_Sum_v3","proof: when n = 1, $\sum_{p=0}^{n}(p * p!)$ = (1+1)! - 1 = 1

there is k, such that $\sum_{p=0}^{k}(p * p!)$ satisfies (k + 1)! - 1 for all k that is natural number.",2,2,1,1,0,0,0,"Seth"
"229","Exam 4","learningStudy/WrittenInduction_Sum_v3","$\sum_{p=0}^{n}(p*p!)$ $=$ $(n+1)!-1$
Base case: $n=0$, $\sum_{p=0}^{0}(p*p!)=0*0!=0$, and $(0+1)!-1=0$. They are equal.<br>
Suppose this works for $0,1,2,...,k$, so $\sum_{p=0}^{k}(p*p!)=(k+1)!-1$<br>
When $n=k+1$<br>
$\sum_{p=0}^{k+1}(p*p!)$<br>
$=\sum_{p=0}^{k}(p*p!)+(k+1)*(k+1)!$<br>
$=(k+1)!-1+(k+1)(k+1)!$<br>
$=(k+1)![(k+1)-1]$<br>
$=k(k+1)!$<br>

$(k+2)!-1$<br>
$=(k+1)!(k+2)-1$<br>
$=(k+1)(k+1)!$<br>

There're not equal.",2,2,2,2,1,2,2,"Seth"
"230","Exam 4","learningStudy/WrittenInduction_Sum_v3","Proof by Induction.

For our base case, suppose n = 0. $\sum_{p = 0}^{n}$(p * p!) = $\sum_{p = 0}^{0}$(0 * 0!) = 0.
(n + 1)! - 1 = (0 + 1)! - 1 = 1 - 1 = 0. Therefore, (p * p!) = (n + 1)! - 1.

Inductive Hypothesis: $\sum_{p = 0}^{n}$(p * p!) = (n + 1)! - 1 for all natural numbers 0...k.

Inductive Statement: We need to show $\sum_{p = 0}^{k + 1}$ (p * p!) = (k + 2)! - 1.

$\sum_{p = 0}^{k + 1}$ (p * p!) = (0 * 0!) + ((k + 1) * (k + 1)!) = (0) + ((k + 1) * (k + 1)(k)) = $k^3$ + 2$k^2$ + k.

(k + 2)! - 1 = (k + 2)(k + 1)(k) - 1 = $k^3$ + 3$k^2$ + 2k - 1.

$\sum_{p = 0}^{k + 1}$ (p * p!) = (k + 2)! - 1 which is what we are trying to show.",2,2,2,2,2,1,0,"Seth"
"231","Exam 4","learningStudy/WrittenInduction_Sum_v3","For our base case, note that when n = 0, (p*p!) = 0, and (0+1)! - 1 = 0 for all natural numbers n.    

Next, suppose our inductive hypothesis is for some number k, $\sum_{n}^{p=0}$(p * p!) = (n + 1)! - 1, for each n in 0...k.    

Now to finish we need to show $\sum_{k + 1}^{p=0}$(p * p!) = (k + 1)! - 1.    

Suppose n = 3. $\sum_{3}^{p = 0}$(p * p!) = a sum of 23.  
  
(3 + 1)! - 1 = 4! - 1.  
  
4! = 24, and 24 - 1 = 23. Therefore, $\sum_{3}^{p = 0}$(p * p!) = (n + 1)! - 1. This is what we needed to show.
",2,2,2,2,2,0,0,"Seth"
"232","Exam 4","learningStudy/WrittenInduction_Sum_v3","Proof by induction with n.

We need to prove that $\sum_{p=0}^{n}(p*p!) = (n+1)!-1$, for all natural numbers n.

For the base case, n = to 0.

$\sum_{p=0}^{n}(p*p!) = 0 * 0! = 0$ and $(0+1)!-1 = 0$

For the inductive hypothesis, suppose that for some k, $\sum_{p=0}^{n}(p*p!) = (n+1)!-1$ for each n in 0...k

We need to show that $\sum_{p=0}^{k}(p*p!) = (k+1)!-1$

...

Therefore, $\sum_{p=0}^{n}(p*p!) = (n+1)!-1$ for all natural numbers n, which is what we needed to prove.",2,2,2,2,2,0,0,"Seth"
"233","Exam 4","learningStudy/WrittenInduction_Sum_v3","Base case: $n=0$: $\sum_{p=0}^{0}(p*p!) = 0$. $(0+1)!-1=0$. $0=0$

Inductive hypothesis: For some k, $\sum_{p=0}^{n}(p*p!)=(n+1)!-1$ for all $n$, $0...k$

Inductive step: Show $\sum_{p=0}^{k+1}(p*p!)=(k+1+1)!-1$

$\sum_{p=0}^{k+1}(p*p!)=((k+1)(k+1)!) + \sum_{p=0}^{k}(p*p!)$. By inductive hypothesis,

$((k+1)(k+1)!) + \sum_{p=0}^{k}(p*p!)=((k+1)(k+1)!)+(k+1)!-1=(k+1)!(k+1+1)-1$

$=(k+1)!(k+2)-1=(k+2)!-1=(k+1+1)!-1$

By induction, $\sum_{p=0}^{n}(p*p!)=(n+1)!-1$ for all natural numbers.",2,2,2,2,2,2,2,"Seth"
"234","Exam 4","learningStudy/WrittenInduction_Sum_v3","To prove:  $\sum_{p = 0}^{n}$ (p.p!) = (n+1)! - 1

Base case: let n = 0,  $\sum_{p = 0}^{0}$ (p.p!) = 0.0! = 0

But for n = 0, (n+1)! - 1 => 1!- 1 = 0

Induction: Suppose that for some k,  $\sum_{p = 0}^{n}$ (p.p!) = (n+1)! - 1 for each value of n in 0,...k-1.
Then, we need to show that $\sum_{p = 0}^{k}$ (p.p!) = (k+1)! - 1

Then, for k + 1,  $\sum_{p = 0}^{k}$ (p.p!) =  $\sum_{p = 0}^{k - 1}$ (p.p!) + (p.p!)

$\sum_{p = 0}^{k}$ (p.p!) = (k-  1 +1)! - 1 + (k.k!)

$\sum_{p = 0}^{k}$ (p.p!) = k!(k + 1) - 1

$\sum_{p = 0}^{k}$ (p.p!) = (k+1)! - 1

QED.
",2,2,2,2,2,1,0,"Seth"
"235","Exam 4","learningStudy/WrittenInduction_Sum_v3","Claim: 

$\sum_{p = 0}^{n}$(p * p!) = (n+1)! - 1 for all natural numbers n. 
Proof: 

Base Case: $\sum_{p = 0}^{0}$(p * p!) = (0 + 1)! - 1 = 0 * 0! = (0+1)! - 1, which simplifies to 0 = 0, so the equation is satsified for zero. 

Inductive hypothesis: $\sum_{p = 0}^{n}$(p * p!) = (n+1)! - 1 from 0 to n - 1. 

For n + 1 =  $\sum_{p = 0}^{n + 1}$(p * p) = (n+2)! - 1. 

(n+2)! - 1 = (n+1)(n+1)! - 1, which is equal to  $\sum_{p = 0}^{n}$(p * p!) + ((p+1) * p!) ( $\sum_{p = 0}^{n + 1}$(p * p) simplified), so the original claim is true, which is what we needed to show. ",2,2,2,1,1,2,2,"Seth"
"236","Exam 4","learningStudy/WrittenInduction_Sum_v3","For base case, note that when n = 0, the left hand side of the equation is equal to 0, and the right hand side of the equation is equal to 0, so that they are equal.

Now suppose our inductive hypothesis that this claim is true when n = 0, 1, ..., k

So the claim is true when n = k + 1 is what we need to prove.",2,2,2,2,2,0,0,"Seth"
"237","Exam 4","learningStudy/WrittenInduction_Sum_v3","Base case. When n=0,  $\sum_{p=0}^{0}(p*p!)=0 = (0+1)!-1$, so base case satisfy


We need to prove that there exist an k such that  $\sum_{p=0}^{k+1}(p*p!)=(k+2)!-1$ is true for all natural numbers 0,1,2,...,k+1

We could convert the term to $\sum_{p=0}^{k+1}(p*p!)=(\sum_{p=0}^{k}(p*p!))+(k+1)*(k+1)!$. Based on the induction, we know that $\sum_{p=0}^{k}(p*p!))=(k+1)!-1$

Therefore, we could express it as $\sum_{p=0}^{k+1}(p*p!)=(k+1)!-1+(k+1)*(k+1)!=(k+2)!-1$, which is what we need to prove.

Hence, we prove the claim is true",2,2,1,2,1,2,2,"Seth"
"238","Exam 4","learningStudy/WrittenInduction_Sum_v3","Use base claim of n  = 0
Substitute in (p*p!) and (n+1)! - 1
(0*1) = 0 and (0+1)!-1 = 0
Therefore, (p*p!) = (n+1)!-1",2,2,0,0,0,0,0,"Seth"
"239","Exam 4","learningStudy/WrittenInduction_Sum_v3","proof:we set n = 1, so 2!-1=2. which we can prove the claim.",2,1,0,0,0,0,0,"Seth"
"240","Exam 4","learningStudy/WrittenInduction_Sum_v3","Proof by induction for $n$.

Inductive predicate: for all natual numbers $n$, $\sum_{n}^{p=0} (p \space . p!) = (n+1)! - 1$.

Base case: when $n=0$, $\sum_{0}^{p=0} (p \space .  p!) = (0 \space .  0!) = 0$ and $(0+1)!-1 = 0$, so base case $n=0$ is proven.

Inductive hypothesis: Suppose that, for some $k \ge 0$, $\sum_{n}^{p=0} (p \space . p!) = (n+1)! - 1$ for $n$ in $ 0, 1, ... k+1$.

Inductive step: we must now find that $\sum_{k+1}^{p=0} (p \space . p!) = (k+2)! - 1$.

I'm not sure what to do next.
",2,2,2,2,1,0,0,"Seth"
"241","Exam 4","learningStudy/WrittenInduction_Sum_v3","For the base case: Let some k in  $\sum_{p=0}^{n}$(p*p!) = (n+1)!-1 for k >= 0...

For K = 1, 1 = 1.",2,2,0,0,0,0,0,"Seth"
"242","Exam 4","learningStudy/WrittenInduction_Sum_v3","Proof by induction

Base case: at n = 0, $\sum_{p=0}^{0}(p*p!)=0$ and $(n+1)!-1 = 0$

Suppose $\sum_{p=0}^{n}(p * p!)=(n+1)!-1$ for all natural numbers 0, 1, 2, ...k+1

Then we have to prove that $\sum_{p=0}^{k}(k*k!)=(k+1)!-1$

",2,2,2,2,1,0,0,"Seth"
"243","Exam 4","learningStudy/WrittenInduction_Sum_v3","For our base case, consider n = 0, 0 = 1 - 1, = 0 holds true

Next, suppose as our Inductive Hypothesis that for some k, (p.p!) = (n+1)! - 1, is true for all n, where n is between 0.....k

Now we need to show that for all summation from p = 0 to k, (p.p!) = (n + 1)! - 1

by induction,

0 = (k +1)! - 1

0 = 0

therefore by defintion of induction we can say that or some k, (p.p!) = (n+1)! - 1, is true for all n, where n is between 0.....k, which is what we needed to prove



",2,2,2,2,2,0,0,"Seth"
"244","Exam 4","learningStudy/WrittenInduction_Sum_v3","proof by induction on n  
base case- $f(0) = 0*0! = 0 = (0 + 1)! - 1 = 0$  
base case holds true

inductive hypothesis - $\sum_{p=0}^{n}(p*p!) = (n+1)! - 1$ for n in $0,1,2...k-1 $ for any positive integer k

for the rest of the inductive step, we have to prove that $\sum_{p=0}^{n}(p*p!) = (k+1)! - 1$  
 $\sum_{p=0}^{k}(p*p!) = \sum_{p=0}^{k- 1}(p*p!) + k*k! $  
 
 
 using the inductive hypothesis, we know that$\sum_{p=0}^{n}(p*p!) = (n+1)! - 1 $ for $\sum_{p=0}^{k- 1}(p*p!) + k*k! $  
 therefore we need to show that $k*k! = (k+1)! - 1$
 $(k+1)! = (k+1)k!

",2,2,2,2,2,2,1,"Seth"
"245","Exam 4","learningStudy/WrittenInduction_Sum_v3","By induction n.
we need to show  $\sum_{p=0}^{n}$ (p x p!) = (n+1)! - 1.
Base case: when n = 0, $\sum_{p=0}^{0}$ (p x p!) = (0x1) = 0. (n+1)!-1 = 0. it is true for n = 0
inductive hypothesis: we need to prove it is true for n = 1, 2, 3,..., k
$\sum_{p=0}^{n}$ (p x p!) = (k x k!) ",2,2,1,2,0,0,0,"Seth"
"246","Exam 4","learningStudy/WrittenInduction_Sum_v3","As a base case, let n=0. Then both left and right sides of the equation equal 0. 

As an inductive hypothesis suppose that for some k, $\sum_{p=0}^{n}$(p*p!)=(n+1)!-1 is true for all n in 0, 1, 2,... k.

Now we need to show that $\sum_{p=0}^{k}$(p*p!)=(k+1)!-1

The left side expands out into (k * k!) + ((k-1) * (k-1!)) + ((k-2)*(k-2!)) +... (0 * 0!)
This can be simplified down to (

The right side can be turned into (k+1)(k!) - 1

",2,2,2,2,1,1,0,"Seth"
"247","Exam 4","learningStudy/WrittenInduction_Sum_v3","For our base case, let $n=0$, our lefthand side (LHS) is  $\sum_{p=0}^{1}(p*p!) = 1*1! = 1,$ and our RHS is $(1+1)!-1 = 2-1 = 1$

Suppose our inductive hypothesis is that for some natural number $n \geq 0$, $\sum_{p=0}^{n}(p*p!) = (n+1)!-1$ for $n$ in $0 \dots k-1$ where $k-1 \geq 0$

Then we must show that $\sum_{p=0}^{k}(p*p!) = (k+1)!-1$ 
",2,1,2,2,2,0,0,"Seth"
"248","Exam 4","learningStudy/WrittenInduction_Sum_v3","base case 

hypo

rest of proof 

inductive hypo
",0,0,0,0,0,0,0,"Seth"
"249","Exam 4","learningStudy/WrittenInduction_Sum_v3","For our base case: $\sum_{p = 0}^{1}$ (p * p!) = (1+1)! - 1 = 2   
Suppose as our inductive hypothesis that  $\sum_{p = 0}^{n}$ (p * p!) = (n + 1)! - 1 for n in 0....k(where k >= 0)     
 Prove $\sum_{p = 0}^{k+1}$ (p * p!) = ((k+1) + 1)! - 1",2,1,2,2,2,0,0,"Seth"
"250","Exam 4","learningStudy/WrittenInduction_Sum_v3","Base case: when n = 0,  p = 0

$\sum_{p=0}^{n}$ (p.p!) = (1)! - 1 = 0 

(p.p!) = 0 

Inductive step: n  = k + 1
",2,1,0,0,1,0,0,"Seth"
"251","Exam 4","learningStudy/WrittenInduction_Sum_v3","Let n be a natural number.

Suppose $\sum_{p=0}^{n}$(p*p!) = (n+1)! - 1 for all n.

The base case is n=0 where $\sum_{p=0}^{n =0}$(0*0!) = (0+1)! - 1 = 0.

The inductive hypothesis is for some k, $\sum_{p=0}^{n}$(p*p!) = (n+1)! - 1 for all n 0,..,k.

Thus, $\sum_{p=0}^{n=k}$(p*p!) = (k+1)! - 1.

Therefore $\sum_{p=0}^{n}$(p*p!) = (n+1)! - 1.",2,2,2,2,0,0,0,"Seth"
"252","Exam 4","learningStudy/WrittenInduction_Sum_v3","for all natural numbers n,  $\sum_{p=0}^{n}$(p*p!) = (n+1)! - 1.

base case n =0, $\sum_{p=0}^{0}$(p*p!) = 0 and (0+1)! - 1 = 0. so zero holds true.

inductive hypotheis. for some k,  $\sum_{p=0}^{n}$(p*p!) = (n+1)! - 1 for each n in 0, 1,... k. 

inductive step:  $\sum_{p=0}^{k+1}$(p*p!) = (k + 1+1)! - 1.

on the right side, (k + 2)! - 1 = k! *(k +1) * (k+2) - 1.",2,2,2,2,2,0,0,"Seth"
"253","Exam 4","learningStudy/WrittenInduction_Sum_v3","Base Case: for n=1, $\sum_{p=0}^{1}$(p*p!)=1 and (1+1)!-1=1

Inductive Hypothesis: $\sum_{p=0}^{n}$(p*p!)=(n+1)!-1 for any n between 1, ..., k

Inductive Step: we must prove $\sum_{p=0}^{k}$(p*p!)=(k+1)!-1

...
This means $\sum_{p=0}^{k}$(p*p!)=(k+1)!-1 for all k, which is what we needed to show.

",2,2,2,2,2,0,0,"Seth"
"254","Exam 4","learningStudy/WrittenInduction_Sum_v3","We will prove by induction on $n$.<br>
Note that for our base case $n=0$, $\sum_{p=0}^0(p\cdot p!)=0$ and $(0+1)!-1=0$.<br>
Suppose for our inductive hypothesis that for some $k$, $\sum_{p=0}^n(p\cdot p!)=(n+1)!-1$ for all $n$ in $0...k$.<br>
Now we need to show that $\sum_{p=0}^{k+1}(p\cdot p!)=(k+2)!-1$.<br>
By definition of $\sum$, $\sum_{p=0}^{k+1}(p\cdot p!)=\sum_{p=0}^{k}(p\cdot p!)+((k+1)\cdot (k+1)!)$.<br>
Substituting, we get $(k+1)!-1+((k+1)\cdot (k+1)!)$.<br>
Factoring, we get $(k+1)!(1+k+1)-1=(k+1)!(k+2)-1=(k+2)!-1$.<br>
Q.E.D.",2,2,2,2,2,2,2,"Seth"
"255","Exam 4","learningStudy/WrittenInduction_Sum_v3","Proof by induction for n.  
Base Case: (n = 0) $\implies$ $\sum_{p = 0}^{0}(p*p!) = 1! - 1 = 0$.  
Suppose for some natural number k, the claim holds true for  $0...k - 1$.  
$\sum_{p = 0}^{k}(p*p!) = k*k! + \sum_{p = 0}^{k-1}(p*p!) = k*k! + k! - 1 = (k+1)k! -1 = (k+1)! - 1$.   
Therefore, the claim holds for all natural numbers, QED.
",2,2,2,2,2,2,2,"Seth"
"256","Exam 4","learningStudy/WrittenInduction_Sum_v3","Base Case: For n = 0, $\sum_{p = 0}^{0}$ (0 * 0!) = 0 and (0 + 1)! - 1 = 1 - 1 = 0. Therefore, we have proven the base case.

Inductive Hypothesis: For all n in {0, 1, 2, 3, .. , k}, we can assume $\sum_{p = 0}^{n}$ (p * p!) = (n + 1)! - 1 to be true. We want to prove that $\sum_{p = 0}^{k+1}$ (p * p!) = (k + 2)! - 1 is true.

We can say that $(k+2)! - 1 = (k+2)(k + 1)! - 1$

",2,2,2,2,2,0,0,"Seth"
"257","Exam 4","learningStudy/WrittenInduction_Sum_v3","We will use proof by induction.

First, prove n = 0; Sum from p = 0 to n = 0 of p(p!) = 0, 0 + 1! - 1 also equals 0 so it works for 0. This is the base case.

inductive hypothesis: Next, we need to prove that for some k, the summation from 0 to n of p*p! = (n+1)! - 1 for every n in 0...k-1

Now, we need to show that he summation from 0 to k of p*p! = (k+1)! - 1.

Our inductive step is the summation from p = 0 to k+1 of p*p! = (p + 2)! - 1

... [proof ommitted because I can't remember how this part works]

Because the proof works for all k+1 (and 0), we know that the summation from 0 to n of (p*p!) = (n+1)! - 1 for all natural numbers n.



",2,2,1,2,2,0,0,"Seth"
"258","Exam 4","learningStudy/WrittenInduction_Sum_v3","Do not know how to complete this one. When I am given multiple choice it is much easier for me to understand. I apologize.",0,0,0,0,0,0,0,"Seth"
"259","Exam 4","learningStudy/WrittenInduction_Sum_v3","Base Case: n = -1 which evaluates to 0;
For some n in 0, 1, ..., k - 1, where the summation of (p * p!) = (n+1)! - 1",1,1,1,2,0,0,0,"Seth"
"260","Exam 4","learningStudy/WrittenInduction_Sum_v3","For n=1, $\sum_{p=0}^{n}$(p * p!) = 1, and (n + 1)! - 1 = 1

Suppose that $\sum_{p=0}^{n}$(p * p!) = (n + 1)! - 1 holds true for all natural numbers n from 1...k-1.

Let us now prove the claim for n = k. 

",2,2,2,2,2,0,0,"Seth"
"261","Exam 4","learningStudy/WrittenInduction_Sum_v3","induction on n.

for base case, n = 1.

1*1! = (1+1)!-1 = 1. therefore true.

for n = k, $\sum_{p=0}^{k}$(k*k!) = (k+1)!-1, assume true.",2,2,2,1,0,0,0,"Seth"
"262","Exam 4","learningStudy/WrittenInduction_Sum_v3","For our base case, when n = 0, $\sum_{p=0}^{n}$ (p . p!) - 1 = 0! - 1 = 0 and (n + 1)! - 1 = 0! - 1 = 0. Thus, the base case holds.

Next, suppose our inductive hypothesis is that for some k, f(n) = $\sum_{p=0}^{n}$ (p . p!) = (n + 1)! - 1 for each n in 0 ... k - 1.


So our inductive step would be f(k) = $\sum_{p=0}^{k}$ (p . p!) = (k + 1)! - 1.

Starting with the lefthand side of the equation, ",2,2,2,2,2,0,0,"Seth"
"263","Exam 4","learningStudy/WrittenInduction_Sum_v3","$\sum_{n}^{p=0}$ (p * p) = (n + 1)! - 1, for all natural numbers n

n(p * p!) = np = (n + 1)! - 1",0,0,0,0,0,0,0,"Seth"
"264","Exam 4","learningStudy/WrittenInduction_Sum_v3","Lets prove by induction where P(n) is equal to the claim. 

Base case: When n = 0, then ((0 * 0!) = (0 + 1)! - 1) = ((0*1) = 1 - 1) =  (0 = 0) so P(0) is true. 

Inductive hypothesis: For all natural numbers k,  $\sum_{p  = 0}^{k}$(p*p!) = (k + 1)! - 1.

Inductive step : we must prove  $\sum_{p  = 0}^{k}$(p*p!) = (k + 1)! - 1 

To simplify, 


So,  $\sum_{p  = 0}^{k}$(p*p!) = (k + 1)! - 1 for all natural numbers k, QED. 

",2,2,2,1,1,0,0,"Seth"
"265","Exam 4","learningStudy/WrittenInduction_Sum_v3"," For our base case, note that when $n = 0$, $\sum_{p=0}^{n} (0 * 0!) = (0 + 1)! - 1 = 0$ and that when $n = 1, \sum_{p=0}^{n} (1 * 1!) = (1 + 1)! - 1 = 1.$

Next, suppose for our inductive hypothesis that for some k, $\sum_{p=0}^{n} (p * p!) = (n+ 1)! - 1$ for each n in 0, 1... k - 1.

We then need to show that $\sum_{p=0}^{k} (p * p!) = (k + 1)! - 1$. 

We see that $(p * p!)$ is the same as $p^2$ because of the rules of factorials. We also know that $(k + 1)! = k * (k+1)$. This means that $\sum_{p=0}^{k} p^2 = (k + 1) * k - 1$.

We can further expand this equation to get $\sum_{p=0}^{k} p^2 = k^2 + k - 1$.

...

$\sum_{p=0}^{n} (p * p!) = (n + 1)! - 1$ for all natural numbers n.",2,2,2,2,2,0,0,"Seth"
"266","Exam 4","learningStudy/WrittenInduction_Sum_v3","we first need to prove this claim for n = 0 to be true

 $\sum_{p = 0}^{0}$(p.p!) = (n+1)! - 1
 
 0.0! = 1! - 1
 
 0 = 0
 
 now since base case is satisfied we assume the induction is true for all cases upto a factor n from 1,2,....k
 
  $\sum_{p = 0}^{k}$ (p.p!) = (k+1)!-1
 
 we must now prove it is true for k+1 case
 
  $\sum_{p = 0}^{k+1}$ = (k+2)!-1
  
  LHS =>  (k+1)! - 1 + ((k+1).(k+1)!)
  
  (k+1)!(k+1+1) -1 = (k+1)!(k+2) - 1
  
  (k+2)! - 1 => RHS
  
  Hence we proved the above statement is true throught the process of induction",2,2,1,2,2,2,2,"Seth"
"267","Exam 4","learningStudy/WrittenInduction_Sum_v3","Base Case: n = 0. Then $\sum_{p=0}^{n}p*p! = 0 * 1 = 0= (0+1)! - 1$

So there exists a k such that $\sum_{p=0}^{n}p*p! = (n+1)! - 1$ for an integer n in 0 ... k.

Then we can prove case k + 1, by solving $\sum_{p=0}^{k+1}p*p!$
This is just $\sum_{p=0}^{k}p*p! + (k+1)*(k+1)!$.

According to our hypothesis $\sum_{p=0}^{k}p*p! = (k+1) - 1$

So $\sum_{p=0}^{k+1}p*p! = (k+1) - 1 + (k+1)*(k+1)!$

Factoring we get that the sum is equal to $(k+1)!(k+2) - 1$ or $(k+2)! - 1$

Which is what we wanted to prove.",2,2,2,2,2,2,2,"Seth"
"268","Exam 4","learningStudy/WrittenInduction_Sum_v3","Proof n by Induction

Inductive Predicate: Prove that $\sum_{p=0}^{n}$(p * p!) = (n+1)! - 1

Base Case: At n=0, $\sum_{p=0}^{0}$(p * p!) = 0, and (0+1)! - 1 = 0

Inductive Hypothesis: Suppose a value of k, that $\sum_{p=0}^{n}$(p * p!) = (n+1)! - 1 for n in 0,1,...k

Inductive Step: Prove that $\sum_{p=0}^{k}$(p * p!) = (k+1)! - 1

$\sum_{p=0}^{k}$(p * p!) can be rewritten as $\sum_{p=0}^{k-1}$(p * p!) + (k * k!)

By the Inductive hypothesis, $\sum_{p=0}^{k-1}$(p * p!) + (k * k!) =  (((k-1)+1)! - 1) + (k * k!)

Rearanging, we get (((k-1)+1)! - 1) + (k * k!) = (k!) + (k * k!) - 1

Pulling out the exponential gives us (k!)(k+1) - 1

By the definiton of exponentials, this simplfieis to (k+1)! - 1, which gives us our inductive step",2,2,2,2,1,2,2,"Seth"
"269","Exam 4","learningStudy/WrittenInduction_Sum_v3","Proof by induction on n 

Base case n = 1 $\sum_{p=0}^{0}$ = (0)! - 1 = 0 n = 1 $\sum_{p=1}^{1}$ = (1)! - 1 = 0

By inductive hypothesis, (p * p)! = (n+1)! - 1",2,2,0,0,0,0,0,"Seth"
"270","Exam 4","learningStudy/WrittenInduction_Sum_v3","base: P(0) = 0 = 0. True",2,2,0,0,0,0,0,"Seth"
"271","Exam 4","learningStudy/WrittenInduction_Sum_v3","The inductive predicate P(k) is that the sum from p = 0 to n of p * p! = (n+1)! - 1. The base case is n = 0 where p*p! is 0 and (n+1)! is 1 -1 which is equal to 0 so the base case holds. The inductive hypothesis is that the sum from p = 0 to n of p*p! is equal to (n+1)! -1 for all n in natural numbers 0,1,2....k. The inductive step is to prove P(k+1) is equal to (k+2)! - 1.",2,2,2,2,2,0,0,"Seth"
"272","Exam 4","learningStudy/WrittenInduction_Sum_v3","1",0,0,0,0,0,0,0,"Seth"
"273","Exam 4","learningStudy/WrittenInduction_Sum_v3","Proof by induction on n

We are trying to prove that

$\sum_{p = 0}^{n} (p * p!) = (n+1)!-1$ for all n

Base case: n = 0, summation = 0 * 0! = 1, which is (0+1)!-1 so the base case is true 

Suppose that $\sum_{p = 0}^{n} (p * p!)$ = (n+1)!-1  from n = 0 to k,

We must show that $\sum_{p = 0}^{k+1} (p * p!)$ = (k+1)!-1

 $\sum_{p = 0}^{k+1} (p * p!)$ = $\sum_{p = 0}^{k} (p * p!)+ (k+1)*(k+1)!$
 
 $\sum_{p = 0}^{k} (p * p!) = (k+1)!-1 $
 
 $(k+1)!-1 + (k+1)(k+1)! = (n+1)! -1 for n = k+1$
 
 $(k+1)!-1 + (k+1)(k+1)! = (k+1)!((k+1)+1) -1 = (k+2)! - 1 = (k+1+1)! -1 $ QED",2,1,2,2,2,2,2,"Seth"
"274","Exam 4","learningStudy/WrittenInduction_Sum_v3","I'm not sure",0,0,0,0,0,0,0,"Seth"
"275","Exam 4","learningStudy/WrittenInduction_Sum_v3","For our base case, n = 0

(0+1)! - 1 = 1! -1 = 0

And

 $\sum_{p=0}^{0}$(p * p!) = 0 
 
 So, the claim holds true. 
 
 Suppose the claim holds for any natural number n from 0..k - 1. 
 
 We need to prove that $\sum_{p=0}^{k}$(p * p!) = (k+1)! - 1
 
 We can write the left hand side as 
 
 (k * k!) + $\sum_{p=0}^{k - 1}$(p * p!)
 
 Since the claim holds for k - 1, by our inductive hypothesis, we can write this as
 
 = (k * k!) + k! - 1
 
 = k!(k + 1) - 1
 
 = (k+1)! - 1
 
 Which is the same as our right hand side.
 
 Hence proved.
 
 ",2,2,2,2,2,2,2,"Seth"
"276","Exam 4","learningStudy/WrittenInduction_Sum_v3","Proof by induction:  

Predicate: P(n) = (n+1)! - 1  

Base case: when n = 0, (1+1)! - 1 = 0  and $\sum_{0}^{1} (n.n!)$ = 0  

Inductive hypothesis: For some k, (k + 1)! - 1 = (n+1)! - 1 for each n in 0 ..... k - 1  

We need to show that $\sum_{0}^{k} (n.n!)$ =  (k + 1)! - 1 

From this we have $\sum_{0}^{k} (k.k!)$ = (k + 1)! - 1  

Which is what we needed to prove",2,2,1,2,1,0,0,"Seth"
"277","Exam 4","learningStudy/WrittenInduction_Sum_v3","I do not really know how to use strong induction to prove the following claim:

Claim: $\sum_{p=0}^{n}$ (p*p!) = (n+1)! - 1, for all natural numbers n.",0,0,0,0,0,0,0,"Seth"
"278","Exam 4","learningStudy/WrittenInduction_Sum_v3","Claim: $\sum_{p = 0}^{n} (p . p!) = (n + 1)! - 1$ for all natural numbers $n$.

Using proof by induction for $n$,

For some k, $\sum_{p = 0}^{n} (p . p!) = (n + 1)! - 1$ for all $n = 0 ... k.$

To prove the base case for $n = 0$: 

$\sum_{p = 0}^{0} (p . p!) = 0 * 0! = 0 * 1 = 0$ and $(n + 1)! - 1 = (0 + 1)! - 1 = 1 - 1 = 0$

For $n = k + 1$,  

$\sum_{p = 0}^{k + 1} (p . p!) = 0 * 0! + 1 * 1! + 2 * 2! + .... + (k + 1)*(k + 1)!$

$= 0 * 0! + 1 * 1! + 2 * 2! + .... + (k + 1)*(k + 1)!$",2,2,2,2,1,0,0,"Seth"
"279","Exam 4","learningStudy/WrittenInduction_Sum_v3","$$\text{Proof by induction on n}$$
$$\text{Predicate: P(n):} \sum_{p=0}^{n}(p*p!)=(n+1)!-1 \\ \text{for all natural number n}$$
$$\text{Base case: }\sum_{p=0}^{0}(p*p!)=0*1=0, \\ (0+1)!-1=1-1=0$$
$$\text{Inductive Hypothesis: Suppose that for some natrual number k, }\sum_{p=0}^{n}(p*p!)=(n+1)!-1 \\ \text{for n in 0...k-1}$$
$$\text{Inductive step: }\sum_{p=0}^{k}(p*p!)=(k+1)!-1$$",2,2,2,2,2,0,0,"Seth"
"280","Exam 4","learningStudy/WrittenInduction_Sum_v3","$\sum_{p=0}^{n}$ (p*p!) = (n+1)! - 1

base case: n=0, 0*0! = (0+1)! -1 = 0

inductive hypothesis: for all natural numbers n(n>=0), $\sum_{p=0}^{n}$ (p*p!) = (n+1)! - 1

(p*p!) + ((p-1)*(p-1)!) + ... + (0*0!) = 



",2,2,2,1,0,0,0,"Seth"
"281","Exam 4","learningStudy/WrittenInduction_Sum_v3","Base case: For our base case, when n = 0, $\sum_{p = 0}^{0}$ (p * p!) = 0 * 0! = 0 * 1 = 0 and (0 + 1)! - 1 = 1! -1 = 1-1 = 0

Inductive hypothesis: For the inductive hypothesis, suppose that for some k, $\sum_{p=0}^{n}$ (p * p!) = (n+1)! - 1 for each n in 0, 1, ..., k - 1.

Inductive step: Now we need to show that $\sum_{p=0}^{k}$ (p * p!) = (k+1)! - 1.",2,2,2,2,2,0,0,"Seth"
"282","Exam 4","learningStudy/WrittenInduction_Sum_v3","For our base case, note that when n = 0, $\sum_{n}^{p=0}$ (p*p!) = (n + 1)! - 1 = 0 for all natural numbers n.
Next, suppose as our Inductive Hypothes is that for some k, $\sum_{n}^{p=0}$ (p*p!) = (n + 1)! - 1 in each n in 0...k.
Now to finish we need to show that $\sum_{k + 1}^{p=0}$ (p*p!) = (k + 1 + 1)! - 1.",2,2,2,2,2,0,0,"Seth"
"283","Exam 4","learningStudy/WrittenInduction_Sum_v3","Proof: (By induction)

Base case: 
Let n = 1. $\sum_{p=0}^{1}(p*p!) = 0*0! + 1*1! = 1$. Additionally, $(1+1)! - 1 = 1$. Therefore the base case holds.

Induction hypothesis: Let $k$ be a natural number such that $\sum_{p=0}^{n}(p*p!) = (n + 1)! - 1$ for all natural numbers $n$ where $n <= k$.
We will show that $\sum_{p=0}^{k+1}(p*p!) = ((k+1) + 1)! - 1$


$\sum_{p=0}^{k+1}(p*p!) = \sum_{p=0}^{k}(p*p!) + (k+1)(k+1)!$

$= ((k+1)! - 1) + ((k+1)(k+1)!)$ (Induction Step)

$= (k+1)!(1 + (k+1)) - 1$

$= (k+2)! - 1$

$= ((k+1) + 1)! - 1$

Since we showed that the proposition $P(k) \implies P(k+1)$ for all natural numbers k, then this proposition is proved by induction.
",2,2,2,2,2,2,2,"Seth"
"284","Exam 4","learningStudy/WrittenInduction_Sum_v3","Proof by induction on n.

Base case: Let n = 0. Then $\sum_{p=0}^0 (p*p!) = 0 * 0! = 0$ and $(0+1)! - 1 = 0$.

Inductive hypothesis: Suppose that $P(n):\sum_{p=0}^n (p*p!) = (n+1)! - 1$ is true for n in 0,1,...,k.

Inductive step: Show that $P(k+1):\sum_{p=0}^{k+1} (p*p!) = ((k+1)+1)! - 1$ holds.

Consider $\sum_{p=0}^{k+1} (p*p!)$. Popping off the last term, we have $\sum_{p=0}^{k+1} (p*p!) = \sum_{p=0}^{k} (p*p!) + (k+1)(k+1)!$

Using our inductive hypothesis and substituting, we get:

=$\sum_{p=0}^{k} (p*p!) + (k+1)(k+1)!$ = $(k+1)!-1 + (k+1)(k+1)!$

Rearranging, we get:

$=(k+1)![(k+1)+1)]-1 = (k+1)!(k+2)-1 = (k+2)! -1 = ((k+1)+1)! -1$. Therefore, $P(n)$ holds for k+1, which is what we needed to show.",2,2,2,2,2,2,2,"Seth"
"285","Exam 4","learningStudy/WrittenInduction_Sum_v3","Suppose n is all natural numbers. This implies that n $\geq$ 0.

When n = 0, $\sum_{p = 0}^{0}$ (p * p!) = 0 and (n + 1)! - 1 = (0 + 1)! - 1 = 0.
When n = 1, $\sum_{p = 0}^{1}$ (p * p!) = 1 and (n + 1)! - 1 = (1 + 1)! - 1 = 1.
Since $\sum_{p = 0}^{n}$ (p * p!) = 0 when n is 0 which is equivalent to (n + 1)! - 1, and $\sum_{p = 0}^{n}$ (p * p!) = 1 which is equivalent to (n + 1)! - 1 when n is 1, $\sum_{p = 0}^{n}$ = (n + 1)! - 1, QED.",2,2,0,0,0,0,0,"Seth"
"286","Exam 4","learningStudy/WrittenInduction_Sum_v3","I really dont know how to do this.",0,0,0,0,0,0,0,"Seth"
"287","Exam 4","learningStudy/WrittenInduction_Sum_v3","Proof: 

Base case: n = 1 then $\sum_{p=0}^{1}$ (p.p!) = 0.0! + 1.1! = 1 while (n+1)! -1 = 2 -1 = 1. Therefore, it's true for n = 1. 

let's assume it's true for all n in 1,2,3,4 .... k then there will exist a case for k+1. 

 $\sum_{p=0}^{k+1}$ (p.p!) = (k+1).(k+1)! = Left Hand Side(LHS)
 = (k+1).(k+1).k! = (k+1).k!.k(k!) = (k+1)k!.(k+1)! -1
 
 Right hand side(RHS):
 (k+2)!-1 = (k+1)!*(k+2)-1",2,2,2,2,1,1,0,"Seth"
"288","Exam 4","learningStudy/WrittenInduction_Sum_v3","Suppose x is a natural number n. 


$\sum_{p=0}^{n}$(p*p!) = (n+1)! - 1",0,0,0,0,0,0,0,"Seth"
"289","Exam 4","learningStudy/WrittenInduction_Sum_v3","base case n = 1 shows 1*1 = (1+1)! -1 which is true so summation of p=0 to n+1 of (p*p!) = (n+2)! - 1 should also hold based on induction ",2,2,0,0,0,0,0,"Seth"
"290","Exam 4","learningStudy/WrittenInduction_Sum_v3","suppose there is natural number a

so a a! = a a (a+1)!

$\sum_{a=0}^{n}$(a a!) = $\sum_{a=0}^{n}$(a^2(a+1)!) = (n+1)! - 1 and this is what we want to prove",0,0,0,0,0,0,0,"Seth"
"291","Exam 4","learningStudy/WrittenInduction_Sum_v3","",0,0,0,0,0,0,0,"Seth"
"292","Exam 4","learningStudy/WrittenInduction_Sum_v3","Let the base case be n = 0. P(n) is true for n = 0 because $\sum_{p=0}^{n}$(p *p!) = 0 and (0 + 1)! - 1 = 0. 

By the inductive hypothesis, P(n) is true for n = 0, ..., k. We must now prove that P(k+1) is also true.

$\sum_{p=0}^{k+1}$(p * p!) = (k + 1 + 1)! - 1.

Note that (k + 2)! - 1 = (k + 2)(k + 1)k! - 1. 

(proof continued)

Since P(k+1) is true, the claim for all natural numbers n is true. 

",2,2,2,2,2,0,0,"Seth"
"293","Exam 4","learningStudy/WrittenInduction_Sum_v3","$\sum_{p = 0}^{n}$",0,0,0,0,0,0,0,"Seth"
"294","Exam 4","learningStudy/WrittenInduction_Sum_v3","For our base case, consider n = 0. Then (0*0!) = 0 and (0+1)!-1 = 0.

Next, suppose as our inductive hypothesis that for some natural number k, $\sum_{p=0}^{n}(p*p!)=(n+1)!-1$ is true for all n in 0...k-1.

So, we need to show that $\sum_{p=0}^{k}(p*p!)=(k+1)!-1$. The sum can be rewritten as $\sum_{p=0}^{k-1}(p*p!)+(k*k!)$. By the induction hypothesis, this is equal to (k!)-1+k*k!=(k+1)(k!)-1=(k+1)!-1, which is what we needed to show.",2,2,2,2,2,2,2,"Seth"
"295","Exam 4","learningStudy/WrittenInduction_Sum_v3","0 = 0",0,0,0,0,0,0,0,"Seth"
"296","Exam 4","learningStudy/WrittenInduction_Sum_v3","The base case is when n=1, $\sum_{p=0}^{n}(p*p!)=(n+1)!-1=1.$
For all natural numbers n in 0...k+1, $\sum_{p=0}^{n}(p*p!)=(n+1)!-1$. (k+1)! = (k+1)(k)!, and (k+2)!=(k+2)(k+1)! which is what we needed to prove.",2,2,1,2,0,0,0,"Seth"
"297","Exam 4","learningStudy/WrittenInduction_Sum_v3","First, we proof using the base case

$\sum_{p=0}^{n} (0.0!) = 0$ and $ (n+1)! - 1 = 0$

Then $\sum_{p=0}^{n} (1.1!) = 1$ and $ (n+1)! - 1 = 2 - 1$

For some value k, 

$ (k + 1)! - 1 = k! * (k +1) - 1 = k*k! $ QED
",2,2,0,0,0,0,0,"Seth"
"298","Exam 4","learningStudy/WrittenInduction_Sum_v3","For our base case, note that when $n=0$, $\sum_{p=0}^{0}(p\cdot p!)=0=(0+1)!-1=1-1=0$.

Next, suppose as our Inductive Hypothesis that for some $k$, $\sum_{p=0}^{n}(p\cdot p!)=(n+1)!-1$ for each $n$ in $0,...,k-1$.

Now to finish we need to show that $\sum_{p=0}^{k}(p\cdot p!)=(k+1)!-1$.

Let $n$ and $k$ be natural numbers. Suppose our inductive hypothesis is true, i.e. that for some $k$, $\sum_{p=0}^{n}(p\cdot p!)=(n+1)!-1$ for each $n$ in $0,...,k-1$. 

Therefore we know that $\sum_{p=0}^{k-1}(p\cdot p!)=k!-1$.

We can say that $\sum_{p=0}^{k-1}(p\cdot p!)$ is equal to $\left(\sum_{p=0}^{k}(p\cdot p!)\right)-\left(k\cdot k!\right)$ by the definition of sum.

Therefore, $\left(\sum_{p=0}^{k}(p\cdot p!)\right)-\left(k\cdot k!\right)=k!-1$.

By alegebra, $\left(\sum_{p=0}^{k}(p\cdot p!)\right)=k!-1+\left(k\cdot k!\right)=k!\left(k+1\right)-1$.

By the definition of factorial, $k!\left(k+1\right)=\left(k+1\right)!$.

Therefore$ \left(\sum_{p=0}^{k}(p\cdot p!)\right)=\left(k+1\right)!-1$. QED
",2,2,2,2,2,2,2,"Seth"
"299","Exam 4","learningStudy/WrittenInduction_Sum_v3","For all natural numbers n, $\sum_{p=0}^{n}$(p*p!) = (n+1)! - 1. For our base case, note that when n = 1, $\sum_{p=0}^{1}$(p*p!) = 0. Next suppose as our inductive hypothesis that for some k, $\sum_{p=0}^{n}$(p*p!) = (n+1)! - 1, for each n in 0...k. Once solved we see that the answer is (n+1)! - 1, which is what we needed to show.",2,2,2,2,0,0,0,"Seth"
"300","Exam 4","learningStudy/WrittenInduction_Sum_v3","For our base case, note that when n = 0,  $\sum_{p=0}^{n}$(p * p!) = 0 and (n+1)! - 1, for all natural numbers n.

For our inductive hypothesis we will note $\sum_{p=0}^{n}$(p * p!) = (n+1)! - 1 for each n from 0 ... k.

Lastly we will show $\sum_{p=0}^{n}$(p * p!) = 0 and (k+1)! - 1 for the rest of the proof.",2,1,1,2,1,0,0,"Seth"
"301","Exam 4","learningStudy/WrittenInduction_Sum_v3","For the base case suppose that n = 1. $\sum_{p=0}^{1}$(1*1)=1 and (1+1)!-1= 1. 

Inductive hypothesis: For some k $\sum_{p=0}^{n}$(p*p!) = (n+1)! -1 for n where k=2 and  k is 0...k.

Now the proof is that $\sum_{p=0}^{k}$(p*p!) = (k+1)! -1

This can be shown when k=2 in this senerio. 2*2*1+1*1=5 and (3)!-1=6-1=5. The two equations are equilivant. 

This is what we need to show. ",2,2,2,1,1,0,0,"Seth"
"302","Exam 4","learningStudy/WrittenInduction_Sum_v3","n = 0, 0 = 1-1 = 0

Suppose claim holds true for n = 1, ..., k - 1

$\sum^{k-1}_{p=0}(p*p!) = (k)!-1$

n = k+1

$\sum^{k}_{p=0}(p*p!) = (k)!-1 +k!*k =(k+1)!-1$

QED",2,2,2,2,2,2,2,"Seth"
"303","Exam 4","learningStudy/WrittenInduction_Sum_v3","As our base case, when $n=0$, $\sum_{p=0}^n(p*p!)=(0+1)!-1=0$.

Suppose that for some $k$, $\sum_{p=0}^n(p*p!)=(n+1)!-1$ for each $n$ in $0, 1, ..., k-1$.

We need to prove that $\sum_{p=0}^k(p*p!)=(k+1)!-1$.",2,2,2,2,2,0,0,"Seth"
"304","Exam 4","learningStudy/WrittenInduction_Sum_v3","Proof by induction of $n$.

Predicate $P(n): \sum\limits_{p=0}^{n}(p\cdot p!)=(n+1)!-1$ for all natural numbers $n$.

Base case: For $n=0$, $\sum\limits_{p=0}^{0}(p\cdot p!)=0=(0+1)!-1$.

Inductive hypothesis: Suppose that for some $k$, $\sum\limits_{p=0}^{n}(p\cdot p!)=(n+1)!-1$ for each $n$ in $0\cdots k-1$.

We must show that $\sum\limits_{p=0}^{k}(p\cdot p!)=(k+1)!-1$.

$\sum\limits_{p=0}^{k}(p\cdot p!)=\sum\limits_{p=0}^{k-1}(p\cdot p!)+\sum\limits_{p=k}^{k}(p\cdot p!)$

$\sum\limits_{p=0}^{k}(p\cdot p!)=\sum\limits_{p=0}^{k-1}(p\cdot p!)+k\cdot k!$

By definition of the inductive hypothesis, $\sum\limits_{p=0}^{k-1}(p\cdot p!)=k!-1$. Substituting this in gives us

$\sum\limits_{p=0}^{k}(p\cdot p!)=k!-1+k\cdot k!=k\cdot k!+1\cdot k!-1=(k+1)k!-1=(k+1)!-1$, which is what we are trying to prove.
",2,2,2,2,2,1,2,"Seth"
"305","Exam 4","learningStudy/WrittenInduction_Sum_v3","Prove of induction of n. ",0,0,0,0,0,0,0,"Seth"
"306","Exam 4","learningStudy/WrittenInduction_Sum_v3","Let's prove the induction by n that is  $\sum_{p=0}^{n}$ (p*p!) = (n+1)! - 1, for all natural numbers n. If n = 0, (0*0!) = 0 and (0+1)! - 1 = 0, therefore base case of n=0 is true. If n=1, (1*1!) = 1 and (1+1)! - 1 = 1, therefore base case of n=1 is also true.


By our inductive hypothesis, for all values of n, k + 1 that follows 0, 1, 2, ... k + 1,  $\sum_{p=0}^{k + 1}$ (p*p!) = ((k + 1) + 1) - 1. This can be rewritten as $\sum_{p=0}^{k + 1}$ (p*p!) = (k + 2)! - 1. 

.

.


.

$\sum_{p=0}^{n}$ (p*p!) = (n+1)! - 1 which is what we needed to show.",2,2,1,2,0,0,0,"Seth"
"307","Exam 4","learningStudy/WrittenInduction_Sum_v3","Proof by induction n.

Inductive Predicate: $\sum_{p=0}^{n}(p*p!) = (n+1)!-1$ for all natural numbers n.

Base case: When $n=0$, $\sum_{p=0}^{n=0}(p*p!)$ = $0*0! = 0 * 1 = 0$. Also,  $(0+1)!-1 = 1!-1 = 1-1 = 0$. So, this holds true for $n=0$.

Inductive hypothesis: Suppose that for some natural number n, $\sum_{p=0}^{n}(p*p!) = (n+1)!-1$ holds true for each $n$ in $0...k-1$.

Inductive step: Next, we must prove that $\sum_{p=0}^{n}(p*p!) = (n+1)!-1$ is true for $n = k$. This means that $\sum_{p=0}^{k}(p*p!) = (k+1)!-1$. 

can't figure out how to actually prove...",2,2,2,1,2,0,0,"Seth"
"308","Exam 4","learningStudy/WrittenInduction_Sum_v3","Proof by induction: $\sum_{p=0}^{n}(p*p!)=(n+1)!-1$

Base Case: $\sum_{p=0}^{n}(p*p!)=0$ when p is set equal to 0.

Inductive Hypothesis: $\sum_{p=0}^{k+1}(p*p!)=((k+1)+1)!-1$

Inductive Step: $(k+2)!-1$ equals the claim for all natural numbers k. 

Therefore by inductive hypothesis, it can be shown that for any k value the claim holds true.

Therefore by proof by induction, $\sum_{p=0}^{n}(p*p!)=(n+1)!-1$. This is what we were trying to show.",2,1,2,0,2,2,2,"Seth"
"309","Exam 4","learningStudy/WrittenInduction_Sum_v3","Proof by Induction on $n$.

Base Case: $n = 0$, then $\sum_{p=0}^{n} (p * p!) = 0$ and $(n+1)!-1=0$ so the base case is proven.

Inductive hypothesis: For integers $n$ where $n$ is $1, 2, 3... k$, $\sum_{p=0}^{n} (p * p!) = (n+1)!-1$ holds true

Inductive step: $\sum_{p=0}^{k+1} (p * p!) = (k+2)!-1$

Not sure how to break apart this equation, but if the inductive step holds true, then it is proven that $\sum_{p=0}^{n} (p * p!) = (n+1)!-1$ for all integers natural numbers $n$",2,2,2,2,2,0,0,"Seth"
"310","Exam 4","learningStudy/WrittenInduction_Sum_v3","For base case:

 $\sum_{p=0}^{n=0}(p*p!) = (0*0!) = 0 $ and $(n+1)!-1 = 0$
 
 Supposed that for some K,  $\sum_{p  = 0}^{ n}(p*p!) = (n +  1)! - 1$ is true for any n in 0,1,...,k.
 
 We know that $(n+1)! - 1 = (n+1)*n!-1 = n*n!+n!-1$
 
 ",2,2,2,2,0,0,0,"Seth"
"311","Exam 4","learningStudy/WrittenInduction_Sum_v3","Suppose (n+1)! - 1 is true for all natural numbers n. We are trying to prove the claimt aht the summation of p = 0, n (p*p!) = (n+1)! -1. n! = n* (n-1) * (n-2) * .... therefore this is the same value as p * p! due to the indicative hypothesis. ",0,0,0,0,0,0,0,"Seth"
"312","Exam 4","learningStudy/WrittenInduction_Sum_v3","Proof: 

The base case is that for every number a",0,0,0,0,0,0,0,"Seth"
"313","Exam 4","learningStudy/WrittenInduction_Sum_v3","Proof by Induction:

Base: If we let n = 1, 

$\sum_{p=0}^{1}$ (p * p!) = 1

We also know that (1 + 1)! - 1 = 1

From this, we can deduce from proof by induction that this is true for all integers {1,...,k-1).

Therefore, we can see that $\sum_{p=0}^{n}$(p * p!) = (n+1)! - 1

This is what we needed to show.",2,2,0,0,0,0,0,"Seth"
"314","Exam 4","learningStudy/WrittenInduction_Sum_v3","For base case, when n = 1, $\sum_{p=0}^{1}$(1*1!)=1 ,and (1+1)! -1 = 1

For inductive hypothesis, suppose the claim $\sum_{p=0}^{n}$(p*p!)=(n+1)!-1 holds for n = 0,1,2,3,...k-1

We need to prove when n = k, the claim is true.",2,2,2,2,2,0,0,"Seth"
"315","Exam 4","learningStudy/WrittenInduction_Sum_v3","Because n is all natural numbers, our base case is n = 0.

The left hand side is the sum from p = 0 to 0 of p * p!, so 0 * 0! = 0

The right hand side is (0 + 1)! - 1, which is also 0. So the two sides are equal for n = 0 and we've thus proven the base case.

Now, our inductive hypothesis is that for some k, for all n in 0..k: the sum from p = 0 to n of (p * p!) is equal to (n + 1)! - 1.

Our inductive step is that the sum from p = 0 to k + 1 of (p * p!) is equal to (k + 1 + 1)! - 1.

But the sum from p = 0 to k + 1 is of (p * p!) is just equal to the sum from p = 0 to k of (p * p!) + (k + 1) * (k + 1)!

From the inductive hypothesis we have the sum from p = 0 to k of (p * p!) is equal to (k + 1)! - 1.

With this we can rewrite our inductive step as (k + 1)! - 1 + (k + 1) * (k + 1)! is equal to (k + 1 + 1)! - 1.

The left hand side can be factored into (1 + k + 1)((k + 1)!) - 1, which then simplifies to (k + 2)(k + 1)! - 1, which then simplifies even further to (k + 2)! - 1, which is exactlyt he right hand side of the inductive step, which is what we were trying to show.",2,2,2,2,2,2,2,"Seth"
"316","Exam 4","learningStudy/WrittenInduction_Sum_v3","Claim:-  $\sum_{p = 0}^{n}$ (p . p!) = (n + 1)! - 1, for sll nstural numbers n.
Proof by Induction
Base:- When p = 0, (p . p!) = 0 and when n = 0 (n + 1)! - 1 = 0, hence the statement holds for the base case.
Induction:- For some k, $\sum_{p = 0}^{n}$ (p . p!) = (n + 1)! - 1, for 0 ... k. Substitute k into the equation and see that it satisfies the condition for the claim to be true. ",2,2,2,2,0,0,0,"Seth"
"317","Exam 4","learningStudy/WrittenInduction_Sum_v3"," For our base case, note that when 
let $\sum_{p=0}^{n}$ (p * p!) = (n + 1)! - 1, for all natural numbers n.
p! =  p + (p+1)....(p + p);
(n + 1)! = (n + 1)...... (n + 1 + n + 1);
then, p * p! =p * (p + (p+1)....(p + p));
(n + 1)! - 1 = (n + 1)...... (n + 1 + n + 1) - 1;
supose both of them are 0, the both of the value = 1;
that is what we need to show 
",2,1,0,0,0,0,0,"Seth"
"318","Exam 4","learningStudy/WrittenInduction_Sum_v3","We can define our base case to be n = 0  
Then we know that for such a number $0*0!$ = $(0+1)!-1$ = $0$  
Testing for some other number $n = 1$, we also get $1=2-1=1$

To continue, we assume that the proposition is indeed true for $n = 0,1,2,...k$

We need to show that it is true for $n=k+1$ so $\sum_{p=0}^{k+1} (p\cdot p!) =(k+2)!-1$

We have $\sum_{p=0}^{k+1} (p\cdot p!)$ = $(k+1)!-1+(k+1)(k+1)!$

$(k+1)!(1+k+1)-1=(k+2)!-1$ 

Which is what we needed to show",2,2,2,2,2,2,2,"Seth"
"319","Exam 4","learningStudy/WrittenInduction_Sum_v3","Let n = 0, Sum = 0*1 = 1-1

Let n = 1...k

(k+1)! - 1 = (k+1)(k)(k-1)... - 1 = (k+1) (k!) -1 = k(k!)

QED",2,1,0,0,0,0,0,"Seth"
"320","Exam 4","learningStudy/WrittenInduction_Sum_v3","I am not sure how to go about this. I would probably do the following steps: inclusive predicate, base case, inductive hypothesis, inductive step, and then finish the proof. The base case would probably be p = 0 and p = 1.",2,0,0,0,0,0,0,"Seth"
"321","Exam 4","learningStudy/WrittenInduction_Sum_v3","Proof by induction on $n$.

**Inductive predicate:** $\sum_{p=0}^{n}(p * p!) = (n+1)! - 1$

**Base case:** For $n = 0$, $\sum_{p=0}^{0}(p * p!) = 0$ and $(0+1)! - 1 = 0$, so the base case holds.

**Inductive hypothesis:** For some natural number $k$, $\sum_{p=0}^{n}(p * p!) = (n+1)! - 1$ for all $n$ in $0..k-1$

**Inductive step:** Show that $\sum_{p=0}^{k}(p * p!) = (k+1)! - 1$

$\sum_{p=0}^{k}(p \* p!) = (k * k!) + \sum_{p=0}^{k-1}(p \* p!)$.

By the inductive hypothesis, we know that $\sum_{p=0}^{k-1}(p \* p!) = k! - 1$.

Substituting this in, we get $(k*k!) + k! - 1 = k! * (k + 1) - 1 = (k+1)! -1$, which is what we needed to prove.

**QED**",2,2,2,2,2,2,2,"Seth"
"322","Exam 4","learningStudy/WrittenInduction_Sum_v3","Let P(n)be the proposition that $\sum_{p=0}^{n}(p*p!) = (n+1)!-1$ for a;; natural numbers $n$.

First, we need to prove the base case, which means that n = 1 should be true. To prove this, one must equate the LHS and RHS.

This means that $1*1!$ should equal $(1+1)!-1$, which it does, since both are equal to one.

Next, assume that P(k) is true for an arbitrary natural number k.

$\sum_{p=0}^{k}(p*p!) = (k+1)!-1$

Given this, we need to prove that P(k) leads to P(k + 1). This means that:

$\sum_{p=0}^{k}(p*p!) = (k+1)!-1$ should lead to $(k+2)(k+1)! - 1$",2,2,2,2,2,0,0,"Seth"
"323","Exam 4","learningStudy/WrittenInduction_Sum_v3","I dont know what strong induction is",0,0,0,0,0,0,0,"Seth"
"324","Exam 4","learningStudy/WrittenInduction_Sum_v3","The base ccase is when p = 0, so LHS would be the summation of 0 * 0! which is 0. RHS would be 1! - 1 which is 0. So the base case is true. Then if we increment by 1. The LHS would be (p+1) * (p+1)! which is the same as (p+1)! - 1. So, this means it is the same as RHS, which is what we needed to prove. ",2,2,0,0,0,0,0,"Seth"
"325","Exam 4","learningStudy/WrittenInduction_Sum_v3","The base case is that $\sum_{p = 0}^{1}$  
That would result in an LHS where (0) + (1)  = 1 
The RHS = (1+1)! - 1 = (1*2) - 1 = 2 - 1 = 1. thus the base case is proven.

My inductive step would to rearrange the given equation.
The rearranged equation is [(n+1)! - $\sum_{p = 0}^{n}$ (p*p!)] = 1.

Now, we can easily check for another case that would prove the claim.

Let it be $\sum_{p = 0}^{5}$  
So the LHS = (5 + 1)! - $\sum_{p = 0}^{5}$  (p*p!).
LHS = 6! - (0+1+4+18+96+600) = 720 - 719 = 1 = RHS, hence proven.",2,2,0,0,0,0,0,"Seth"
"326","Exam 4","learningStudy/WrittenInduction_Sum_v3","base case: when n = 0, $\sum_{0}^{0}$(p*p!) = 0.
when n = 1, $\sum_{1}^{1}$(p*p!) = 1

hypothesis: suppose that $\sum_{p}^{n}$(p*p!) = (n + 1)! - 1 for n = 0, 1, ... k - 1, where k >= 2.

Then we need to prove that $\sum_{p}^{n}$(p*p!) = (n + 1)! - 1 works when n = k.

If n = k, $\sum_{p}^{n}$(p*p!) = $\sum_{p}^{k}$(p*p!) = $\sum_{p}^{k - 1}$(p*p!) + k*k!

Since $\sum_{p}^{n}$(p*p!) = (n + 1)! - 1 works for n = k - 1, then $\sum_{p}^{k - 1}$(p*p!) = k! - 1

Thus $\sum_{p}^{k - 1}$(p*p!) + k*k! = k*k! + k! - 1 = (k + 1) * k! - 1 = (k + 1)! - 1, which is what we need to know.",2,2,2,2,2,2,2,"Seth"
"327","Exam 4","learningStudy/WrittenInduction_Sum_v3","Let $\sum_{xxx}^{yyy}p(p!)$ = (n+1)! - 1, for all natural numbers n.

Base Case: n=0: $\sum_{p=0}^{0}p(p!)$ = 0 and (0+1)! - 1 = 0, wehre n is a natural number at k is a natural number..

Inductive Hypothesis: $\sum_{p=0}^{k+1}p(p!)$ = (n+1)! - 1.

Inductive Step

Logic

Therefore, $\sum_{xxx}^{yyy}p(p!)$ = (n+1)! - 1, for all natural numbers n.",2,2,1,0,0,0,0,"Seth"
"328","Exam 4","learningStudy/WrittenInduction_Sum_v3","By induction, we need to prove the claim is true for all natural numbers n.",0,0,0,0,0,0,0,"Seth"
"329","Exam 4","learningStudy/WrittenInduction_Sum_v3","Base case: 0 x 0! = 1 - 1 (true)

Inductive hypothesis: the summation above holds for all natural numbers n in 0...k-1

Inductive step: we need to show that $\sum_{p=0}^{k}$ (p x p!) = (k+1)! - 1

(k+1)! - 1 = (k!)(k + 1) - 1

So  (k+1)! - 1 = (k x k!)

And if k = p, then (k x k!) = (p x p!)

So (p x p!) = (k + 1)! - 1, QED",2,2,2,2,2,0,0,"Seth"
"330","Exam 4","learningStudy/WrittenInduction_Sum_v3","The base case is when n = 0, $\sum_{p = 0}^{n}$ (p * p!) = 0 and 1! - 1 = 0

Our inductive hypothesis is $\sum_{p = 0}^{n}$ (p * p!) = (n + 1)! - 1 for all k 0...k

we need to show that $\sum_{p = 0}^{k }$ (p * p!) = (k + 1)! - 1



",2,2,2,2,1,0,0,"Seth"
"331","Exam 4","learningStudy/WrittenInduction_Sum_v3","Induction Hypothesis: Let $\sum_{p = 0}^{n}$(p x p!) = (n + 1)! - 1 for some each n in 0...k.       
Then $\sum_{p = 0}^{k + 1}$(p x p!) = (k + 2)! - 1 .        
If p = 0 then (0 x 0!) = (0 x 1) = 0 and if k = 0 then (0 + 1) = 1.   
Then 1 -1 = 0. So 0 = 0 and that is what we needed to prove.",2,2,2,2,0,0,0,"Seth"
"332","Exam 4","learningStudy/WrittenInduction_Sum_v3","1. p * p! can be rewritten as (p+1)!-1 and this can be proven as follows:
2. There will be an additional p if p is permuted to p+1 in order to remove the p and put it back into the factorial
3. The -1 is necessary to symbolize the reduction to equate to p for n values",0,0,0,0,0,0,0,"Seth"
"333","Exam 4","learningStudy/WrittenInduction_Sum_v3","For our base case, $\sum_{p=0}^{1}$ (p*p!) = (0*0!) + (1*1!) = 1 and (1+1)! - 1 = 1.

Suppose as our inductive hypothesis, that $\sum_{p=0}^{n}$ (p*p!) = (n+1)-1! for all n in 1 ... k (k >= 1).

Now our next step is to prove that $\sum_{p = 0}^{k+1}$ ((k+1)*(k+1)!)= (k+2)! - 1.

So, $\sum_{p = 0}^{k+1}$ ((k+1)*(k+1)!) = $\sum_{p = 0}^{k}$ (k*k!) + ((k+1)*(k+1)!) =(k+2)! - 1

Substituting our hypothesis in, we get, (k+1)! - 1 + (k+1)*(k+1)! = (k+2)(k+1)!-1/

    (k+1)! + (k+1)*(k+1)! = (k+1)!(k+2)
    (k+1)! (1+(k+1)) = (k+1)!(k+2)
    k+2 = k+2.
    
This is what we needed to show to prove $\sum_{p=0}^{n}$ (p*p!) = (n+1)! - 1 for all natural numbers n.



",2,2,2,2,2,2,2,"Seth"
"334","Exam 4","learningStudy/WrittenInduction_Sum_v3","Let the base case be for n = 0: 

At n = 0, the (p * p!) = 0 which is equal to (n + 1)! - 1

Inductive hypothesis: Suppose for for all integers n that are represented by k, where k ranges from 0 to k,  $\sum_{0}^{n}$ (p * p!) = (n + 1)! - 1 

Inductive step: $\sum_{p = 0}^{k + 1}$ (p * p!) = ((k + 1) + 1)! - 1 

",2,2,2,2,2,0,0,"Seth"
"335","Exam 4","learningStudy/WrittenInduction_Sum_v3","Case base: n = 0
$\sum_{p=0}^{0}(p*p!) = (0*0!) = 1 = (0+1)!-1$ 

Induction proof:
Assume $\sum_{p=0}^{n}(p*p!)  = (n+1)-1$ for 0,1,...,k

Consider k +1,  $\sum_{p=0}^{n}(p*p!) = (k+1)*(k+1)! = (k+1)^2k!$

$(k+2)!-1 = (k+2)(k+1)*k!-1$ stuck",2,2,2,2,1,0,0,"Seth"
"336","Exam 4","learningStudy/WrittenInduction_Sum_v3","Base case: $(0+1)!-1=0$<br>
Sorry I am sick right now and I can't think well (and I don't really remember what I learned last week). This is all I can do right now. ",2,1,0,0,0,0,0,"Seth"
"337","Exam 4","learningStudy/WrittenInduction_Sum_v3","first, we ientify the best case n = 0. $\sum_{0}^{0}$ = 0. (0 + 1)! - 1 = 0.

Then, the induction hypothesis is  $\sum_{p =0}^{n}$ (p * p!) = (n + 1)! - 1 for n = 0,1,2,.....k and -1,-2,-3....-k

The first step of induction is to prove that (I forgot how to write the rest of the steps).",2,2,2,1,0,0,0,"Seth"
"338","Exam 4","learningStudy/WrittenInduction_Sum_v3","$\sum_{p=0}^{n}$(p.p!) = 0 + 1 + ... +(n.n!)
This would mean n!(n+1) = (n+1)!
Since we have an extra one, we have t subtract it which makes it (n+1)! - 1",0,0,0,0,0,0,0,"Seth"
"339","Exam 4","learningStudy/WrittenInduction_Sum_v3","$\sum_{p=0}^{n}$(p.p!)=n*(n)(n-1)(n-2)...
= n((n)!-1)
=(n+1)!-1
Hence proved",0,0,0,0,0,0,0,"Seth"
"340","Exam 4","learningStudy/WrittenInduction_Sum_v3","for p= , the case is valid and for p=n; (n+1)! - 1 = (n+1) * n! - 1;
for  $\sum_{n}^{p=0}$(p*p!)=0+.......+n-1(n-1)! + n (n!) = (n+1) * n! - 1;
0+.....+n",0,0,0,0,0,0,0,"Seth"
"341","Exam 4","learningStudy/WrittenInduction_Sum_v3"," $\sum_{n}^{0}$ is true for all natural number n
 
 first (n+1) is true for all natural number n if from 0 and finate is n, and so (n+1)! is true for all natural number n.
 second, p * p! = p^2 *(p-1)(p-2)*---* 1, which replace p = n+2 that will become (n+2)^2 * (n+1)! and n + 2 can be 1 so 
 it is true",0,0,0,0,0,0,0,"Seth"
"342","Exam 4","learningStudy/WrittenInduction_Sum_v3","base case : when n = 0, (0*0!) = 0*1 = 0, (0+1)!-1 = 0, 0 = 0, base case is true.

induction hypothesis: suppose $\sum_{p=0}^{n}$ (p*p!) = (n+1)! - 1 for n = 0,1,2...,k-1

we need to prove that $\sum_{p=0}^{k}$ (p*p!) = (k+1)! - 1

$\sum_{p=0}^{k}$ (p*p!) = $\sum_{p=0}^{k-1}$ (p*p!) + (k*k!)

from induction hypothesis, we know that $\sum_{p=0}^{k-1}$ (p*p!) = k!-1

so $\sum_{p=0}^{k}$ (p*p!) = k! - 1 + (k*k!) = k!*(k+1) - 1 = (k+1)! - 1, which is what we needed to prove",2,2,2,2,2,2,2,"Seth"
"343","Exam 4","learningStudy/WrittenInduction_Sum_v3","Proof by induction

Base case: for n = 0,  $\sum_{p = 0}^{0}$ p*p! = 0 and (0 + 1)! -1 = 0, therefore P(0) is true.

Inductive hypothesis: Suppose that P(n) is true for all natural numners from 0 to k.
We have to prove that P(k+1) is also true.

 $\sum_{p = 0}^{k + 1}$ p*p! =  $\sum_{p = 0}^{k}$ p*p! + (k+1)*(k+1)!
 
 By the inductive hypothesis,  $\sum_{p = 0}^{k}$ p*p! = (k+1)! - 1
 
 (k+1)! - 1 + (k+1)!*(k+1)
 
 (k+1)! - 1 + k(k+1)! + (k+1)!
 
 (k+2)(k+1)! - 1
 
 (k+2)! - 1
 
 Hence proved.
",2,2,2,2,2,2,2,"Seth"
"344","Exam 4","learningStudy/WrittenInduction_Sum_v3","Base: $\sum_{p=0}^{n}$(p*p!)=(n)!-1, for all natural numbers n.
Proof: k-1",0,0,0,0,0,0,0,"Seth"
