original_index,cleaned_question,cleaned_proof,proof_metadata,component_scores,quality_score
0,"Use (strong) induction to prove the following claim: For any natural number \(n\), \(2n^3 + 3n^2 + n\) is divisible by 6.","Let the base case be for n = 0: At n = 2, 2n^3 + 3n^2 + n = 0 which is divisible by 6 Inductive hypothesis: Suppose for all n that is represented by integers k ranging from 0 to k, 2n^3 + 3n^2 + n is divisble by 6 Inductive step: prove that 2(k + 1)^3 + 3(k + 1)^2 + k expand the the factorial which reults in a polynomial with all of the k's being intgers and the coefficients being factors of 6. Thus, the whole expression is divisible by 6 due to transitivity.","{'has_proof': True, 'length': 463, 'has_base_case': True, 'has_induction_hypothesis': True, 'has_induction_step': True, 'has_qed': False, 'quality_score': 5.43}","{'identify_base_case': 2, 'prove_base_case': 2, 'hypothesis_stated': 2, 'hypothesis_given_bound': 2, 'goal_clear': 1, 'expression_decomposed': 0, 'inductive_hypothesis_applied': 0}",6.715714285714285
1,"Use (strong) induction to prove the following claim: For any natural number \(n\), \(2n^3 + 3n^2 + n\) is divisible by 6.","Taking the base case , n = 0 we get 2(0)^3 + 3(0)^2 + 0 = 0 which is divisible by 6. Thus the claim is true for base case. Let the claim be true for all integers n in (0,1,2...k),. So, 6 | 2k^3+3k^2+k The goal is to prove that it is true for k+1 also. 2(k+1)^3 + 3(k+1)^2 + k + 1 = (k+1)(2(k+1)^2 + 3 (k+1) + 1) = (k+1)(2k^2+7k+6) = 2k^3 + 9k^2 + 13k + 6 = (2k^3 + 3k^2 + k ) + 6(k^2 + 2k + 1) which is clearly divisible by 6.","{'has_proof': True, 'length': 426, 'has_base_case': True, 'has_induction_hypothesis': False, 'has_induction_step': False, 'has_qed': False, 'quality_score': 2.35}","{'identify_base_case': 2, 'prove_base_case': 2, 'hypothesis_stated': 2, 'hypothesis_given_bound': 2, 'goal_clear': 2, 'expression_decomposed': 2, 'inductive_hypothesis_applied': 2}",4.35
2,"Use (strong) induction to prove the following claim: For any natural number \(n\), \(2n^3 + 3n^2 + n\) is divisible by 6.","base case: defintion of divisibility a|b for some integer k, k = a * 6 inductive hypothesis: inductive step: For any natural number n, 2n^3+3n^2+n is divisible by 6. QED","{'has_proof': True, 'length': 169, 'has_base_case': True, 'has_induction_hypothesis': True, 'has_induction_step': True, 'has_qed': True, 'quality_score': 6.34}","{'identify_base_case': 0, 'prove_base_case': 0, 'hypothesis_stated': 0, 'hypothesis_given_bound': 0, 'goal_clear': 0, 'expression_decomposed': 0, 'inductive_hypothesis_applied': 0}",6.34
3,"Use (strong) induction to prove the following claim: For any natural number \(n\), \(2n^3 + 3n^2 + n\) is divisible by 6.","I am not sure how to go about this. I would probably do the following steps: inclusive predicate, base case, inductive hypothesis, inductive step, and then finish the proof. The base case would probably be p = 0 and p = 1, and then I would extend that to the remainder of the natural numbers by using an inductive hypothesis that encompasses k+1.","{'has_proof': True, 'length': 346, 'has_base_case': True, 'has_induction_hypothesis': True, 'has_induction_step': True, 'has_qed': False, 'quality_score': 5.19}","{'identify_base_case': 2, 'prove_base_case': 0, 'hypothesis_stated': 0, 'hypothesis_given_bound': 0, 'goal_clear': 0, 'expression_decomposed': 0, 'inductive_hypothesis_applied': 0}",5.475714285714286
4,"Use (strong) induction to prove the following claim: For any natural number \(n\), \(2n^3 + 3n^2 + n\) is divisible by 6.","We will use proof by induction For any natural number n, 2n^3+3n^2+n is divisible by 6. Base Case: Natural number are all non-positive number, so consider the base case when n = 0, 2n^3+3n^2+n is divisible by 6. And then consider when n = 1, then 2n^3+3n^2+n equals to 6, which is also divisible by n. Induction Hypothesis: For some value k, 2n^3+3n^2+n is divisible by 6 for any natural number n which is in 0...k. Induction Step: Consider for k, 2k^3+3k^2+k and is divisible by 6. Induction Result: So for any natural number n, 2n^3+3n^2+n will be divisible by 6, which is what we need to prove.","{'has_proof': True, 'length': 597, 'has_base_case': True, 'has_induction_hypothesis': True, 'has_induction_step': True, 'has_qed': False, 'quality_score': 5.69}","{'identify_base_case': 2, 'prove_base_case': 2, 'hypothesis_stated': 2, 'hypothesis_given_bound': 2, 'goal_clear': 0, 'expression_decomposed': 0, 'inductive_hypothesis_applied': 0}",6.832857142857144
5,"Use (strong) induction to prove the following claim: For any natural number \(n\), \(2n^3 + 3n^2 + n\) is divisible by 6.","The base case is n = 0, and 0 is divisible by 6. Suppose as our Inductive Hypothesis that 2n^3 + 3n^2 + n is divisible by 6 for n in 0...k(k>=0). We need to prove that 2(n+1)^3 + 3(n+1)^2 + n + 1 is also divisible by 6. The equation equals (2n^3 + 3n^2 + n) + 6(n^2 +2n +1), which is clearly divisible by 6. And this is what we needed to know.","{'has_proof': True, 'length': 343, 'has_base_case': True, 'has_induction_hypothesis': True, 'has_induction_step': False, 'has_qed': False, 'quality_score': 3.69}","{'identify_base_case': 2, 'prove_base_case': 2, 'hypothesis_stated': 2, 'hypothesis_given_bound': 2, 'goal_clear': 2, 'expression_decomposed': 2, 'inductive_hypothesis_applied': 2}",5.6899999999999995
6,"Use (strong) induction to prove the following claim: For any natural number \(n\), \(2n^3 + 3n^2 + n\) is divisible by 6.","Base case: \n=0, 2*0^3+3*0^2+0=0\, which is divisble by 6. Inductive hypothesis: \2n^3+3n^2+n\ is divisible by 6 for \n\ in \0, ... k\ Inductive step: \2(n+1)^3+3(n+1)^2+(n+1)\ is divisible by 6. Simplifying the above, we get \2(n^3+3n^2+3n+1)+3(n^2+2n+1)+(n+1)\ \2n^3+6n^2+6n+2+3n^2+6n+3+n+1\ \2n^3+9n^2+13n+6\ \2n^3+3n^2+n+6n^2+12n+6\ From our inductive hypothesis, we know that \2n^3+3n^2\ is divisible by 6. Let \K = n^2\ and \P = 2n\. Since \n\ is a whole number, we know that \K\ and \P\ must be integers as well. Thus, we can rewrite \6n^2\ as \6K\ and \12n\ as \6P\. From the definition of divisibility, we know that \6n^2\ and \12n\ must be divisble by 6. And obviously 6 is divisble by 6. So \2n^3+3n^2+n+6n^2+12n+6\ is a sum of numbers divisble by 6, which means it is also divisble by 6. QED.","{'has_proof': True, 'length': 804, 'has_base_case': True, 'has_induction_hypothesis': True, 'has_induction_step': True, 'has_qed': True, 'quality_score': 7.61}","{'identify_base_case': 2, 'prove_base_case': 2, 'hypothesis_stated': 2, 'hypothesis_given_bound': 2, 'goal_clear': 2, 'expression_decomposed': 2, 'inductive_hypothesis_applied': 2}",9.61
7,"Use (strong) induction to prove the following claim: For any natural number \(n\), \(2n^3 + 3n^2 + n\) is divisible by 6.","Let n be a natural number. Suppose 2n^3 + 3n^2 + n is divisible by 6. The base case is n = 1, where 2^3 + 3^2 + 1 = 18, which is divisible by 6. The induvtive hypothesis is that for some k, 2n^3 + 3n^2 + n is divisible by 6 where n = 0,...,k. Thus, 2k^3 + 3k^2 + k. k(2k^2 + 3k + 1) = k(2k + 1)(k + 1). By inductive hypothesis, k is divisible by 6. Since (2k+1) and (k+1) multiply k, and k is divisble by 6, then 2k^3 + 3k^2 + k is divisible by 6. Thus, 2n^3 + 3n^2 + n is divisible by 6.","{'has_proof': True, 'length': 488, 'has_base_case': True, 'has_induction_hypothesis': True, 'has_induction_step': False, 'has_qed': False, 'quality_score': 3.98}","{'identify_base_case': 2, 'prove_base_case': 1, 'hypothesis_stated': 2, 'hypothesis_given_bound': 2, 'goal_clear': 1, 'expression_decomposed': 0, 'inductive_hypothesis_applied': 0}",5.122857142857143
8,"Use (strong) induction to prove the following claim: For any natural number \(n\), \(2n^3 + 3n^2 + n\) is divisible by 6.",2(k+1)^3 + 3(k+1)^2 + k + 1,"{'has_proof': True, 'length': 27, 'has_base_case': False, 'has_induction_hypothesis': False, 'has_induction_step': False, 'has_qed': False, 'quality_score': 0.05}","{'identify_base_case': 0, 'prove_base_case': 0, 'hypothesis_stated': 0, 'hypothesis_given_bound': 0, 'goal_clear': 0, 'expression_decomposed': 0, 'inductive_hypothesis_applied': 0}",0.05
9,"Use (strong) induction to prove the following claim: For any natural number \(n\), \(2n^3 + 3n^2 + n\) is divisible by 6.","Proof by Induction on n For our base case, note that when n=0 2n^3+3n^2+n=2(0)+3(0)+0=0 which is divisible by 6 Suppose as our Inductive Hypothesis that 2n^3+3n^2+n for n in 0...k k\\geq\0 Now to finish we need to show that 2k^3+3k^2+k is divisible by 6","{'has_proof': True, 'length': 253, 'has_base_case': True, 'has_induction_hypothesis': True, 'has_induction_step': False, 'has_qed': False, 'quality_score': 3.51}","{'identify_base_case': 2, 'prove_base_case': 2, 'hypothesis_stated': 2, 'hypothesis_given_bound': 2, 'goal_clear': 1, 'expression_decomposed': 0, 'inductive_hypothesis_applied': 0}",4.795714285714285
10,"Use (strong) induction to prove the following claim: For any natural number \(n\), \(2n^3 + 3n^2 + n\) is divisible by 6.","For the base case \n=0\ we know that 0+0+0=0 which is indeed divisible by 6 Continuing we need to show that for any \n=1,2,3,...k\ the proposition is divisible by 6 So \2(k+1)^3+3(k+1)^2+(k+1)\ This expands to \2(k^3+3k^2+3k+1)+3(k^2+2k+1)+k+1\ \2k^3+6k^2+6k+2 +3k^2+6k+3+k+1\ From this we can take out the terms \2k^3+3k^2+k\ which we know is divisible by 6 as \6n\ \6n+6k^2+6k+6\ which is \6(a)\ for some integer \a\ and this is divisible by 6","{'has_proof': True, 'length': 445, 'has_base_case': True, 'has_induction_hypothesis': False, 'has_induction_step': False, 'has_qed': False, 'quality_score': 2.39}","{'identify_base_case': 2, 'prove_base_case': 2, 'hypothesis_stated': 1, 'hypothesis_given_bound': 2, 'goal_clear': 1, 'expression_decomposed': 2, 'inductive_hypothesis_applied': 2}",4.104285714285714
11,"Use (strong) induction to prove the following claim: For any natural number \(n\), \(2n^3 + 3n^2 + n\) is divisible by 6.","in our base case n = 0, note that 2(0)^3+3(0)^2+0 = 0, which is divisible by 6. let our inductive hypothesis be for some k, 2n^3 + 3n^2 + n is divisible by 6 for each n in 0...k.","{'has_proof': True, 'length': 178, 'has_base_case': True, 'has_induction_hypothesis': True, 'has_induction_step': False, 'has_qed': False, 'quality_score': 3.36}","{'identify_base_case': 2, 'prove_base_case': 2, 'hypothesis_stated': 2, 'hypothesis_given_bound': 2, 'goal_clear': 0, 'expression_decomposed': 0, 'inductive_hypothesis_applied': 0}",4.502857142857143
12,"Use (strong) induction to prove the following claim: For any natural number \(n\), \(2n^3 + 3n^2 + n\) is divisible by 6.","For n = 1, 2(1)^3 + 3(1)^2 + 1 = 6. 6 is divisible by 6, so this is proves. For n = 3, 2(3)^3 + 3(3)^2 + 3 = 54 + 27 + 3 = 84. 84 divided by 6 is 14. This proves the claim.","{'has_proof': True, 'length': 172, 'has_base_case': False, 'has_induction_hypothesis': False, 'has_induction_step': False, 'has_qed': False, 'quality_score': 0.34}","{'identify_base_case': 2, 'prove_base_case': 2, 'hypothesis_stated': 0, 'hypothesis_given_bound': 0, 'goal_clear': 0, 'expression_decomposed': 0, 'inductive_hypothesis_applied': 0}",0.9114285714285715
13,"Use (strong) induction to prove the following claim: For any natural number \(n\), \(2n^3 + 3n^2 + n\) is divisible by 6.","Claim: For any natural number n, \2n^3 + 3n^2 + n\ is divisible by 6. Proof: We will prove this claim by induction. Base Case: When n = 0, \2(0)^3 + 3(0)^2 + 0\ = 0, which is divisible by 6. We will assume that \2n^3 + 3n^2 + n\ is divisible by 6 for n=0...k, where k is some natural number n. When n = k+1, \2(k+1)^3 + 3(k+1)^2 + (k) = 2k^3 + 3k^2 + k + 6k^2 + 12k + 5\. We know that \2k^3 + 3k^2 + k\ is divisible by 6, and by the definition of remainder, we can conclude that the rest is also divisible by 6, which is what we wanted to prove. Through mathematical induction, we can conclude that \2n^3 + 3n^2 + n\ is divisible by 6.","{'has_proof': True, 'length': 635, 'has_base_case': True, 'has_induction_hypothesis': False, 'has_induction_step': False, 'has_qed': False, 'quality_score': 2.77}","{'identify_base_case': 2, 'prove_base_case': 2, 'hypothesis_stated': 2, 'hypothesis_given_bound': 2, 'goal_clear': 1, 'expression_decomposed': 2, 'inductive_hypothesis_applied': 2}",4.627142857142857
14,"Use (strong) induction to prove the following claim: For any natural number \(n\), \(2n^3 + 3n^2 + n\) is divisible by 6.","2*n^3 + 3*n^2 + n = n*(2*n^2+3*n+1) = n*(2*n+1)*(n+1). Since n is a natural number, there must be one number between n and n + 1 that is divisible by 2. Multiply the formula by four first and devide it by four as: 2*n*(2*n+1)*(n+1)*2/4 = 2*n*(2*n+1)*(2*n+2)/4. Again since n is a natural number, one of 2n, 2n+1 and 2n+2 must be divisible by 3. Since 4 contains no factor 3, n*(2*n+1)*(n+1) must be divisible by 3. Since n*(2*n+1)*(n+1) is divisible by both 2 and 3, it is divisible by 6, thus the original formula 2*n^3 + 3*n^2 + n must also be divisible by 6, which is what we need to show.","{'has_proof': True, 'length': 592, 'has_base_case': False, 'has_induction_hypothesis': False, 'has_induction_step': False, 'has_qed': False, 'quality_score': 1.18}","{'identify_base_case': 0, 'prove_base_case': 0, 'hypothesis_stated': 0, 'hypothesis_given_bound': 0, 'goal_clear': 0, 'expression_decomposed': 0, 'inductive_hypothesis_applied': 0}",1.18
15,"Use (strong) induction to prove the following claim: For any natural number \(n\), \(2n^3 + 3n^2 + n\) is divisible by 6.","Proof (By induction): Base Case: Let \n = 1\. 2*1^3 + 3*1^2 + 1 = 6. 6 divides 6 so the base case holds. Induction hypothesis: Let there be a natural number k such that for all n <= k, the proposition P(n) stated in the question holds. We will show that P(k+1) also holds. 2(k+1)^3 + 3*(k+1)2 + (k+1) can be simplified down to a number that is divisible by 6 through using the induction step. (I ran out of time to show the full steps) Since we showed that the proposition \P(k) \implies P(k+1)\ for all natural numbers k, then this proposition is proved by induction.","{'has_proof': True, 'length': 568, 'has_base_case': True, 'has_induction_hypothesis': True, 'has_induction_step': True, 'has_qed': False, 'quality_score': 5.64}","{'identify_base_case': 2, 'prove_base_case': 2, 'hypothesis_stated': 2, 'hypothesis_given_bound': 2, 'goal_clear': 2, 'expression_decomposed': 0, 'inductive_hypothesis_applied': 0}",7.0685714285714285
16,"Use (strong) induction to prove the following claim: For any natural number \(n\), \(2n^3 + 3n^2 + n\) is divisible by 6.","Proof: For any natural number n, 2n^3 + 3n^2 + n is divisible y 6 by iniducition Base Case: For n = 0, we get an output of 0, which is divisible by 6, proving the base case Induction Hypothesis: For a natural number k, 2n^3 + 3n^2 +n is divisible by 6 for n is 0,1,2.....k Induction Step: 2(k+1)^3 + 3(k+1)^2 + (k+1) is divisible by 6 for any natural number k Prove: By plugging in a natural number k, such as 3, we can see that 2(4)^3 + 3(4)^2 + 4 = 64*2 + 48 + 4 = 52 + 128 = 180 which is in fact divisible by 6. As we go down the line of induction, we can see that for every natural number k, the induction hypothesis is correct. Conclusion: By proving the induction hypothesis, we can conclude for any natural number n, 2n^3 + 3n^2 + n is divisible by 6","{'has_proof': True, 'length': 757, 'has_base_case': True, 'has_induction_hypothesis': True, 'has_induction_step': True, 'has_qed': False, 'quality_score': 6.01}","{'identify_base_case': 2, 'prove_base_case': 2, 'hypothesis_stated': 2, 'hypothesis_given_bound': 2, 'goal_clear': 2, 'expression_decomposed': 0, 'inductive_hypothesis_applied': 0}",7.438571428571429
17,"Use (strong) induction to prove the following claim: For any natural number \(n\), \(2n^3 + 3n^2 + n\) is divisible by 6.","Suppose 2k^3 + 3k^2 + k for k is any natural number is divisible by 6. 6 | 2k^3 + 3k^2 + k. 6 | k (2k^2 + 3k + 1). 6 | k(2k + 1)(k+1) | k = 0, 6 | 0. k = 1, 6 | (6).","{'has_proof': True, 'length': 165, 'has_base_case': False, 'has_induction_hypothesis': False, 'has_induction_step': False, 'has_qed': False, 'quality_score': 0.33}","{'identify_base_case': 2, 'prove_base_case': 2, 'hypothesis_stated': 0, 'hypothesis_given_bound': 0, 'goal_clear': 0, 'expression_decomposed': 0, 'inductive_hypothesis_applied': 0}",0.9014285714285715
18,"Use (strong) induction to prove the following claim: For any natural number \(n\), \(2n^3 + 3n^2 + n\) is divisible by 6.","using n for induction Base case: \n = 1\, \2(1) + 3(1) + 1 = 6\ and six is obviously a multiple of 3 Hypothesis: for \n=k\, \2k^3+3k^2+k\ is a multiple of 3 We need to prove \2(k+1)^3+3(k+1)^2+k+1\ is a multiple of 3 \2(k+1)(k^2+2k+1)+3k^2+6k+3+k+1\ \2(k^3+2k^2+k+k^2+2k+1)+3k^2+6k+3+k+1\ \2k^3+9k^2+13k+6\ \(2k^3+3k^2+k)+6k^2+12k+6\ \(2k^3+3k^2+k)+3(2k^2+4k+2)\ \(2k^3+3k^2+k)\ is a multiple of 3 by the hypothesis and \3(2k^2+4k+2)\ is a multiple of 3 because it is an integer times 3 Thus, the sum of two multiples of 3 is a multiple of 3 and we have proven what needed to prove.","{'has_proof': True, 'length': 582, 'has_base_case': True, 'has_induction_hypothesis': False, 'has_induction_step': False, 'has_qed': False, 'quality_score': 2.66}","{'identify_base_case': 2, 'prove_base_case': 1, 'hypothesis_stated': 2, 'hypothesis_given_bound': 2, 'goal_clear': 2, 'expression_decomposed': 2, 'inductive_hypothesis_applied': 2}",4.517142857142858
19,"Use (strong) induction to prove the following claim: For any natural number \(n\), \(2n^3 + 3n^2 + n\) is divisible by 6.","induction on n for n =1, 2(1)+3(1)+1 = 6. 6 is divisible by 6 therefore base case is true. assume for n = k, 2k^3 + 3k^2 + k is divisible by 6. then we need to prove that the statement holds true for n = k+1. 2(k+1)^3 + 3(k+1)^2 + k 2k^3 + 6k^2 + 6k + 2 + 3k^2 + 3 + 6k + k = 2k^3 + 9k^2 + 13k + 5 which is divisible by 6","{'has_proof': True, 'length': 321, 'has_base_case': True, 'has_induction_hypothesis': False, 'has_induction_step': False, 'has_qed': True, 'quality_score': 3.64}","{'identify_base_case': 2, 'prove_base_case': 2, 'hypothesis_stated': 2, 'hypothesis_given_bound': 2, 'goal_clear': 2, 'expression_decomposed': 0, 'inductive_hypothesis_applied': 0}",5.0685714285714285
20,"Use (strong) induction to prove the following claim: For any natural number \(n\), \(2n^3 + 3n^2 + n\) is divisible by 6.","Base case: n=0.\2n^3+3n^2+n=0\. We know that 0 is divisible by 6. Inductive hypothesis: Assume the claim works for all natural number n, prove that it works for n+1. Inductive steps: \2(n+1)^3+3(n+1)^2+(n+1)=(n+1)(2n^2+7n+6)=2n^3+7n^2+6n+2n^2+7n+6\. Simplify the equation, we can get \2n^3+3n^2+n+6(n+1)^2\. Because the first half of the equation is divisible by 6, \(n+1)\ is some natural number, and that \6(n+1)^2\ is divisible by 6. Therefore, the whole equation is divisible by 6, and the proof is done.","{'has_proof': True, 'length': 508, 'has_base_case': True, 'has_induction_hypothesis': True, 'has_induction_step': True, 'has_qed': True, 'quality_score': 7.02}","{'identify_base_case': 2, 'prove_base_case': 2, 'hypothesis_stated': 2, 'hypothesis_given_bound': 1, 'goal_clear': 2, 'expression_decomposed': 2, 'inductive_hypothesis_applied': 2}",8.877142857142857
21,"Use (strong) induction to prove the following claim: For any natural number \(n\), \(2n^3 + 3n^2 + n\) is divisible by 6.",I'm not sure,"{'has_proof': True, 'length': 12, 'has_base_case': False, 'has_induction_hypothesis': False, 'has_induction_step': False, 'has_qed': False, 'quality_score': 0.02}","{'identify_base_case': 0, 'prove_base_case': 0, 'hypothesis_stated': 0, 'hypothesis_given_bound': 0, 'goal_clear': 0, 'expression_decomposed': 0, 'inductive_hypothesis_applied': 0}",0.02
22,"Use (strong) induction to prove the following claim: For any natural number \(n\), \(2n^3 + 3n^2 + n\) is divisible by 6.","For our base case, when n = 1, 2n^3 + 3n^2 + n = 6 and 6 is divisible by 6 Suppose as our inductive hypothesis that for some k, 2n^3 + 3n^2 + n is divisible by 6 for each n in 0.....k-1 Show that 2n^k - 3n^k + k is divisible by 6","{'has_proof': True, 'length': 229, 'has_base_case': True, 'has_induction_hypothesis': True, 'has_induction_step': False, 'has_qed': False, 'quality_score': 3.46}","{'identify_base_case': 2, 'prove_base_case': 2, 'hypothesis_stated': 2, 'hypothesis_given_bound': 2, 'goal_clear': 1, 'expression_decomposed': 0, 'inductive_hypothesis_applied': 0}",4.7457142857142856
23,"Use (strong) induction to prove the following claim: For any natural number \(n\), \(2n^3 + 3n^2 + n\) is divisible by 6.","base: for any natural number n, 2(n-1)^3+3(n-1)^2+n-1 is divisible by 6. proof: (n-1)(2(n-1)^2+3(n-1)+1)","{'has_proof': True, 'length': 104, 'has_base_case': False, 'has_induction_hypothesis': False, 'has_induction_step': False, 'has_qed': False, 'quality_score': 0.21}","{'identify_base_case': 0, 'prove_base_case': 0, 'hypothesis_stated': 0, 'hypothesis_given_bound': 0, 'goal_clear': 0, 'expression_decomposed': 0, 'inductive_hypothesis_applied': 0}",0.21
24,"Use (strong) induction to prove the following claim: For any natural number \(n\), \(2n^3 + 3n^2 + n\) is divisible by 6.","For any natural number \n\, \2n^3 + 3n^2 + n\ is divisible by 6 For our base case, note that when \n=0\, \2n^3 + 3n^2 + n\ is 0 which is divisible by 6. Suppose as our Inductive Hypothesis that for some \k\ , \2n^3 + 3n^2 + n\ is divisible by 6 for each \n\ in \0 ... k\. We need to show that \2k^3 + 3k^2 + k\. \2k^3 + 3k^2 + k\ factors out to be \k(k+1)(2k+1)\. If \k\ is an even number, then \(k+1)\ is an odd number and vice versa. Therefore \k(k+1)(2k+1)\ can be divided by trwo, and because there are three integers, \k(k+1)(2k+1)\ can be divided by 6.","{'has_proof': True, 'length': 558, 'has_base_case': True, 'has_induction_hypothesis': True, 'has_induction_step': False, 'has_qed': True, 'quality_score': 5.62}","{'identify_base_case': 2, 'prove_base_case': 2, 'hypothesis_stated': 2, 'hypothesis_given_bound': 2, 'goal_clear': 1, 'expression_decomposed': 0, 'inductive_hypothesis_applied': 0}",6.905714285714286
25,"Use (strong) induction to prove the following claim: For any natural number \(n\), \(2n^3 + 3n^2 + n\) is divisible by 6.","For our base case note that when \n=0\, \2n^3+3n^2+n=0\ which is divisible by 6. Suppose as our Inductive Hypothesis that \2n^3+3n^2+n\ is divisible by 6 for \n\ in \0...k\ (where \k>=0\). Now we need to show that \2k^3+3k^2+k\ is divisible by 6.","{'has_proof': True, 'length': 246, 'has_base_case': True, 'has_induction_hypothesis': True, 'has_induction_step': False, 'has_qed': False, 'quality_score': 3.49}","{'identify_base_case': 2, 'prove_base_case': 2, 'hypothesis_stated': 2, 'hypothesis_given_bound': 2, 'goal_clear': 1, 'expression_decomposed': 0, 'inductive_hypothesis_applied': 0}",4.775714285714286
26,"Use (strong) induction to prove the following claim: For any natural number \(n\), \(2n^3 + 3n^2 + n\) is divisible by 6.",Proof by induction on n Base case: f(0) = 0 which is divisbile by 6 and f(1) = 6 which is divisible by 6,"{'has_proof': True, 'length': 104, 'has_base_case': True, 'has_induction_hypothesis': False, 'has_induction_step': False, 'has_qed': False, 'quality_score': 1.71}","{'identify_base_case': 2, 'prove_base_case': 2, 'hypothesis_stated': 0, 'hypothesis_given_bound': 0, 'goal_clear': 0, 'expression_decomposed': 0, 'inductive_hypothesis_applied': 0}",2.281428571428571
27,"Use (strong) induction to prove the following claim: For any natural number \(n\), \(2n^3 + 3n^2 + n\) is divisible by 6.","base case : n = 0, 2*0 + 3*0 + 0 = 0, which is divisible by 6 inductional hypothesis: \2n^3 + 3n^2 + n\ is divisible by 6 for n = 0,1...k we need to prove that \2(k+1)^3 + 3(k+1)^2 + k\ is divisible by 6 \2(k+1)^3 + 3(k+1)^2 + k + 1 = 2(k^3+3k^2+3k+1)+3(k^2+2k+1)+k+1\ \= 2k^3+3k^2+k+6k^2+12k+6\ inductional step: from inductional hypothesis we know that \2k^3 + 3k^2 + k\ is divisible by 6, \6k^2+12k+6 = 6(k+1)^2\ is divisible by 6, so \2(k+1)^3 + 3(k+1)^2 + k\ is divisible by 6, which is what we needed to show","{'has_proof': True, 'length': 514, 'has_base_case': True, 'has_induction_hypothesis': False, 'has_induction_step': False, 'has_qed': False, 'quality_score': 2.53}","{'identify_base_case': 2, 'prove_base_case': 2, 'hypothesis_stated': 2, 'hypothesis_given_bound': 2, 'goal_clear': 2, 'expression_decomposed': 2, 'inductive_hypothesis_applied': 2}",4.529999999999999
28,"Use (strong) induction to prove the following claim: For any natural number \(n\), \(2n^3 + 3n^2 + n\) is divisible by 6.","suppose n is a natual number and 2n^3 + 3n^2 + n is divisible by 6. By law of divides, this means 6m = 2n^3 +3n^2 +n for some int m. since n is natural it is 0 or a positive integer, so the lowest case would be 0, which is divisible by 6. Starting at 1, the result is 6, which is divisible by 6. Moving forwards, the following results all increase positively and are all divisible by 6.","{'has_proof': True, 'length': 386, 'has_base_case': False, 'has_induction_hypothesis': False, 'has_induction_step': False, 'has_qed': False, 'quality_score': 0.77}","{'identify_base_case': 2, 'prove_base_case': 2, 'hypothesis_stated': 0, 'hypothesis_given_bound': 0, 'goal_clear': 0, 'expression_decomposed': 0, 'inductive_hypothesis_applied': 0}",1.3414285714285714
29,"Use (strong) induction to prove the following claim: For any natural number \(n\), \(2n^3 + 3n^2 + n\) is divisible by 6.","Prove base cases \n=0\: \2*0^3+3*0^2+0=0\, where \6|0\ \n=1\: \2*1^3+3*1^2+1=6\, where \6|6\ \n=2\: \2*2^3+3*2^2+2=16+12+2=30\, where \6|30\","{'has_proof': True, 'length': 140, 'has_base_case': True, 'has_induction_hypothesis': False, 'has_induction_step': False, 'has_qed': False, 'quality_score': 1.78}","{'identify_base_case': 2, 'prove_base_case': 2, 'hypothesis_stated': 0, 'hypothesis_given_bound': 0, 'goal_clear': 0, 'expression_decomposed': 0, 'inductive_hypothesis_applied': 0}",2.3514285714285714
30,"Use (strong) induction to prove the following claim: For any natural number \(n\), \(2n^3 + 3n^2 + n\) is divisible by 6.","For our base case, consider n = 1. Then 2n^3+3n^2+n = 6, which is divisible by 6. Now for our induction hypothesis consider some natural number k such that 2n^3+3n^2+n is divisible by 6 for all n in 0...k. So, we need to show that 2(k+1)^3+3(k+1)^2+k+1 is divisible by 6. We can rewrite that as (2k^3+3k^+k)+6(k^2+2k+1). By the induction hypothesis we know that the first term is divisible by 6, and we can see that the second term is divisible by 6 as well, so the whole thing is divisible by 6, which is what we needed to show.","{'has_proof': True, 'length': 529, 'has_base_case': True, 'has_induction_hypothesis': True, 'has_induction_step': False, 'has_qed': False, 'quality_score': 4.06}","{'identify_base_case': 2, 'prove_base_case': 2, 'hypothesis_stated': 2, 'hypothesis_given_bound': 2, 'goal_clear': 2, 'expression_decomposed': 2, 'inductive_hypothesis_applied': 2}",6.06
31,"Use (strong) induction to prove the following claim: For any natural number \(n\), \(2n^3 + 3n^2 + n\) is divisible by 6.","Base case: \n=0\, \2(0)^{3} + 3(0)^{2} + 0 = 0\, and 0 is divisible by 6 Show that for any natural number m in \0...k\, \2(m)^{3} + 3(m)^{2} + m\ is divisible by 6 Rewriting using the definition of mod, we get \0 = n(2n^{2}+3n+1) + 6c\ where c is some integer Simplifying further we get \-6c/n=2n^{2}+3n+1\, and because \-kc/n\ is some integer, then that shows \6\ is divisible by \n\, and thus \2n^{3} + 3n^{2} + n\ is divisible by 6.","{'has_proof': True, 'length': 435, 'has_base_case': True, 'has_induction_hypothesis': False, 'has_induction_step': False, 'has_qed': False, 'quality_score': 2.37}","{'identify_base_case': 2, 'prove_base_case': 2, 'hypothesis_stated': 1, 'hypothesis_given_bound': 2, 'goal_clear': 0, 'expression_decomposed': 0, 'inductive_hypothesis_applied': 0}",3.37
32,"Use (strong) induction to prove the following claim: For any natural number \(n\), \(2n^3 + 3n^2 + n\) is divisible by 6.","For n = 1, the claim holds. For n = 2, the claim holds. For n = 3, the claim holds. Therefore, the claim holds.","{'has_proof': True, 'length': 111, 'has_base_case': False, 'has_induction_hypothesis': False, 'has_induction_step': False, 'has_qed': True, 'quality_score': 1.72}","{'identify_base_case': 2, 'prove_base_case': 1, 'hypothesis_stated': 0, 'hypothesis_given_bound': 0, 'goal_clear': 0, 'expression_decomposed': 0, 'inductive_hypothesis_applied': 0}",2.1485714285714286
33,"Use (strong) induction to prove the following claim: For any natural number \(n\), \(2n^3 + 3n^2 + n\) is divisible by 6.",Suppose n is any natural number. THe indcative claim is that 2n^3 + 3n^2 +n is divisible by 6. The indicative hypothesis is that 2n^3 is divisible by 6. Since 2n^3 is divisble by 6 anything else you add is also divisible by 6 so the claim that 2n^3 + 3n^2 + n is divisible by 6 is true.,"{'has_proof': True, 'length': 286, 'has_base_case': False, 'has_induction_hypothesis': False, 'has_induction_step': False, 'has_qed': False, 'quality_score': 0.57}","{'identify_base_case': 0, 'prove_base_case': 0, 'hypothesis_stated': 0, 'hypothesis_given_bound': 0, 'goal_clear': 0, 'expression_decomposed': 0, 'inductive_hypothesis_applied': 0}",0.57
34,"Use (strong) induction to prove the following claim: For any natural number \(n\), \(2n^3 + 3n^2 + n\) is divisible by 6.","For our base case, note that when n = 0, 2n^3 + 3n^2 + n = 0 is divisible by 6 Next, suppose as our Inductive Hypothesis that for some k, 2n^3 + 3n^2 + n is divisble by 6 for each n from 0....k Now to finish we neeed to show that 2k^3 + 3k^2 + k is divisble by 6 substituing k, k + 1, we know that both are divisble by 6 and then (k + 1) - k, we know that k = 1, is divisble by 6 therefore, by defintion of induction, we can say 2k^3 + 3k^2 + k, is divisble by 6 for all natural values of k, which is what we needed to prove","{'has_proof': True, 'length': 524, 'has_base_case': True, 'has_induction_hypothesis': True, 'has_induction_step': False, 'has_qed': True, 'quality_score': 5.55}","{'identify_base_case': 2, 'prove_base_case': 2, 'hypothesis_stated': 2, 'hypothesis_given_bound': 2, 'goal_clear': 1, 'expression_decomposed': 0, 'inductive_hypothesis_applied': 0}",6.835714285714285
35,"Use (strong) induction to prove the following claim: For any natural number \(n\), \(2n^3 + 3n^2 + n\) is divisible by 6.","For our base case, we need to prove \2{n}^{3} + 3{n}^{2} + n\ is divisible by \6\ when \n = 0\ \n=0\ means \2({0}^{3}) + 3({0}^{2}) + 0 = 0\. Because \0\ is divisible by \6\, \P(0)\ is valid. Suppose the induction hypothesis is \2{n}^{3} + 3{n}^{2} + n\ is divisible by \6\ when \n = 1,2,3...k\ when \k \geq 0\ We need to prove that \2{(k+1)}^{3} + 3{(k+1)}^{2} + (k+1)\ is divisible by \6\. Simplifying gives \2{k}^{3} + 3{k}^{2} + k + 6{k}^{2} + 6k+6\. By the induction hypothesis, \2{k}^{3} + 3{k}^{2} + k\ is divisible by \6\. \6{k}^{2} + 6k+6\ is divisible by \6\ because each term has a coefficient divisible by \6\. Combining these together shows that \2{(k+1)}^{3} + 3{(k+1)}^{2} + (k+1)\ is divisible by \6\, which is what we needed to show.","{'has_proof': True, 'length': 750, 'has_base_case': True, 'has_induction_hypothesis': True, 'has_induction_step': False, 'has_qed': False, 'quality_score': 4.5}","{'identify_base_case': 2, 'prove_base_case': 2, 'hypothesis_stated': 2, 'hypothesis_given_bound': 2, 'goal_clear': 2, 'expression_decomposed': 2, 'inductive_hypothesis_applied': 2}",6.5
36,"Use (strong) induction to prove the following claim: For any natural number \(n\), \(2n^3 + 3n^2 + n\) is divisible by 6.","Let's use strong induction to prove the following claim. Suppose we have a natural number n. Let's take a look at 2n^3 + 3n^2 + n for example. This can be factored to n(2n + 1)(n+1). Let's plug k into this equation. This gives us k(2k+1)*(k+1). If k is odd, k+1 will always result in an even number proving that it is divisible by 2. Now if we look at k and 2k+1, we know at least one of these terms will be divisible by 3. Now let's look at if k is even, then we know that the outer k product will be divisible by 2 and know that either 2k+1 or k+1 will be divisible by 3, which means that the entire expression will be divisible by 6. Now let's look at the example of k+1. This gives us k+1(2k+2)(k+2). Using the same logic as above, we know taht 2k+2 will always be even because we are multiplying any natural number k by 2, and are adding an even number which will yield a an even number. Additionally, we know for a fact that either k+1, k+2, or 2k+2 will give us a multiple of 3, meaning that the entire expression is divisible by 6. This is what we needed to prove.","{'has_proof': True, 'length': 1072, 'has_base_case': False, 'has_induction_hypothesis': False, 'has_induction_step': False, 'has_qed': False, 'quality_score': 2.14}","{'identify_base_case': 0, 'prove_base_case': 0, 'hypothesis_stated': 0, 'hypothesis_given_bound': 0, 'goal_clear': 0, 'expression_decomposed': 0, 'inductive_hypothesis_applied': 0}",2.14
37,"Use (strong) induction to prove the following claim: For any natural number \(n\), \(2n^3 + 3n^2 + n\) is divisible by 6.","base case \n=0\ \f(n) = 2(0)^3+3(0)^2 + 0 = 0\ which is divisible by 6 so the base case holds true inductive hypothesis \2(n)^3+3(n)^2 + n\ is divisible by \ 6\ for n in 0,1,2...k for the rest of the inductive step, we have to prove that \2(k+1)^3+3(k+1)^2 + k\ is divisible by \ 6\ \2(k+1)^3+3(k+1)^2 + k \ \= 2k^3 + 2 + 6k^2 +6k + 3k^2 + 3 + 6k + k + 1\ =\(2(k)^3+3(k)^2 + k ) + 6(k^2 + 2k +1)\ using the inductive hypothesis and the fact that \(k^2 + 2k +1)\ is an integer, we can conclude that the claim holds true","{'has_proof': True, 'length': 518, 'has_base_case': True, 'has_induction_hypothesis': True, 'has_induction_step': True, 'has_qed': False, 'quality_score': 5.54}","{'identify_base_case': 2, 'prove_base_case': 2, 'hypothesis_stated': 2, 'hypothesis_given_bound': 2, 'goal_clear': 2, 'expression_decomposed': 2, 'inductive_hypothesis_applied': 2}",7.54
38,"Use (strong) induction to prove the following claim: For any natural number \(n\), \(2n^3 + 3n^2 + n\) is divisible by 6.","proof by induction on n I will prove the inductive hypothesis that for any natural number n, 2n^3 + 3*n*n + n is dividible by 6 base case n = 0: 2(0)^3 + 3(0)^2 + 0 = 0 which is divisible by 6. We can substitute k into the equation for all natural values of k in n 2k^3 + 3*k^2 + k = k(2k^2 + 3k + 1)= k(k+1)(2k+1) for all natural numbers from 0 to k in this equation which is split up into three parts, k(k+1)(2k+1) each k will result in a 2 and a 3 being multiplied together or a factor among them. Thus this equation is divisible by 6 for all natural numbers k QED","{'has_proof': True, 'length': 567, 'has_base_case': True, 'has_induction_hypothesis': True, 'has_induction_step': False, 'has_qed': True, 'quality_score': 5.63}","{'identify_base_case': 2, 'prove_base_case': 2, 'hypothesis_stated': 0, 'hypothesis_given_bound': 0, 'goal_clear': 0, 'expression_decomposed': 0, 'inductive_hypothesis_applied': 0}",6.201428571428571
39,"Use (strong) induction to prove the following claim: For any natural number \(n\), \(2n^3 + 3n^2 + n\) is divisible by 6.","2n^3 + 3n^2 + n | 6 or n(2n^2 + 3n + 1) = 6k where k is some natural number. Base case where n = 1 we have 2+ 3 +1 = 6k which is true so using induction we have 2(n+1)^3 + 3(n+1)^2 + (n+1) = 6k where n = 1. which gives us 2(8) + 3(4) + 2 = 6k or 30 = 6k which is true so for any natural number n, 2n^3 + 3n^2 + n is | 6","{'has_proof': True, 'length': 319, 'has_base_case': True, 'has_induction_hypothesis': False, 'has_induction_step': False, 'has_qed': False, 'quality_score': 2.14}","{'identify_base_case': 2, 'prove_base_case': 2, 'hypothesis_stated': 0, 'hypothesis_given_bound': 0, 'goal_clear': 0, 'expression_decomposed': 0, 'inductive_hypothesis_applied': 0}",2.7114285714285717
40,"Use (strong) induction to prove the following claim: For any natural number \(n\), \(2n^3 + 3n^2 + n\) is divisible by 6.","Let n be a natural number For the base case, note that when n - 0, 2n^3 + 3n^2 + n = 0, and 0 is divisible by any number so it must be divisible by 6. Predicate: 2n^3 + 3n^2 + n = n(2n^2 + 2n + 1) Induction Hypothesis:","{'has_proof': True, 'length': 218, 'has_base_case': True, 'has_induction_hypothesis': True, 'has_induction_step': False, 'has_qed': False, 'quality_score': 3.44}","{'identify_base_case': 2, 'prove_base_case': 2, 'hypothesis_stated': 0, 'hypothesis_given_bound': 0, 'goal_clear': 0, 'expression_decomposed': 0, 'inductive_hypothesis_applied': 0}",4.011428571428572
41,"Use (strong) induction to prove the following claim: For any natural number \(n\), \(2n^3 + 3n^2 + n\) is divisible by 6.","Proof by induction on n. P(n) = For any natural number n, \2n^3 + 3n^2 + n\ is divisible by 6. Base Case: For n = 0, the expression above is equal to 0, which is divisible by 6. Inductive hypothesis: Suppose that \2k^3 + 3k^2 + k\ is true for all natural numbers 0...k. Inductive step: We need to show that \2n^3 + 3n^2 + n\ is true for n = k + 1. \2(k + 1)^3 + 3(k + 1)^2 + k = 2(k^3 + 3k^2 + 3k + 1) + 3(k^2 + 2k + 1) + k\ \ = 2k^3 + 6k^2 + 6k + 2 + 3k^2 + 6k + 3 + k\ \ = 2k^3 + 9k^2 + 13k + 5\","{'has_proof': True, 'length': 497, 'has_base_case': True, 'has_induction_hypothesis': True, 'has_induction_step': True, 'has_qed': False, 'quality_score': 5.49}","{'identify_base_case': 2, 'prove_base_case': 2, 'hypothesis_stated': 2, 'hypothesis_given_bound': 2, 'goal_clear': 2, 'expression_decomposed': 0, 'inductive_hypothesis_applied': 0}",6.918571428571429
42,"Use (strong) induction to prove the following claim: For any natural number \(n\), \(2n^3 + 3n^2 + n\) is divisible by 6.",base case: when n = 0 : 2(0^3) + 3(0^2) + 0 = 0 which is divisible by 6 Inductive hypothesis: 2n^3 + 3n^2 +n is divisible by 6 for all n values from 0...k We must prove that 2n^3 + 3n^2 +n is divisible by 6 for n = k + 1 so 2(k+1)^3 + 3(k+1)^2 + k + 1 (2k+2)(k^2 + 2k + 1) + 3k^2 + 7k+ 2 2k^3 + 2k^2 + 2k^2 + 2k + 4k + 2 + 3k^2 + 7k + 2 2k^3 + 7k^2 + 13k + 4 *insert math of how these are equivalent by factoring*,"{'has_proof': True, 'length': 413, 'has_base_case': True, 'has_induction_hypothesis': True, 'has_induction_step': False, 'has_qed': False, 'quality_score': 3.83}","{'identify_base_case': 2, 'prove_base_case': 2, 'hypothesis_stated': 2, 'hypothesis_given_bound': 2, 'goal_clear': 2, 'expression_decomposed': 0, 'inductive_hypothesis_applied': 0}",5.258571428571429
43,"Use (strong) induction to prove the following claim: For any natural number \(n\), \(2n^3 + 3n^2 + n\) is divisible by 6.","Base case: when n = 1, 2n^3 + 3n^2 + n = 6 2n^3 + 3n + n is divisible by 6 for n = 2,3,...,k 2n^3 + 3n^2 + n = n(2n^2 + 3n + 1) = n(2n+1)(n+1)","{'has_proof': True, 'length': 142, 'has_base_case': True, 'has_induction_hypothesis': False, 'has_induction_step': False, 'has_qed': False, 'quality_score': 1.78}","{'identify_base_case': 2, 'prove_base_case': 2, 'hypothesis_stated': 2, 'hypothesis_given_bound': 2, 'goal_clear': 0, 'expression_decomposed': 0, 'inductive_hypothesis_applied': 0}",2.9228571428571426
44,"Use (strong) induction to prove the following claim: For any natural number \(n\), \(2n^3 + 3n^2 + n\) is divisible by 6.",no idea,"{'has_proof': True, 'length': 7, 'has_base_case': False, 'has_induction_hypothesis': False, 'has_induction_step': False, 'has_qed': False, 'quality_score': 0.01}","{'identify_base_case': 0, 'prove_base_case': 0, 'hypothesis_stated': 0, 'hypothesis_given_bound': 0, 'goal_clear': 0, 'expression_decomposed': 0, 'inductive_hypothesis_applied': 0}",0.01
45,"Use (strong) induction to prove the following claim: For any natural number \(n\), \(2n^3 + 3n^2 + n\) is divisible by 6.","our base case is whne n = 0. 2(0)^3 + 3(0)^2 + 0 = 0, which is divisible by 6 Our inductive hypothesis is 2n^3 + 3n^2 +n is divisble by 6 for all k, 0 ... k we need to prove 2k^3 + 3k^2 + k is divisble by 6 2k^3 + 3k^2 + k factors to k(2k + 1)(k +1)","{'has_proof': True, 'length': 249, 'has_base_case': True, 'has_induction_hypothesis': True, 'has_induction_step': False, 'has_qed': False, 'quality_score': 3.5}","{'identify_base_case': 2, 'prove_base_case': 2, 'hypothesis_stated': 2, 'hypothesis_given_bound': 1, 'goal_clear': 1, 'expression_decomposed': 0, 'inductive_hypothesis_applied': 0}",4.642857142857142
46,"Use (strong) induction to prove the following claim: For any natural number \(n\), \(2n^3 + 3n^2 + n\) is divisible by 6.","Base case: given an natural number k, 2k^3 + 3k^2 + k is divisible by 6 hypothesis 2(k+1)^3 + (3(k+1)^2) + k+1 for all natural numbers k is divisible by 6 2(k^2 + 2k + 1) (k + 1) + (3k^2 + 6k + 3) + k + 1 for all natural numbers. 2(k^3 + 2k^2 + k + k^2 + 2k + 1) + (3k^2 + 6k + 3) + k + 1 = 2k^3 + 8k^2 + 9k + 4 is divisible by 6 thus this proves what we are trying to prove that ofr any natural number k, 2k^3 + 3k^2 + k is divisible by 6","{'has_proof': True, 'length': 439, 'has_base_case': True, 'has_induction_hypothesis': False, 'has_induction_step': False, 'has_qed': False, 'quality_score': 2.38}","{'identify_base_case': 0, 'prove_base_case': 0, 'hypothesis_stated': 2, 'hypothesis_given_bound': 1, 'goal_clear': 1, 'expression_decomposed': 0, 'inductive_hypothesis_applied': 0}",2.951428571428571
47,"Use (strong) induction to prove the following claim: For any natural number \(n\), \(2n^3 + 3n^2 + n\) is divisible by 6.","As our base case we have \n = 0\ so \2(0)^3 + 3(0)^2 + 0 = 0 \mid 6\ For some natural number \k\, suppose that \2n^3+3n^2+n \mid 6\ for ever \n\ from \0..k\ We need to prove that \2(k+1)^3+3(k+1)^2+(k+1) \mid 6\ \2k^3+6k^2+6k+2+3k^2+6k+3+k+1\ From our hypothesis we know that \2k^3+3k^2+k \mid 6\ So we are left with \6k^2+12k+6\ which is divisible by \6\ because everything inside the equation is divisible by 6","{'has_proof': True, 'length': 412, 'has_base_case': True, 'has_induction_hypothesis': False, 'has_induction_step': False, 'has_qed': False, 'quality_score': 2.32}","{'identify_base_case': 2, 'prove_base_case': 2, 'hypothesis_stated': 2, 'hypothesis_given_bound': 2, 'goal_clear': 2, 'expression_decomposed': 2, 'inductive_hypothesis_applied': 2}",4.32
48,"Use (strong) induction to prove the following claim: For any natural number \(n\), \(2n^3 + 3n^2 + n\) is divisible by 6.","Base case: when n = 0, 2*0^3 + 3*0^2 + 0 = 0, which is divisible by 6. Inductive hypothesis: for some k, 2n^3 + 3n^2 + n is divisible by 6 for each n in 1, 2, 3,..,k. 2(k+1)^3 + 3(k+1)^2 + k + 1 = 2k^3 + 6k^2 + 6k + 2 + 3k^2 + 6k + 3 + k + 1 = 2k^3 + 9k^2 + 13k + 6. According to the hypothesis, 2k^3 + 3k^2 + k is divisible by 6. Since the multiple of 6 minus another multiple of 6, the result can also be divided by 6. (6m - 6n = 6(m - n) where m and n are integers and m >= n) Then, 2k^3 + 9k^2 + 13k + 6 - 2k^3 - 3k^2 - k = 6k^2 + 12k + 6 = 6(k^2 + 2k + 1), which is divisible by 6. Therefore, 2(k+1)^3 + 3(k+1)^2 + k + 1 = 6(k^2 + 2k + 1), which is divisible by 6 and what we need to prove.","{'has_proof': True, 'length': 695, 'has_base_case': True, 'has_induction_hypothesis': True, 'has_induction_step': False, 'has_qed': True, 'quality_score': 5.89}","{'identify_base_case': 2, 'prove_base_case': 2, 'hypothesis_stated': 2, 'hypothesis_given_bound': 2, 'goal_clear': 2, 'expression_decomposed': 1, 'inductive_hypothesis_applied': 0}",7.461428571428571
49,"Use (strong) induction to prove the following claim: For any natural number \(n\), \(2n^3 + 3n^2 + n\) is divisible by 6.","Prove by induction on \n\. Inductive Predicate: For any natural number \n\, \P(n)=2n^3+3n^2+n\ is divisible by \6\. Base Case: When \n=0\, \P(0)=2(0)^3+3(0)^2+(0)=0\, and \0\ is clearly divisible by \6\, so \P(0)\ is true. Inductive Hypothesis: Suppose \2n^3+3n^2+n\ is divisible by \6\ for \n\ in \0...k-1\ where \k\ge1\. Inductive Step: We need to prove \P(k)=2k^3+3k^2+k\ is divisible by \6.\ Factoring \2k^3+3k^2+k\ gives us \n(2n+1)(n+1)\. Because \n\ or \(2n+1)\ or \(n+1)\ must be divisible by \2\ and \n\ or \(2n+1)\ or \(n+1)\ must be divisible by \3\, \n(2n+1)(n+1)\ is divisible by \(2)(3)=6\. So \2k^3+3k^2+k\ is divisible by \6\, which is what we needed to show.","{'has_proof': True, 'length': 675, 'has_base_case': True, 'has_induction_hypothesis': True, 'has_induction_step': True, 'has_qed': False, 'quality_score': 5.85}","{'identify_base_case': 2, 'prove_base_case': 2, 'hypothesis_stated': 2, 'hypothesis_given_bound': 2, 'goal_clear': 2, 'expression_decomposed': 0, 'inductive_hypothesis_applied': 0}",7.2785714285714285
50,"Use (strong) induction to prove the following claim: For any natural number \(n\), \(2n^3 + 3n^2 + n\) is divisible by 6.","Base case: When n = 1, \2n^3+3n^2+n = 6\, which is divisible by 6, true. Inductive Hypothesis: \2n^3+3n^2+n\ is divisible by 6 for n in 0, ..., k. Inductive Step: Prove \2(k+1)^3+3(k+1)^2+k+1\ is divisible by 6. \2(k+1)^3+3(k+1)^2+k+1 = 2k^3+9k^2+13k+6 = 2k^3+3k^2+k+6(k^2+2k+1)\. \6(k^2+2k+1)\ is clearly divisible by 6, and given to our hypothesis, \2k^3+3k^2+k\ is also divisible by 6, so the predicate is proven.","{'has_proof': True, 'length': 416, 'has_base_case': True, 'has_induction_hypothesis': True, 'has_induction_step': True, 'has_qed': False, 'quality_score': 5.33}","{'identify_base_case': 2, 'prove_base_case': 2, 'hypothesis_stated': 2, 'hypothesis_given_bound': 2, 'goal_clear': 2, 'expression_decomposed': 2, 'inductive_hypothesis_applied': 2}",7.33
51,"Use (strong) induction to prove the following claim: For any natural number \(n\), \(2n^3 + 3n^2 + n\) is divisible by 6.","For \n = 1, 2 \times 1^3+3 \times 1 + 1 = 6\, which is divisible by 6. Suppose that if \n = 1, 2, 3, ...k-1\, the claim is true, then we need to prove that if \n = k\, the claim is also true. Thus, when \n = k-1, 2(k-1)^3+3(k-1)^2+(k-1)\ (Equation #1) is divisible by 6, and we suppose that when \n = k, 2k^3+3k^2+k\ is divisible by 6 (Equation #2). Minus Equation #2 to Equation #1 we get: \2(3k^2-3k+1)+3(2k-1)+1 = 6k^2-6k+2+6k-3+1=6k^2\; since \k\ is an integer, we can conclude that the difference between Equation #2 and Equation #1 is divisible by 6. Also, since Equation #1 is divisible by 6, Equation #2 must also be divisible by 6. Therefore, the induction is proved, so the claim is also proved. \Q. E. D.\","{'has_proof': True, 'length': 716, 'has_base_case': False, 'has_induction_hypothesis': False, 'has_induction_step': False, 'has_qed': True, 'quality_score': 2.93}","{'identify_base_case': 2, 'prove_base_case': 2, 'hypothesis_stated': 2, 'hypothesis_given_bound': 2, 'goal_clear': 2, 'expression_decomposed': 1, 'inductive_hypothesis_applied': 1}",4.644285714285714
52,"Use (strong) induction to prove the following claim: For any natural number \(n\), \(2n^3 + 3n^2 + n\) is divisible by 6.","For our base case note that at k=0, \2n^3+3n^2+n = 0\ which is divisible by 6. Thus, for our inductive hypothesis k+1, the expression is equal to \2(1)^3+3(1)^2+1 = 6\, which is divisible by 6. Thus, we needed to show that \2n^3+3n^2+n\ is divisible by 6, which it does so the claim is true.","{'has_proof': True, 'length': 291, 'has_base_case': True, 'has_induction_hypothesis': True, 'has_induction_step': False, 'has_qed': False, 'quality_score': 3.58}","{'identify_base_case': 2, 'prove_base_case': 2, 'hypothesis_stated': 1, 'hypothesis_given_bound': 1, 'goal_clear': 0, 'expression_decomposed': 0, 'inductive_hypothesis_applied': 0}",4.437142857142857
53,"Use (strong) induction to prove the following claim: For any natural number \(n\), \(2n^3 + 3n^2 + n\) is divisible by 6.",Starting off with the base case (of natural numbers) we can see that n can be 0 resulting in 0 divided by 6 which is possible. Now we can move on and do the induction proof and therefore go on and see that n(2n^2 + 3n + 1) which can be simplified using the quadratic formula where 3+-(root)(9-8)/6 which is then equal to 3+-1/6 which results in wither 2/6 or 4 divided by 6 which both are possible and therefore we can prove that 2n^3 + 2n^2 + n is divisible by 6.,"{'has_proof': True, 'length': 464, 'has_base_case': True, 'has_induction_hypothesis': False, 'has_induction_step': False, 'has_qed': True, 'quality_score': 3.93}","{'identify_base_case': 2, 'prove_base_case': 1, 'hypothesis_stated': 0, 'hypothesis_given_bound': 0, 'goal_clear': 0, 'expression_decomposed': 0, 'inductive_hypothesis_applied': 0}",4.3585714285714285
54,"Use (strong) induction to prove the following claim: For any natural number \(n\), \(2n^3 + 3n^2 + n\) is divisible by 6.","For our base case, \f(0) = 2(0)^3 + 3(0)^2 + 0 = 0, f(1) = 2(1)^3 + 3(1)^2 + 1 = 6\ Next, for our inductive hypothesis, assume that \2n^3 + 3n^2 + 6\ is divisble by n where n > k + 1. Then, our inductive step would be \2(k+1)^3 + 3(k+1)^2 + k+1\. \2*(k+1)(k+1)(k+1) + 3(k+1)(k+1) + (k+1)\ \2*(k+1)(k^2+2k+1) + 3(k^2+2k+1) + (k+1)\ \2*(k^3+3k^2+3k+1) + 3k^2+6k+1+k+1\ \2k^3+6k^2+6k+2+3k^2+6k+1+k+1\ \2k^3+9k^2+13k+4\ .... Therefore \2n^3+3n^2+n\ is divisible by 6","{'has_proof': True, 'length': 462, 'has_base_case': True, 'has_induction_hypothesis': True, 'has_induction_step': True, 'has_qed': True, 'quality_score': 6.92}","{'identify_base_case': 2, 'prove_base_case': 2, 'hypothesis_stated': 2, 'hypothesis_given_bound': 1, 'goal_clear': 1, 'expression_decomposed': 0, 'inductive_hypothesis_applied': 0}",8.062857142857142
55,"Use (strong) induction to prove the following claim: For any natural number \(n\), \(2n^3 + 3n^2 + n\) is divisible by 6.","Using proof by induction: For n = 0, 0 is divisible by 6. Let there be some natural number \k\, for which \2n^3 + 3n^2 + n\ is divisible by 6 for \0,1,2 ... k\ Thus, \2n^3 + 3n^2 + n = 6l\ for some natural number \l\. To prove: \2(k+1)^3 + 3(k+1)^2 + (k+1)\ is divisible by 6 Left-hand side: \(2k^3 + 3k^2 +k)+6k^2+12k+6 = (6l)+6k^2+12k+6\. Since all terms are evidently divisible by 6 we have shown what we needed to. Thus by proof by induction, \2n^3 + 3n^2 + n\ is divisible by 6 for any natural number.","{'has_proof': True, 'length': 506, 'has_base_case': False, 'has_induction_hypothesis': False, 'has_induction_step': False, 'has_qed': False, 'quality_score': 1.01}","{'identify_base_case': 2, 'prove_base_case': 2, 'hypothesis_stated': 2, 'hypothesis_given_bound': 2, 'goal_clear': 2, 'expression_decomposed': 2, 'inductive_hypothesis_applied': 2}",3.01
56,"Use (strong) induction to prove the following claim: For any natural number \(n\), \(2n^3 + 3n^2 + n\) is divisible by 6.","For our base case, note that when n = 0, 2n^3 + 3n^2 + n = 0 and is divisible by 6. Next, suppose as our Inductive Hypothesis that for some k, 2n^3 + 3n^2 + n is divisible by 6 for each n in 0...k. Now to finish we need to show that 2(k+1)^3 + 3(k+1)^2 + (k+1) is divisible by 6.","{'has_proof': True, 'length': 279, 'has_base_case': True, 'has_induction_hypothesis': True, 'has_induction_step': False, 'has_qed': False, 'quality_score': 3.56}","{'identify_base_case': 2, 'prove_base_case': 2, 'hypothesis_stated': 2, 'hypothesis_given_bound': 2, 'goal_clear': 2, 'expression_decomposed': 0, 'inductive_hypothesis_applied': 0}",4.988571428571428
57,"Use (strong) induction to prove the following claim: For any natural number \(n\), \(2n^3 + 3n^2 + n\) is divisible by 6.","proof by induction n. We note that for n=0, \2n^3+3n^2+n = 0\ which is divisible by 6. Suppose for a value k, \2n^3+3n^2+n\ is divisible by 6 for each n in 0....k-1. We must prove that \2k^3+3k^2+k\ is divisible by 6. \2k^3+3k^2+k=k(2k+1)(k+1) \ //some math/simplification I can't figure out Since \2k^3+3k^2+k\ is divisible by 6 the claim is proven.","{'has_proof': True, 'length': 350, 'has_base_case': False, 'has_induction_hypothesis': False, 'has_induction_step': False, 'has_qed': False, 'quality_score': 0.7}","{'identify_base_case': 2, 'prove_base_case': 2, 'hypothesis_stated': 2, 'hypothesis_given_bound': 2, 'goal_clear': 2, 'expression_decomposed': 0, 'inductive_hypothesis_applied': 0}",2.1285714285714286
58,"Use (strong) induction to prove the following claim: For any natural number \(n\), \(2n^3 + 3n^2 + n\) is divisible by 6.","I don't really remember how to do this other than what I have written below... We will prove this claim using induction. The claim is that for all natural numbers n, 2n^3 + 3n^2 + n is divisible by 6. The base case for this is if n = 0. If n = 0, 2n^3 + 3n^2 + n 0 which is divisible by 6. Thus the base case is proven Inductive hypothesis: Let k = any natural number. Then, 2k^3 + 3k^2 + k is divisible by 6. Inductive step: 2k+1^3 + 3k+1^2 + k+1.","{'has_proof': True, 'length': 448, 'has_base_case': True, 'has_induction_hypothesis': True, 'has_induction_step': True, 'has_qed': False, 'quality_score': 5.4}","{'identify_base_case': 2, 'prove_base_case': 2, 'hypothesis_stated': 1, 'hypothesis_given_bound': 1, 'goal_clear': 1, 'expression_decomposed': 0, 'inductive_hypothesis_applied': 0}",6.4
59,"Use (strong) induction to prove the following claim: For any natural number \(n\), \(2n^3 + 3n^2 + n\) is divisible by 6.","Proof by induction: When n = 0, 2n^3 + 3n^2 + n = 0, which is divisible by 6","{'has_proof': True, 'length': 76, 'has_base_case': False, 'has_induction_hypothesis': False, 'has_induction_step': False, 'has_qed': False, 'quality_score': 0.15}","{'identify_base_case': 2, 'prove_base_case': 2, 'hypothesis_stated': 0, 'hypothesis_given_bound': 0, 'goal_clear': 0, 'expression_decomposed': 0, 'inductive_hypothesis_applied': 0}",0.7214285714285714
60,"Use (strong) induction to prove the following claim: For any natural number \(n\), \(2n^3 + 3n^2 + n\) is divisible by 6.","first, we ientify the best case n = 0. g(0) = 0 = 2 - 2 2(0) + 3(0) + 0 = 0, which is divisable by 6. Then, the induction hypothesis is 2n^3 + 3n^2 + n is divisable by 6 for n = 0,1,2,.....k and -1,-2,-3....-k The first step of induction is to prove that (I forgot how to write the rest).","{'has_proof': True, 'length': 288, 'has_base_case': False, 'has_induction_hypothesis': True, 'has_induction_step': False, 'has_qed': False, 'quality_score': 2.08}","{'identify_base_case': 2, 'prove_base_case': 2, 'hypothesis_stated': 2, 'hypothesis_given_bound': 1, 'goal_clear': 0, 'expression_decomposed': 0, 'inductive_hypothesis_applied': 0}",3.08
61,"Use (strong) induction to prove the following claim: For any natural number \(n\), \(2n^3 + 3n^2 + n\) is divisible by 6.","Base case: For n = 0, 2n^3 + 3n^2 + n = 0, which is divisible by 6. Induction hypothesis: for a natural number from 0...k-1, if 2(k+1)^3+3(k+1)^2+k+1 is divisible by 6, then it is proven. 2(k+1)^3+3(k+1)^2+k+1 equates to 2k^3+6k^2+6k+2 + k^2 + 2k + 1 + k + 1 , which is just 2k^3+7k^2+9k+3. After analyzing each term in this expression, they are all divisibly by 6. Since adding terms that are divisible by 6 together equates to a number still divisible by 6, 2n^3 +3n^2 + n is divisible by 6 for any natural number n.","{'has_proof': True, 'length': 518, 'has_base_case': True, 'has_induction_hypothesis': True, 'has_induction_step': False, 'has_qed': False, 'quality_score': 4.04}","{'identify_base_case': 2, 'prove_base_case': 2, 'hypothesis_stated': 0, 'hypothesis_given_bound': 2, 'goal_clear': 1, 'expression_decomposed': 0, 'inductive_hypothesis_applied': 0}",5.04
62,"Use (strong) induction to prove the following claim: For any natural number \(n\), \(2n^3 + 3n^2 + n\) is divisible by 6.","Base case: n = 0, then expression = 0, which is divisible by 6. Inductive Hypothesis: there is a natural number k+1 such that 2n^3+3n^2+n is divisible by 6 for n=0,1,2...k+1. Inductive Step: 2(k+1)^3+3(k+1)^2+(k+1) = 2k^2+3k^2+k+6 = original eqn + 6. We already established original expression starts at 0 when n=0, so adding 6 makes the expression a multiple of 6, thus divisible by 6.QED.","{'has_proof': True, 'length': 390, 'has_base_case': True, 'has_induction_hypothesis': True, 'has_induction_step': True, 'has_qed': True, 'quality_score': 6.78}","{'identify_base_case': 2, 'prove_base_case': 2, 'hypothesis_stated': 2, 'hypothesis_given_bound': 2, 'goal_clear': 1, 'expression_decomposed': 2, 'inductive_hypothesis_applied': 1}",8.494285714285715
63,"Use (strong) induction to prove the following claim: For any natural number \(n\), \(2n^3 + 3n^2 + n\) is divisible by 6.","P(n) = 2n^3 + 3n^2 + n For the base case we need to prove P(0) = 2 * 0 + 3 * 0 + 0 = 0, which is divisble by 6, so P(0) holds Suppose that P(n) for each n in 0, 1 ... k Then we would have to prove P(k + 1) P(k+1) = 2*(k+1)^3 + 3*(k+1)^2 + k+1 = 2K^3 + 6k^2 + 6k + 2 + 3k^2 + 6k + 3 + k + 1 = 2k^3 + 3k^2 + k + 6k^2 + 12k + 6 By the inductive hypothesis 2k^3 + 3k^2 + k is divisible by 6, 6k^2 + 12k + 6 is divisible by 6, so P(k+1), which is what we need to prove","{'has_proof': True, 'length': 463, 'has_base_case': True, 'has_induction_hypothesis': True, 'has_induction_step': False, 'has_qed': False, 'quality_score': 3.93}","{'identify_base_case': 2, 'prove_base_case': 2, 'hypothesis_stated': 1, 'hypothesis_given_bound': 2, 'goal_clear': 2, 'expression_decomposed': 2, 'inductive_hypothesis_applied': 2}",5.787142857142857
64,"Use (strong) induction to prove the following claim: For any natural number \(n\), \(2n^3 + 3n^2 + n\) is divisible by 6.","Base case: when n=1, 2n^3+3n^2+n=6 which is divisible by 6. Inductive Hypothesis: 2n^3+3n^2+n=6 is divisible by 6 for any integer n between 1,...,k Inductive Step: we need to prove that 2k^3+3k^2+k=6 is divisible by 6. Factoring gives us k(2k^2+3k+1)=k(2k+1)(k+1). Since k is a natural number, k(2k+1)(k+1) is also a natural number. ... k(2k+1)(k+1)=6m for an integer m, and by definition of divides, k(2k+1)(k+1) is divisible by 6, which is what we needed to show.","{'has_proof': True, 'length': 465, 'has_base_case': True, 'has_induction_hypothesis': True, 'has_induction_step': True, 'has_qed': False, 'quality_score': 5.43}","{'identify_base_case': 2, 'prove_base_case': 2, 'hypothesis_stated': 2, 'hypothesis_given_bound': 2, 'goal_clear': 2, 'expression_decomposed': 0, 'inductive_hypothesis_applied': 0}",6.8585714285714285
65,"Use (strong) induction to prove the following claim: For any natural number \(n\), \(2n^3 + 3n^2 + n\) is divisible by 6.","Base case: for a value K, 2n^3 + 3n^2 + n is divisible by 6 for k >= 0... 2(1) + 3(1) + 1 = 6 which is divisible by 6.","{'has_proof': True, 'length': 118, 'has_base_case': True, 'has_induction_hypothesis': False, 'has_induction_step': False, 'has_qed': False, 'quality_score': 1.74}","{'identify_base_case': 2, 'prove_base_case': 2, 'hypothesis_stated': 0, 'hypothesis_given_bound': 0, 'goal_clear': 0, 'expression_decomposed': 0, 'inductive_hypothesis_applied': 0}",2.3114285714285714
66,"Use (strong) induction to prove the following claim: For any natural number \(n\), \(2n^3 + 3n^2 + n\) is divisible by 6.","base case: for n = 0, 0 + 0 + 0 os divisible by 6. induction hypothesis, for all natural number n , 2n^3 +3n ^2 + n is divisible by 6, for all k, 0 .. k. induction step, 2(k+1)^3 + 3(k+1)^ 2 + (k +1) is divisible by 6. 2( k^3 + 2k^2 +2K + 1) + 3(k^2 + 1+2k) + (k +1) is divisible by 6","{'has_proof': True, 'length': 284, 'has_base_case': True, 'has_induction_hypothesis': True, 'has_induction_step': True, 'has_qed': False, 'quality_score': 5.07}","{'identify_base_case': 2, 'prove_base_case': 2, 'hypothesis_stated': 2, 'hypothesis_given_bound': 1, 'goal_clear': 2, 'expression_decomposed': 0, 'inductive_hypothesis_applied': 0}",6.355714285714286
67,"Use (strong) induction to prove the following claim: For any natural number \(n\), \(2n^3 + 3n^2 + n\) is divisible by 6.","For our base case we know that when \n\ = 0, the expression above evaluates to 0, which is divisisble by 6. Next we try to show that for any natural number \n\, \2n^3\ + \3n^2\ + \n\ is divisisble by 6 from 0 ... \k\. Lastly we will then show that \2k^3\ + \3k^2\ + \k\, for each \k\, subsequently ending our proof.","{'has_proof': True, 'length': 315, 'has_base_case': True, 'has_induction_hypothesis': False, 'has_induction_step': False, 'has_qed': False, 'quality_score': 2.13}","{'identify_base_case': 2, 'prove_base_case': 2, 'hypothesis_stated': 1, 'hypothesis_given_bound': 1, 'goal_clear': 1, 'expression_decomposed': 0, 'inductive_hypothesis_applied': 0}",3.13
68,"Use (strong) induction to prove the following claim: For any natural number \(n\), \(2n^3 + 3n^2 + n\) is divisible by 6.","let n be 2. substituting 2 into the equation, we get 30. 30 is divisible by 6.","{'has_proof': True, 'length': 78, 'has_base_case': False, 'has_induction_hypothesis': False, 'has_induction_step': False, 'has_qed': False, 'quality_score': 0.16}","{'identify_base_case': 0, 'prove_base_case': 0, 'hypothesis_stated': 0, 'hypothesis_given_bound': 0, 'goal_clear': 0, 'expression_decomposed': 0, 'inductive_hypothesis_applied': 0}",0.16
69,"Use (strong) induction to prove the following claim: For any natural number \(n\), \(2n^3 + 3n^2 + n\) is divisible by 6.","Proof by induction Base case: At n = 1, P(n) = \2(1)^3+3(1)^2+1=6\ which is divisible by 6 so the base case holds. Hypothesis: Suppose P(n) is divisible by 6 for all 0, 1, 2, ...,k-1. So we need to proof that P(k) is divisible by 6 P(k) = \2k^3+3k^2+k\","{'has_proof': True, 'length': 252, 'has_base_case': True, 'has_induction_hypothesis': False, 'has_induction_step': False, 'has_qed': False, 'quality_score': 2.0}","{'identify_base_case': 2, 'prove_base_case': 2, 'hypothesis_stated': 2, 'hypothesis_given_bound': 2, 'goal_clear': 2, 'expression_decomposed': 0, 'inductive_hypothesis_applied': 0}",3.428571428571429
70,"Use (strong) induction to prove the following claim: For any natural number \(n\), \(2n^3 + 3n^2 + n\) is divisible by 6.","for any natural number n, 2n^3 + 3n^2 + n is divisible by 6 base case n = 0 = 0 + 0 + 0 = 0 which is divisible by 6. inductive hypthesis: for some number k, 2n^3 + 3n^2 + n is divisible by 6 for each n in 0, 1, ... k. inductive step: prove 2(k+1)^3 + 3(k+1)^2 + k + 1 is divisible by 6. 2k^3 +6k^2+6k+2 + 3k^2 + 6k + 3 + k + 1 = 2k^3 + 9k^2 + 13k + 6. by the inductive hypothesis, we know that 2k^3 and 3k^2 and k is divisible by 6. so we know that 2k^3 and 9k^2 and 13k are also divisible by 6. and of course 6 is divisible by six. by division properties, we know that the addition of all these values is also divisible by six.","{'has_proof': True, 'length': 628, 'has_base_case': True, 'has_induction_hypothesis': True, 'has_induction_step': True, 'has_qed': False, 'quality_score': 5.76}","{'identify_base_case': 2, 'prove_base_case': 2, 'hypothesis_stated': 2, 'hypothesis_given_bound': 2, 'goal_clear': 2, 'expression_decomposed': 0, 'inductive_hypothesis_applied': 1}",7.331428571428571
71,"Use (strong) induction to prove the following claim: For any natural number \(n\), \(2n^3 + 3n^2 + n\) is divisible by 6.",i don't know induction and no documentation was provided.,"{'has_proof': True, 'length': 57, 'has_base_case': False, 'has_induction_hypothesis': False, 'has_induction_step': False, 'has_qed': False, 'quality_score': 0.11}","{'identify_base_case': 0, 'prove_base_case': 0, 'hypothesis_stated': 0, 'hypothesis_given_bound': 0, 'goal_clear': 0, 'expression_decomposed': 0, 'inductive_hypothesis_applied': 0}",0.11
72,"Use (strong) induction to prove the following claim: For any natural number \(n\), \(2n^3 + 3n^2 + n\) is divisible by 6.","Suppose n is any natural number, which n \\geq\ 0. For n = 0, \2n^3 + 3n^2 + n\ = \2*0^3 + 3*0^2 + 0\ = 0. 0 is divisible by 6, which is true. For n = 1, \2*1^3 + 3*1^2 + 1\ = 6, which is divisible by 6. We know that \2n^3 + 3n^2 + n\ = \n(2n+1)(n+1)\. For n = 2, 2(5)(3) = 30 which is divisible by 6. Since n \\geq\ 0, \n(2n+1)(n+1)\ is divisible by 6 for any natural number n.","{'has_proof': True, 'length': 378, 'has_base_case': False, 'has_induction_hypothesis': False, 'has_induction_step': False, 'has_qed': False, 'quality_score': 0.76}","{'identify_base_case': 2, 'prove_base_case': 2, 'hypothesis_stated': 0, 'hypothesis_given_bound': 0, 'goal_clear': 0, 'expression_decomposed': 0, 'inductive_hypothesis_applied': 0}",1.3314285714285714
73,"Use (strong) induction to prove the following claim: For any natural number \(n\), \(2n^3 + 3n^2 + n\) is divisible by 6.","In its base case where n = 0, we get 0 and it is divisible by 6. If we sub n + 1, then we get 2(n + 1)^3 + 3(n + 1)^2 + n + 1. Looking at just the integers we would get 2 + 3 + 1, which is 6. Meaning we have six plus some amount of unspecified n. Since there is a 6 plus that means it is a multiple of 6. So, it is divisible by 6 which is what we needed to prove.","{'has_proof': True, 'length': 363, 'has_base_case': True, 'has_induction_hypothesis': False, 'has_induction_step': False, 'has_qed': False, 'quality_score': 2.23}","{'identify_base_case': 2, 'prove_base_case': 2, 'hypothesis_stated': 0, 'hypothesis_given_bound': 0, 'goal_clear': 0, 'expression_decomposed': 0, 'inductive_hypothesis_applied': 0}",2.8014285714285716
74,"Use (strong) induction to prove the following claim: For any natural number \(n\), \(2n^3 + 3n^2 + n\) is divisible by 6.","let n = 0, 2n^3+3n^2+n = 0+0+0 = 0, which is divisible by 6 Let n = 1...k 2k^+3k^2+k = k(2k^2+3k+1) = k (2k+1) (k+1) which is divisible by 6 QED","{'has_proof': True, 'length': 144, 'has_base_case': False, 'has_induction_hypothesis': False, 'has_induction_step': False, 'has_qed': True, 'quality_score': 1.79}","{'identify_base_case': 2, 'prove_base_case': 2, 'hypothesis_stated': 0, 'hypothesis_given_bound': 0, 'goal_clear': 0, 'expression_decomposed': 0, 'inductive_hypothesis_applied': 0}",2.361428571428571
75,"Use (strong) induction to prove the following claim: For any natural number \(n\), \(2n^3 + 3n^2 + n\) is divisible by 6.","Let \2n^3 + 3n^2 + n\ is divisible by 6 for all natural numbers \n\ be the predicate. Base case: For \n=0\, \2n^3+3n^2+n = 0\, which is divisible by 6. Thus, the base case holds. Inductive hypothesis: For some \k\, let \6 \mid 2n^3 + 3n^2 + n\ be true for all \n\ in \0, 1,...k\. Then, the inductive step is to show that \6 \mid 2(k+1)^3 + 3(k+1)^2 + k+1\. Expanding the right side of the expression, we have that \2(k+1)^3 + 3(k+1)^2 + k+1 = 2(k^3 + 3k^2 + 3k + 1) + 3(k^2 + 2k + 1) + (k + 1)\. After combining some terms, we have \2k^3 + 9k^2 + 13k + 6\, which we can rewrite as \(2k^3 + 3k^2 + k) + 6k^2 + 12k + 6 = (2k^3 + 3k^2 + k) + 6(k^2 + 2k + 1)\. By the inductive hypothesis, we know that \(2k^3 + 3k^2 + k)\ is divisible by \6\. Since \k\ is an integer, we know that \6(k^2 + 2k + 1)\ is divisible by 6 as well. Thus, we have that \(2k^3 + 3k^2 + k) + 6(k^2 + 2k + 1) = 2(k+1)^3 + 3(k+1)^2 + k+1\ is divisible by 6, which is what we wanted to show.","{'has_proof': True, 'length': 959, 'has_base_case': True, 'has_induction_hypothesis': True, 'has_induction_step': True, 'has_qed': False, 'quality_score': 6.42}","{'identify_base_case': 2, 'prove_base_case': 2, 'hypothesis_stated': 2, 'hypothesis_given_bound': 2, 'goal_clear': 2, 'expression_decomposed': 2, 'inductive_hypothesis_applied': 2}",8.42
76,"Use (strong) induction to prove the following claim: For any natural number \(n\), \(2n^3 + 3n^2 + n\) is divisible by 6.","Let our base case be n = 0. Since 2(0)^3 + 3(0)^2 + 0 = 0 and 0 is divisible by 6, the claim is true for the base case. Then, by the inductive hypothesis, it is true that 2n^3 + 3n^2 + n is divisible by 6 for n = 0, 1, ..., k, where k is a natural number. Then, we must prove that n = k + 1 is also divisible by 6. Therefore, 2(k+1)^3 + 3(k+1)^2 + k + 1 = 2k^3 + 9k^2 + 13k + 6. = (2k^2 + 7k + 6)(k + 1) = (2k + 3)(k + 2)(k + 1) Since 2k + 3 is always divisible by 6, the other terms are also always divisible by 6. (Incorrect but something along these lines if I had more time) Therefore, since the claim is true for n = k + 1, the claim is true for any natural number n.","{'has_proof': True, 'length': 672, 'has_base_case': True, 'has_induction_hypothesis': True, 'has_induction_step': False, 'has_qed': True, 'quality_score': 5.84}","{'identify_base_case': 2, 'prove_base_case': 2, 'hypothesis_stated': 2, 'hypothesis_given_bound': 2, 'goal_clear': 2, 'expression_decomposed': 0, 'inductive_hypothesis_applied': 0}",7.268571428571429
77,"Use (strong) induction to prove the following claim: For any natural number \(n\), \(2n^3 + 3n^2 + n\) is divisible by 6.",2n^3 + 3n^2 + n is divisble by 6 Inductive Hypothesis Suppose that 2n^3 + 3n^2 + n is divisible by 6 for each n in 0...k base form 2(0)^3 + 3(0)^2 + 0 = 0 which is divisble by 6,"{'has_proof': True, 'length': 177, 'has_base_case': False, 'has_induction_hypothesis': True, 'has_induction_step': False, 'has_qed': False, 'quality_score': 1.85}","{'identify_base_case': 2, 'prove_base_case': 2, 'hypothesis_stated': 2, 'hypothesis_given_bound': 2, 'goal_clear': 0, 'expression_decomposed': 0, 'inductive_hypothesis_applied': 0}",2.992857142857143
78,"Use (strong) induction to prove the following claim: For any natural number \(n\), \(2n^3 + 3n^2 + n\) is divisible by 6.","Let induction n, Predication: for any natural number n, 2n^3+3n^2+n is divisible by 6. Base case: when 0 = 0, 2n^3+3n^2+n = 0, which is divisible by 6. So the case satisfied. Hypo: 2n^3+3n^2+n, n=0...k. Step: 2(k+1)^3+3(k+1)^2+k+1 is divisible by 6. Prove:2(k+1)^3+3(k+1)^2+k+1 = 2(k^3+3k^2+3k+1)+3(k^2+2k+1)+k+1 = 2k^3+9k^2+13k+6 = (2k^3+3k^2+k)+6(2k+1). By the definiton of the induction, (2k^3+3k^2+k)is diviable by 6, and 6 | 6(2k+1), thus 6 | (2k^3+3k^2+k)+6(2k+1).That is what we need to show","{'has_proof': True, 'length': 498, 'has_base_case': True, 'has_induction_hypothesis': False, 'has_induction_step': False, 'has_qed': False, 'quality_score': 2.5}","{'identify_base_case': 2, 'prove_base_case': 2, 'hypothesis_stated': 1, 'hypothesis_given_bound': 2, 'goal_clear': 2, 'expression_decomposed': 2, 'inductive_hypothesis_applied': 2}",4.357142857142858
79,"Use (strong) induction to prove the following claim: For any natural number \(n\), \(2n^3 + 3n^2 + n\) is divisible by 6.","For the base case we take n = 0, so 2n^3 + 3n^2 + n = 0 by putting n = 0, which is divisible by 6. Now, taking pur hypothesis that 2n^3 + 3n^2 + n is divisible by 6 when n = 0, 1, 2....k Taking the case of k - 1, we get 2n^3 + 3n^2 + n = 2(k - 1)^3 + 3(k - 1)^2 + (k - 1), which is what we needed to show.","{'has_proof': True, 'length': 305, 'has_base_case': True, 'has_induction_hypothesis': False, 'has_induction_step': False, 'has_qed': False, 'quality_score': 2.11}","{'identify_base_case': 2, 'prove_base_case': 2, 'hypothesis_stated': 2, 'hypothesis_given_bound': 2, 'goal_clear': 1, 'expression_decomposed': 0, 'inductive_hypothesis_applied': 0}",3.395714285714286
80,"Use (strong) induction to prove the following claim: For any natural number \(n\), \(2n^3 + 3n^2 + n\) is divisible by 6.","Base case: n = 0, then \2n^3 + 3n^2 +n = 0\ which is divisble by 6. Then there must exist an integer k, such that \2n^3 + 3n^2 +n = 0\ for integers n in 0 ... k. For case n = k+1, \2(k+1)^3 + 3(k+1)^2 +(k+1) = 0\ Expanding we see that this expression is just \2k^3 + 3k^2 + k + 6(k^2 + 2k + 1)\ According to our hypothsis \2k^3 + 3k^2 + k\ is divisble by 6, and insce k is an integer then \6(k^2 + 2k + 1)\ is divisble by 6 Which is what we wanted to prove.","{'has_proof': True, 'length': 457, 'has_base_case': True, 'has_induction_hypothesis': False, 'has_induction_step': False, 'has_qed': False, 'quality_score': 2.41}","{'identify_base_case': 2, 'prove_base_case': 2, 'hypothesis_stated': 1, 'hypothesis_given_bound': 1, 'goal_clear': 1, 'expression_decomposed': 2, 'inductive_hypothesis_applied': 2}",3.9814285714285713
81,"Use (strong) induction to prove the following claim: For any natural number \(n\), \(2n^3 + 3n^2 + n\) is divisible by 6.","Inductive predicate: For any natural number n, 2n^3 + 3n^2 +n is divisible by 6 Inductive hypothesis: There is a number n such that the aformentioned theorem holds true Let us assume that the inductive hypothesis is true Since we assume our inductive hypothesis is true, we can then assume the aforementioned hypothesis is true. Thus, for any natural number n, 2n^2 +3n^2 + n is divisible by 6 which is what we were trying to show.","{'has_proof': True, 'length': 431, 'has_base_case': False, 'has_induction_hypothesis': True, 'has_induction_step': False, 'has_qed': False, 'quality_score': 2.36}","{'identify_base_case': 0, 'prove_base_case': 0, 'hypothesis_stated': 2, 'hypothesis_given_bound': 1, 'goal_clear': 0, 'expression_decomposed': 0, 'inductive_hypothesis_applied': 0}",2.7885714285714283
82,"Use (strong) induction to prove the following claim: For any natural number \(n\), \(2n^3 + 3n^2 + n\) is divisible by 6.","Base case: n = 0. Thus, 2(0)\^3%\+3(0)\^2\+0 = 0, which is divisible by 6. Let the inductive hypothesis be that for some k, 2n\^3\+3n\^2\+n is divisible by 6 for n in 0...k Inductive step: Now we need to show that 2(k+1)\^3\+3\(k+1)^2\+(k+1) is divisible by 6 for 0...k The natural number n will be disivible by 6, when there exists an integer p such that n = 6p. if n=6p. 2n\^3\+3n\^2\+n = 2(6p)\^3\ + 3(6p)\^2\ + 6p This is equivalent to 2n\^3\+3n\^2\+n = 2*6\^2\p\^3\ + (3 * 6\^2\)p\^2\ + 6p this simplifies to 6(6*2*p\^3\+3*6*p\^2\+6) Thus, since (6*2*p\^3\+3*6*p\^2\+6) can be represented by an integer q, n = 6q, so n is divisible by 6.","{'has_proof': True, 'length': 642, 'has_base_case': True, 'has_induction_hypothesis': True, 'has_induction_step': True, 'has_qed': False, 'quality_score': 5.78}","{'identify_base_case': 2, 'prove_base_case': 1, 'hypothesis_stated': 2, 'hypothesis_given_bound': 2, 'goal_clear': 1, 'expression_decomposed': 0, 'inductive_hypothesis_applied': 0}",6.9228571428571435
83,"Use (strong) induction to prove the following claim: For any natural number \(n\), \(2n^3 + 3n^2 + n\) is divisible by 6.","For our base case, note that if n = 1, 2(1)^3 + 3(1)^2 + 1 = 6, and 6 is divisible by 6. Next, suppose our inductive hypothesis is that for some k, 2k^3 + 3k^2 + k is divisible by 6 for each n in 0 ... k. Next to finish we need to show that 2k^3 + 3k^2 + k is divisible by 6. Proof using examples: if k = 1, 2(1)^3 + 3(1)^2 + 1 = 6, and 6 is divisible by 6. if k = 2, 2(2)^3 + 3(2)^2 + 2 = 40, and 40 is divisible by 6. if k = 3, 2(3)^3 + 3(3)^2 + 3 = 84, and 84 is divisible by 6. In all three cases, the result is divisible by 6, therefore 2k^3 + 3k^2 + k is divisible by 6 for all k greater than or equal to 0. If 2k^3 + 3k^2 + k is equivalent to 2n^3 + 3n^2, then 2n^3 + 3n^2 is also divisible by 6. QED.","{'has_proof': True, 'length': 708, 'has_base_case': True, 'has_induction_hypothesis': True, 'has_induction_step': False, 'has_qed': True, 'quality_score': 5.92}","{'identify_base_case': 2, 'prove_base_case': 2, 'hypothesis_stated': 2, 'hypothesis_given_bound': 2, 'goal_clear': 1, 'expression_decomposed': 0, 'inductive_hypothesis_applied': 0}",7.2057142857142855
84,"Use (strong) induction to prove the following claim: For any natural number \(n\), \(2n^3 + 3n^2 + n\) is divisible by 6.","Let the base case be \n=0\. Thus, \2*0^3+3*0^2+0=0\ which is divisible by 6. <br> Assume the case holds for a natural number k. Thus, <br> \2(k+1)^3+3(k+1)^2+k+1=2k^3+6k^2+6k+2+3k^2+6k+3+k+1=\ <Br> \(2k^3+3k^2+k)+6k^2+6k+6k+6\. Since \(2k^3+3k^2+k)\ is divisible by \6\ and so are the remaining terms,<br> \2(k+1)^3+3(k+1)^2+k+1\ is also divisible by 6.","{'has_proof': True, 'length': 353, 'has_base_case': True, 'has_induction_hypothesis': False, 'has_induction_step': False, 'has_qed': False, 'quality_score': 2.21}","{'identify_base_case': 2, 'prove_base_case': 2, 'hypothesis_stated': 2, 'hypothesis_given_bound': 2, 'goal_clear': 2, 'expression_decomposed': 2, 'inductive_hypothesis_applied': 2}",4.21
85,"Use (strong) induction to prove the following claim: For any natural number \(n\), \(2n^3 + 3n^2 + n\) is divisible by 6.","Base case: for n = 1, 2n^3 + 3n^2 + n = 6, which is divisible by 6","{'has_proof': True, 'length': 66, 'has_base_case': True, 'has_induction_hypothesis': False, 'has_induction_step': False, 'has_qed': False, 'quality_score': 1.63}","{'identify_base_case': 2, 'prove_base_case': 2, 'hypothesis_stated': 0, 'hypothesis_given_bound': 0, 'goal_clear': 0, 'expression_decomposed': 0, 'inductive_hypothesis_applied': 0}",2.201428571428571
86,"Use (strong) induction to prove the following claim: For any natural number \(n\), \(2n^3 + 3n^2 + n\) is divisible by 6.","We'll need to prove that for some number n within natural numbers, \2(n+1)^3+3n^2+n\ is divisible by 6.","{'has_proof': True, 'length': 103, 'has_base_case': False, 'has_induction_hypothesis': False, 'has_induction_step': False, 'has_qed': False, 'quality_score': 0.21}","{'identify_base_case': 0, 'prove_base_case': 0, 'hypothesis_stated': 0, 'hypothesis_given_bound': 0, 'goal_clear': 0, 'expression_decomposed': 0, 'inductive_hypothesis_applied': 0}",0.21
87,"Use (strong) induction to prove the following claim: For any natural number \(n\), \(2n^3 + 3n^2 + n\) is divisible by 6.","Suppose predicate \P(n)\ holds when for any natural number \n\, \2n^3+3n^2+n\ is divisible by \6\ is true.<br> Base case: when \n = 0\, \2*0^3+3*0^2+0=0\, which is obviously divisible by \6\, so \P(0)\ holds.<br> Inductive hypothesis: \P(n)\ holds for some \n\ that \n = 0, 1, 2,...,k\ (where \k >= 0\).<br> Inductive step: we need to prove that \2(k+1)^3+3(k+1)^2+k+1\ is divisible by \6\.<br> \2(k+1)^3+3(k+1)^2+k+1 = 2k^3+9k^2+13k+6\ <br> from the Inductive hypothesis we know that \2k^3+3k^2+k\ is divisible by \6\<br> after substitution we get that \2(k+1)^3+3(k+1)^2+k+1 = (2k^3+3k^2+k) + 6(k^2+2k+1)\. <br> since k is a natural number, (k^2+2k+1) is also a natural number, 6(k^2+2k+1) is divisible by 6. so the summation of \(2k^3+3k^2+k) \and\ 6(k^2+2k+1)\ is divisible by 6, which is what we needd to show","{'has_proof': True, 'length': 814, 'has_base_case': True, 'has_induction_hypothesis': True, 'has_induction_step': True, 'has_qed': False, 'quality_score': 6.13}","{'identify_base_case': 2, 'prove_base_case': 2, 'hypothesis_stated': 2, 'hypothesis_given_bound': 2, 'goal_clear': 2, 'expression_decomposed': 2, 'inductive_hypothesis_applied': 2}",8.129999999999999
88,"Use (strong) induction to prove the following claim: For any natural number \(n\), \(2n^3 + 3n^2 + n\) is divisible by 6.","suppose there is natural number n, so 2n^3+3n^2+n = n(2n^2+3n+1) = n(2n+1)(n+1) as n is natural number, so there exists natual number q that 6q = n(2n+1)(n+1) so 2n^3+3n^2+n is divisible by 6 and this is want we want to prove.","{'has_proof': True, 'length': 226, 'has_base_case': False, 'has_induction_hypothesis': False, 'has_induction_step': False, 'has_qed': False, 'quality_score': 0.45}","{'identify_base_case': 0, 'prove_base_case': 0, 'hypothesis_stated': 0, 'hypothesis_given_bound': 0, 'goal_clear': 0, 'expression_decomposed': 0, 'inductive_hypothesis_applied': 0}",0.45
89,"Use (strong) induction to prove the following claim: For any natural number \(n\), \(2n^3 + 3n^2 + n\) is divisible by 6.","Base case: \2(0)^3 + 3(0)^2 + 0 = 0\, and 0 is divisible by 6. \2(1)^3 + 3(1)^2 + 1 = 6\ and 6 is divisble by 6. \2(2)^3 + 3(2)^2 + 2 = 30\ and 30 is divisble by 6. \2(3)^3 + 3(3)^2 + 3 = 84\ and 84 is divisble by 6. \2(4)^3 + 3(4)^2 + 4 = 180\ and 180 is divisible by 6. Finally, \2(5)^3 + 3(5)^2 + 5 = 330\ and 330 is divisble by 6. Thus, the equality holds true for all base cases. Inductive step: Suppose that \2n^3 + 3n^2 + n\ is divisible by 6 for some natural number n. Then, we want to show that \2(n+6)^3 + 3(n+6)^2 + n + 6\ is also divisible by 6. Expanding the expression, we get that \2(n+6)^3 + 3(n+6)^2 + n + 6 = 2n^3 + 3n^2 + n + 6(6n^2 + 36n + 72 + 6n + 24 + 1)\. From the inductive step, we know that \2n^3 + 3n^2 + n\ is divisble by 6, which means there exists an integer t such that \2n^3 + 3n^2 + n = 6t\. Plugging this back into the equation and factoring, we get \2(n+6)^3 + 3(n+6)^2 + n + 6 = 6(6n^2 + 36n + 72 + 6n + 24 + 1 + t)\. Since all of the numbers inside the parentheses are integers, the whole expression is also an integer. Let it equal p. Then \2(n+6)^3 + 3(n+6)^2 + n + 6 = 6*p\ By definition of divisiblity, since \2(n+6)^3 + 3(n+6)^2 + n + 6\ is equal to 6 times an integer, \2(n+6)^3 + 3(n+6)^2 + n + 6\ is divisible by 6, which is what we wanted to show.","{'has_proof': True, 'length': 1294, 'has_base_case': True, 'has_induction_hypothesis': False, 'has_induction_step': True, 'has_qed': False, 'quality_score': 5.59}","{'identify_base_case': 2, 'prove_base_case': 2, 'hypothesis_stated': 2, 'hypothesis_given_bound': 2, 'goal_clear': 1, 'expression_decomposed': 2, 'inductive_hypothesis_applied': 2}",7.4471428571428575
90,"Use (strong) induction to prove the following claim: For any natural number \(n\), \(2n^3 + 3n^2 + n\) is divisible by 6.","From the given information above, we can construct the predicate as follows 2n^3 + 3n^2 + n. Base Case(s): For our base case we can set n = 0, so 2(0)^3 + 3(0)^2 + (0) = 0 which is divisible by 6. Inductive Hypothesis: Next, suppose that for some k, 2n^3 + 3n^2 + n is divisble by 6 for each n = 0...k-1. Inductive Step: Now we need to show that 2k^3 + 3k^2 + k is divisible by 6 ... (UNSURE OF INTERMEDIATE STEPS TO GET TO RESULT) Final Result: Therefore we can say that 2k^3 + 3k^2 + k is divisible by 6, which is what we wanted to show.","{'has_proof': True, 'length': 539, 'has_base_case': True, 'has_induction_hypothesis': True, 'has_induction_step': True, 'has_qed': True, 'quality_score': 7.08}","{'identify_base_case': 2, 'prove_base_case': 2, 'hypothesis_stated': 2, 'hypothesis_given_bound': 2, 'goal_clear': 2, 'expression_decomposed': 0, 'inductive_hypothesis_applied': 0}",8.508571428571429
91,"Use (strong) induction to prove the following claim: For any natural number \(n\), \(2n^3 + 3n^2 + n\) is divisible by 6.","Prove by induction of n. We will prove that \2n^3 + 3n^2 + n\ is divisible by 6 for any natural number \n\. First we will prove our base cases 0 and 1. \2(0)^3 + 3(0)^2 + 0\, which is equal to \0, which is divisible by 6. For when \ n = 1, 2(1)^3 + 3(1)^2 + (1)\, which is equal to \6\, which is divisible by 6. So the claim holds true for the base cases. Induction Hypothesis: \2n^3 + 3n^2 + n\ is divisible by 6 for when n = some k in \(0, 1, 2, ..., k - 1)\, where k is a natural number. Inductive Step: We will need to prove that the statement holds true for n = k. For when n = k, \2(k)^3 + 3(k)^2 + k\. This can be altered to be 5 + 3 + 1 ( more k). 5 + 3 + 1 = 6, which is divisible by 6, so we can assume that that \2n^3 + 3n^2 + n\ is divisible by 6 for any natural number \n$, which is what we were trying to prove.","{'has_proof': True, 'length': 825, 'has_base_case': True, 'has_induction_hypothesis': True, 'has_induction_step': True, 'has_qed': False, 'quality_score': 6.15}","{'identify_base_case': 2, 'prove_base_case': 2, 'hypothesis_stated': 2, 'hypothesis_given_bound': 1, 'goal_clear': 2, 'expression_decomposed': 0, 'inductive_hypothesis_applied': 0}",7.435714285714286
92,"Use (strong) induction to prove the following claim: For any natural number \(n\), \(2n^3 + 3n^2 + n\) is divisible by 6.","We start with the base case of n = 0 because n is a natural number. We then have 2(0) + 3(0) + 0 which is 0, and this is divisle by 6, so we have proven the base case holds. Now our inductive hypothesis that there is some k that which for all n in 0..k that 2n^3 + 3n^2 + n is divisible by 6. Our inductive step is that 2(k + 1)^3 + 3(k + 1)^2 + k + 1 is divisible by 6. Expanding out the inductive step we have the expression 2k^3 + 6k^2 + 6k + 2 + 3k^2 + 6k + 3 + k + 1, which we are testing if 6 divides. Combining like terms of this expression we have 2k^3 + 9k^2 + 13K + 6. But from the inductive hypothesis we know 2k^3 + 3k^2 + k is divisible by 6, so if we remove this from the previous expression, all we have to do is prove that the remainder of that is divisible by 6 as well. The difference/remainder of 2k^3 + 9k^2 + 13K + 6 and 2k^3 + 3k^2 + k is 6k^2 + 12k + 6. Factoring the 6 out of this we have 6(k^2 + 2k + 1), and since k is an integer, that means k^2 + 2k + 1 is an integer and that subsequently there is some integer where 6(k^2 + 2k + 1) is divisible by 6. This all means that 2(k + 1)^3 + 3(k + 1)^2 + k + 1 is divisible by 6 which is what we were trying to show.","{'has_proof': True, 'length': 1187, 'has_base_case': True, 'has_induction_hypothesis': True, 'has_induction_step': True, 'has_qed': False, 'quality_score': 6.87}","{'identify_base_case': 2, 'prove_base_case': 2, 'hypothesis_stated': 2, 'hypothesis_given_bound': 2, 'goal_clear': 2, 'expression_decomposed': 2, 'inductive_hypothesis_applied': 2}",8.870000000000001
93,"Use (strong) induction to prove the following claim: For any natural number \(n\), \(2n^3 + 3n^2 + n\) is divisible by 6.","Proof by induction on n. Inductive prediction: \2n^3+3n^2+n\ is divisible by 6 for \all \space n \in \mathbb N\ Base cases: when n = 0, \2n^3+3n^2+n=0\ which is obviously divisible by 6, so P(0) holds. Inductive hypothesis: \2n^3+3n^2+n\ is true for all n in 0...k, \k \in \mathbb N\ Inductive steps: we need to prove \2n^3+3n^2+n\ is also true for k+1. when n = k+1, \P(k+1)=2(k+1)^3+3(k+1)^2+k+1\ \=2k^3+6k^2+6k+2 + 3k^2+6k+3+k+1\ Since \P(k+1)-P(k)=P(k+1)-2k^3-3k^2-k\ \=6k^2+12k+6\ \=6(k+1)^2\ which is obviously divisible by 6 From the inductive hypothesis we can know that \P(k)\ is divisible by 6 Thus, \P(k+1) = P(k) + 6(k+1)^2\ Because both parts is divisible by 6, Then \P(k+1)\ is also divisible by 6, which is what we need to prove.","{'has_proof': True, 'length': 744, 'has_base_case': True, 'has_induction_hypothesis': True, 'has_induction_step': True, 'has_qed': False, 'quality_score': 5.99}","{'identify_base_case': 2, 'prove_base_case': 2, 'hypothesis_stated': 2, 'hypothesis_given_bound': 1, 'goal_clear': 1, 'expression_decomposed': 2, 'inductive_hypothesis_applied': 2}",7.704285714285715
94,"Use (strong) induction to prove the following claim: For any natural number \(n\), \(2n^3 + 3n^2 + n\) is divisible by 6.","Sorry, I don't have time. But I believe I did a similar one in the first proof block exam.","{'has_proof': True, 'length': 90, 'has_base_case': False, 'has_induction_hypothesis': False, 'has_induction_step': False, 'has_qed': False, 'quality_score': 0.18}","{'identify_base_case': 0, 'prove_base_case': 0, 'hypothesis_stated': 0, 'hypothesis_given_bound': 0, 'goal_clear': 0, 'expression_decomposed': 0, 'inductive_hypothesis_applied': 0}",0.18
95,"Use (strong) induction to prove the following claim: For any natural number \(n\), \(2n^3 + 3n^2 + n\) is divisible by 6.",3,"{'has_proof': True, 'length': 1, 'has_base_case': False, 'has_induction_hypothesis': False, 'has_induction_step': False, 'has_qed': False, 'quality_score': 0.0}","{'identify_base_case': 0, 'prove_base_case': 0, 'hypothesis_stated': 0, 'hypothesis_given_bound': 0, 'goal_clear': 0, 'expression_decomposed': 0, 'inductive_hypothesis_applied': 0}",0.0
96,"Use (strong) induction to prove the following claim: For any natural number \(n\), \(2n^3 + 3n^2 + n\) is divisible by 6.","When \n = 0, 2(0)^3+3(0)^2+0 = 0\ which is divisible by \6\. For some \k, 2n^3+3n^2+n\ is always divisible by \6\ for each \k\ in \1, 2, 3, ..., k\. We need to show that \2(k+1)^3+3(k+1)^2+k+1\ is divisible by \6\. Multiplying out, we get \2k^3+9k^2+13k+6 \ or \(2k^3+3k^2+k)+(6k^2+12k+6)\. Comparing the two polonomials encapusulated in parentheses, \(2k^3+3k^2+k)\ matches nicly with the claim. The bit that is added on, \(6k^2+12k+6)\ is divisible by \6\ because each term is a multiple of \6\. Therefore, the original claim is true.","{'has_proof': True, 'length': 536, 'has_base_case': False, 'has_induction_hypothesis': False, 'has_induction_step': False, 'has_qed': True, 'quality_score': 2.57}","{'identify_base_case': 2, 'prove_base_case': 2, 'hypothesis_stated': 1, 'hypothesis_given_bound': 2, 'goal_clear': 2, 'expression_decomposed': 2, 'inductive_hypothesis_applied': 1}",4.284285714285714
97,"Use (strong) induction to prove the following claim: For any natural number \(n\), \(2n^3 + 3n^2 + n\) is divisible by 6.","Base case: For our base case, when n = 0, 2(0)^3 + 3(0)^2 + 0 = 0 and 0 is divisible by 6. Inductive hypothesis: For the inductive hypothesis, suppose that for some k, 2(n)^3 + 3(n)^2 + n is divisible by 6 for each n in 0, 1, ..., k - 1. Inductive step: Now we need to show that 2(k)^3 + 3(k)^2 + k is divisible by 6.","{'has_proof': True, 'length': 317, 'has_base_case': True, 'has_induction_hypothesis': True, 'has_induction_step': True, 'has_qed': False, 'quality_score': 5.13}","{'identify_base_case': 2, 'prove_base_case': 2, 'hypothesis_stated': 2, 'hypothesis_given_bound': 2, 'goal_clear': 2, 'expression_decomposed': 0, 'inductive_hypothesis_applied': 0}",6.558571428571429
98,"Use (strong) induction to prove the following claim: For any natural number \(n\), \(2n^3 + 3n^2 + n\) is divisible by 6.","We will use proof by induction. Base case: Starting with n = 0, we know that 2n^3 + 3n^2 + n = 0 which is divisible by 6 since 0 = 0 * 6 (zero is divisible by everything). Next, the inductive hypothesis is that for any number n, 2n^3 + 3n^2 + n is divisible by 6 for every value n in 0...k We need to prove that k+1 works, so 2(k+1)^3 + 3(k+1) + (k+1) is divisible by 6. This is the inductive step. Pulling out the k+1, we get (k+1)(2(k+1)^2 + 3(k+1) + k+1) = (k+1)(2k^2 + 4k + 2 + 3k + 1 + k + 1) = (k+1)(2k^2 + 6k + 4) = (k+1)(k+2)(2k+2)(k+1) = 2(k+1)(k+1)(k+1)(k+2) which is divisible by both 2 and 3, so it's also divisible by 6. So, for any natural number n, 2n^3 + 3n^2 + n is divisible by 6.","{'has_proof': True, 'length': 698, 'has_base_case': True, 'has_induction_hypothesis': True, 'has_induction_step': True, 'has_qed': False, 'quality_score': 5.9}","{'identify_base_case': 2, 'prove_base_case': 2, 'hypothesis_stated': 2, 'hypothesis_given_bound': 2, 'goal_clear': 2, 'expression_decomposed': 0, 'inductive_hypothesis_applied': 0}",7.328571428571429
99,"Use (strong) induction to prove the following claim: For any natural number \(n\), \(2n^3 + 3n^2 + n\) is divisible by 6.","Proof of induction by n. The base case is n = 0. Substituting n = 0, we get 0, which is divisible by 6. Then, let us use the induction hypothesis, which states that for every natural number n from 0..k in 2n^3 +3n^2 + n, it's always divisible by 6. By substituting k into the equation, we get 2k^3 +3k^2 + k, whcih then distributed gets k(2k^2 + 3k + 1), which then distributes to k(2k+1)(k+1).","{'has_proof': True, 'length': 394, 'has_base_case': True, 'has_induction_hypothesis': True, 'has_induction_step': False, 'has_qed': False, 'quality_score': 3.79}","{'identify_base_case': 2, 'prove_base_case': 2, 'hypothesis_stated': 2, 'hypothesis_given_bound': 2, 'goal_clear': 0, 'expression_decomposed': 0, 'inductive_hypothesis_applied': 0}",4.932857142857143
100,"Use (strong) induction to prove the following claim: For any natural number \(n\), \(2n^3 + 3n^2 + n\) is divisible by 6.","Proof by induction on n Base Case: \n=1\, \2(1)^3+3(1)^2+1 = 6\ and 6 is divisible by 6 so the base case holds true. I know there should be an inductive hypothesis and inductive step following but I don't know how to get those","{'has_proof': True, 'length': 226, 'has_base_case': True, 'has_induction_hypothesis': True, 'has_induction_step': True, 'has_qed': False, 'quality_score': 4.95}","{'identify_base_case': 2, 'prove_base_case': 2, 'hypothesis_stated': 0, 'hypothesis_given_bound': 0, 'goal_clear': 0, 'expression_decomposed': 0, 'inductive_hypothesis_applied': 0}",5.521428571428571
101,"Use (strong) induction to prove the following claim: For any natural number \(n\), \(2n^3 + 3n^2 + n\) is divisible by 6.","base case: when n = 0, the function is 0, which can be divided by 6. when n = 1, the function is 6, which can be divided by 6.","{'has_proof': True, 'length': 126, 'has_base_case': True, 'has_induction_hypothesis': False, 'has_induction_step': False, 'has_qed': False, 'quality_score': 1.75}","{'identify_base_case': 2, 'prove_base_case': 2, 'hypothesis_stated': 0, 'hypothesis_given_bound': 0, 'goal_clear': 0, 'expression_decomposed': 0, 'inductive_hypothesis_applied': 0}",2.321428571428571
102,"Use (strong) induction to prove the following claim: For any natural number \(n\), \(2n^3 + 3n^2 + n\) is divisible by 6.",Base Case:,"{'has_proof': True, 'length': 10, 'has_base_case': True, 'has_induction_hypothesis': False, 'has_induction_step': False, 'has_qed': False, 'quality_score': 1.52}","{'identify_base_case': 0, 'prove_base_case': 0, 'hypothesis_stated': 0, 'hypothesis_given_bound': 0, 'goal_clear': 0, 'expression_decomposed': 0, 'inductive_hypothesis_applied': 0}",1.52
103,"Use (strong) induction to prove the following claim: For any natural number \(n\), \(2n^3 + 3n^2 + n\) is divisible by 6.","Let n be a natural number. Base Case Inductive Hypothesis Inductive Step By the definition of divides, \2n^3 + 3n^2 + n\ is divisible by 6, QED","{'has_proof': True, 'length': 143, 'has_base_case': True, 'has_induction_hypothesis': True, 'has_induction_step': True, 'has_qed': True, 'quality_score': 6.29}","{'identify_base_case': 0, 'prove_base_case': 0, 'hypothesis_stated': 0, 'hypothesis_given_bound': 0, 'goal_clear': 0, 'expression_decomposed': 0, 'inductive_hypothesis_applied': 0}",6.29
104,"Use (strong) induction to prove the following claim: For any natural number \(n\), \(2n^3 + 3n^2 + n\) is divisible by 6.","Proof by induction on n Let n = 0, \2(0)^3 + 3(0)^2 + 0 = 0\, which is divisible by 6. Suppose \2n^3 + 3n^2 + n\ is divisible by 6 for all natural numbers 0...k Take n = k + 1, which is equal to \2(k + 1)^3 + 3(k + 1)^2 + k + 1\ This can be simplified to \2k^3 + 6k^2 + 6k + 2 + 3k^2 + 6k + 3 + k + 1\ which when further simplified comes out to \2k^3 + 9k^2 + 13k + 6\. We know that when n = k, \2k^3 + 3k^2 + k\ is divisible by 6. We can set this expression equal to the natural number p. Thus, we can represent n = k + 1 as \p + 6k^2 + 12k + 6\ We can factor out a 6 from the expression that is added to p to get \p + 6(k^2 + 2k + 1)\ Since both addends are divisible by 6, their sum is also divisible by 6. Thus when n = k + 1, the expression is divisible by 6 which is what we wanted to show.","{'has_proof': True, 'length': 796, 'has_base_case': False, 'has_induction_hypothesis': False, 'has_induction_step': False, 'has_qed': False, 'quality_score': 1.59}","{'identify_base_case': 2, 'prove_base_case': 2, 'hypothesis_stated': 2, 'hypothesis_given_bound': 2, 'goal_clear': 2, 'expression_decomposed': 2, 'inductive_hypothesis_applied': 2}",3.59
105,"Use (strong) induction to prove the following claim: For any natural number \(n\), \(2n^3 + 3n^2 + n\) is divisible by 6.","2n^3+3n^2+n =n(2n+1)(n+1) Since 2 and 3 both are factors of 2n^3+3n^2+n. For any natural number n, 2n^3+3n^2+n is divisible by 6. Hence proved.","{'has_proof': True, 'length': 143, 'has_base_case': False, 'has_induction_hypothesis': False, 'has_induction_step': False, 'has_qed': False, 'quality_score': 0.29}","{'identify_base_case': 0, 'prove_base_case': 0, 'hypothesis_stated': 0, 'hypothesis_given_bound': 0, 'goal_clear': 0, 'expression_decomposed': 0, 'inductive_hypothesis_applied': 0}",0.29
106,"Use (strong) induction to prove the following claim: For any natural number \(n\), \(2n^3 + 3n^2 + n\) is divisible by 6.","Proof by Induction. For our base case, suppose n = 0. Then 2(\0^3\) + 3(\0^2\) + 0 = 0 + 0 + 0 = 0 which is divisible by 6. Inductive Hypothesis: For any natural number n, 2(\n^3\) + 3(\n^2\) + n is divisible by 6 from 0...k. Inductive Statement: We are trying to show 2\(k+1)^3\ + 3\(k+1)^2\ + k + 1 is divisible by 6. This expands to k^3 + 4k^2 + 6k + 3. This simplifies to k(k^2 + 4k + 6) + 3. k is divisible by 6 because it is an integer. 3 is divisible by 6. k^2 + 4k is divisible by 6 because it is an integer. 6 is divisible by 6. Therefore, 2\(k+1)^3\ + 3\(k+1)^2\ + k + 1 is divisible by 6 which is what we are trying to show.","{'has_proof': True, 'length': 635, 'has_base_case': True, 'has_induction_hypothesis': True, 'has_induction_step': False, 'has_qed': True, 'quality_score': 5.77}","{'identify_base_case': 2, 'prove_base_case': 2, 'hypothesis_stated': 2, 'hypothesis_given_bound': 2, 'goal_clear': 2, 'expression_decomposed': 0, 'inductive_hypothesis_applied': 0}",7.198571428571428
107,"Use (strong) induction to prove the following claim: For any natural number \(n\), \(2n^3 + 3n^2 + n\) is divisible by 6.","Base case: when n = 0 0+0+0 = 0 which is divisible by 6. Suppose that 2n^3 + 3n^2 + n is divisible by 6 for n = 0,1,2,3...,k we need to prove that when n = k+1, it is divisible by 6","{'has_proof': True, 'length': 181, 'has_base_case': True, 'has_induction_hypothesis': False, 'has_induction_step': False, 'has_qed': False, 'quality_score': 1.86}","{'identify_base_case': 2, 'prove_base_case': 2, 'hypothesis_stated': 2, 'hypothesis_given_bound': 2, 'goal_clear': 2, 'expression_decomposed': 0, 'inductive_hypothesis_applied': 0}",3.2885714285714287
108,"Use (strong) induction to prove the following claim: For any natural number \(n\), \(2n^3 + 3n^2 + n\) is divisible by 6.","when n = 1, \2n^3 + 3n^2 + n = 6\ which is divisible by 6 assume that the claim is true when n=k prove that the claim is true when n = k+1 \2(k+1)^{3}+3(k+1)^{2}+k+1\ =","{'has_proof': True, 'length': 168, 'has_base_case': False, 'has_induction_hypothesis': False, 'has_induction_step': False, 'has_qed': False, 'quality_score': 0.34}","{'identify_base_case': 2, 'prove_base_case': 2, 'hypothesis_stated': 2, 'hypothesis_given_bound': 2, 'goal_clear': 2, 'expression_decomposed': 0, 'inductive_hypothesis_applied': 0}",1.7685714285714287
109,"Use (strong) induction to prove the following claim: For any natural number \(n\), \(2n^3 + 3n^2 + n\) is divisible by 6.","For our base case, when n = 0, \2n^3 + 3n^2 + n = 0\ which is divisible by 6. For our inductive hypothesis, for some k, \2n^3 + 3n^2 + n\ is divisible by 6 for each n in 0...k + 1. \2*(k + 1)^3 + 3*(k+1)^2 + (k+1) = (k+1)*(2(k+1)^2 + 3(k+1) + 1)\ We can set k+1 equal to some integer p. Then, by definition of divides, \6s = p*(2p^2 = 3p +1)\ for some integer s. We can set another integer t = s/p. Then, \6t = (2p^2 = 3p +1)\ which means that it is divisible by 6 which is what we needed to prove.","{'has_proof': True, 'length': 498, 'has_base_case': True, 'has_induction_hypothesis': True, 'has_induction_step': False, 'has_qed': False, 'quality_score': 4.0}","{'identify_base_case': 2, 'prove_base_case': 2, 'hypothesis_stated': 2, 'hypothesis_given_bound': 2, 'goal_clear': 0, 'expression_decomposed': 0, 'inductive_hypothesis_applied': 0}",5.142857142857142
110,"Use (strong) induction to prove the following claim: For any natural number \(n\), \(2n^3 + 3n^2 + n\) is divisible by 6.","Lets prove by induction and let P(n) = to the claim above. Base cases: when n = 0; then 2(0)^3 + 3(0)^2 + 0 = 0 which is divisible by 6 so P(0) holds true. Inductive Hypothesis : for a natural number k, 2k^3 + 3k^2 + k is divisible by 6. Inductive Step : let's prove with k + 1, 2(k+1)^3 + 3(k+1)^2 + k + 1 Simplified, 2k^3 + 9k^2 + 13k + 6 6 is divisible by 6. So 2k^3 + 3k^2 + k is divisible by 6, QED","{'has_proof': True, 'length': 403, 'has_base_case': True, 'has_induction_hypothesis': True, 'has_induction_step': True, 'has_qed': True, 'quality_score': 6.81}","{'identify_base_case': 2, 'prove_base_case': 2, 'hypothesis_stated': 2, 'hypothesis_given_bound': 2, 'goal_clear': 2, 'expression_decomposed': 2, 'inductive_hypothesis_applied': 1}",8.667142857142856
111,"Use (strong) induction to prove the following claim: For any natural number \(n\), \(2n^3 + 3n^2 + n\) is divisible by 6.","Base case: When n = 0, 2n^3 + 3n^2 + n = 0 and 0 is divisible by 6. Inductive hypothesis: for some k, 2n^3 + 3n^2 + n is divisible by 6 for each n in 0...k-1 Inductive step: 2k^3 + 3k^2 + k is divisble by 6 Factorising out 6 means it is divisible by 6, which is what we needed to prove.","{'has_proof': True, 'length': 286, 'has_base_case': True, 'has_induction_hypothesis': True, 'has_induction_step': True, 'has_qed': False, 'quality_score': 5.07}","{'identify_base_case': 2, 'prove_base_case': 2, 'hypothesis_stated': 2, 'hypothesis_given_bound': 2, 'goal_clear': 2, 'expression_decomposed': 0, 'inductive_hypothesis_applied': 0}",6.498571428571429
112,"Use (strong) induction to prove the following claim: For any natural number \(n\), \(2n^3 + 3n^2 + n\) is divisible by 6.","Base Case: When n = 0, 2*0^3 + 3*0^2 + 0 = 0 which is divisible by 6. Inductive hypothesis: For some k, 2n^3 + 3n^2 + n is divisible by 6 for any n in 0...k-1. Now we must prove 2k^3 + 3k^2 + k is divisible by 6.","{'has_proof': True, 'length': 212, 'has_base_case': True, 'has_induction_hypothesis': True, 'has_induction_step': False, 'has_qed': False, 'quality_score': 3.42}","{'identify_base_case': 2, 'prove_base_case': 2, 'hypothesis_stated': 2, 'hypothesis_given_bound': 2, 'goal_clear': 2, 'expression_decomposed': 0, 'inductive_hypothesis_applied': 0}",4.848571428571429
113,"Use (strong) induction to prove the following claim: For any natural number \(n\), \(2n^3 + 3n^2 + n\) is divisible by 6.","Base case: When n = 0, 2(0) + 3(0) + 0 = 0, which is divisible by 6. Inductive hypothesis: For n in 0...k, 2n\^3\ + 3n\^2\ + n is divisible by 6 Inductive step: Let n = k + 1 Therefore 2(k+1)\^3\ + 3(k+1)\^2\ + k+1 is divisible by 6","{'has_proof': True, 'length': 232, 'has_base_case': True, 'has_induction_hypothesis': True, 'has_induction_step': True, 'has_qed': True, 'quality_score': 6.46}","{'identify_base_case': 2, 'prove_base_case': 2, 'hypothesis_stated': 2, 'hypothesis_given_bound': 2, 'goal_clear': 2, 'expression_decomposed': 0, 'inductive_hypothesis_applied': 0}",7.888571428571429
114,"Use (strong) induction to prove the following claim: For any natural number \(n\), \(2n^3 + 3n^2 + n\) is divisible by 6.",2n^3+3n^2+n = n(2n^2+3*n+1)=n(2n+1)(n+1),"{'has_proof': True, 'length': 40, 'has_base_case': False, 'has_induction_hypothesis': False, 'has_induction_step': False, 'has_qed': False, 'quality_score': 0.08}","{'identify_base_case': 0, 'prove_base_case': 0, 'hypothesis_stated': 0, 'hypothesis_given_bound': 0, 'goal_clear': 0, 'expression_decomposed': 0, 'inductive_hypothesis_applied': 0}",0.08
115,"Use (strong) induction to prove the following claim: For any natural number \(n\), \(2n^3 + 3n^2 + n\) is divisible by 6.","Let \k\ be an integer. We must prove \2k^{3} + 3k^{2}+k\ for all \0...(k-1)\.<br> Base case: \2(0)^{3} + 3(0)^{2}+(0)=0\, which is divisible by \6\.<br> This is all I know how to do.","{'has_proof': True, 'length': 182, 'has_base_case': True, 'has_induction_hypothesis': False, 'has_induction_step': False, 'has_qed': False, 'quality_score': 1.86}","{'identify_base_case': 2, 'prove_base_case': 2, 'hypothesis_stated': 0, 'hypothesis_given_bound': 0, 'goal_clear': 0, 'expression_decomposed': 0, 'inductive_hypothesis_applied': 0}",2.4314285714285715
116,"Use (strong) induction to prove the following claim: For any natural number \(n\), \(2n^3 + 3n^2 + n\) is divisible by 6.","Suppose n = 0. 2(0)^3+3(0)^2+0 = 0, which is divisible by 6. Now suppose n = 1, 2(1)^3+3(1)^2+1 = 6, which is divisible by 6. 2n^3+3n^2+n = n(2n^2+3n+1) = n(2n+1)(n+1)","{'has_proof': True, 'length': 167, 'has_base_case': False, 'has_induction_hypothesis': False, 'has_induction_step': False, 'has_qed': False, 'quality_score': 0.33}","{'identify_base_case': 2, 'prove_base_case': 2, 'hypothesis_stated': 0, 'hypothesis_given_bound': 0, 'goal_clear': 0, 'expression_decomposed': 0, 'inductive_hypothesis_applied': 0}",0.9014285714285715
117,"Use (strong) induction to prove the following claim: For any natural number \(n\), \(2n^3 + 3n^2 + n\) is divisible by 6.","Proof by induction on \n\. **Inductive Predicate:** For any natural number \n\, \2n^3+3n^2+n\ is divisible by \6\. **Base case:** For \n = 0, 2(0)^3+3(0)^2+0 = 0\, which is divisible by \6\. **Inductive hypothesis:** For some natural number \k\. \2n^3+3n^2+n\ is divisible by \6\ for all natural numbers in the range \0..k\ **Inductive step:** Prove that \2(k+1)^3+3(k+1)^2+k+1\ is divisible by \6\. By algebra, we get: \2(k+1)^3+3(k+1)^2+k+1 = 2k^3 + 6k^2 + 6k + 2 + 3k^2 + 6 k + 3 + k + 1\, which is equivalent to \(2k^3+3k^2+k) + 6(k^2+2k + 1)\ The second term can be written as \6j\, for some natural number \j\. Through the inductive hypothesis, the first term is divisible by 6. Since both terms are divisible by 6. the sum is divisible by 6, which is what we needed to show.","{'has_proof': True, 'length': 781, 'has_base_case': True, 'has_induction_hypothesis': True, 'has_induction_step': True, 'has_qed': False, 'quality_score': 6.06}","{'identify_base_case': 2, 'prove_base_case': 2, 'hypothesis_stated': 2, 'hypothesis_given_bound': 2, 'goal_clear': 2, 'expression_decomposed': 2, 'inductive_hypothesis_applied': 2}",8.059999999999999
118,"Use (strong) induction to prove the following claim: For any natural number \(n\), \(2n^3 + 3n^2 + n\) is divisible by 6.",\idk\,"{'has_proof': True, 'length': 5, 'has_base_case': False, 'has_induction_hypothesis': False, 'has_induction_step': False, 'has_qed': False, 'quality_score': 0.01}","{'identify_base_case': 0, 'prove_base_case': 0, 'hypothesis_stated': 0, 'hypothesis_given_bound': 0, 'goal_clear': 0, 'expression_decomposed': 0, 'inductive_hypothesis_applied': 0}",0.01
119,"Use (strong) induction to prove the following claim: For any natural number \(n\), \(2n^3 + 3n^2 + n\) is divisible by 6.","We apply induction on n. Base case: when n = 0, 2n^3 + 3n^2 + n = 0 is divisible by 6. Induction hypothesis: some some k, 2n^3 + 3n^2 + n = 0 is divisible by 6 for all natural number n from 0 to k. induction step: prove that 2n^3 + 3n^2 + n = 0 is divisible by 6 for all natural number n.","{'has_proof': True, 'length': 288, 'has_base_case': True, 'has_induction_hypothesis': True, 'has_induction_step': True, 'has_qed': False, 'quality_score': 5.08}","{'identify_base_case': 2, 'prove_base_case': 2, 'hypothesis_stated': 2, 'hypothesis_given_bound': 2, 'goal_clear': 0, 'expression_decomposed': 0, 'inductive_hypothesis_applied': 0}",6.222857142857142
120,"Use (strong) induction to prove the following claim: For any natural number \(n\), \(2n^3 + 3n^2 + n\) is divisible by 6.","when n = 0, 2n^3 + 3n^2 + n = 0 which is divisible by 6 assume that there is an integer k, that when n = k, 2k^3 + 3k^2 + k is divisible by 6 when n = k+1, 2(k+1)^3+3(k+1)^2+(k+1) = 2k^3 + 6k^2 + 6k + 2 + 3k^2 + 6k + 3 + k + 1 = 6(k^2 + k + 1) + (2k^3 + 3k^2 + k). Here, 6(k^2 + k + 1) is divisible by 6 and we know that (2k^3 + 3k^2 + k) is divisible by 6 so 2(k+1)^3+3(k+1)^2+(k+1) is also divisible by 6.","{'has_proof': True, 'length': 407, 'has_base_case': False, 'has_induction_hypothesis': False, 'has_induction_step': False, 'has_qed': False, 'quality_score': 0.81}","{'identify_base_case': 2, 'prove_base_case': 2, 'hypothesis_stated': 2, 'hypothesis_given_bound': 2, 'goal_clear': 2, 'expression_decomposed': 2, 'inductive_hypothesis_applied': 2}",2.81
121,"Use (strong) induction to prove the following claim: For any natural number \(n\), \(2n^3 + 3n^2 + n\) is divisible by 6.","Inductive predicate: \2n^3+3n^2+n\ is divisible by 6. Base case: consider \n=0\. Then \2n^3+3n^2+n=2\cdot 0^3+3\cdot 0^2+0=0\, which is divisble by 6. Inductive hypothesis: suppose for some \k\in\mathbb{Z}^+\, \2n^3+3n^2+n\ is divisible by 6 for all \n\ in \0,1,\cdots,k\. Inductive step: we will now that \2(k+1)^3+3(k+1)^2+k+1\ is divisible by 6. Expanding and rearranging, we get \2k^3+9k^2+13k+6=2k^3+3k^2+k+6k^2+12k+6\. From the inductive hypothesis, \2k^3+3k^2+k\ is divisible by 6. \6k^2+12k+6\ has an explicit factor of 6, so it is divisible by 6. Therefore, \2(k+1)^3+3(k+1)^2+k+1=2k^3+9k^2+13k+6\ is divisible by 6, which is what we needed to show.","{'has_proof': True, 'length': 658, 'has_base_case': True, 'has_induction_hypothesis': True, 'has_induction_step': True, 'has_qed': True, 'quality_score': 7.32}","{'identify_base_case': 2, 'prove_base_case': 2, 'hypothesis_stated': 2, 'hypothesis_given_bound': 2, 'goal_clear': 2, 'expression_decomposed': 2, 'inductive_hypothesis_applied': 2}",9.32
122,"Use (strong) induction to prove the following claim: For any natural number \(n\), \(2n^3 + 3n^2 + n\) is divisible by 6.",6x = 2n^3 + 3n^2 + n where x is an integer. n(2n^2 + 3n + 1) = n(2n+1)(n+1) = 6x,"{'has_proof': True, 'length': 80, 'has_base_case': False, 'has_induction_hypothesis': False, 'has_induction_step': False, 'has_qed': False, 'quality_score': 0.16}","{'identify_base_case': 0, 'prove_base_case': 0, 'hypothesis_stated': 0, 'hypothesis_given_bound': 0, 'goal_clear': 0, 'expression_decomposed': 0, 'inductive_hypothesis_applied': 0}",0.16
123,"Use (strong) induction to prove the following claim: For any natural number \(n\), \(2n^3 + 3n^2 + n\) is divisible by 6.",\2n^2+3n^2+n\ is divisible by \6\,"{'has_proof': True, 'length': 33, 'has_base_case': False, 'has_induction_hypothesis': False, 'has_induction_step': False, 'has_qed': False, 'quality_score': 0.07}","{'identify_base_case': 0, 'prove_base_case': 0, 'hypothesis_stated': 0, 'hypothesis_given_bound': 0, 'goal_clear': 0, 'expression_decomposed': 0, 'inductive_hypothesis_applied': 0}",0.07
124,"Use (strong) induction to prove the following claim: For any natural number \(n\), \(2n^3 + 3n^2 + n\) is divisible by 6.",suppose that 2n^3+3n^2 is divsible by 6 for n in 0....k where k >= 0,"{'has_proof': True, 'length': 68, 'has_base_case': False, 'has_induction_hypothesis': False, 'has_induction_step': False, 'has_qed': False, 'quality_score': 0.14}","{'identify_base_case': 0, 'prove_base_case': 0, 'hypothesis_stated': 2, 'hypothesis_given_bound': 2, 'goal_clear': 0, 'expression_decomposed': 0, 'inductive_hypothesis_applied': 0}",0.7114285714285714
125,"Use (strong) induction to prove the following claim: For any natural number \(n\), \(2n^3 + 3n^2 + n\) is divisible by 6.","base: when n = 0, this is true, IH, the claim is true when n = 0,1,2,3,,,,,,k-1","{'has_proof': True, 'length': 79, 'has_base_case': False, 'has_induction_hypothesis': False, 'has_induction_step': False, 'has_qed': False, 'quality_score': 0.16}","{'identify_base_case': 0, 'prove_base_case': 0, 'hypothesis_stated': 0, 'hypothesis_given_bound': 0, 'goal_clear': 0, 'expression_decomposed': 0, 'inductive_hypothesis_applied': 0}",0.16
126,"Use (strong) induction to prove the following claim: For any natural number \(n\), \(2n^3 + 3n^2 + n\) is divisible by 6.",1,"{'has_proof': True, 'length': 1, 'has_base_case': False, 'has_induction_hypothesis': False, 'has_induction_step': False, 'has_qed': False, 'quality_score': 0.0}","{'identify_base_case': 0, 'prove_base_case': 0, 'hypothesis_stated': 0, 'hypothesis_given_bound': 0, 'goal_clear': 0, 'expression_decomposed': 0, 'inductive_hypothesis_applied': 0}",0.0
127,"Use (strong) induction to prove the following claim: For any natural number \(n\), \(2n^3 + 3n^2 + n\) is divisible by 6.","For our base case, note that when n = 0, \2n^3+3n^2+n = 0\ which is divisible by 6. Next, suppose as our inductive hypothesis for some k, \2n^3+3n^2+n\ is divisble by 6 for each n in 0...k - 1 We need to show that \2k^3+3k^2+k\ is divisible by 6. Note that by our induction hypothesis, \2(k-1)^3+3(k-1)^2+(k-1) = 2k^3-3k^2-11k\ is divisible by 6. Since \2k^3\ divides \2k^3\, \3k^2\ divides \-3k^2\ and k divides -11k, we can conclude that by induction, \2k^3+3k^2+k\ is divisible by 6, which is what we needed to show.","{'has_proof': True, 'length': 519, 'has_base_case': True, 'has_induction_hypothesis': True, 'has_induction_step': False, 'has_qed': False, 'quality_score': 4.04}","{'identify_base_case': 2, 'prove_base_case': 2, 'hypothesis_stated': 2, 'hypothesis_given_bound': 2, 'goal_clear': 2, 'expression_decomposed': 0, 'inductive_hypothesis_applied': 0}",5.468571428571429
128,"Use (strong) induction to prove the following claim: For any natural number \(n\), \(2n^3 + 3n^2 + n\) is divisible by 6.","For our base case, when n = 0, \2n^{3} + 3n^{2} + n\ = 0 and 0 is divisble by 6. Next, suppose as our inductive hypothesis that for some k, \2n^{3} + 3n^{2} + n\ is divisble by 6 for each n in 0...k-1 Now we need to show that \2k^{3} + 3k^{2} + k\ is divisble by 6","{'has_proof': True, 'length': 264, 'has_base_case': True, 'has_induction_hypothesis': True, 'has_induction_step': False, 'has_qed': False, 'quality_score': 3.53}","{'identify_base_case': 2, 'prove_base_case': 2, 'hypothesis_stated': 2, 'hypothesis_given_bound': 2, 'goal_clear': 2, 'expression_decomposed': 0, 'inductive_hypothesis_applied': 0}",4.958571428571428
129,"Use (strong) induction to prove the following claim: For any natural number \(n\), \(2n^3 + 3n^2 + n\) is divisible by 6.","let us start with induction on n base case let n = 0. then 2n^3 + 3n^2 + n = 0 and 0 is divisible by 6. Inductive Hypothesis: assume 2n^3 + 3n^2 + n is divisble by 6 for all n = 0, .., k. Inductive step: let n = k + 1 2(k+1)^3 + 3(k+1)^2 + (k+1) = 2k^3 + 6k^2 + 4k +2 + 3k^2 + 6k + 3 + k + 1 2k^3, 9k^2, 11k, are all divisble by 6 by our inductive hypothesis. 2 + 3 + 1 = 6, and 6 is divisble by 6. so the whole thing is divisible by 6. so 2n^3 + 3n^2 +n is divisble by 6 for all natural numbers. slay.","{'has_proof': True, 'length': 502, 'has_base_case': True, 'has_induction_hypothesis': True, 'has_induction_step': True, 'has_qed': False, 'quality_score': 5.5}","{'identify_base_case': 2, 'prove_base_case': 2, 'hypothesis_stated': 2, 'hypothesis_given_bound': 2, 'goal_clear': 2, 'expression_decomposed': 2, 'inductive_hypothesis_applied': 2}",7.5
130,"Use (strong) induction to prove the following claim: For any natural number \(n\), \(2n^3 + 3n^2 + n\) is divisible by 6.","Base Case: n = 0, then 2n^3 + 3n^2 + n = 0 which is divisible by 6. n = 1, 2n^3 + 3n^2 + n = 6 which is divisible by 6. Inductive Hypothesis: 2n^3 + 3n^2 + n is divisible by 6 from n = 0 to n = k. Inductive Step: Factoring out n gives us n(2n^2 + 3n + 1). subsituting any number will give as a result that can be divided by six thus proving the inductive hypothesis.","{'has_proof': True, 'length': 366, 'has_base_case': True, 'has_induction_hypothesis': True, 'has_induction_step': True, 'has_qed': False, 'quality_score': 5.23}","{'identify_base_case': 2, 'prove_base_case': 2, 'hypothesis_stated': 2, 'hypothesis_given_bound': 2, 'goal_clear': 0, 'expression_decomposed': 0, 'inductive_hypothesis_applied': 0}",6.372857142857143
131,"Use (strong) induction to prove the following claim: For any natural number \(n\), \(2n^3 + 3n^2 + n\) is divisible by 6.","Proof: Induction on n. Base case: When n = 0, \2n^3 + 3n^2 + n = 0\, and 6 | 0. When n = 1, \2n^3 + 3n^2 + n = 6\ amd 6 | 6. For some integer k, \6 | 2n^3 + 3n^2 + n\ where n is 0...k. By inductive reasoning, for any natural number n, \6 | 2n^3 + 3n^2 + n\.","{'has_proof': True, 'length': 257, 'has_base_case': True, 'has_induction_hypothesis': False, 'has_induction_step': False, 'has_qed': False, 'quality_score': 2.01}","{'identify_base_case': 2, 'prove_base_case': 2, 'hypothesis_stated': 1, 'hypothesis_given_bound': 2, 'goal_clear': 0, 'expression_decomposed': 0, 'inductive_hypothesis_applied': 0}",3.01
132,"Use (strong) induction to prove the following claim: For any natural number \(n\), \(2n^3 + 3n^2 + n\) is divisible by 6.",I don't remember the process of using induction to prove this claim.,"{'has_proof': True, 'length': 68, 'has_base_case': False, 'has_induction_hypothesis': False, 'has_induction_step': False, 'has_qed': False, 'quality_score': 0.14}","{'identify_base_case': 0, 'prove_base_case': 0, 'hypothesis_stated': 0, 'hypothesis_given_bound': 0, 'goal_clear': 0, 'expression_decomposed': 0, 'inductive_hypothesis_applied': 0}",0.14
133,"Use (strong) induction to prove the following claim: For any natural number \(n\), \(2n^3 + 3n^2 + n\) is divisible by 6.","For our base case, when n = 0, 2n^3 + 3n^2 + n = 0 + 0 + 0 = 0. 0 is clearly divisible by 6, so the base case holds. Next, suppose our inductive hypothesis is that for some k, f(n) = 2n^3 + 3n^2 + n for each n in 0 ... k - 1. So our inductive step would be f(k) = 2k^3 + 3k^2 + k. Factoring the equation, 2k^3 + 3k^2 + k becomes k(2k + 1)(k + 1). This factorization is guaranteed to be even because either k or k + 1 is an even number. For this factorization to be dividable by 6, you either need one of the parts to be a multiple of 6, or you need one of the parts to be a multiple of 3 and another part to be an even number. There are 3 cases. Case 1: For every k = 2 (mod 3), k + 1 will be a multiple of 3, so every k = 2 (mod 3) is divisble by 6. Case 2: For every k = 1 (mod 3), 2k = 2 (mod 3) and 2k + 1 = 3 (mod 3). Thus, (2k + 1) will be a multiple of 3, so every k = 1 (mod 3) is divisible by 3. Case 3: Finally, for every k = 3 (mod 3), k is already a multiple of 3, so every k = 3 (mod 3) will be a multiple of 3. By the inductive hypothesis, we have shown that f(k) = 2k^3 + 3k^2 + k is divisble by 6 which is what we needed to show.","{'has_proof': True, 'length': 1145, 'has_base_case': True, 'has_induction_hypothesis': True, 'has_induction_step': True, 'has_qed': False, 'quality_score': 6.79}","{'identify_base_case': 2, 'prove_base_case': 2, 'hypothesis_stated': 1, 'hypothesis_given_bound': 2, 'goal_clear': 2, 'expression_decomposed': 0, 'inductive_hypothesis_applied': 0}",8.075714285714286
134,"Use (strong) induction to prove the following claim: For any natural number \(n\), \(2n^3 + 3n^2 + n\) is divisible by 6.","For our base case, note that when \n=0\, \2n^3+3n^2+n=2\cdot0+3\cdot0+0=0\. Next, suppose as our Inductive Hypothesis that for some \k\, \2n^3+3n^2+n\ is divisible by \6\ for each \n\ in \0...k-1\. Now to finish, we need to show that \2k^3+3k^2+k\ is divisible by \6\... Let \n\ and \k\ be natural numbers. Suppose that \2(k-1)^3+3(k-1)^2+(k-1)\ is divisible by 6. Therefore, by the definition of divides, \2(k-1)^3+3(k-1)^2+(k-1)=6m\ where \m\ is an integer. By alegebra, the following is the case: \2(k-1)^3+3(k-1)^2+(k-1)=6m\ \\left(k-1\right)\left(2(k-1)^2+3(k-1)+1\right)=6m\ \\left(k-1\right)\left(2k^2-4k+2+3k-3+1\right)=6m\ \\left(k-1\right)\left(2k^2-k\right)=6m\ \2k^3-3k^2+k=6m\ Since \2k^3-3k^2+k=6m\ and \m\ is an integer, \2k^3-3k^2+k\ divides 6. QED","{'has_proof': True, 'length': 764, 'has_base_case': True, 'has_induction_hypothesis': True, 'has_induction_step': False, 'has_qed': True, 'quality_score': 6.03}","{'identify_base_case': 2, 'prove_base_case': 2, 'hypothesis_stated': 2, 'hypothesis_given_bound': 2, 'goal_clear': 2, 'expression_decomposed': 0, 'inductive_hypothesis_applied': 0}",7.458571428571429
135,"Use (strong) induction to prove the following claim: For any natural number \(n\), \(2n^3 + 3n^2 + n\) is divisible by 6.","If n = 1, (2n^3)+(3n^2)+n = 6 which is divisible by 6. If n = 2, (2n^3)+(3n^2)+n = 30 which is divisible by 6. If n = 3, (2n^3)+(3n^2)+n = 84 which is divisible by 6. If n = 4, (2n^3)+(3n^2)+n = 180 which is divisible by 6. If n = 5, (2n^3)+(3n^2)+n = 330 which is divisible by 6. Thus, the claim is true.","{'has_proof': True, 'length': 305, 'has_base_case': False, 'has_induction_hypothesis': False, 'has_induction_step': False, 'has_qed': False, 'quality_score': 0.61}","{'identify_base_case': 0, 'prove_base_case': 0, 'hypothesis_stated': 0, 'hypothesis_given_bound': 0, 'goal_clear': 0, 'expression_decomposed': 0, 'inductive_hypothesis_applied': 0}",0.61
136,"Use (strong) induction to prove the following claim: For any natural number \(n\), \(2n^3 + 3n^2 + n\) is divisible by 6.",We can prove this by first proving this for all natural numbers n-1:,"{'has_proof': True, 'length': 68, 'has_base_case': False, 'has_induction_hypothesis': False, 'has_induction_step': False, 'has_qed': False, 'quality_score': 0.14}","{'identify_base_case': 0, 'prove_base_case': 0, 'hypothesis_stated': 0, 'hypothesis_given_bound': 0, 'goal_clear': 0, 'expression_decomposed': 0, 'inductive_hypothesis_applied': 0}",0.14
137,"Use (strong) induction to prove the following claim: For any natural number \(n\), \(2n^3 + 3n^2 + n\) is divisible by 6.","= n(2n^2 + 3n + 1) =n (2n+1)(n+1) base case: n=1 , 1*3*2 = 6","{'has_proof': True, 'length': 60, 'has_base_case': True, 'has_induction_hypothesis': False, 'has_induction_step': False, 'has_qed': False, 'quality_score': 1.62}","{'identify_base_case': 0, 'prove_base_case': 0, 'hypothesis_stated': 0, 'hypothesis_given_bound': 0, 'goal_clear': 0, 'expression_decomposed': 0, 'inductive_hypothesis_applied': 0}",1.62
138,"Use (strong) induction to prove the following claim: For any natural number \(n\), \(2n^3 + 3n^2 + n\) is divisible by 6.","let for any natural number n, 2n^3 + 3n^2 +n is divisible by 6; 6m = 2n^3 + 3n^2 + n, when m is equal to integral. both of them have the multiply (2 and 3 and 1); it's shows that the the 2n^3 + 3n^2 +n must be multiply of 6, that is what we need to show","{'has_proof': True, 'length': 253, 'has_base_case': False, 'has_induction_hypothesis': False, 'has_induction_step': False, 'has_qed': False, 'quality_score': 0.51}","{'identify_base_case': 0, 'prove_base_case': 0, 'hypothesis_stated': 0, 'hypothesis_given_bound': 0, 'goal_clear': 0, 'expression_decomposed': 0, 'inductive_hypothesis_applied': 0}",0.51
139,"Use (strong) induction to prove the following claim: For any natural number \(n\), \(2n^3 + 3n^2 + n\) is divisible by 6.","For base case, note that when n = 0, 2*0 + 3*0 + 0 = 0 is divisible by 6. Now suppose our inductive hypothesis that this claim is true when n = 0, 1, ..., k So the claim is true when n = k + 1 is what we need to prove.","{'has_proof': True, 'length': 218, 'has_base_case': True, 'has_induction_hypothesis': True, 'has_induction_step': False, 'has_qed': False, 'quality_score': 3.44}","{'identify_base_case': 2, 'prove_base_case': 2, 'hypothesis_stated': 2, 'hypothesis_given_bound': 2, 'goal_clear': 2, 'expression_decomposed': 0, 'inductive_hypothesis_applied': 0}",4.868571428571428
140,"Use (strong) induction to prove the following claim: For any natural number \(n\), \(2n^3 + 3n^2 + n\) is divisible by 6.","Proof: by induction on n. Base: let n = 0, then 2(0^3) + 3(0^2) + 0 = 0 which is divisible by 6. let n = 1, then 2(1^3) + 3(1^2) + 1 = 6 which is divisble by 6. Induction: Suppose 2n^3 + 3n^2 + n is divisble by 6 for n = 0,...,k. Then we must show that 2(k+1)^3 + 3(k+1)^2 + k+1 is divisble by 6. ... Thus, 2n^3 + 3n^2 + n is divisble by 6 for any natural number n.","{'has_proof': True, 'length': 365, 'has_base_case': False, 'has_induction_hypothesis': False, 'has_induction_step': False, 'has_qed': False, 'quality_score': 0.73}","{'identify_base_case': 2, 'prove_base_case': 2, 'hypothesis_stated': 2, 'hypothesis_given_bound': 2, 'goal_clear': 2, 'expression_decomposed': 0, 'inductive_hypothesis_applied': 0}",2.1585714285714284
141,"Use (strong) induction to prove the following claim: For any natural number \(n\), \(2n^3 + 3n^2 + n\) is divisible by 6.","Let's prove that for any natural number \n, 2n^3 + 2n^2 + n\ is divisible by 6. For our base case, notice that when n = 0 we have \2(0)^3 + 3(0)^2 + 0 = 0\ which is divisble by 6. Assume that our inductive hypothasis is that for some k, \2n^3 + 2n^2 + n\ is divisible by 6 for each n is 0, ... k - 1. So we have \2(k - 1)^3 + 3(k-1)^2 + (k-1)\ So we get \2(k^3-3k^2+3k-1)+3(k^2-2k+1) + k-1\ So then we get \2k^3-6k^2 + 6k -2 + 3k^2 -6k + 3 + k -1\ Regarranging the terms, we have \(2k^3+3k+k)+6k\ But we know that from out inductive hypothesis that \(2k^3+3k+k)\. Also 6k is divisble by 6. Hence we can conclude that the combination of \(2k^3+3k+k)\ and \6k\, which is \(2k^3+3k+k)+6k\, must also be divisible by 6 for all natural numbers. <b>Q.E.D</b>","{'has_proof': True, 'length': 752, 'has_base_case': True, 'has_induction_hypothesis': True, 'has_induction_step': False, 'has_qed': True, 'quality_score': 6.0}","{'identify_base_case': 2, 'prove_base_case': 2, 'hypothesis_stated': 2, 'hypothesis_given_bound': 2, 'goal_clear': 2, 'expression_decomposed': 0, 'inductive_hypothesis_applied': 2}",7.714285714285714
142,"Use (strong) induction to prove the following claim: For any natural number \(n\), \(2n^3 + 3n^2 + n\) is divisible by 6.","We will use proof by induction. Inductive Predicate: \2n^3 + 3n^2 + n\ is divisible by 6. Base Case: For our base case, note that when n = 0, \2n^3 + 3n^2 + n\ = 0, which is divisible by 6. Inductive Hypothesis: For some k, \2n^3 + 3n^2 + n\ is divisible by 6 for each 0 . . . k. Inductive Step: For some k, \2(n + 1)^3 + 3(n + 1)^2 + (n + 1)\ is divisible by 6 for each 0 . . . k.","{'has_proof': True, 'length': 381, 'has_base_case': True, 'has_induction_hypothesis': True, 'has_induction_step': True, 'has_qed': False, 'quality_score': 5.26}","{'identify_base_case': 2, 'prove_base_case': 2, 'hypothesis_stated': 2, 'hypothesis_given_bound': 2, 'goal_clear': 2, 'expression_decomposed': 0, 'inductive_hypothesis_applied': 0}",6.688571428571429
143,"Use (strong) induction to prove the following claim: For any natural number \(n\), \(2n^3 + 3n^2 + n\) is divisible by 6.","To be honest, I have wrote many answers which I believe them are correct. But I don't think there will be enough students grading my answer and I don't want to do such work. So I decide to go back to sleep","{'has_proof': True, 'length': 205, 'has_base_case': False, 'has_induction_hypothesis': False, 'has_induction_step': False, 'has_qed': False, 'quality_score': 0.41}","{'identify_base_case': 0, 'prove_base_case': 0, 'hypothesis_stated': 0, 'hypothesis_given_bound': 0, 'goal_clear': 0, 'expression_decomposed': 0, 'inductive_hypothesis_applied': 0}",0.41
144,"Use (strong) induction to prove the following claim: For any natural number \(n\), \(2n^3 + 3n^2 + n\) is divisible by 6.","Base Case: for n = 1, P(n) is true since 2+3+1 = 6 which is divisible by 6. Inductive Step: Assume P(k) is true for some natural number k. Then 2k^3 + 3k^2 + k is divisible by 6. Then the quantity 2(k+1)^3 + 3(k+1)^2 + (k+1) = 2k^3 + 6k^2 + 6k + 2 + 3k^2 + 6k + 3 + k + 1 = 6(t) + 6, where t is an integer. This is clearly divisible by 6. Thus P(k+1) is true. By induction, P(n) is true for any natural number n.","{'has_proof': True, 'length': 412, 'has_base_case': True, 'has_induction_hypothesis': False, 'has_induction_step': True, 'has_qed': False, 'quality_score': 3.82}","{'identify_base_case': 2, 'prove_base_case': 2, 'hypothesis_stated': 2, 'hypothesis_given_bound': 2, 'goal_clear': 2, 'expression_decomposed': 0, 'inductive_hypothesis_applied': 0}",5.248571428571428
145,"Use (strong) induction to prove the following claim: For any natural number \(n\), \(2n^3 + 3n^2 + n\) is divisible by 6.","By the deifntion of induction, Base Case: For n = 0, 2(0)^3+3(0)^2+0 = 0 which is divisible by 6. Inductive Hypothesis: For some k, 2n^3+3n^2+n is divisble by 6 for each n 0...k. Inductive step: 2(k+1)^3+3(k+1)^2+(k+1) We have proven that 2n^3+3n^2+n is divisble by 6.","{'has_proof': True, 'length': 268, 'has_base_case': True, 'has_induction_hypothesis': True, 'has_induction_step': True, 'has_qed': False, 'quality_score': 5.04}","{'identify_base_case': 2, 'prove_base_case': 2, 'hypothesis_stated': 2, 'hypothesis_given_bound': 2, 'goal_clear': 2, 'expression_decomposed': 0, 'inductive_hypothesis_applied': 0}",6.468571428571429
146,"Use (strong) induction to prove the following claim: For any natural number \(n\), \(2n^3 + 3n^2 + n\) is divisible by 6.","Proof: Let n be any natural number. Consider 2n^3 + 3n ^2 + n = n(2n+1)(n+1). By the definition of division. n = 6k + r, for 0 <= r <= 6. Then n + 1 = 6k + r + 1. Similarily 2n + 1 = 12k + 2r + 1.","{'has_proof': True, 'length': 196, 'has_base_case': False, 'has_induction_hypothesis': False, 'has_induction_step': False, 'has_qed': False, 'quality_score': 0.39}","{'identify_base_case': 0, 'prove_base_case': 0, 'hypothesis_stated': 0, 'hypothesis_given_bound': 0, 'goal_clear': 0, 'expression_decomposed': 0, 'inductive_hypothesis_applied': 0}",0.39
147,"Use (strong) induction to prove the following claim: For any natural number \(n\), \(2n^3 + 3n^2 + n\) is divisible by 6.",\2n^3 + 3n^2 + n\ = \n(2n^2 + 3n + 1)\ = \n(2n + 1)(n+1)\ let n = 1 (1)(2(1) + 1)(1+1) = 6(1) if n = 2 \n(2n + 1)(n+1)\ = (2)(2(2)+1)(2+1) = 6(5) so 6| \n(2n + 1)(n+1)\,"{'has_proof': True, 'length': 168, 'has_base_case': False, 'has_induction_hypothesis': False, 'has_induction_step': False, 'has_qed': False, 'quality_score': 0.34}","{'identify_base_case': 0, 'prove_base_case': 0, 'hypothesis_stated': 0, 'hypothesis_given_bound': 0, 'goal_clear': 0, 'expression_decomposed': 0, 'inductive_hypothesis_applied': 0}",0.34
148,"Use (strong) induction to prove the following claim: For any natural number \(n\), \(2n^3 + 3n^2 + n\) is divisible by 6.","For the base case, n = 1 and \2(1)^3+3(1)^2+1 = 6\ which is divisible by 6. For all n in 0...k+1, \2(n+1)^3 + 3(n+1)^2+(n+1)\ = \2n^3+9n^2+12n+6\, which is divisible by 6, which is what we needed to prove.","{'has_proof': True, 'length': 205, 'has_base_case': True, 'has_induction_hypothesis': False, 'has_induction_step': False, 'has_qed': False, 'quality_score': 1.91}","{'identify_base_case': 2, 'prove_base_case': 2, 'hypothesis_stated': 0, 'hypothesis_given_bound': 0, 'goal_clear': 0, 'expression_decomposed': 0, 'inductive_hypothesis_applied': 0}",2.4814285714285713
149,"Use (strong) induction to prove the following claim: For any natural number \(n\), \(2n^3 + 3n^2 + n\) is divisible by 6.","For all natural numbers n, 2n^3 + 3n^2 + n is divisble by 6. For our base case, note that when n = 1, the equation is 6, which is divisble by 6. Next suppose as our inductive hypothesis that for some k, g(n) = 2 - 2/3^nthe equation is divisble by 6, for each n in 0...k. Once solved we see that the answer is is divisble by 6, which is what we needed to show.","{'has_proof': True, 'length': 359, 'has_base_case': True, 'has_induction_hypothesis': True, 'has_induction_step': False, 'has_qed': False, 'quality_score': 3.72}","{'identify_base_case': 2, 'prove_base_case': 2, 'hypothesis_stated': 0, 'hypothesis_given_bound': 2, 'goal_clear': 0, 'expression_decomposed': 0, 'inductive_hypothesis_applied': 0}",4.577142857142857
150,"Use (strong) induction to prove the following claim: For any natural number \(n\), \(2n^3 + 3n^2 + n\) is divisible by 6.","I probably would've taken far too long on this one, but it is what it is","{'has_proof': True, 'length': 72, 'has_base_case': False, 'has_induction_hypothesis': False, 'has_induction_step': False, 'has_qed': False, 'quality_score': 0.14}","{'identify_base_case': 0, 'prove_base_case': 0, 'hypothesis_stated': 0, 'hypothesis_given_bound': 0, 'goal_clear': 0, 'expression_decomposed': 0, 'inductive_hypothesis_applied': 0}",0.14
151,"Use (strong) induction to prove the following claim: For any natural number \(n\), \(2n^3 + 3n^2 + n\) is divisible by 6.","Let n be any natural number Base Case: Suppose n = 1, then 2n^3 + 3n^2 + n = 6 and 6 is divisible by 6 2(n+1)^3+3(n+1)^2 + (n+1) will always be divisible by 6 for all natural numbers.","{'has_proof': True, 'length': 183, 'has_base_case': True, 'has_induction_hypothesis': False, 'has_induction_step': False, 'has_qed': False, 'quality_score': 1.87}","{'identify_base_case': 2, 'prove_base_case': 2, 'hypothesis_stated': 1, 'hypothesis_given_bound': 1, 'goal_clear': 0, 'expression_decomposed': 0, 'inductive_hypothesis_applied': 0}",2.7271428571428573
152,"Use (strong) induction to prove the following claim: For any natural number \(n\), \(2n^3 + 3n^2 + n\) is divisible by 6.",(base case) n = 0: 0 + 0 + 0 is divisible by 6. base case holds (inductive hypothesis) suppose that 2n^3 + 3n^2 + n is divisible by 6 for all n in 0...k - 1 (inductive step) we must prove that 2n^3 + 3n^2 + n is divisible by 6 for k 2k^3 + 3k^2 + k (conclusion),"{'has_proof': True, 'length': 261, 'has_base_case': True, 'has_induction_hypothesis': True, 'has_induction_step': True, 'has_qed': False, 'quality_score': 5.02}","{'identify_base_case': 2, 'prove_base_case': 2, 'hypothesis_stated': 2, 'hypothesis_given_bound': 2, 'goal_clear': 2, 'expression_decomposed': 0, 'inductive_hypothesis_applied': 0}",6.448571428571428
153,"Use (strong) induction to prove the following claim: For any natural number \(n\), \(2n^3 + 3n^2 + n\) is divisible by 6.",,"{'has_proof': False, 'length': 0, 'quality_score': 0}","{'identify_base_case': 0, 'prove_base_case': 0, 'hypothesis_stated': 0, 'hypothesis_given_bound': 0, 'goal_clear': 0, 'expression_decomposed': 0, 'inductive_hypothesis_applied': 0}",0.0
154,"Use (strong) induction to prove the following claim: For any natural number \(n\), \(2n^3 + 3n^2 + n\) is divisible by 6.","As a base case, suppose that n=0. Then 2(0)^3 + 3(0)^2 + 0 = 0, which is divisible by 6. Then as an inductive hypothesis we need to prove that for some k, 2n^3 + 3n^2 + n is divisible by 6 for all n in 0, 1, 2, ... k. Thus we need to show that 2k^3 + 3k^2 + k is divisible by 6. We know that 2k^3 is divisible by 2, and 3k^2 is divisible by 3. If we were to factor the last two terms into k(3k+1), we see that this would also be even for all natural numbers k due to the property that any odd number plus one is even and any odd number times an even number is even. Therefore, the entire expresssion 2k^3 + 3k^2 + k is divisible by 2. Since any number divisible by both 2 and 3 is also divisible by 6, then 2k^3 + 3k^2 + k is divisible by 6.","{'has_proof': True, 'length': 741, 'has_base_case': True, 'has_induction_hypothesis': True, 'has_induction_step': False, 'has_qed': True, 'quality_score': 5.98}","{'identify_base_case': 2, 'prove_base_case': 2, 'hypothesis_stated': 1, 'hypothesis_given_bound': 2, 'goal_clear': 1, 'expression_decomposed': 0, 'inductive_hypothesis_applied': 0}",7.122857142857143
155,"Use (strong) induction to prove the following claim: For any natural number \(n\), \(2n^3 + 3n^2 + n\) is divisible by 6.","let n be an arbritary natural number if you take the double derivative of 2n^3 + 3n^2 + n you get 12, which represents the line tangent to the tangent line of the function, and 12 is divisible by 6. This means 2n^3 + 3n^2 + n is divisible by 6.","{'has_proof': True, 'length': 244, 'has_base_case': False, 'has_induction_hypothesis': False, 'has_induction_step': False, 'has_qed': False, 'quality_score': 0.49}","{'identify_base_case': 0, 'prove_base_case': 0, 'hypothesis_stated': 0, 'hypothesis_given_bound': 0, 'goal_clear': 0, 'expression_decomposed': 0, 'inductive_hypothesis_applied': 0}",0.49
156,"Use (strong) induction to prove the following claim: For any natural number \(n\), \(2n^3 + 3n^2 + n\) is divisible by 6.","Base case, when n=0, \2*0^{3}+3*0^{2}+0=0\, which is divisible by 6. When n=1, \2*1^{3}+3*1^{2}+1=6\, which is divisible by 6. Induction hypothesis. We assume that there exist a k such that \2(k+1)^{3}+3(k+1)^{2}+k+1\ is divisible by 6 for 1,2,...,k+1 If we simplyfy the equation on the left, we get \2k^{3}+9k^{2}+13k+6\. By induction, we know that \2(k)^{3}+3(k)^{2}+k\ is divisible by 6. Therefore, the expression could be \2k^{3}+9k^{2}+13k+6=(2k^{3}+3k^{2}+k)+6(k^{2}+2k+1)\. We know that the first part is divisble by 6 by induction, and the second part is multiple of 6. So \2(k+1)^{3}+3(k+1)^{2}+k+1\ is divisible by 6, which is what we need to prove. Hence, we prove the claim is ture.","{'has_proof': True, 'length': 694, 'has_base_case': True, 'has_induction_hypothesis': True, 'has_induction_step': False, 'has_qed': True, 'quality_score': 5.89}","{'identify_base_case': 2, 'prove_base_case': 2, 'hypothesis_stated': 2, 'hypothesis_given_bound': 1, 'goal_clear': 1, 'expression_decomposed': 2, 'inductive_hypothesis_applied': 2}",7.604285714285714
157,"Use (strong) induction to prove the following claim: For any natural number \(n\), \(2n^3 + 3n^2 + n\) is divisible by 6.","Claim: For any natural number n, 2n^3+3n^2+n is divisible by 6. Base Case: For n = 0, 2(0^3) + 3(0)^2 + 0 = 0, which is divisible by 6. Inductive hypothesis: 2k^3 + 3k^2 + k is divisible by 6 for any number from 0 to k-1. For k + 1, the equation is 2(k+1)^3 + 3(k+1)^2 + k+1. Factoring it out, it equals k^3+3k^2+3k+1+3k^2+6k+3+k+1 = k^3 + 6k^2 + 6k^2 + 5, which is a multiple of 2k^3+3k^2+k. Because 2k^3+3k^2+k is divisible by 6, its multiple must also be divisible by 6. Thus, for any natural number n, 2n^3+3n^2+n is divisible by 6, which is what we needed to show.","{'has_proof': True, 'length': 569, 'has_base_case': True, 'has_induction_hypothesis': True, 'has_induction_step': False, 'has_qed': False, 'quality_score': 4.14}","{'identify_base_case': 2, 'prove_base_case': 2, 'hypothesis_stated': 2, 'hypothesis_given_bound': 1, 'goal_clear': 1, 'expression_decomposed': 1, 'inductive_hypothesis_applied': 2}",5.711428571428571
158,"Use (strong) induction to prove the following claim: For any natural number \(n\), \(2n^3 + 3n^2 + n\) is divisible by 6.","Let n be a natural number, and let us solve the proof by induction. We have one base case when n = 0. When n = 0, 2(0)^3 + 3(0)^2 + 0 = 0, which is clearly divisible by 6. Now, our inductive hypothesis is that for any n from 1 to k, 2n^3 + 3n^2 + n is divisible by 6. Our inductive step is that 2k^3 + 3k^2 + k is divisible by 6. Any number multiplied by 2 results in an even number, any number multiplied by 2 results in an odd number, and then adding by k is odd or even depending on if k is odd or even. We know that this final endppoint, thus, is a multiple of k. And since a multiple of k is added on 6 times, (2 times n^3, 3 * n^2, 1 *n), 6 must divide the final sum, which is what we needed to show.","{'has_proof': True, 'length': 706, 'has_base_case': True, 'has_induction_hypothesis': True, 'has_induction_step': True, 'has_qed': False, 'quality_score': 5.91}","{'identify_base_case': 2, 'prove_base_case': 2, 'hypothesis_stated': 2, 'hypothesis_given_bound': 2, 'goal_clear': 1, 'expression_decomposed': 0, 'inductive_hypothesis_applied': 0}",7.195714285714286
159,"Use (strong) induction to prove the following claim: For any natural number \(n\), \(2n^3 + 3n^2 + n\) is divisible by 6.","base case: n = 1 2n^3 + 3n^2 + n = 6, 6 is divisible by 6 2n^3 + 3n^2 + n is divisible by 6 for the base case.","{'has_proof': True, 'length': 110, 'has_base_case': True, 'has_induction_hypothesis': False, 'has_induction_step': False, 'has_qed': False, 'quality_score': 1.72}","{'identify_base_case': 2, 'prove_base_case': 2, 'hypothesis_stated': 0, 'hypothesis_given_bound': 0, 'goal_clear': 0, 'expression_decomposed': 0, 'inductive_hypothesis_applied': 0}",2.2914285714285714
160,"Use (strong) induction to prove the following claim: For any natural number \(n\), \(2n^3 + 3n^2 + n\) is divisible by 6.","Proof by induction Base case prove when n = 0 the expression is divisible by 6 and it is because the expression is 0 Inductive hypothesis, for every natural number k, 2k^3 +3n^2 + n is divisble by 6 Inductive step, 2k^3 +3k^2 + k is divisble by 6 start to break down each expression k(2k^2 + 3k + 1) Not sure how to show it is divisble from here but I think you would need to show how a coffiecient is divisble by 6 and then break down the rest of the expression","{'has_proof': True, 'length': 462, 'has_base_case': True, 'has_induction_hypothesis': True, 'has_induction_step': True, 'has_qed': False, 'quality_score': 5.42}","{'identify_base_case': 2, 'prove_base_case': 2, 'hypothesis_stated': 2, 'hypothesis_given_bound': 1, 'goal_clear': 1, 'expression_decomposed': 0, 'inductive_hypothesis_applied': 0}",6.562857142857142
161,"Use (strong) induction to prove the following claim: For any natural number \(n\), \(2n^3 + 3n^2 + n\) is divisible by 6.","Base case: when n = 0, \2n^3+3n^2+n=0\ which is divisible by 6. Inductive hypothesis: assume \2n^3+3n^2+n\ is divisible by 6 for n = 0,1,2.....k. Now to finish we need to show that \2(k+1)^3+3(k+1)^2+(k+1)\ is divisible by 6. \2(k+1)^3+3(k+1)^2+(k+1) = 2k^3+9k^2+13k+6 = 2k^3+3k^2+k + 6(k^2+2k+1)\. From our inductive hypthesis, we have that \2k^3+3k^2+k\ is divisible by 6. Since \6(k^2+2k+1)\ is also divisible by 6, \2k^3+3k^2+k + 6(k^2+2k+1)\ is divisible by 6, which means \2(k+1)^3+3(k+1)^2+(k+1)\ is divisible by 6, which is what we needed to show.","{'has_proof': True, 'length': 555, 'has_base_case': True, 'has_induction_hypothesis': True, 'has_induction_step': False, 'has_qed': False, 'quality_score': 4.11}","{'identify_base_case': 2, 'prove_base_case': 2, 'hypothesis_stated': 2, 'hypothesis_given_bound': 2, 'goal_clear': 2, 'expression_decomposed': 2, 'inductive_hypothesis_applied': 2}",6.11
162,"Use (strong) induction to prove the following claim: For any natural number \(n\), \(2n^3 + 3n^2 + n\) is divisible by 6.","Suppose x is a natural number n. x = 2. 2(2^3) + 3(2^2) + 2 = 16 + 12 + 2 = 30 6 | 30 So, 6 | 2n^3 + 3n^2 + n","{'has_proof': True, 'length': 109, 'has_base_case': False, 'has_induction_hypothesis': False, 'has_induction_step': False, 'has_qed': False, 'quality_score': 0.22}","{'identify_base_case': 0, 'prove_base_case': 0, 'hypothesis_stated': 0, 'hypothesis_given_bound': 0, 'goal_clear': 0, 'expression_decomposed': 0, 'inductive_hypothesis_applied': 0}",0.22
163,"Use (strong) induction to prove the following claim: For any natural number \(n\), \(2n^3 + 3n^2 + n\) is divisible by 6.","For our base case, when \n = 0, 2(0)^3 + 3(0)^2 + (0) = 0\ and \0\ is divisible by \6\. Next, suppose as our Inductive Hypothesis that for some \k\, \2n^3 + 3n^2 + n\ is divisible by \6\ for each \n\ in \0...k\. Now to finish we need to show that \2(k + 1)^3 + 3(k + 1)^2 + k + 1\ is divisible by \6\. \2(k + 1)^3 + 3(k + 1)^2 + k + 1 = 2(k^3 + 3k^2 + 3k + 1) + 3(k^2 + 2k + 1) + k + 1\ \= 2k^3 + 6k^2 + 6k + 2 + 3k^2 + 6k + 3 + k + 1\ \= 2k^3 + 9k^2 + 13k + 6\. \= 2k^3 + 3k^2 + k + 6k^2 + 12k + 6 = 2k^3 + 3k^2 + k + 6(k + 1)^2\. Since we know that \2k^3 + 3k^2 + k\ is divisible by \6\, and the rest of the expression is divisible by \6\, then the entire expression is divisible by \6\. \QED\","{'has_proof': True, 'length': 695, 'has_base_case': True, 'has_induction_hypothesis': True, 'has_induction_step': False, 'has_qed': True, 'quality_score': 5.89}","{'identify_base_case': 2, 'prove_base_case': 2, 'hypothesis_stated': 2, 'hypothesis_given_bound': 2, 'goal_clear': 2, 'expression_decomposed': 2, 'inductive_hypothesis_applied': 2}",7.89
164,"Use (strong) induction to prove the following claim: For any natural number \(n\), \(2n^3 + 3n^2 + n\) is divisible by 6.","Let us use induction First we can factor this into (2n+1)(n+1)(n) For this to be divisible by 6, the terms have to be divisible by 6 or 2 and 3 2n+1 means it is divisible by 3 n+1 means it is divisible by 2 n means it is divisible by 6 Therefore, this expression is divisible by 6 QED","{'has_proof': True, 'length': 284, 'has_base_case': False, 'has_induction_hypothesis': False, 'has_induction_step': False, 'has_qed': True, 'quality_score': 2.07}","{'identify_base_case': 0, 'prove_base_case': 0, 'hypothesis_stated': 0, 'hypothesis_given_bound': 0, 'goal_clear': 0, 'expression_decomposed': 0, 'inductive_hypothesis_applied': 0}",2.07
165,"Use (strong) induction to prove the following claim: For any natural number \(n\), \(2n^3 + 3n^2 + n\) is divisible by 6.","Base case : n = 0 6 | 0 Case n: n(2n + 1)(n + 1). for all cases n mod 6 = {0,1,2,3,4,5}, 6 | n(2n + 1)(n + 1). Case n + 1: (n + 1)(2n + 3)(n + 2). for all cases n mod 6 = {0,1,2,3,4,5}, 6 | (n + 1)(2n + 3)(n + 2). QED.","{'has_proof': True, 'length': 218, 'has_base_case': True, 'has_induction_hypothesis': False, 'has_induction_step': False, 'has_qed': True, 'quality_score': 3.44}","{'identify_base_case': 2, 'prove_base_case': 2, 'hypothesis_stated': 0, 'hypothesis_given_bound': 0, 'goal_clear': 0, 'expression_decomposed': 0, 'inductive_hypothesis_applied': 0}",4.011428571428572
166,"Use (strong) induction to prove the following claim: For any natural number \(n\), \(2n^3 + 3n^2 + n\) is divisible by 6.","first 2n^3 + 3n^2 + n can be form like n(2n^2 + 3n + 1), so for 2n^2 + 3n + 1 is equal to (2n+1)(n+1), the whole equation will become (n)(n+1)(2n+1), for 6, which is divisible by n(n+1)(n+2), so compare 2n+1 and n+2 which can be seen that the 2n+1 and = n+2 can be equal when mutiple n(n+1), so this formula is divisible by 6.","{'has_proof': True, 'length': 326, 'has_base_case': False, 'has_induction_hypothesis': False, 'has_induction_step': False, 'has_qed': False, 'quality_score': 0.65}","{'identify_base_case': 0, 'prove_base_case': 0, 'hypothesis_stated': 0, 'hypothesis_given_bound': 0, 'goal_clear': 0, 'expression_decomposed': 0, 'inductive_hypothesis_applied': 0}",0.65
167,"Use (strong) induction to prove the following claim: For any natural number \(n\), \(2n^3 + 3n^2 + n\) is divisible by 6.","Proof by induction on n: Claim: 2n^3+3n^2+n is divisible by 6 for any natural number n Base case: 2(0)^3+3(0)^2+0 = 0 which is divisible by 6 Hypothesis: 2k^3+3k^2+k is divisible by 6 for each n in 0,1,2 ... k Inductive step: 2(k+1)^3+3(k+1)^2+k(+1) is ivisible by 6 for each n in 0,1,2,...k+1 Expanding out the Inductive step, we get 2k^3 +","{'has_proof': True, 'length': 341, 'has_base_case': True, 'has_induction_hypothesis': False, 'has_induction_step': True, 'has_qed': False, 'quality_score': 3.68}","{'identify_base_case': 2, 'prove_base_case': 2, 'hypothesis_stated': 2, 'hypothesis_given_bound': 1, 'goal_clear': 1, 'expression_decomposed': 0, 'inductive_hypothesis_applied': 0}",4.822857142857143
168,"Use (strong) induction to prove the following claim: For any natural number \(n\), \(2n^3 + 3n^2 + n\) is divisible by 6.","Proof by induction on n. Base case: Let n = 0. Then \2n^3+3n^2+n = 0\, which is clearly divisible by 6. Inductive hypothesis: Suppose that \2n^3+3n^2+n\ is divisible for n in 0,1,...,k. Inductive step: We need to show that \2(k+1)^3+3(k+1)^2+(k+1)\ is divisible by 6. Consider \2(k+1)^3+3(k+1)^2+(k+1)\. Expanding, we get \2(k^3+3k^2+3k+1)+3(k^2+2k+1)+(k+1)\. Rearranging, we have \2k^3+3k^2+k + 6(k^2+2k+1)\. By our inductive hypothesis, \2k^3+3k^2+k\ is divisible by 6. Since \k^2+2k+1\ is an integer, \6(k^2+2k+1)\ is divisible by 6. Thus, \2(k+1)^3+3(k+1)^2+(k+1)\ is composed of terms that are divisible by 6, so it itself must be divisible by 6, which is what we needed to show.","{'has_proof': True, 'length': 684, 'has_base_case': True, 'has_induction_hypothesis': True, 'has_induction_step': True, 'has_qed': False, 'quality_score': 5.87}","{'identify_base_case': 2, 'prove_base_case': 2, 'hypothesis_stated': 2, 'hypothesis_given_bound': 2, 'goal_clear': 2, 'expression_decomposed': 2, 'inductive_hypothesis_applied': 2}",7.87
169,"Use (strong) induction to prove the following claim: For any natural number \(n\), \(2n^3 + 3n^2 + n\) is divisible by 6.","Let n be a natural number. For our base case, note that n=1, 2n^3 + 3n^2 +n = 18, which is divisible by 6. Suppose that for some k, 2n^3 + 3n^2 +n is divisible by 6 for each n in 1 .... k. Now we must show that 2(k+1)^3 + 3(k+1)^2 +(k+1) is divisible by 6. When simplified, 2(k+1)^3 + 3(k+1)^2 +(k+1) equals 2k^3+7k^2+11k+7.","{'has_proof': True, 'length': 324, 'has_base_case': True, 'has_induction_hypothesis': False, 'has_induction_step': False, 'has_qed': False, 'quality_score': 2.15}","{'identify_base_case': 2, 'prove_base_case': 1, 'hypothesis_stated': 2, 'hypothesis_given_bound': 2, 'goal_clear': 2, 'expression_decomposed': 0, 'inductive_hypothesis_applied': 0}",3.435714285714286
170,"Use (strong) induction to prove the following claim: For any natural number \(n\), \(2n^3 + 3n^2 + n\) is divisible by 6.","For all natural numbers n, 2n^3+3n^2+n is divisible by 6.","{'has_proof': True, 'length': 57, 'has_base_case': False, 'has_induction_hypothesis': False, 'has_induction_step': False, 'has_qed': False, 'quality_score': 0.11}","{'identify_base_case': 0, 'prove_base_case': 0, 'hypothesis_stated': 0, 'hypothesis_given_bound': 0, 'goal_clear': 0, 'expression_decomposed': 0, 'inductive_hypothesis_applied': 0}",0.11
171,"Use (strong) induction to prove the following claim: For any natural number \(n\), \(2n^3 + 3n^2 + n\) is divisible by 6.","For our base case, note that when n = 0, 2n^3 + 3n^2 + n = 0, which is divisible by 6. Next, suppose as our inductive hypothesis that 2n^3 + 3n^2 + n is divisible by 6 for each n in 0...k-1. Now to finish we need to show that 2k^3 + 3k^2 + k is divisible by 6. 2k^3 + 3k^2 + k = k (2k^2 + 3k + 1) = k(2k + 1)(k + 1)","{'has_proof': True, 'length': 315, 'has_base_case': True, 'has_induction_hypothesis': True, 'has_induction_step': False, 'has_qed': False, 'quality_score': 3.63}","{'identify_base_case': 2, 'prove_base_case': 2, 'hypothesis_stated': 2, 'hypothesis_given_bound': 2, 'goal_clear': 2, 'expression_decomposed': 0, 'inductive_hypothesis_applied': 0}",5.058571428571429
172,"Use (strong) induction to prove the following claim: For any natural number \(n\), \(2n^3 + 3n^2 + n\) is divisible by 6.","Suppose 2n^3 + 3n^2 +n is divisible by 6 2n^3 + 3n^2 + n can be factored as some number p = n(2n+1)(n+1) Plugging in n=0 into equation p, we get p = 0, which is divisible by 6. Plugging in n=1 into equation p, we get p = 6, which is divisible by 6. Plugging in n=2 into equation p, we get p = 30, which is divisible by 6. From this, we can deduce that the original claim is true, which is what we needed to prove.","{'has_proof': True, 'length': 413, 'has_base_case': False, 'has_induction_hypothesis': False, 'has_induction_step': False, 'has_qed': False, 'quality_score': 0.83}","{'identify_base_case': 2, 'prove_base_case': 2, 'hypothesis_stated': 0, 'hypothesis_given_bound': 0, 'goal_clear': 0, 'expression_decomposed': 0, 'inductive_hypothesis_applied': 0}",1.4014285714285712
173,"Use (strong) induction to prove the following claim: For any natural number \(n\), \(2n^3 + 3n^2 + n\) is divisible by 6.","We are using proof by induction: Induction predicate: P(n) = \2n^3 + 3n^2 + n\ Base case: when n = 0, P(n) = \2*0^3 + 3*0^2 + 0\ = 0 which is divisible by 6 inductive hypothesis: for some k, \2n^3 + 3n^2 + n\ is divisible by 6 for each n in 0 ... k - 1 We need to show that \2k^3 + 3k^2 + k\ is divisible by 6 we have 2k^3 is divisible by 6, 3k^2 is divisible by 6, and k is divisible by 6. Therefore, \2k^3 + 3k^2 + k\ is divisible by 6 which is what we needed to prove.","{'has_proof': True, 'length': 471, 'has_base_case': True, 'has_induction_hypothesis': True, 'has_induction_step': False, 'has_qed': True, 'quality_score': 5.44}","{'identify_base_case': 2, 'prove_base_case': 2, 'hypothesis_stated': 2, 'hypothesis_given_bound': 2, 'goal_clear': 2, 'expression_decomposed': 0, 'inductive_hypothesis_applied': 0}",6.868571428571429
174,"Use (strong) induction to prove the following claim: For any natural number \(n\), \(2n^3 + 3n^2 + n\) is divisible by 6.","n = 1 , 6 is divisible by 6 n = 2 , 30 is divisible by 6 n = 3 , 84 is divisible by 6","{'has_proof': True, 'length': 85, 'has_base_case': False, 'has_induction_hypothesis': False, 'has_induction_step': False, 'has_qed': False, 'quality_score': 0.17}","{'identify_base_case': 2, 'prove_base_case': 2, 'hypothesis_stated': 0, 'hypothesis_given_bound': 0, 'goal_clear': 0, 'expression_decomposed': 0, 'inductive_hypothesis_applied': 0}",0.7414285714285714
175,"Use (strong) induction to prove the following claim: For any natural number \(n\), \(2n^3 + 3n^2 + n\) is divisible by 6.","2n^3 + 3n^2 + n is divisble by 6 for some integers n = 0,1, 2,3 ,4 ,5 , .. , k. Base case 2*0^3 + 3*0^2 + 0 = 0 is divisble by 6. Prove n = k + 1 is right.","{'has_proof': True, 'length': 155, 'has_base_case': True, 'has_induction_hypothesis': False, 'has_induction_step': False, 'has_qed': False, 'quality_score': 1.81}","{'identify_base_case': 2, 'prove_base_case': 2, 'hypothesis_stated': 2, 'hypothesis_given_bound': 2, 'goal_clear': 0, 'expression_decomposed': 0, 'inductive_hypothesis_applied': 0}",2.952857142857143
176,"Use (strong) induction to prove the following claim: For any natural number \(n\), \(2n^3 + 3n^2 + n\) is divisible by 6.","We are going to prove the claim using induction. For our base case, \2(0)^3 + 3(0)^2 + 0 = 0\, which is divisible by 6. As our inductive hypothesis, we know that for some k, \2(n)^3 + 3(n)^2 + n\ is divisible by 6 for all n in 0...k. We must prove that \2(k+1)^3 + 3(k+1)^2 + k+1\ is divisible by 6.","{'has_proof': True, 'length': 299, 'has_base_case': True, 'has_induction_hypothesis': True, 'has_induction_step': False, 'has_qed': False, 'quality_score': 3.6}","{'identify_base_case': 2, 'prove_base_case': 2, 'hypothesis_stated': 2, 'hypothesis_given_bound': 2, 'goal_clear': 2, 'expression_decomposed': 0, 'inductive_hypothesis_applied': 0}",5.0285714285714285
177,"Use (strong) induction to prove the following claim: For any natural number \(n\), \(2n^3 + 3n^2 + n\) is divisible by 6.","For our base case, n = 0, so \2(0)^{3} + 3 (0)^{2} + 0 = 0\ which is divisible by 6. Let our inductive hypothesis be that for some k, \ 2 n^3 + 3n^2 + n\ is divisible by 6, for n in \0 ... k\. Now we need to prove that \2(k+1)^3 + 3(k+1)^2 + (k+1)\ is divisible by 6. \ 2(k+1)^3 = 2k^3 + 6k^2 + 6k + 2\ \3(k+1)^2 = 3k^2 + 6k + 1\ \2(k+1)^3 + 3(k+1)^2 + (k+1)\ = \2k^3 + 9k^2 + 13k + 3\ Factoring out a 6, you get \6(k^2 + 2k) + (2k^3 + 3k^2 + k +3)\ Since \(k^2 + 2k)\ is an integer, \2n^3 + 3n^2 + n\ is divisible by 6.","{'has_proof': True, 'length': 520, 'has_base_case': True, 'has_induction_hypothesis': True, 'has_induction_step': False, 'has_qed': False, 'quality_score': 4.04}","{'identify_base_case': 2, 'prove_base_case': 2, 'hypothesis_stated': 2, 'hypothesis_given_bound': 2, 'goal_clear': 2, 'expression_decomposed': 1, 'inductive_hypothesis_applied': 1}",5.7542857142857144
178,"Use (strong) induction to prove the following claim: For any natural number \(n\), \(2n^3 + 3n^2 + n\) is divisible by 6.","Base Case: for \n=0\, \2n^3 + 3n^2 + n = 0\ which is divisible by 6 Suppose for our inductive hypothesis that for \k\, \2n^3+3n^2+n\ is divisible by 6 for all \n\ in \0..k\ Now to finish we need to show that \2k^3+3k^2+k\ is divisible by 6","{'has_proof': True, 'length': 239, 'has_base_case': True, 'has_induction_hypothesis': True, 'has_induction_step': False, 'has_qed': False, 'quality_score': 3.48}","{'identify_base_case': 2, 'prove_base_case': 2, 'hypothesis_stated': 2, 'hypothesis_given_bound': 2, 'goal_clear': 1, 'expression_decomposed': 0, 'inductive_hypothesis_applied': 0}",4.765714285714286
179,"Use (strong) induction to prove the following claim: For any natural number \(n\), \(2n^3 + 3n^2 + n\) is divisible by 6.","Let n be any natural number Case 1. if n is an even natural number, then n = 2k for some integer k. Then 2n^3 + 3n^2 + n = 2*(8k^3) + 3*(4k^2) + 2k = 16k^3 + 12k^2 + 2k = 2*(8k^3 + 6k^2 + k), which is divisible by 2. We need to prove that 8k^3 + 6k^2 + k is divisible by 3. Case 2, if n is an odd natural number, then n = 2k + 1 for some integer k. Then, 2n^3 + 3n^2 + n = 2*(2k+1)^3 + 3*(2k+1 )^2+ (2k + 1). We need to prove that 2n^3 + 3n^2 + n = 2*(2k+1)^3 + 3*(2k+1 )^2+ (2k + 1) is divisible by 6.","{'has_proof': True, 'length': 502, 'has_base_case': False, 'has_induction_hypothesis': False, 'has_induction_step': False, 'has_qed': False, 'quality_score': 1.0}","{'identify_base_case': 0, 'prove_base_case': 0, 'hypothesis_stated': 0, 'hypothesis_given_bound': 0, 'goal_clear': 0, 'expression_decomposed': 0, 'inductive_hypothesis_applied': 0}",1.0
180,"Use (strong) induction to prove the following claim: For any natural number \(n\), \(2n^3 + 3n^2 + n\) is divisible by 6.",i need more re-enforcement from the last lesson to be able to complete this proof.,"{'has_proof': True, 'length': 82, 'has_base_case': False, 'has_induction_hypothesis': False, 'has_induction_step': False, 'has_qed': False, 'quality_score': 0.16}","{'identify_base_case': 0, 'prove_base_case': 0, 'hypothesis_stated': 0, 'hypothesis_given_bound': 0, 'goal_clear': 0, 'expression_decomposed': 0, 'inductive_hypothesis_applied': 0}",0.16
181,"Use (strong) induction to prove the following claim: For any natural number \(n\), \(2n^3 + 3n^2 + n\) is divisible by 6.","Let \n\ be any arbitrary natural number. Prove for any \n\, \2n^3+3n^2+n\ is divisible by 6. Base case: At \n=0\, \2n^3+3n^2+n=0\ which is divisible by 6. Inductive hypothesis: For some \k\, \2n^3+3n^2+n\ is divisble by 6 such that \n\ is exists in \0...k-1\. Inductive step: Show that \2k^3+3k^2+k\ is divisible by 6. \2(k-1)^3+3(k-1)^2+(k-1)\ is divisible by 6 as established in the inductive hypothesis. Rearranging this expression and distributing out the expression, we get \2k^3-6k^2+6k-2+3k^2-6k+3+k-1\. Once again rearranging this expression, we get \2k^3-3k^2+k\. This is equivalent to \(2k^3+3k^2+k)-6k^2\. These above expressions are both equivalent to \2(k-1)^3+3(k-1)^2+(k-1)\ which is divisible by 6 as shown in the inductive hypothesis. That means \(2k^3+3k^2+k)\ must also divisible by 6 because \6k^2\ is divisible by 6.","{'has_proof': True, 'length': 837, 'has_base_case': True, 'has_induction_hypothesis': True, 'has_induction_step': True, 'has_qed': False, 'quality_score': 6.17}","{'identify_base_case': 2, 'prove_base_case': 2, 'hypothesis_stated': 2, 'hypothesis_given_bound': 2, 'goal_clear': 2, 'expression_decomposed': 1, 'inductive_hypothesis_applied': 2}",8.027142857142858
182,"Use (strong) induction to prove the following claim: For any natural number \(n\), \(2n^3 + 3n^2 + n\) is divisible by 6.","n(2n^2 + 3n +1) = n((2n +1) * (n +1)) suppose (n +1) is divisble by 6, then the whole function is divisible by 6 if n + 1 is not divisible by 6, there exist a k and h that k =h(mod6), there are two cases case one, (2n +1) * (n +1 ) is not divisible by 6 becasue the k can not be 0 when h equal the function, but times n it will divisible by 6 case two, (2n +1) * (n +1 ) is divisible by 6, which make it divisible by 6 too if times n","{'has_proof': True, 'length': 433, 'has_base_case': False, 'has_induction_hypothesis': False, 'has_induction_step': False, 'has_qed': False, 'quality_score': 0.87}","{'identify_base_case': 0, 'prove_base_case': 0, 'hypothesis_stated': 0, 'hypothesis_given_bound': 0, 'goal_clear': 0, 'expression_decomposed': 0, 'inductive_hypothesis_applied': 0}",0.87
183,"Use (strong) induction to prove the following claim: For any natural number \(n\), \(2n^3 + 3n^2 + n\) is divisible by 6.","For any natural number n, \2n^{3}\ + \3n^{2}\ + n is divisibe by 6 \2n^{3}\ + \3n^{2}\ + n = n(\2n^{2}\ + 3n + 1) = n(2n + 1)(n + 1)","{'has_proof': True, 'length': 132, 'has_base_case': False, 'has_induction_hypothesis': False, 'has_induction_step': False, 'has_qed': False, 'quality_score': 0.26}","{'identify_base_case': 0, 'prove_base_case': 0, 'hypothesis_stated': 0, 'hypothesis_given_bound': 0, 'goal_clear': 0, 'expression_decomposed': 0, 'inductive_hypothesis_applied': 0}",0.26
184,"Use (strong) induction to prove the following claim: For any natural number \(n\), \(2n^3 + 3n^2 + n\) is divisible by 6.","Proof by induction: \2*n^3+3*n^2+n\ Base Case: \2*n^3+3*n^2+n\ when p is set equal to 0. Inductive Hypothesis: \2*(k+1)^3+3*(k+1)^2+(k+1)\ Inductive Step: \2*(k+1)^3\ is divisible by 6 because any number multiplied by 2 and cubed is divisible by 6. \3*(k+1)^2\ is divisible by 6 because any number multiplied by 3 and squared is divisible by 6. \(k+1)\ is a constant and does not affect the divisiblility. Therefore by inductive hypothesis, it can be shown that for any k value the claim holds true that the equation is divisible by 6. Therefore by proof by induction, \2*n^3+3*n^2+n\. This is what we were trying to show.","{'has_proof': True, 'length': 622, 'has_base_case': True, 'has_induction_hypothesis': True, 'has_induction_step': True, 'has_qed': True, 'quality_score': 7.24}","{'identify_base_case': 2, 'prove_base_case': 0, 'hypothesis_stated': 1, 'hypothesis_given_bound': 0, 'goal_clear': 1, 'expression_decomposed': 0, 'inductive_hypothesis_applied': 0}",7.811428571428571
185,"Use (strong) induction to prove the following claim: For any natural number \(n\), \(2n^3 + 3n^2 + n\) is divisible by 6.","Proof by induction on \n\. Inductive predicate: For any natural number \n, 2n^3 + 3n^2 + n\ is divisible by \6.\ Base case: For our base case, note that when \n = 0, 2n^3 + 3n^2 + n = 0\ and \0\ is divisible by \5\. Inductive hypothesis: \2n^3 + 3n^2 + n\ is divisble by \6\ for \n\ in \0...k\ (where \k\ge 0).\ Now to finish we need to show that \2(k+1)^3 + 3(k+1)^2 + k + 1\ is divisble by \6.\ Expanding this equation gives \6k^2 + 12k + 6 + 2k^3 + 3k^2 + k\. The first three terms are obviously divisible by \6.\ We need to prove that the last three terms are divisble by \6.\ We can rewrite the last three terms as \k(2k + 1)(k + 1).\ There are \6\ possible cases for which this expression is divisible by \6\. Case \1\: \k \equiv0( mod 6).\ By the definition of congruence mod, this means that \6 | k - 0,\ in which case it is obvious that \k(2k + 1)(k + 1)\ is divisible by \6.\ Case \2\: \k \equiv 1(mod 6)\. This means that \6 | k - 1\, which by the definition of divisibility means that, for some integer \j\, \k -1 = 6j.\ Plugging this into the original expression gives $\6j + 1(12j + 3)(6j + 2) = 6j + 1(72j^2 + 30 j + 6)\\ Since all parts of the second sum in the second expression are divisible by \6\, the second sum is also divisible by \6\, which means the whole thing is divisible by 6. Case \3\: \k \equiv 2(mod 6)\. This means that \6 | k - 2\, which by the definition of divisibility means that, for some integer \j\, \k -2 = 6j.\ Plugging this into the original expression gives \\6j + 2(12j + 5)(6j + 3) = 12j+5(36j^2 + 30j + 6)\\ Since all parts of the second sum in the second expression are divisible by \6\, the second sum is also divisible by \6\, which means the whole thing is divisible by 6. Case \4\: \k \equiv 3(mod 6)\. This means that \6 | k - 3\, which by the definition of divisibility means that, for some integer \j\, \k -3 = 6j.\ Plugging this into the original expression gives \\6j + 3(12j + 7)(6j + 4) = 12j + 7(36j^2 + 42 j + 12)\\ Since all parts of the second sum in the second expression are divisible by \6\, the second sum is also divisible by \6$, which means the whole thing is divisible by 6.","{'has_proof': True, 'length': 2145, 'has_base_case': True, 'has_induction_hypothesis': True, 'has_induction_step': False, 'has_qed': False, 'quality_score': 7.29}","{'identify_base_case': 2, 'prove_base_case': 2, 'hypothesis_stated': 2, 'hypothesis_given_bound': 2, 'goal_clear': 2, 'expression_decomposed': 2, 'inductive_hypothesis_applied': 0}",9.004285714285714
186,"Use (strong) induction to prove the following claim: For any natural number \(n\), \(2n^3 + 3n^2 + n\) is divisible by 6.",Let \n\ be defined by \2\ \6\ | \2(n)^3 + 3(n)^2 + n\ \2(2)^3 + 3(2)^2 + 2\ = \16 + 12 + 2\ \30\,"{'has_proof': True, 'length': 96, 'has_base_case': False, 'has_induction_hypothesis': False, 'has_induction_step': False, 'has_qed': False, 'quality_score': 0.19}","{'identify_base_case': 0, 'prove_base_case': 0, 'hypothesis_stated': 0, 'hypothesis_given_bound': 0, 'goal_clear': 0, 'expression_decomposed': 0, 'inductive_hypothesis_applied': 0}",0.19
187,"Use (strong) induction to prove the following claim: For any natural number \(n\), \(2n^3 + 3n^2 + n\) is divisible by 6.",Do not remember what strong induction is,"{'has_proof': True, 'length': 40, 'has_base_case': False, 'has_induction_hypothesis': False, 'has_induction_step': False, 'has_qed': False, 'quality_score': 0.08}","{'identify_base_case': 0, 'prove_base_case': 0, 'hypothesis_stated': 0, 'hypothesis_given_bound': 0, 'goal_clear': 0, 'expression_decomposed': 0, 'inductive_hypothesis_applied': 0}",0.08
188,"Use (strong) induction to prove the following claim: For any natural number \(n\), \(2n^3 + 3n^2 + n\) is divisible by 6.","Base case: for n = 0, 2n^3 + 3n^2 + n = 0 which is divisible by 6. Inductive hypothesis: for any k, 2n^3 + 3n^2 + n is divisible by 6 for n = 0.....k. Inductive step: we need to show that 2(k+1)^3 + 3(k+1)^2 + (k+1) is divisible by 6. We can simplify this statment by factoring out k + 1, (k+1)(2(k+1)^2 + 3(K+1) + 1) = (k + 1)(2(K+1) + 1)(k + 1 +1) = (K +1)(2K + 3)(k + 2) = ( k + 1) 2(k + 3/2) 3(k/3 + 2/3) = 6(k+1)(k + 3/2)(k/3 + 2/3). 6(k+1)(k + 3/2)(k/3 + 2/3) is divisible by 6 since 6 is divisible by 6 which is what we needed to show.","{'has_proof': True, 'length': 542, 'has_base_case': True, 'has_induction_hypothesis': True, 'has_induction_step': True, 'has_qed': False, 'quality_score': 5.58}","{'identify_base_case': 2, 'prove_base_case': 2, 'hypothesis_stated': 2, 'hypothesis_given_bound': 1, 'goal_clear': 2, 'expression_decomposed': 0, 'inductive_hypothesis_applied': 0}",6.865714285714286
189,"Use (strong) induction to prove the following claim: For any natural number \(n\), \(2n^3 + 3n^2 + n\) is divisible by 6.","As our base case, when \n=0\, \2(0)^3+3(0)^2+(0) = 0\, which is divisible by \6\. Suppose that for some \k\, \2n^3+3n^2+n\ is divisible by \6\ for each \n\ in \0, 1, ..., k-1\. We need to prove that \2k^3 + 3k^2 + k\ is divisible by \6\.","{'has_proof': True, 'length': 237, 'has_base_case': True, 'has_induction_hypothesis': False, 'has_induction_step': False, 'has_qed': False, 'quality_score': 1.97}","{'identify_base_case': 2, 'prove_base_case': 2, 'hypothesis_stated': 2, 'hypothesis_given_bound': 2, 'goal_clear': 2, 'expression_decomposed': 0, 'inductive_hypothesis_applied': 0}",3.3985714285714286
190,"Use (strong) induction to prove the following claim: For any natural number \(n\), \(2n^3 + 3n^2 + n\) is divisible by 6.",n (2n^2+3n+1),"{'has_proof': True, 'length': 13, 'has_base_case': False, 'has_induction_hypothesis': False, 'has_induction_step': False, 'has_qed': False, 'quality_score': 0.03}","{'identify_base_case': 0, 'prove_base_case': 0, 'hypothesis_stated': 0, 'hypothesis_given_bound': 0, 'goal_clear': 0, 'expression_decomposed': 0, 'inductive_hypothesis_applied': 0}",0.03
191,"Use (strong) induction to prove the following claim: For any natural number \(n\), \(2n^3 + 3n^2 + n\) is divisible by 6.","2n^3 divisible by 6, 3n^2 divisible by 6, n divisible by 6.","{'has_proof': True, 'length': 59, 'has_base_case': False, 'has_induction_hypothesis': False, 'has_induction_step': False, 'has_qed': False, 'quality_score': 0.12}","{'identify_base_case': 0, 'prove_base_case': 0, 'hypothesis_stated': 0, 'hypothesis_given_bound': 0, 'goal_clear': 0, 'expression_decomposed': 0, 'inductive_hypothesis_applied': 0}",0.12
192,"Use (strong) induction to prove the following claim: For any natural number \(n\), \(2n^3 + 3n^2 + n\) is divisible by 6.",n(2n^2+3n+1),"{'has_proof': True, 'length': 12, 'has_base_case': False, 'has_induction_hypothesis': False, 'has_induction_step': False, 'has_qed': False, 'quality_score': 0.02}","{'identify_base_case': 0, 'prove_base_case': 0, 'hypothesis_stated': 0, 'hypothesis_given_bound': 0, 'goal_clear': 0, 'expression_decomposed': 0, 'inductive_hypothesis_applied': 0}",0.02
193,"Use (strong) induction to prove the following claim: For any natural number \(n\), \(2n^3 + 3n^2 + n\) is divisible by 6.","Base case: n=0, 2n^3+3n^2+n = 0, which is divisible by 6.","{'has_proof': True, 'length': 57, 'has_base_case': True, 'has_induction_hypothesis': False, 'has_induction_step': False, 'has_qed': False, 'quality_score': 1.61}","{'identify_base_case': 2, 'prove_base_case': 2, 'hypothesis_stated': 0, 'hypothesis_given_bound': 0, 'goal_clear': 0, 'expression_decomposed': 0, 'inductive_hypothesis_applied': 0}",2.1814285714285715
194,"Use (strong) induction to prove the following claim: For any natural number \(n\), \(2n^3 + 3n^2 + n\) is divisible by 6.",sorry I don't know how to write proofs,"{'has_proof': True, 'length': 38, 'has_base_case': False, 'has_induction_hypothesis': False, 'has_induction_step': False, 'has_qed': False, 'quality_score': 0.08}","{'identify_base_case': 0, 'prove_base_case': 0, 'hypothesis_stated': 0, 'hypothesis_given_bound': 0, 'goal_clear': 0, 'expression_decomposed': 0, 'inductive_hypothesis_applied': 0}",0.08
195,"Use (strong) induction to prove the following claim: For any natural number \(n\), \(2n^3 + 3n^2 + n\) is divisible by 6.","for our base case, when n = 0, 2n^3 + 3n^2 + n = 0 which is divisible by 6 next suppose some as our inductive hypothesis that 2n^3 + 3n^2 + n is divisible by 6 for n in 0...k where k >= 0 then we show that 2(k)^3 + 3(k)^2 + k is divisible by 6 k(2k^2 + 3k + 1) = k(2k+1)(k+1)","{'has_proof': True, 'length': 275, 'has_base_case': True, 'has_induction_hypothesis': True, 'has_induction_step': False, 'has_qed': False, 'quality_score': 3.55}","{'identify_base_case': 2, 'prove_base_case': 2, 'hypothesis_stated': 2, 'hypothesis_given_bound': 2, 'goal_clear': 1, 'expression_decomposed': 0, 'inductive_hypothesis_applied': 0}",4.835714285714285
196,"Use (strong) induction to prove the following claim: For any natural number \(n\), \(2n^3 + 3n^2 + n\) is divisible by 6.",still Unsure,"{'has_proof': True, 'length': 12, 'has_base_case': False, 'has_induction_hypothesis': False, 'has_induction_step': False, 'has_qed': False, 'quality_score': 0.02}","{'identify_base_case': 0, 'prove_base_case': 0, 'hypothesis_stated': 0, 'hypothesis_given_bound': 0, 'goal_clear': 0, 'expression_decomposed': 0, 'inductive_hypothesis_applied': 0}",0.02
197,"Use (strong) induction to prove the following claim: For any natural number \(n\), \(2n^3 + 3n^2 + n\) is divisible by 6.","For our base case, note that for n = 0. 2n^3 + 3n^2 + n = 0 which is divisible by 6. Now, for our inductive hypothesis, suppose that for some value k, \2n^3 + 3n^2 + n\ is divisible by 6 where \ n = (0...k)\ Now to finish our proof, we must prove that \2k^3+3k^2+k\ is divisible by 6. By definition note that n = k - 1, so \2k^3+3k^2+k = 2(n+1)^3 + 3(n+1)^2 + (n+1) = 2(n^3 + 3n^2 + 3n +1) + 3(n^2 + 2n + 1) + n+1\ So therefore \2k^3+3k^2+k = 2n^3+9n^2 + 13n + 6 = 2n^3 + 3n^2 + n + 6n^2 + 12n + 6\ Since \2n^3 + 3n^2 + n\ is divisible by 6 and \6n^2 + 12n + 6\ is divisible by 6, \2n^3+9n^2 + 13n + 6\ is divisible by 6. Therefore \2k^3+3k^2+k\ is divisible by 6. This is what we needed to show.","{'has_proof': True, 'length': 696, 'has_base_case': True, 'has_induction_hypothesis': True, 'has_induction_step': False, 'has_qed': True, 'quality_score': 5.89}","{'identify_base_case': 2, 'prove_base_case': 2, 'hypothesis_stated': 2, 'hypothesis_given_bound': 2, 'goal_clear': 1, 'expression_decomposed': 2, 'inductive_hypothesis_applied': 2}",7.747142857142856
198,"Use (strong) induction to prove the following claim: For any natural number \(n\), \(2n^3 + 3n^2 + n\) is divisible by 6.","Induction proof of n Induction predicate: for any natural number n, 2n^3+3n^2+n is dicisible by 6 Base case: n = 1: 2n^3+3n^2+n = 6 and is divisible by 6 Inductive hypothesis: for any natural number n 2n^3+3n^2+n is divisible by 6 for each n in 1...k Inductive steps: from the base case we assume that 2k^3+3k^2+k is divisible by 6 so we need to proof 2(k+1)^3+3(k+1)^2+k+1 Proof: Expand the polynomial we get 2(k^3+3k^2+3k+1)+3(k^2+2k+1)+k+1 and then 2k^3+3k^2+k+6k^2+6k+6. Because 2k^3+3k^2+k is divisible by 6 and the rest all have factor 6, so the sum of these 2 parts are divisible by 6 2(k+1)^3+3(k+1)^2+k+1 is divisible by 6 and that is what we need to show","{'has_proof': True, 'length': 664, 'has_base_case': True, 'has_induction_hypothesis': True, 'has_induction_step': True, 'has_qed': False, 'quality_score': 5.83}","{'identify_base_case': 2, 'prove_base_case': 2, 'hypothesis_stated': 2, 'hypothesis_given_bound': 2, 'goal_clear': 2, 'expression_decomposed': 2, 'inductive_hypothesis_applied': 2}",7.83
199,"Use (strong) induction to prove the following claim: For any natural number \(n\), \(2n^3 + 3n^2 + n\) is divisible by 6.","\2n^3+3n^2+n\<br> Base case is 0, which is divisible by 6.<br> Suppose this works for \0,1,2,3,4,......,k\<br> When \n=k+1\, \2(k+1)^3+3(k+1)^2+k+1\<br> \=2(k^3+3k^2+3k+1)+3(k^2+2k+1)+k+1\<br> \=(2k^3+3k^2+k)+6(k^2+2k+1)\<br> Because \k\ is a natural number, so \(k^2+2k+1)\ is also a natural number. So both \6(k^2+2k+1)\ and \(2k^3+3k^2+k)\ are divisible by 6. So it works for \k+1\.","{'has_proof': True, 'length': 385, 'has_base_case': True, 'has_induction_hypothesis': False, 'has_induction_step': False, 'has_qed': False, 'quality_score': 2.27}","{'identify_base_case': 2, 'prove_base_case': 2, 'hypothesis_stated': 2, 'hypothesis_given_bound': 2, 'goal_clear': 2, 'expression_decomposed': 2, 'inductive_hypothesis_applied': 2}",4.27
200,"Use (strong) induction to prove the following claim: For any natural number \(n\), \(2n^3 + 3n^2 + n\) is divisible by 6.",We use n for induction Base case: Inductive Hypothesis: Inductive step: what we need to show,"{'has_proof': True, 'length': 92, 'has_base_case': True, 'has_induction_hypothesis': True, 'has_induction_step': True, 'has_qed': False, 'quality_score': 4.68}","{'identify_base_case': 0, 'prove_base_case': 0, 'hypothesis_stated': 0, 'hypothesis_given_bound': 0, 'goal_clear': 0, 'expression_decomposed': 0, 'inductive_hypothesis_applied': 0}",4.68
201,"Use (strong) induction to prove the following claim: For any natural number \(n\), \(2n^3 + 3n^2 + n\) is divisible by 6.","For our base case n=0, 2(0^3) + 3(0^2) + 0 = 0, which is divisible by 6 Suppose for our inductive hypothesis that for some k, 2n^3 + 3n^2 + n is divisible by 6 for n in 0...k So we need to show 2k^3 + 3k^2 + n is divisible by 6 2k^3 + 3k^2 + k = k(2k+1)(k+1)","{'has_proof': True, 'length': 258, 'has_base_case': True, 'has_induction_hypothesis': True, 'has_induction_step': False, 'has_qed': False, 'quality_score': 3.52}","{'identify_base_case': 2, 'prove_base_case': 2, 'hypothesis_stated': 2, 'hypothesis_given_bound': 2, 'goal_clear': 1, 'expression_decomposed': 0, 'inductive_hypothesis_applied': 0}",4.805714285714286
202,"Use (strong) induction to prove the following claim: For any natural number \(n\), \(2n^3 + 3n^2 + n\) is divisible by 6.","Our base case is that when n = 1, 2n^3+3n^2+n = 6 which the result is divisible by 6. Suppose our inductive hypothesis states that 2n^3+3n^2+n is divisible by 6 for n in 0,1,2......k, we want to prove that 2(k+1)^3+3(k+1)^2+(k+1) is divisible by 6. We rewrite it as 2k^3+6k^2+6k+1+3k^2+6k+3+k+1. Rearranging, we have 2k^3 +3k^2 +k which is divisible by 6 and another numbher divisible by 6*(k+....) which reach our conclusion.","{'has_proof': True, 'length': 426, 'has_base_case': True, 'has_induction_hypothesis': True, 'has_induction_step': False, 'has_qed': False, 'quality_score': 3.85}","{'identify_base_case': 2, 'prove_base_case': 2, 'hypothesis_stated': 2, 'hypothesis_given_bound': 2, 'goal_clear': 2, 'expression_decomposed': 2, 'inductive_hypothesis_applied': 2}",5.85
203,"Use (strong) induction to prove the following claim: For any natural number \(n\), \(2n^3 + 3n^2 + n\) is divisible by 6.","Base case: Suppose \n=0\. Then \2(0)^3+3(0)^2+0=0\, which is clearly divisible by 6, so the base case \n=0\ is true. Suppose \n=1\. Then \2(1)^3+3(1)^2+1=6\, which is also clearly divisible by 6, so the base case \n=1\ is true. So all the base cases are true. Inductive hypothesis: Suppose that for some \k\in\mathbb{N}\, \2n^3+3n^2+n\ is divisble by 6 for all \n=0,1,...,k-1,k\. Inductive step: We want to show that \2(k+1)^3+3(k+1)^2+(k+1)\ is divisible by 6. \2(k+1)^3+3(k+1)^2+(k+1)\ \=2(k^3+3k^2+3k+1)+3(k^2+2k+1)+k+1\ \=2k^3+6k^2+6k+2+3k^2+6k+3+k+1\ \=(2k^3+3k^2+k)+6k^2+12k+6\ From our induction hypothesis, we know that \(2k^3+3k^2+k)\ is divisible by 6. \6k^2\ is divisble by 6 since its coefficient 6 is clearly divisible by 6. \12k\ is divisible by 6 since its coefficient \12=6\times2\ is divisible by 6. 6 is clearly divisble by 6. Since \2(k+1)^3+3(k+1)^2+(k+1)\ is the sum of the above four terms, all of which are divisible by 6, \2(k+1)^3+3(k+1)^2+(k+1)\ is also divisible by 6. QED","{'has_proof': True, 'length': 999, 'has_base_case': True, 'has_induction_hypothesis': True, 'has_induction_step': True, 'has_qed': True, 'quality_score': 8.0}","{'identify_base_case': 2, 'prove_base_case': 2, 'hypothesis_stated': 2, 'hypothesis_given_bound': 2, 'goal_clear': 2, 'expression_decomposed': 2, 'inductive_hypothesis_applied': 2}",10.0
204,"Use (strong) induction to prove the following claim: For any natural number \(n\), \(2n^3 + 3n^2 + n\) is divisible by 6.","Suppose 2n^3 + 3n^2 + n | 6 Suppose n = 3 Since 54 + 18+ 3 = 75 and 75 cannot be divided by 6, the claim that for any natural number n, 2n^3 + 3n^2 + n | 6 is untrue","{'has_proof': True, 'length': 165, 'has_base_case': False, 'has_induction_hypothesis': False, 'has_induction_step': False, 'has_qed': False, 'quality_score': 0.33}","{'identify_base_case': 0, 'prove_base_case': 0, 'hypothesis_stated': 0, 'hypothesis_given_bound': 0, 'goal_clear': 0, 'expression_decomposed': 0, 'inductive_hypothesis_applied': 0}",0.33
205,"Use (strong) induction to prove the following claim: For any natural number \(n\), \(2n^3 + 3n^2 + n\) is divisible by 6.","Let n be any natural number For our base case, note that when n = 0, 2n^3 + 3n^2 + n = 0 which is divisible by 6. For our inductive step, we need to prove that for n = 0 ... k, 2n^3 + 3n^2 + n is divisible by 6. Let n = k + 1. Then 2(k + 1)^3 + 3(k + 1)^2 + k + 1 is our expression. This can be simplified to 2k^3 + 9k^2 + 12k + 3. Since k is a natural number, this expression is divisible by 6. Therefore, we have proven our base case and inductive step, so 2n^3 + 3n^2 + n is divisible by 6 due to induction which is what we needed to show.","{'has_proof': True, 'length': 542, 'has_base_case': True, 'has_induction_hypothesis': False, 'has_induction_step': True, 'has_qed': True, 'quality_score': 5.58}","{'identify_base_case': 2, 'prove_base_case': 2, 'hypothesis_stated': 1, 'hypothesis_given_bound': 2, 'goal_clear': 2, 'expression_decomposed': 0, 'inductive_hypothesis_applied': 0}",6.865714285714286
206,"Use (strong) induction to prove the following claim: For any natural number \(n\), \(2n^3 + 3n^2 + n\) is divisible by 6.","Using induction on n. For n = 1. 2 + 3 + 1 is divisible by 6. Now for the hypothesis assume that for some k in 2n^3 + 3n^2 + n is divisible by 6. Thus, at n = k. 2k^3 + 3k^2 +k is divisible by 6 for some k. Now for k + 1 . 2(k+1)^3 + 3(k + 1)^2 + k + 1 = 2k^3 + 2 + 6k + 6k^2 + 3k^2 + 3 + 6k + k + 1 which reduces to equation of n = k + 6k^2+ 6 which is divisible by 6 and thus we can claim that for all natural numbers n the equation is divisible by 6","{'has_proof': True, 'length': 452, 'has_base_case': False, 'has_induction_hypothesis': False, 'has_induction_step': False, 'has_qed': False, 'quality_score': 0.9}","{'identify_base_case': 2, 'prove_base_case': 2, 'hypothesis_stated': 2, 'hypothesis_given_bound': 2, 'goal_clear': 2, 'expression_decomposed': 0, 'inductive_hypothesis_applied': 0}",2.3285714285714287
207,"Use (strong) induction to prove the following claim: For any natural number \(n\), \(2n^3 + 3n^2 + n\) is divisible by 6.","Let n be any natural number. \2n^3+3n^2+n=n(2n^2+2n+1)\ Therefore, \2n^3+3n^2+n\ is divisible by 6 for all natural numbers, n. QED.","{'has_proof': True, 'length': 131, 'has_base_case': False, 'has_induction_hypothesis': False, 'has_induction_step': False, 'has_qed': True, 'quality_score': 1.76}","{'identify_base_case': 0, 'prove_base_case': 0, 'hypothesis_stated': 0, 'hypothesis_given_bound': 0, 'goal_clear': 0, 'expression_decomposed': 0, 'inductive_hypothesis_applied': 0}",1.76
208,"Use (strong) induction to prove the following claim: For any natural number \(n\), \(2n^3 + 3n^2 + n\) is divisible by 6.","We need to prove that: for any natural number n, 2n^3 + 3n^2 + n is divisible by 6. For our base case, note that when when n = 1, 2*1 + 3*1 + 1 = 6 which is divisible by 6. Next, suppose as our Inductive Hypothesis that for some k, 2k^3 + 3k^2 + k for 0,1....... k - 1 2k^3 + 3k^2 + k = k(2k^2 + 3k + 1) k(2k^2 + 3k + 1) = k(2k+1)(k+1) do not know how to continue.....","{'has_proof': True, 'length': 368, 'has_base_case': True, 'has_induction_hypothesis': True, 'has_induction_step': False, 'has_qed': False, 'quality_score': 3.74}","{'identify_base_case': 2, 'prove_base_case': 2, 'hypothesis_stated': 2, 'hypothesis_given_bound': 1, 'goal_clear': 0, 'expression_decomposed': 0, 'inductive_hypothesis_applied': 0}",4.74
209,"Use (strong) induction to prove the following claim: For any natural number \(n\), \(2n^3 + 3n^2 + n\) is divisible by 6.","proof by induction Base case: n = 1, 2(1)^3 + 3(1)^2 + 1 = 6, which is divisible by 6 Inductive hypothesis: 2(n)^3 + 3(n)^2 + n is divisible by 6 for n in 0,...,k. Inductive step: We need to prove 2(k+1)^3 + 3(k+1)^2 + k+1 is divisble by 6 Simplifying, 2k^3 + 9k^2 + 13k + 6 This is divisible by 6, which is what we needed to prove. QED. I'm so tired","{'has_proof': True, 'length': 350, 'has_base_case': True, 'has_induction_hypothesis': True, 'has_induction_step': True, 'has_qed': True, 'quality_score': 6.7}","{'identify_base_case': 2, 'prove_base_case': 2, 'hypothesis_stated': 2, 'hypothesis_given_bound': 2, 'goal_clear': 2, 'expression_decomposed': 0, 'inductive_hypothesis_applied': 0}",8.128571428571428
210,"Use (strong) induction to prove the following claim: For any natural number \(n\), \(2n^3 + 3n^2 + n\) is divisible by 6.","I do not remember much from last week other than the form of the proofs. Base Case: n=0, expression above is equal to 0, 0 is divisible by 6 Inductive Hypothesis: For 0...k, n=k+1, it's a number divisible by 6 greater than n=k/base case Inductive Proof: n((0+1)) = 6 which is a number (6) greater than base case. This is because for each integer added the function makes a number which has both factors 2 and 3 from the previous n.","{'has_proof': True, 'length': 431, 'has_base_case': True, 'has_induction_hypothesis': True, 'has_induction_step': False, 'has_qed': False, 'quality_score': 3.86}","{'identify_base_case': 2, 'prove_base_case': 2, 'hypothesis_stated': 0, 'hypothesis_given_bound': 2, 'goal_clear': 0, 'expression_decomposed': 0, 'inductive_hypothesis_applied': 0}",4.717142857142857
211,"Use (strong) induction to prove the following claim: For any natural number \(n\), \(2n^3 + 3n^2 + n\) is divisible by 6.","Proof: Base: Let n be any natural number. Let n = 1. From this, we get that 2(1)^3 + 3(1)^2 + 1 = 6. Through induction, we can see that this is true for all natural numbers 1...k-1 Therefore, through proof by induction, we can see that 2n^3 + 3n^2 is divisible by 6. This is what we needed to show.","{'has_proof': True, 'length': 298, 'has_base_case': False, 'has_induction_hypothesis': False, 'has_induction_step': False, 'has_qed': True, 'quality_score': 2.1}","{'identify_base_case': 2, 'prove_base_case': 2, 'hypothesis_stated': 0, 'hypothesis_given_bound': 0, 'goal_clear': 0, 'expression_decomposed': 0, 'inductive_hypothesis_applied': 0}",2.6714285714285717
212,"Use (strong) induction to prove the following claim: For any natural number \(n\), \(2n^3 + 3n^2 + n\) is divisible by 6.","Base case: n=0, then 2n^3 + 3n^2 + n = 2(0)^3 + 3(0)^2 + 0 = 0, which is divisible by 6. Suppose as our Inductive Hypothesis that 2n^3 + 3n^2 + n is divisible by 6 for n in 0...k (k >= 0). Then, we have 2k^3 + 3k^2 + k. To finish, we need to show that 2k^3 + 3k^2 + k is divisible by 6.","{'has_proof': True, 'length': 286, 'has_base_case': True, 'has_induction_hypothesis': True, 'has_induction_step': False, 'has_qed': False, 'quality_score': 3.57}","{'identify_base_case': 2, 'prove_base_case': 2, 'hypothesis_stated': 2, 'hypothesis_given_bound': 1, 'goal_clear': 1, 'expression_decomposed': 0, 'inductive_hypothesis_applied': 0}",4.712857142857143
213,"Use (strong) induction to prove the following claim: For any natural number \(n\), \(2n^3 + 3n^2 + n\) is divisible by 6.","We will prove this using inductive reasoning upon the integer n. Inductive hypothesis: 2k^3 + 3k^2 + k is divisible by 6 for 0,...,k Base case: n = 0; 2(0)^3 + 3(0)^2 + 0 = 0 which is divisible by 6. Inductive step: 2(k+1)^3 + 3(k+1)^2 + (k+1) = 2(k^2 + 2k + 1)(k+1) + 3(k^2 + 2k + 1) + (k+1) = 2(k^3 + 2k^2 + k + k^2 + 2k + 1) + 3(k^2 + 2k + 1) + (k+1) = 2k^3 + 8k^2 + 11k + 6 = (2k^3 + 3k^2 + k) + (5k^2 + 10k + 6) = inductive case is divisible by 6 by hypothesis + (5k^2 + 10k + 6) (5k^2 + 10k + 6) is always divisible by 6 because there will never be a remainder based on divisibility. Therefore, for any natural number n, 2n^3 + 3n^2 + n is divisible by 6. QED","{'has_proof': True, 'length': 665, 'has_base_case': True, 'has_induction_hypothesis': True, 'has_induction_step': True, 'has_qed': True, 'quality_score': 7.33}","{'identify_base_case': 2, 'prove_base_case': 2, 'hypothesis_stated': 2, 'hypothesis_given_bound': 2, 'goal_clear': 2, 'expression_decomposed': 2, 'inductive_hypothesis_applied': 2}",9.33
214,"Use (strong) induction to prove the following claim: For any natural number \(n\), \(2n^3 + 3n^2 + n\) is divisible by 6.","Proof by induction Base case: n = 0, 2(0)^3 + 3(0)^2 + 0 = 0. which is divisible by 6. Induction hypothesis: for some k, 2n^3 + 3n^2 + n is divisible by 6 for n in 0 ... k. Induction step: 2(k+1)^3 + 3(k+1)^2 + k is divisible by 6","{'has_proof': True, 'length': 230, 'has_base_case': True, 'has_induction_hypothesis': True, 'has_induction_step': True, 'has_qed': False, 'quality_score': 4.96}","{'identify_base_case': 2, 'prove_base_case': 2, 'hypothesis_stated': 2, 'hypothesis_given_bound': 2, 'goal_clear': 2, 'expression_decomposed': 0, 'inductive_hypothesis_applied': 0}",6.388571428571429
215,"Use (strong) induction to prove the following claim: For any natural number \(n\), \(2n^3 + 3n^2 + n\) is divisible by 6.","Let n be a natural number. Induction Predicate: Suppose that 2n^3 +3n^2 + n. Induction Hypothesis: 2n^3 +3n^2 + n is divisible by 6. Since 2n^3, 3n^2, and n are divisible by 6, 2n^3 +3n^2 + n must be divisible by 6, which is what we needed to show.","{'has_proof': True, 'length': 248, 'has_base_case': False, 'has_induction_hypothesis': True, 'has_induction_step': False, 'has_qed': False, 'quality_score': 2.0}","{'identify_base_case': 0, 'prove_base_case': 0, 'hypothesis_stated': 2, 'hypothesis_given_bound': 0, 'goal_clear': 0, 'expression_decomposed': 0, 'inductive_hypothesis_applied': 0}",2.2857142857142856
216,"Use (strong) induction to prove the following claim: For any natural number \(n\), \(2n^3 + 3n^2 + n\) is divisible by 6.","If k = 0, then \2n^3+3n^2+n = 2k^3+3k^2+k=2(0)+3(0)+0=0\, which is divisible by 6.","{'has_proof': True, 'length': 82, 'has_base_case': False, 'has_induction_hypothesis': False, 'has_induction_step': False, 'has_qed': False, 'quality_score': 0.16}","{'identify_base_case': 2, 'prove_base_case': 2, 'hypothesis_stated': 0, 'hypothesis_given_bound': 0, 'goal_clear': 0, 'expression_decomposed': 0, 'inductive_hypothesis_applied': 0}",0.7314285714285714
217,"Use (strong) induction to prove the following claim: For any natural number \(n\), \(2n^3 + 3n^2 + n\) is divisible by 6.","Suppose n = 0 Then, \2(0)^3 + 3(0)^2 + (0) = 0\, which is divisible by 6. Suppose n = 1 Then, \2(1)^3 + 3(1)^2 + (1) = 6\, which is divisible by 6. Suppose n = 2 Then, \2(2)^3 + 3(2)^2 + (2) = 30\, which is divisible by 6. For any natural number n, \2n^3 + 3n^2 + n\ is divisible by 6.","{'has_proof': True, 'length': 285, 'has_base_case': False, 'has_induction_hypothesis': False, 'has_induction_step': False, 'has_qed': False, 'quality_score': 0.57}","{'identify_base_case': 2, 'prove_base_case': 2, 'hypothesis_stated': 0, 'hypothesis_given_bound': 0, 'goal_clear': 0, 'expression_decomposed': 0, 'inductive_hypothesis_applied': 0}",1.1414285714285715
218,"Use (strong) induction to prove the following claim: For any natural number \(n\), \(2n^3 + 3n^2 + n\) is divisible by 6.",Forgot Inductive Proofs Fully All I remember: Inductive Claim -> Base Case -> Inductive Hypothesis,"{'has_proof': True, 'length': 98, 'has_base_case': True, 'has_induction_hypothesis': True, 'has_induction_step': False, 'has_qed': False, 'quality_score': 3.2}","{'identify_base_case': 0, 'prove_base_case': 0, 'hypothesis_stated': 0, 'hypothesis_given_bound': 0, 'goal_clear': 0, 'expression_decomposed': 0, 'inductive_hypothesis_applied': 0}",3.2
219,"Use (strong) induction to prove the following claim: For any natural number \(n\), \(2n^3 + 3n^2 + n\) is divisible by 6.","Proof inducted on n. P(n) predicated over all natural numbers n. Base case: For P(0), 2 * 0^3 + 3 * 0^2 + 0 = 0, which is obviously divisible by 6. Inductive hypothesis: 2n^3 + 3n^2 + n is divisible by 6 for n = 0, 1, ..., k. where k >0. Inductive step: We need to prove 2(k + 1)^3 + 3(k + 1)^2 + k + 1 is divisible by 6. 2(k + 1)^3 + 3(k + 1)^2 + k + 1 = 2(k^3 + 3k^2 + 3k + 1) + 3(k^2 + 2k + 1) + k + 1 = (2k^3 + 3k^2 + k) + 6k^2 + 12k + 6. Since 6k^2 is divisible by 6, 12k is divisible by 6, 6 is divisible by 6, we know 6k^2 + 12k + 6 is divisible by 6. Also, by the inductive hypothesis, 2k^3 + 3k^2 + k is divisible by 6. Combining these facts, we can get 2(k + 1)^3 + 3(k + 1)^2 + k + 1 is divisible by 6, which is what we needed to prove.","{'has_proof': True, 'length': 747, 'has_base_case': True, 'has_induction_hypothesis': True, 'has_induction_step': True, 'has_qed': False, 'quality_score': 5.99}","{'identify_base_case': 2, 'prove_base_case': 2, 'hypothesis_stated': 2, 'hypothesis_given_bound': 2, 'goal_clear': 2, 'expression_decomposed': 2, 'inductive_hypothesis_applied': 2}",7.99
220,"Use (strong) induction to prove the following claim: For any natural number \(n\), \(2n^3 + 3n^2 + n\) is divisible by 6.","For our base case, note that when n = 0, 0 + 0 + 0 = 0 which is divisible by 6 Our inductive hypothesis is that for some k, 2n^3 + 3n^2 + n is divisible by 6 for each n in 0...k. Now we finish by showing that 2k^3 + 3k^2 + k is divisible by 6. 2k^3 + 3k^2 + k = (k)(2k + 1)(k + 1). By definition of divisibility, we know that ak = 6 for some int a. I do not know how to prove the rest, im sorry :(","{'has_proof': True, 'length': 397, 'has_base_case': True, 'has_induction_hypothesis': True, 'has_induction_step': False, 'has_qed': False, 'quality_score': 3.79}","{'identify_base_case': 2, 'prove_base_case': 2, 'hypothesis_stated': 2, 'hypothesis_given_bound': 2, 'goal_clear': 1, 'expression_decomposed': 0, 'inductive_hypothesis_applied': 0}",5.075714285714286
221,"Use (strong) induction to prove the following claim: For any natural number \(n\), \(2n^3 + 3n^2 + n\) is divisible by 6.","Proof by induction for \n\. Inductive predicate: \6|2n^3+3n^2+n\ for any natural number \n\. Base case: when \n=0\, \2(0)^3+3(0)^2+0 = 0\, and \6|0\, so base case \n=0\ is proven. Inductive hypothesis: Suppose that, for some \k\, \6|2n^3+3n^2+n\ for \n\ in \0, 1, ...k\. Inductive step: we must now find that \6|2k^3+3k^2+k\. Now factoring the right hand side of the equation we get [ran out of time to actually factor but I think this is the direction the proof should go in]","{'has_proof': True, 'length': 476, 'has_base_case': True, 'has_induction_hypothesis': True, 'has_induction_step': True, 'has_qed': False, 'quality_score': 5.45}","{'identify_base_case': 2, 'prove_base_case': 2, 'hypothesis_stated': 2, 'hypothesis_given_bound': 2, 'goal_clear': 1, 'expression_decomposed': 0, 'inductive_hypothesis_applied': 0}",6.735714285714286
222,"Use (strong) induction to prove the following claim: For any natural number \(n\), \(2n^3 + 3n^2 + n\) is divisible by 6.","For our base case, let n = 0. 2(0)^3 + 3(0)^2 + 0 = 0 which is divisible by 6. We must prove this can hold from k...k+1. This is 2(k+1)^3 + 3(k+1)^2 + k + 1. Plugging any number into k will result in this equation being divisible by 6. Therefore, our hypothesis is true.","{'has_proof': True, 'length': 270, 'has_base_case': True, 'has_induction_hypothesis': False, 'has_induction_step': False, 'has_qed': True, 'quality_score': 3.54}","{'identify_base_case': 2, 'prove_base_case': 2, 'hypothesis_stated': 1, 'hypothesis_given_bound': 1, 'goal_clear': 2, 'expression_decomposed': 0, 'inductive_hypothesis_applied': 0}",4.682857142857143
223,"Use (strong) induction to prove the following claim: For any natural number \(n\), \(2n^3 + 3n^2 + n\) is divisible by 6.","Proof by induction on n. Inductive Predicate: For any natural number n, \2n^3 + 3n^2 + n\ is divisible by 6. Best Case: P(0) = 0 and g(1) = 6, where both 0 and 6 are divisible by 6. Inductive Hypothesis: For some k, \P(n) = 2n^3 + 3n^2 + n\ when n is 0 . . . k. Inductive Step: We need to prove that \P(k+1) = 2(k+1)^3 + 3(k+1)^2 + k+1\. By some algebra, \P(k+1) = 2(k+1)^3 + 3(k+1)^2 + k+1\ . . . \P(n) = 2n^3 + 3n^2 + n\ is divisible by 6 for any natural number n.","{'has_proof': True, 'length': 466, 'has_base_case': False, 'has_induction_hypothesis': True, 'has_induction_step': True, 'has_qed': False, 'quality_score': 3.93}","{'identify_base_case': 2, 'prove_base_case': 2, 'hypothesis_stated': 1, 'hypothesis_given_bound': 2, 'goal_clear': 1, 'expression_decomposed': 0, 'inductive_hypothesis_applied': 0}",5.072857142857143
224,"Use (strong) induction to prove the following claim: For any natural number \(n\), \(2n^3 + 3n^2 + n\) is divisible by 6.","First, when n = 0, \2n^3\ + \3n^2\ + n = 6, which is divisible by 6. For some number k, \2n^3\ + \3n^2\ + n is divisible by 6 if n is in 0...k. Finally, we prove for any number n, \2n^3\ + \3n^2\ + n is divisible by six. Let n = 2. 2(2)^3 + 3(2)^2 + 2 = 16 + 12 + 2, which equals 30. 30 is divisible by 6. This is what we needed to show.","{'has_proof': True, 'length': 337, 'has_base_case': False, 'has_induction_hypothesis': False, 'has_induction_step': False, 'has_qed': False, 'quality_score': 0.67}","{'identify_base_case': 2, 'prove_base_case': 1, 'hypothesis_stated': 1, 'hypothesis_given_bound': 2, 'goal_clear': 0, 'expression_decomposed': 0, 'inductive_hypothesis_applied': 0}",1.5271428571428571
225,"Use (strong) induction to prove the following claim: For any natural number \(n\), \(2n^3 + 3n^2 + n\) is divisible by 6.","n = 0 \2n^3+3n^2+n = 0, 6 \mid 0\ Suppose claim is true for n = 0, ..., k, \2k^3+3k^2+k\ is divisible by 6. \2k^3+3k^2+k = 6m\ where \m\ is an integer n = k+1, \2(k+1)^3+3(k+1)^2+k+1= 2k^3+3k^2+k + 2(3k^2+3k+1)+6k+3+1 = 6m+6(k^2+k+1)\","{'has_proof': True, 'length': 234, 'has_base_case': False, 'has_induction_hypothesis': False, 'has_induction_step': False, 'has_qed': False, 'quality_score': 0.47}","{'identify_base_case': 2, 'prove_base_case': 2, 'hypothesis_stated': 2, 'hypothesis_given_bound': 1, 'goal_clear': 1, 'expression_decomposed': 0, 'inductive_hypothesis_applied': 0}",1.6128571428571428
226,"Use (strong) induction to prove the following claim: For any natural number \(n\), \(2n^3 + 3n^2 + n\) is divisible by 6.",Proof by induction on n We must prove that \2*n^3 + 3*n^2 + n\ is true for any natural number n Didn't have time to finish this,"{'has_proof': True, 'length': 127, 'has_base_case': False, 'has_induction_hypothesis': False, 'has_induction_step': False, 'has_qed': False, 'quality_score': 0.25}","{'identify_base_case': 0, 'prove_base_case': 0, 'hypothesis_stated': 0, 'hypothesis_given_bound': 0, 'goal_clear': 0, 'expression_decomposed': 0, 'inductive_hypothesis_applied': 0}",0.25
227,"Use (strong) induction to prove the following claim: For any natural number \(n\), \(2n^3 + 3n^2 + n\) is divisible by 6.","Let's prove by induction. Let the proposition that for any natural number *n*, 2n^3+3n^2+n is divisible by 6 be true. For the base case n = 0, 2n^3 + 3n^2 + n = 0, which is divisible by 6, so the proposition holds true. For any natural number *n*, 2n^3 + 3n^2 + n is divisible by 6 for any n = 0, 1, 3, ..., k. This means that we need to prove that 2(k+1)^3 + 3(k+1)^2 + n is divisible by 6. Since 2(k+1)^3 + 3(k+1)^2 + n expanded is 2k^3 + 9k^2 + 13k + 6 and 6 | 2k^3 + 9k^2 + 13k + 6, this means that for any natural number *n*, 2n^3 + 3n^2 + n is divisible by 6, which is what we needed to prove.","{'has_proof': True, 'length': 599, 'has_base_case': True, 'has_induction_hypothesis': False, 'has_induction_step': False, 'has_qed': False, 'quality_score': 2.7}","{'identify_base_case': 2, 'prove_base_case': 2, 'hypothesis_stated': 1, 'hypothesis_given_bound': 2, 'goal_clear': 2, 'expression_decomposed': 0, 'inductive_hypothesis_applied': 0}",3.9857142857142858
228,"Use (strong) induction to prove the following claim: For any natural number \(n\), \(2n^3 + 3n^2 + n\) is divisible by 6.","We will use induction to prove this. Base case: n = 1, the result is 6 and 6 is divisible by 6 n = 2, the result is 30 and 30 is divisible by 6 Inductive hyposthsis: For all n in 1...n, 2n^3+3n^2+n is divisible by 6 Becuase n is never zero, we can take simplify the equation to 2n(n^2)+3n(n)+n. We can then group all the n's together and get 6n as a term. 6n is always divisible by 6 becuase it is a factor of 6. This is all we needed to proove.","{'has_proof': True, 'length': 445, 'has_base_case': True, 'has_induction_hypothesis': False, 'has_induction_step': False, 'has_qed': False, 'quality_score': 2.39}","{'identify_base_case': 2, 'prove_base_case': 2, 'hypothesis_stated': 2, 'hypothesis_given_bound': 1, 'goal_clear': 0, 'expression_decomposed': 0, 'inductive_hypothesis_applied': 0}",3.39
229,"Use (strong) induction to prove the following claim: For any natural number \(n\), \(2n^3 + 3n^2 + n\) is divisible by 6.","Proof by induction Base Case: when n = 0, 2*0^3 +3*0^2 + 0 = 0 which is divisible by 6 Inductive hypothesis: Suppose thatP(n) = 2n^3 +3n^2 + n is true for all natural numbers from 0 to k. We need to prove that 2(k+1)^3 + 3(k+1)^2 + k+1 is divisible by 6 too Proof: 2(k+1)^3 + 3(k+1)^2 + k+1 2k^3 + 2 + 6k^2 +6k + 3k^2 + 3 + 6k + k + 1 2k^3 +9k^2 + 13k + 6 (2k^3 + 3k^2 + k) + (6k^2 + 12k + 6) (2k^3 + 3k^2 + k) + 6(k^2 + 2k + 1) (2k^3 + 3k^2 + k) is divisible by 6 due to the inductive hypothesis 6(k^2 + 2k + 1) is also divisible by 6 Therefore, 2(k+1)^3 + 3(k+1)^2 + k+1 is divisible by 6 which is what we needed to prove.","{'has_proof': True, 'length': 624, 'has_base_case': True, 'has_induction_hypothesis': True, 'has_induction_step': False, 'has_qed': True, 'quality_score': 5.75}","{'identify_base_case': 2, 'prove_base_case': 2, 'hypothesis_stated': 2, 'hypothesis_given_bound': 2, 'goal_clear': 2, 'expression_decomposed': 2, 'inductive_hypothesis_applied': 2}",7.75
230,"Use (strong) induction to prove the following claim: For any natural number \(n\), \(2n^3 + 3n^2 + n\) is divisible by 6.","Test for base case: n = 1: \2(1^3) + 3(1^2) + 1 = 6\ and 6 is divisible by 6 Assume this is true for a natural number k, \2(k^3) + 3(k^2) + k = 6a\ where a is some integer, for all numbers, from 0 to k - 1. Test for k + 1: \2((k+1)^3) + 3((k+1)^2) + (k+1) = 2(k^3 + 3k^2 + 3k + 1) + 3(k^2 + 2k + 1) + (k+1)\ \ = 2k^3 + 6k^2 + 6k + 2 + 3k^2 + 6k + 3 + k+1\ \ = 2k^3 + 9k^2 + 13k + 6\ As we know \2(k^3) + 3(k^2) + k\ is divisible by 6, we can subtract this from the current eq \ = 6k^2 + 12k + 6\ \ = 6(k^2 + 2k + 1)\ Since we know k is an integer, we and yb the inductive step we can conclude that for any natural number \n\, \2(n^3) + 3(n^2) + n\ is divisible by 6","{'has_proof': True, 'length': 665, 'has_base_case': True, 'has_induction_hypothesis': False, 'has_induction_step': True, 'has_qed': False, 'quality_score': 4.33}","{'identify_base_case': 2, 'prove_base_case': 2, 'hypothesis_stated': 2, 'hypothesis_given_bound': 1, 'goal_clear': 2, 'expression_decomposed': 2, 'inductive_hypothesis_applied': 2}",6.187142857142858
231,"Use (strong) induction to prove the following claim: For any natural number \(n\), \(2n^3 + 3n^2 + n\) is divisible by 6.",2n^3 + 3n^2 + n = n(2n^2 + 3n + 1) = n (2n + 1) (n + 1) if n is divisible by 6 then 2n^3 + 2n^2 + n also divisible by 6.,"{'has_proof': True, 'length': 120, 'has_base_case': False, 'has_induction_hypothesis': False, 'has_induction_step': False, 'has_qed': False, 'quality_score': 0.24}","{'identify_base_case': 0, 'prove_base_case': 0, 'hypothesis_stated': 0, 'hypothesis_given_bound': 0, 'goal_clear': 0, 'expression_decomposed': 0, 'inductive_hypothesis_applied': 0}",0.24
232,"Use (strong) induction to prove the following claim: For any natural number \(n\), \(2n^3 + 3n^2 + n\) is divisible by 6.","We will prove by induction on \n\.<br> Note that for our base case \n=0\, \0+0+0=0\, which is divisible by 6.<br> Suppose for our inductive hypothesis that for some \k\, \2n^3+3n^2+n\ is divisible by 6 for all \n\ in \0...k\.<br> Now we need to show that \2(k+1)^3+3(k+1)^2+(k+1)\ is divisible by 6.<br> This expands to \2k^3+6k^2+6k+2+3k^2+6k+3+k+1\.<br> Rearranging, we get \(2k^3+3k^2+k)+6(k^2+k+1)\.<br> Since \(2k^3+3k^2+k)\ is divisible by 6 and \6(k^2+k+1)\ is also divisible by 6, \(2k^3+3k^2+k)+6(k^2+k+1)\ is divisible by 6.<br> Q.E.D.","{'has_proof': True, 'length': 545, 'has_base_case': True, 'has_induction_hypothesis': True, 'has_induction_step': False, 'has_qed': True, 'quality_score': 5.59}","{'identify_base_case': 2, 'prove_base_case': 2, 'hypothesis_stated': 2, 'hypothesis_given_bound': 2, 'goal_clear': 2, 'expression_decomposed': 2, 'inductive_hypothesis_applied': 2}",7.59
233,"Use (strong) induction to prove the following claim: For any natural number \(n\), \(2n^3 + 3n^2 + n\) is divisible by 6.","Proof by induction on \n\. The inductive predicate is \P(n): 2n^3+3n^2+n\ is divisible by \6\. The base case is when \n=0\. So, \2n^3+3n^2+n = 0\, and \0\ is divisible by \6\. So \P(0)\ holds. The inductive hypothesis is that there exists a natural number \k\ such that \2n^3+3n^2+n\ is divisible by \6\ for each \n\ in \0 \dots k\. Then, our inductive step is to show that \2(k+1)^3+3(k+1)^2+(k+1)\ is divisible by \6\. \2(k+1)^3+3(k+1)^2+(k+1)=2(k^3+3k^2+3k+1)+3(k^2+2k+1)+k+1\ \= 2k^3+3k^2+k+6(k^2+2k+1)\ From the inductive hypothesis, we know that \2k^3+3k^2+k\ is divisible by \6\. \6(k^2+2k+1)\ is clearly divisible by \6\ as we can factor out a \6\ from the expression. So, \2(k+1)^3+3(k+1)^2+(k+1)\ is divisible by \6\. QED","{'has_proof': True, 'length': 731, 'has_base_case': True, 'has_induction_hypothesis': True, 'has_induction_step': True, 'has_qed': True, 'quality_score': 7.46}","{'identify_base_case': 2, 'prove_base_case': 2, 'hypothesis_stated': 2, 'hypothesis_given_bound': 2, 'goal_clear': 2, 'expression_decomposed': 2, 'inductive_hypothesis_applied': 2}",9.46
234,"Use (strong) induction to prove the following claim: For any natural number \(n\), \(2n^3 + 3n^2 + n\) is divisible by 6.","Proof: Using proof by induction. Base Case: Let natural number n = 0. Using substitution, 2(0)^3 + 3(0)^2 + 0 = 0. Zero divides 6. Inductive Hypothesis: For some k, 2n^3 + 3n^2 + n is divisable by 6 for each n in 0...k. Induction: Now, we'll prove that 3k^3 + 3k^2 + k is disvisable by 6. Factoring out k, k(2k^2 + 3k + 1) = k(2k + 1)(k + 1). Since k is a natural number, either the term (2k + 1) will be a divisable by 3 or the term (k + 1) will be divisable by 3. Since 3 divides 6, this also means that these terms, and the expressin they're a part of, will also divide by 6. Hense, 2k^3 + 3k^2 + k is divisable by 6 for all natural numbers. This is what we needed to show.","{'has_proof': True, 'length': 676, 'has_base_case': True, 'has_induction_hypothesis': True, 'has_induction_step': False, 'has_qed': False, 'quality_score': 4.35}","{'identify_base_case': 2, 'prove_base_case': 1, 'hypothesis_stated': 2, 'hypothesis_given_bound': 2, 'goal_clear': 1, 'expression_decomposed': 0, 'inductive_hypothesis_applied': 0}",5.492857142857142
235,"Use (strong) induction to prove the following claim: For any natural number \(n\), \(2n^3 + 3n^2 + n\) is divisible by 6.",I'm not sure how to do this.,"{'has_proof': True, 'length': 28, 'has_base_case': False, 'has_induction_hypothesis': False, 'has_induction_step': False, 'has_qed': False, 'quality_score': 0.06}","{'identify_base_case': 0, 'prove_base_case': 0, 'hypothesis_stated': 0, 'hypothesis_given_bound': 0, 'goal_clear': 0, 'expression_decomposed': 0, 'inductive_hypothesis_applied': 0}",0.06
236,"Use (strong) induction to prove the following claim: For any natural number \(n\), \(2n^3 + 3n^2 + n\) is divisible by 6.","Let P(n) be the propositon that 2n^3 + 3n^2 + n is divisible by 6. First, prove the base case. his means P(n) should be true for P(1), which it is, as 2*1 + 3*1 + 1 = 6, whic is divisible by 6. Assume that P(k) is true for arbitrary natural number k. Then we need to prove that P(k) leads to P(k+1) would be true, meaning that 2k^3 + 3k^2 + k should lead to 2k^3 + 6k^2 + 6k + 2 + 3k + 3+ k + 1.","{'has_proof': True, 'length': 395, 'has_base_case': True, 'has_induction_hypothesis': False, 'has_induction_step': False, 'has_qed': False, 'quality_score': 2.29}","{'identify_base_case': 2, 'prove_base_case': 2, 'hypothesis_stated': 2, 'hypothesis_given_bound': 2, 'goal_clear': 1, 'expression_decomposed': 0, 'inductive_hypothesis_applied': 0}",3.5757142857142856
237,"Use (strong) induction to prove the following claim: For any natural number \(n\), \(2n^3 + 3n^2 + n\) is divisible by 6.","Let's prove this induction by n, that is for any natural number n, 2n^3 + 3n^2 + n is divisible by 6. For our base case n = 1, 2(1)^3 + 3(1)^2 + 1 = 6 and 6|6 so it is true. If n = 2, 2(2)^3 + 3(2)^2 + 2 = 16 + 12 + 2 = 30 and 6|30 and this base case proves true. Suppose our inductive hypothesis, for some k, 2n^3 + 3n^2 + n is divisible by 6 for each n in 0....k. By our inductive hypothesis, we get 2(k+1)^3 + 3(k+1)^2 + k. . . . 2n^3 + 3n^2 + n is divisible by 6 for any natural number, which is what we needed to show.","{'has_proof': True, 'length': 523, 'has_base_case': True, 'has_induction_hypothesis': True, 'has_induction_step': False, 'has_qed': False, 'quality_score': 4.05}","{'identify_base_case': 2, 'prove_base_case': 2, 'hypothesis_stated': 2, 'hypothesis_given_bound': 2, 'goal_clear': 1, 'expression_decomposed': 0, 'inductive_hypothesis_applied': 0}",5.335714285714285
238,"Use (strong) induction to prove the following claim: For any natural number \(n\), \(2n^3 + 3n^2 + n\) is divisible by 6.","Let's assume the base case that for \n = 0\, the following \2n^3+3n^2+n\ this equals to \0\. Since, 0 is divisible by 3, the base case of when n is equivalent to 0 holds true to the statement of being divsible by 6 when the expression \2n^2 + 3n^2 + n\ has n equivalent to 0. Let's suppose that if n is equivalent to all natural numbers \0..k\, then the following must also hold true: \2k^3+3k^2+k = 0\, We can prove such as follows: \k(2k^2+3k+1) = 0\ \k(2k+1)(k+1)=0\ \k = 0, \frac{1}{2}, -1\ Since both \1/2\ and \-1\ are not natural numbers, we do not consdier these options and therefore only consider the case in which \k = 0\. Since we have already proven that \k = 0\ results in \2n^3+3n^2+n =0\, Thus, any other natural number must also be equivalent to \k\ since for natural number \n\, \n \cdot 0 = 0\. Therefore, any other natural number's result when substituted into the expression \2n^3+3n^2+n\ will also evaluate to 0 which is divisible by 6. Thus, for any natural number \n\, \2n^3+3n^2+n\ is divisible by 6.","{'has_proof': True, 'length': 1025, 'has_base_case': True, 'has_induction_hypothesis': False, 'has_induction_step': False, 'has_qed': True, 'quality_score': 5.05}","{'identify_base_case': 2, 'prove_base_case': 2, 'hypothesis_stated': 2, 'hypothesis_given_bound': 2, 'goal_clear': 0, 'expression_decomposed': 0, 'inductive_hypothesis_applied': 0}",6.192857142857143
239,"Use (strong) induction to prove the following claim: For any natural number \(n\), \(2n^3 + 3n^2 + n\) is divisible by 6.","For our base case, note that 2n^3 + 3n^2 + n = n(2n+1)(n+1) Suppose as our Inductive Hypothesis that is 2n^3 + 3n^2 + n divisible by 6 for n in 0 ... k (where k >= 0). For our inductive step we must prove that 2(k+1)^3 + 3(k+1)^2 + (k+1) is divisble by 6. When multiplied out, 2(k+1)^3 + 3(k+1)^2 + (k+1) can have 3, 2, and 1 factored out, so by the definition of division, 2n^3 + 3n^2 + n is divisible by 6. QED.","{'has_proof': True, 'length': 413, 'has_base_case': True, 'has_induction_hypothesis': True, 'has_induction_step': True, 'has_qed': True, 'quality_score': 6.83}","{'identify_base_case': 0, 'prove_base_case': 0, 'hypothesis_stated': 2, 'hypothesis_given_bound': 2, 'goal_clear': 2, 'expression_decomposed': 0, 'inductive_hypothesis_applied': 0}",7.687142857142857
240,"Use (strong) induction to prove the following claim: For any natural number \(n\), \(2n^3 + 3n^2 + n\) is divisible by 6.","when n = 0, 2(0)^3 + 3(0)^2 + 0 = 0 is divisible by 6 when n = 1, 2+3+1 = 6 is divisible by 6 when n = k + 6, where k is natural number, 2(k+6)^3+3(k+6)^2+(k+6) is divisible by 6.","{'has_proof': True, 'length': 179, 'has_base_case': False, 'has_induction_hypothesis': False, 'has_induction_step': False, 'has_qed': False, 'quality_score': 0.36}","{'identify_base_case': 2, 'prove_base_case': 2, 'hypothesis_stated': 0, 'hypothesis_given_bound': 0, 'goal_clear': 0, 'expression_decomposed': 0, 'inductive_hypothesis_applied': 0}",0.9314285714285714
241,"Use (strong) induction to prove the following claim: For any natural number \(n\), \(2n^3 + 3n^2 + n\) is divisible by 6.","Base case: when n = 0, 2n^3+3n^2+n = 0 is divisible by 6. Hypothesis: for some natural number k > 0, the claim is correct for n = 0,1,2...k-1. try to prove that the claim is correct for n = k. 2k^3+3k^2+k = (2(k-1)^3 +3(k-1)^2 + k-1) +6n^2. Both (2(k-1)^3 +3(k-1)^2 + k-1) and 6n^2 are divisible by 6, so 2k^3+3k^2+k is divisible by 6. Then for any natural number n, 2n^3+3n^2+n is divisible by 6.","{'has_proof': True, 'length': 397, 'has_base_case': True, 'has_induction_hypothesis': False, 'has_induction_step': False, 'has_qed': False, 'quality_score': 2.29}","{'identify_base_case': 2, 'prove_base_case': 2, 'hypothesis_stated': 2, 'hypothesis_given_bound': 2, 'goal_clear': 2, 'expression_decomposed': 2, 'inductive_hypothesis_applied': 2}",4.29
242,"Use (strong) induction to prove the following claim: For any natural number \(n\), \(2n^3 + 3n^2 + n\) is divisible by 6.","the base case is to see if this claim holds true when n = 1. 2 + 3 + 1 = 6 which is divisible by 6. The inductive stem would be to see if factors of 6 and prime numbers hold true. factors of 6: 2(8) + 3(4) + 2 = 30 which is divisible by 6 prime numbers: 2(125) + 3(25) + 5 = 330 which is divisible by 6 Hence, the claim is proved.","{'has_proof': True, 'length': 330, 'has_base_case': True, 'has_induction_hypothesis': False, 'has_induction_step': False, 'has_qed': False, 'quality_score': 2.16}","{'identify_base_case': 2, 'prove_base_case': 2, 'hypothesis_stated': 0, 'hypothesis_given_bound': 0, 'goal_clear': 0, 'expression_decomposed': 0, 'inductive_hypothesis_applied': 0}",2.7314285714285713
243,"Use (strong) induction to prove the following claim: For any natural number \(n\), \(2n^3 + 3n^2 + n\) is divisible by 6.","Starting with the base case where n =0, 2(0)^3+3(n)^2+0 we get 0 which is divisible by 6 Now if we use the inductive hypothesis that for k, \2n^3+3n^2+n\ is divible by 6 for each n k=0...k where k is a natural number. We need to prove that 2k^3+3k^2+k, which we need to do somehow but I don't have enough time. so eventually you will get to a place where you prove how since k is an integer and we know that it is divisible by 6 then the rest of the claim is divisible by 6.","{'has_proof': True, 'length': 474, 'has_base_case': True, 'has_induction_hypothesis': True, 'has_induction_step': False, 'has_qed': False, 'quality_score': 3.95}","{'identify_base_case': 2, 'prove_base_case': 2, 'hypothesis_stated': 2, 'hypothesis_given_bound': 2, 'goal_clear': 1, 'expression_decomposed': 0, 'inductive_hypothesis_applied': 0}",5.235714285714286
244,"Use (strong) induction to prove the following claim: For any natural number \(n\), \(2n^3 + 3n^2 + n\) is divisible by 6.","Base case: for n = 0, 2(0)^# + 3(0)^2+0 = 0, which is divisible by 6. Then, for our inductive hypothesis,","{'has_proof': True, 'length': 105, 'has_base_case': True, 'has_induction_hypothesis': True, 'has_induction_step': False, 'has_qed': False, 'quality_score': 3.21}","{'identify_base_case': 2, 'prove_base_case': 2, 'hypothesis_stated': 0, 'hypothesis_given_bound': 0, 'goal_clear': 0, 'expression_decomposed': 0, 'inductive_hypothesis_applied': 0}",3.781428571428571
245,"Use (strong) induction to prove the following claim: For any natural number \(n\), \(2n^3 + 3n^2 + n\) is divisible by 6.",strong,"{'has_proof': True, 'length': 6, 'has_base_case': False, 'has_induction_hypothesis': False, 'has_induction_step': False, 'has_qed': False, 'quality_score': 0.01}","{'identify_base_case': 0, 'prove_base_case': 0, 'hypothesis_stated': 0, 'hypothesis_given_bound': 0, 'goal_clear': 0, 'expression_decomposed': 0, 'inductive_hypothesis_applied': 0}",0.01
246,"Use (strong) induction to prove the following claim: For any natural number \(n\), \(2n^3 + 3n^2 + n\) is divisible by 6.","Base case: n = 0: 2(0) + 2(0) + 0 = 0, which is divisible by 6. n = 1, \2(1)^3 + 3(1)^2 + 1 = 6\, which is divisible by 6. \2n^3 + 3n^2 + n \ is divisible by 6 for all n in \1...k\. \2(k + 1)^3 + 3(k + 1)^2\ + (k + 1) \(2k^3 + 6k^2 + 6k + 2) + (3k^2 + 6k + 3) + (k + 1)\ \2k^3 + 9k^2 + 13k + 6\ \k(2k^2 + 9k + 13), 2 + 9 + 13 = 24,\ which for all values of k will be divisible by 6. 6 is divisible by 6. the sum of both of these expressions that are divisible by 6 are also divisible by 6, thus proving the claim.","{'has_proof': True, 'length': 513, 'has_base_case': True, 'has_induction_hypothesis': False, 'has_induction_step': False, 'has_qed': False, 'quality_score': 2.53}","{'identify_base_case': 2, 'prove_base_case': 2, 'hypothesis_stated': 1, 'hypothesis_given_bound': 2, 'goal_clear': 1, 'expression_decomposed': 0, 'inductive_hypothesis_applied': 0}",3.6728571428571426
247,"Use (strong) induction to prove the following claim: For any natural number \(n\), \(2n^3 + 3n^2 + n\) is divisible by 6.","base case: n = 0 6|0, n =1, 6|6 indutive hypothesis: 6|n^3 +3n^2 +n n^3 +3n^2 +n = n(2n^2 + 3n + 1) = n(2n+1)(n+1) for k+1, (k+1)(2k+3)(k+2) is divisible by 6","{'has_proof': True, 'length': 158, 'has_base_case': True, 'has_induction_hypothesis': False, 'has_induction_step': False, 'has_qed': False, 'quality_score': 1.82}","{'identify_base_case': 2, 'prove_base_case': 2, 'hypothesis_stated': 2, 'hypothesis_given_bound': 0, 'goal_clear': 1, 'expression_decomposed': 0, 'inductive_hypothesis_applied': 0}",2.8200000000000003
248,"Use (strong) induction to prove the following claim: For any natural number \(n\), \(2n^3 + 3n^2 + n\) is divisible by 6.","For any natural number n, 2n^3 + 3n^2 + n is divisible by 6. Let n equal 2. 2(2)^3 + 3(2)^2 + 2 = 30 30 is divisible by 6 (30 / 6 = 5)","{'has_proof': True, 'length': 134, 'has_base_case': False, 'has_induction_hypothesis': False, 'has_induction_step': False, 'has_qed': False, 'quality_score': 0.27}","{'identify_base_case': 0, 'prove_base_case': 0, 'hypothesis_stated': 0, 'hypothesis_given_bound': 0, 'goal_clear': 0, 'expression_decomposed': 0, 'inductive_hypothesis_applied': 0}",0.27
249,"Use (strong) induction to prove the following claim: For any natural number \(n\), \(2n^3 + 3n^2 + n\) is divisible by 6.","Base Case: n = 1, \2(1)^3 + 3(1)^2 + 1 = 6\ which is divisible by 6 Inductive Hypothesis: for some natural number k, \2n^3 + 3n^2 + n\ is divisible by 6 for n in 0...k We must show that \2(k+1)^3 + 3(k+1)^2 + k + 1\ is divisible by 6 \2(k+1)^3 + 3(k+1)^2 + (k + 1)\ = \(2k^3 + 6k^2 + 6k + 2) + (3k^2 + 6k + 3) + (k + 1) \ = \2k^3 + 9k^2 + 13k + 6 \ =","{'has_proof': True, 'length': 350, 'has_base_case': True, 'has_induction_hypothesis': True, 'has_induction_step': False, 'has_qed': False, 'quality_score': 3.7}","{'identify_base_case': 2, 'prove_base_case': 2, 'hypothesis_stated': 2, 'hypothesis_given_bound': 2, 'goal_clear': 2, 'expression_decomposed': 0, 'inductive_hypothesis_applied': 0}",5.128571428571429
250,"Use (strong) induction to prove the following claim: For any natural number \(n\), \(2n^3 + 3n^2 + n\) is divisible by 6.","Base case \2n^{0} + 3n^{0} + 0 = 5 \ is not divisible by 6 For some k, if k = 1 \2n^{1} + 3n^{1} + 1 = 6 \ which is divisible by 6. And we continue with the rest of the proof. Can't remember the specific formula from Examlet 1 to proof this type of statement.","{'has_proof': True, 'length': 259, 'has_base_case': True, 'has_induction_hypothesis': False, 'has_induction_step': False, 'has_qed': False, 'quality_score': 2.02}","{'identify_base_case': 2, 'prove_base_case': 1, 'hypothesis_stated': 0, 'hypothesis_given_bound': 0, 'goal_clear': 0, 'expression_decomposed': 0, 'inductive_hypothesis_applied': 0}",2.4485714285714284
251,"Use (strong) induction to prove the following claim: For any natural number \(n\), \(2n^3 + 3n^2 + n\) is divisible by 6.","Induction on \n\. Base case: \n = 0\. \\quad\When \n = 0, 2(0)^3+3(0)^2+0=0\ which is divisble by \6\. Induction hypothesis: For any \n\ from \0,1,...,k\, \2n^3+3n^2+n\ is divisible by \6\. Induction step: Prove for \n=k+1\, \2(k+1)^3+3(k+1)^2+(k+1)\ is divisible by 6. \\quad\\2(k+1)^3+3(k+1)^2+(k+1)=2k^3+6k^2+6k+2+3k^2+6k+3+k+1\. \\quad\\2k^3+9k^2+13k+6=(2k^3+6k^2+k)+3k^2+12k+6\. By the induction hypothesis, \2k^3+6k^2+k\ is divisible by 6. If \2k^3+3k^2+k\ is divisible by 6 then \3k^2\ is divisible by 6. \12k\ is clearly divisible by 6 and \6\ is clearly divisible by 6. \\therefore\ when \n=k+1\, \2(k+1)^3+3(k+1)^2+(k+1)\ is divisible by 6, so the claim is true.","{'has_proof': True, 'length': 672, 'has_base_case': True, 'has_induction_hypothesis': True, 'has_induction_step': True, 'has_qed': True, 'quality_score': 7.34}","{'identify_base_case': 2, 'prove_base_case': 2, 'hypothesis_stated': 2, 'hypothesis_given_bound': 2, 'goal_clear': 2, 'expression_decomposed': 2, 'inductive_hypothesis_applied': 2}",9.34
252,"Use (strong) induction to prove the following claim: For any natural number \(n\), \(2n^3 + 3n^2 + n\) is divisible by 6.","Prove by induction on n. Base case n = 0, 0 is divisible by 6. Inductive hypothesis for all n in range (0,k-1) 2n^3 + 3n^2 + n | 6. Inductive step, show 2k^3 + 3k^2 + k | 6. Simplifying we get k(2k+1)(k+1). You can split this up into 6 cases to test for all posibilities of k % 6. Case 1: k=0 6|0. Case 2: k = 1 6|6 Case 3: k = 2 6|30. Case 4: k = 3 6|84. Case 5: k=4 6|180. Case 6 k=5 last term is 6 so 6| 5(11)(6). We have shown what we needed to show.","{'has_proof': True, 'length': 454, 'has_base_case': True, 'has_induction_hypothesis': True, 'has_induction_step': True, 'has_qed': False, 'quality_score': 5.41}","{'identify_base_case': 2, 'prove_base_case': 2, 'hypothesis_stated': 2, 'hypothesis_given_bound': 2, 'goal_clear': 2, 'expression_decomposed': 0, 'inductive_hypothesis_applied': 0}",6.838571428571429
253,"Use (strong) induction to prove the following claim: For any natural number \(n\), \(2n^3 + 3n^2 + n\) is divisible by 6.","let n = 0, 6 | 0 is true. let n = 1, 6 | 6 is true. let n = 2, 6 | 30 is true. for every n = 0....k, 6 | (2k^3 + 3k^2 + k) -> 6 | (k(2k^2 + 3k + 1). so this is true by induction.","{'has_proof': True, 'length': 178, 'has_base_case': False, 'has_induction_hypothesis': False, 'has_induction_step': False, 'has_qed': False, 'quality_score': 0.36}","{'identify_base_case': 2, 'prove_base_case': 2, 'hypothesis_stated': 1, 'hypothesis_given_bound': 2, 'goal_clear': 1, 'expression_decomposed': 0, 'inductive_hypothesis_applied': 0}",1.5028571428571427
254,"Use (strong) induction to prove the following claim: For any natural number \(n\), \(2n^3 + 3n^2 + n\) is divisible by 6.",I don't know,"{'has_proof': True, 'length': 12, 'has_base_case': False, 'has_induction_hypothesis': False, 'has_induction_step': False, 'has_qed': False, 'quality_score': 0.02}","{'identify_base_case': 0, 'prove_base_case': 0, 'hypothesis_stated': 0, 'hypothesis_given_bound': 0, 'goal_clear': 0, 'expression_decomposed': 0, 'inductive_hypothesis_applied': 0}",0.02
255,"Use (strong) induction to prove the following claim: For any natural number \(n\), \(2n^3 + 3n^2 + n\) is divisible by 6.","Proof by induction on \n\. Base Case: \2n^3+3n^2+n\, when \n=0\ is \0\, therefore it is divisible by 6. Inductive Hypothesis: For \n\ in \0, 1, 2 ... k\, \2n^3+3n^2+n\ is divisible by 6. Inductive Step: Suppose \2(k+1)^3+3(k+1)^2+k + 1\ is divisible by 6. This is equal to \2k^3+3k^2+k+6k^2+12k+6\. \6k^2, 12k,\ and \6\ are divisible by \6\ due to the defintion of divisibility, as \k\ is an integer. By the inductive hypothesis, \2k^3+3k^2+1\ is divisible by \6\. Therefore \2n^3+3n^2+n\ is divisible by \6\ for any natural number \n\ is proven. QED.","{'has_proof': True, 'length': 551, 'has_base_case': True, 'has_induction_hypothesis': True, 'has_induction_step': True, 'has_qed': True, 'quality_score': 7.1}","{'identify_base_case': 2, 'prove_base_case': 2, 'hypothesis_stated': 2, 'hypothesis_given_bound': 2, 'goal_clear': 1, 'expression_decomposed': 2, 'inductive_hypothesis_applied': 2}",8.957142857142857
256,"Use (strong) induction to prove the following claim: For any natural number \(n\), \(2n^3 + 3n^2 + n\) is divisible by 6.",I don't really know how to write proofs using induction.,"{'has_proof': True, 'length': 56, 'has_base_case': False, 'has_induction_hypothesis': False, 'has_induction_step': False, 'has_qed': False, 'quality_score': 0.11}","{'identify_base_case': 0, 'prove_base_case': 0, 'hypothesis_stated': 0, 'hypothesis_given_bound': 0, 'goal_clear': 0, 'expression_decomposed': 0, 'inductive_hypothesis_applied': 0}",0.11
257,"Use (strong) induction to prove the following claim: For any natural number \(n\), \(2n^3 + 3n^2 + n\) is divisible by 6.","when n = 0: 2n^3 + 3n^2 + n =0 when n = 1: 2 + 3 + 1 = 6 when n = 2: 16 + 12 + 2 = 30 We can conclude that when n is a elements of natural numbers, 2m^3 + 3n^2 + n a;ways divisible by 6.","{'has_proof': True, 'length': 186, 'has_base_case': False, 'has_induction_hypothesis': False, 'has_induction_step': False, 'has_qed': False, 'quality_score': 0.37}","{'identify_base_case': 2, 'prove_base_case': 1, 'hypothesis_stated': 0, 'hypothesis_given_bound': 0, 'goal_clear': 0, 'expression_decomposed': 0, 'inductive_hypothesis_applied': 0}",0.7985714285714285
258,"Use (strong) induction to prove the following claim: For any natural number \(n\), \(2n^3 + 3n^2 + n\) is divisible by 6.","Proof by induction on n Base Case: n = 1 <br> 2(1)^3 + 3(1)^2 + 1 = 2 + 3 + 1 = 6 which is divisble by 6 <br> Inductive Hypothesis: Suppose that for all natural numbers n in 1, 2, 3, ...k 2(n)^3 + 3(n)^2 + 1 is divisible by 6 Inductive Step:","{'has_proof': True, 'length': 241, 'has_base_case': True, 'has_induction_hypothesis': True, 'has_induction_step': True, 'has_qed': False, 'quality_score': 4.98}","{'identify_base_case': 2, 'prove_base_case': 2, 'hypothesis_stated': 2, 'hypothesis_given_bound': 2, 'goal_clear': 0, 'expression_decomposed': 0, 'inductive_hypothesis_applied': 0}",6.122857142857143
259,"Use (strong) induction to prove the following claim: For any natural number \(n\), \(2n^3 + 3n^2 + n\) is divisible by 6.","Proof: by induction For our base case, let n = 0. Then 2(0)^3 + 3(0)^2 + 0 = 0, which is divisible by 6. For our induction hypothesis, suppose that for some integer k, 2n^3 + 3n^2 +n is divisible by 6 for all n = 0,1,...,k. Then we need to show that 2(k+1)^3 + 3(k+1)^2 + k+1 is divisible by 6. So 2(k+1)^3 + 3(k+1)^2 + k+1 = 2*k^3 + 3k^2 + k + 6(k^2 + k + 1). From our hypothesis, 2*k^3 + 3k^2 + k is divisible by 6. And, since k is an integer, (k^2 + k + 1) is an integer, so 6(k^2 + k + 1) is an integer and divisible by 6. And since both parts of the expression result in integers and are being added together, the entire expression is divisible by 6. Therefore, 2(k+1)^3 + 3(k+1)^2 + k+1 is divisible by 6, which is what we wanted to show.","{'has_proof': True, 'length': 744, 'has_base_case': True, 'has_induction_hypothesis': True, 'has_induction_step': False, 'has_qed': True, 'quality_score': 5.99}","{'identify_base_case': 2, 'prove_base_case': 2, 'hypothesis_stated': 2, 'hypothesis_given_bound': 2, 'goal_clear': 2, 'expression_decomposed': 2, 'inductive_hypothesis_applied': 2}",7.99
260,"Use (strong) induction to prove the following claim: For any natural number \(n\), \(2n^3 + 3n^2 + n\) is divisible by 6.","factor n out n(2n^2+3n+1) n(2n+1)(n+1) n = 0,-1/2,-1 These are all numbers that can divide 6 to form another integer This means that 2n^3+3n^2+n is divisible by 6 for any natural number n","{'has_proof': True, 'length': 187, 'has_base_case': False, 'has_induction_hypothesis': False, 'has_induction_step': False, 'has_qed': False, 'quality_score': 0.37}","{'identify_base_case': 0, 'prove_base_case': 0, 'hypothesis_stated': 0, 'hypothesis_given_bound': 0, 'goal_clear': 0, 'expression_decomposed': 0, 'inductive_hypothesis_applied': 0}",0.37
261,"Use (strong) induction to prove the following claim: For any natural number \(n\), \(2n^3 + 3n^2 + n\) is divisible by 6.","For our base case let n be any natural number, n = 1, such that \2n^3\+\3n^2\+n = 6 which is divisible by 6. Next, suppose as our Inductive Hypothesis that for some k, \2n^3\+\3n^2\+n is true for each n in 1...k. Now to finish we need to show that \2k^3\+\3k^2\+\k\ is divisble by 6. So let us say k = 1 then \2k^3\+\3k^2\+\k\ = 6 which is divisible by 6 thus proven.","{'has_proof': True, 'length': 367, 'has_base_case': True, 'has_induction_hypothesis': True, 'has_induction_step': False, 'has_qed': False, 'quality_score': 3.73}","{'identify_base_case': 2, 'prove_base_case': 2, 'hypothesis_stated': 2, 'hypothesis_given_bound': 2, 'goal_clear': 1, 'expression_decomposed': 0, 'inductive_hypothesis_applied': 0}",5.015714285714286
262,"Use (strong) induction to prove the following claim: For any natural number \(n\), \(2n^3 + 3n^2 + n\) is divisible by 6.",Proof by induction on n Base cases When n = 0 \2n^3 + 3n^2 + n\ = 0 which is divisible by 6 Inductive hypothesis Inductive step,"{'has_proof': True, 'length': 127, 'has_base_case': True, 'has_induction_hypothesis': True, 'has_induction_step': True, 'has_qed': False, 'quality_score': 4.75}","{'identify_base_case': 2, 'prove_base_case': 2, 'hypothesis_stated': 0, 'hypothesis_given_bound': 0, 'goal_clear': 0, 'expression_decomposed': 0, 'inductive_hypothesis_applied': 0}",5.321428571428571
263,"Use (strong) induction to prove the following claim: For any natural number \(n\), \(2n^3 + 3n^2 + n\) is divisible by 6.","We are performing induction on \n\. The inductive hypothesis is for any natural number \n\, \2n^3+3n^2+n\ is divisible by 6, for \n\ in \0,1,...,k - 1\. Take the base case where \n=0\. Then \2n^3+3n^2+n = 2(0)+3(0)+0=0\, which is divisible by 6, so the base case holds true. Take the base case where \n=1\. Then \2n^3+3n^2+n=2(1)+3(1)+1=6\, which is divisible by 6, so the base case holds true. For the inductive step, we must prove that when \n=k, 2k^3+3k^2+k\ is divisible by 6. Taking a \k\ out, \2k^3+3k^2+k=k(2k^2+3k+1)=k(2k+1)(k+1).\","{'has_proof': True, 'length': 539, 'has_base_case': True, 'has_induction_hypothesis': True, 'has_induction_step': True, 'has_qed': False, 'quality_score': 5.58}","{'identify_base_case': 2, 'prove_base_case': 2, 'hypothesis_stated': 2, 'hypothesis_given_bound': 2, 'goal_clear': 2, 'expression_decomposed': 0, 'inductive_hypothesis_applied': 0}",7.008571428571429
264,"Use (strong) induction to prove the following claim: For any natural number \(n\), \(2n^3 + 3n^2 + n\) is divisible by 6.","base:\P(0) = 0\, which is divisible by \6\.","{'has_proof': True, 'length': 43, 'has_base_case': False, 'has_induction_hypothesis': False, 'has_induction_step': False, 'has_qed': False, 'quality_score': 0.09}","{'identify_base_case': 2, 'prove_base_case': 2, 'hypothesis_stated': 0, 'hypothesis_given_bound': 0, 'goal_clear': 0, 'expression_decomposed': 0, 'inductive_hypothesis_applied': 0}",0.6614285714285714
265,"Use (strong) induction to prove the following claim: For any natural number \(n\), \(2n^3 + 3n^2 + n\) is divisible by 6.","The inductive predicate P(n) is that for an natural number n, 2n^3 + 3n^2 + n is divisible by 6. The base case n = 0 checks out because 0 is divisble by 6. The inductive hypothesis is that P(n) holds for any natural number n in the range 0 - k-1. We need to prove in the inductive step that P(k), 2k^3 + 3k^2 +k is divisible by 6.","{'has_proof': True, 'length': 330, 'has_base_case': True, 'has_induction_hypothesis': True, 'has_induction_step': True, 'has_qed': False, 'quality_score': 5.16}","{'identify_base_case': 2, 'prove_base_case': 2, 'hypothesis_stated': 2, 'hypothesis_given_bound': 2, 'goal_clear': 2, 'expression_decomposed': 0, 'inductive_hypothesis_applied': 0}",6.588571428571429
266,"Use (strong) induction to prove the following claim: For any natural number \(n\), \(2n^3 + 3n^2 + n\) is divisible by 6.",The base case is that n=1 2+3+1=6 and 6|6. Inductive hypothesis is that 2n^3+3n^2+n is divisible by 6 for natural number k where k is 0...k. Now the proof is for 2k^3+3k^3+k is divisible by 6. There are 6 cases. Case 1: k=6n where n is an integer. 2(6n)^3+3(6n)^2+6n= 6(72n^3+3*6n^2+n) which is divisible by 6. Case 2: k=6n+1 where n is an integer. 2(6n+1)^3+3(6n+1)^2+6n+1. You can factor a 6 out of this which shows it is divisible by 6. Case 3: k=6n+2 where n is an integer. 2(6n+2)^3+3(6n+2)^2+6n+2 You can factor a 6 out of this which shows it is divisible by 6. Case 4: k=6n+3 where n is an integer. 2(6n+3)^3+3(6n+3)^2+6n+3 You can factor a 6 out of this which shows it is divisible by 6. Case 5: k=6n+4 where n is an integer. 2(6n+4)^3+3(6n+4)^2+6n+4 You can factor a 6 out of this which shows it is divisible by 6. Case 6: k=6n+1 where n is an integer. 2(6n+5)^3+3(6n+5)^2+6n+5 You can factor a 6 out of this which shows it is divisible by 6. Since every cases is divisible by 6 then 2n^3+3n^2+n is divisible by 6 which is what we needed to show.,"{'has_proof': True, 'length': 1055, 'has_base_case': True, 'has_induction_hypothesis': True, 'has_induction_step': False, 'has_qed': False, 'quality_score': 5.11}","{'identify_base_case': 2, 'prove_base_case': 2, 'hypothesis_stated': 2, 'hypothesis_given_bound': 2, 'goal_clear': 1, 'expression_decomposed': 0, 'inductive_hypothesis_applied': 0}",6.395714285714286
267,"Use (strong) induction to prove the following claim: For any natural number \(n\), \(2n^3 + 3n^2 + n\) is divisible by 6.","Base Case: n = 0, 2(0) + 3(0) + 0 = 0, which is divisible by 6. Inductive Hypothesis: We will assume that for all n in {0, 1, 2, 3, 4, ... k}, \2n^3 + 3n^2 + n\ is divisble by 6. We want to prove that \2n^3 + 3n^2 + n\ is divisble by 6 if n = k + 1. \2(k+1)^3 + 3(k+1)^2 + (k+1)\ = \2(k^3 + 3k^2 + 3k + 1) + 3(k^2 + 2k + 1) + k + 1\ = \2k^3 + 6k^2 + 6k + 2 + 3k^2 + 6k + 3 + k + 1\ = \2k^3 + 9k^2 + 13k + 6\ = \6(k^2 + 2k + 1) + 2k^3 + 3k^2 + k\. We know \2k^3 + 3k^2 + k\ is divisble by 6 from our inductive hypothesis and since \(k^2 + 2k + 1)\ is an integer, \6(k^2 + 2k + 1)\ is also divisble by 6. Therefore, \2(k+1)^3 + 3(k+1)^2 + (k+1)\ is divisble by 6 and we have proved our proposition by induction.","{'has_proof': True, 'length': 709, 'has_base_case': True, 'has_induction_hypothesis': True, 'has_induction_step': False, 'has_qed': True, 'quality_score': 5.92}","{'identify_base_case': 2, 'prove_base_case': 2, 'hypothesis_stated': 2, 'hypothesis_given_bound': 2, 'goal_clear': 2, 'expression_decomposed': 2, 'inductive_hypothesis_applied': 2}",7.92
268,"Use (strong) induction to prove the following claim: For any natural number \(n\), \(2n^3 + 3n^2 + n\) is divisible by 6.","Claim: For any natural number \n, 2n^3 + 3n^2 + n\ is divisible by \6\. Using proof by induction for \n\: Let us say that for some \k, 2n^3 + 3n^2 + n\ is divisible by \6\ for all \n = 0 ... k.\ To prove the base case, taking \n = 0, 2 * 0^3 + 3*0^2 + 0 = 0\ which is divisible by \6.\ Taking \n = k + 1,\ \2(k + 1)^3 + 3(k + 1)^2 + (k + 1) = 2(k^3 + 3k^2 + 3k + 1) + 3(k^2 + 2k + 1) + (k + 1)\ \= 2k^3 + 6k^2 + 6k + 2 + 3k^2 + 6k + 3 + k + 1\ \= (2k^3 + 3k^2 + k) + (6k^2 + 6k + 6)\ \= (2k^3 + 3k^2 + k) + 6(k^2 + k + 1)\ We already said that \2k^3 + 3k^2 + k\ is divisible by \6\ and we can see \6(k^2 + k + 1)\ is also divisible by \6\. Thus \2(k + 1)^3 + 3(k + 1)^2 + (k + 1)\ is divisible by \6\. Therefore by induction, \2n^3 + 3n^2 + n\ is divisible by \6\.","{'has_proof': True, 'length': 764, 'has_base_case': True, 'has_induction_hypothesis': False, 'has_induction_step': False, 'has_qed': True, 'quality_score': 4.53}","{'identify_base_case': 2, 'prove_base_case': 2, 'hypothesis_stated': 2, 'hypothesis_given_bound': 2, 'goal_clear': 2, 'expression_decomposed': 2, 'inductive_hypothesis_applied': 2}",6.53
269,"Use (strong) induction to prove the following claim: For any natural number \(n\), \(2n^3 + 3n^2 + n\) is divisible by 6.",don't know how to do this,"{'has_proof': True, 'length': 25, 'has_base_case': False, 'has_induction_hypothesis': False, 'has_induction_step': False, 'has_qed': False, 'quality_score': 0.05}","{'identify_base_case': 0, 'prove_base_case': 0, 'hypothesis_stated': 0, 'hypothesis_given_bound': 0, 'goal_clear': 0, 'expression_decomposed': 0, 'inductive_hypothesis_applied': 0}",0.05
270,"Use (strong) induction to prove the following claim: For any natural number \(n\), \(2n^3 + 3n^2 + n\) is divisible by 6.","Base Case: n=0: \2n^3\ + \2n^2\ + n = 0. Inductive Hypothesis: \2(k+1)^2\ + \3(k+1)^2\ + (k+1) is divisible by 6, for any natural number k. Inductive Step: Inductive Reasoning: Therefore, \2(n)^2\ + \3(n)^2\ + (n) is divisible by 6.","{'has_proof': True, 'length': 232, 'has_base_case': True, 'has_induction_hypothesis': True, 'has_induction_step': True, 'has_qed': True, 'quality_score': 6.46}","{'identify_base_case': 2, 'prove_base_case': 2, 'hypothesis_stated': 2, 'hypothesis_given_bound': 1, 'goal_clear': 0, 'expression_decomposed': 0, 'inductive_hypothesis_applied': 0}",7.46
271,"Use (strong) induction to prove the following claim: For any natural number \(n\), \(2n^3 + 3n^2 + n\) is divisible by 6.","Base case: \n = 0\. In this case, \2n^3 + 3n^2 + n = 0\, which is divisible by 6. Inductive hypothesis: \2n^3 + 3n^2 + n\ is divisible by 6 for \n\ in \0 ... k\. Inductive step: \2(k + 1)^3 + 3(k + 1)^2 + k + 1\ is divisible by 6. We can rewrite that as \k^3 + 6k^2 + 10k + 5\. Subtracting the terms from the inductive hypothesis, we get \k^3 + 3k^2 + 9k + 5\. These coefficients are proper ones that allow for divisibility by 6. ... Therefore, \2(k + 1)^3 + 3(k + 1)^2 + k + 1\ is divisible by 6.","{'has_proof': True, 'length': 497, 'has_base_case': True, 'has_induction_hypothesis': True, 'has_induction_step': True, 'has_qed': True, 'quality_score': 6.99}","{'identify_base_case': 2, 'prove_base_case': 2, 'hypothesis_stated': 2, 'hypothesis_given_bound': 2, 'goal_clear': 2, 'expression_decomposed': 1, 'inductive_hypothesis_applied': 0}",8.561428571428571
272,"Use (strong) induction to prove the following claim: For any natural number \(n\), \(2n^3 + 3n^2 + n\) is divisible by 6.","For the base case, we have when \n=0\, \2n^3+3n^2+n=0\ which is divisible by \6\ According to the inductive hypothesis, we know that for some k, \2n^3+3n^2+n\ is divisible by \6\ when \n=1,2,3,...k\ So when \n=k+1\, \2n^3+3n^2+n = 2(k+1)^3+3(k+1)^2+(k+1)=(k+1)\times(2k^2+4k+2+3k+3+1)\ \=(k+1)\times(2k^2+7k+6)=2k^3+7k^2+6k+2k^2+7k+6=2k^3+9k^2+13k+6\ \6\ is divisible by \6\","{'has_proof': True, 'length': 374, 'has_base_case': True, 'has_induction_hypothesis': True, 'has_induction_step': False, 'has_qed': False, 'quality_score': 3.75}","{'identify_base_case': 2, 'prove_base_case': 2, 'hypothesis_stated': 2, 'hypothesis_given_bound': 2, 'goal_clear': 1, 'expression_decomposed': 0, 'inductive_hypothesis_applied': 0}",5.035714285714286
273,"Use (strong) induction to prove the following claim: For any natural number \(n\), \(2n^3 + 3n^2 + n\) is divisible by 6.","Base Case: n = 0. (2)(0)^3 + 3(0)^2 + 0 / 6 = 0 Induction: Let n be a natural number. Consider 2n^3 + 3n^2 + n. Factoring this expression, n(2n+1)(n+1). Since one of these factors will be divisible by 6 for any n, 2n^3 + 3n^2 +n is divisible by 6. QED.","{'has_proof': True, 'length': 252, 'has_base_case': True, 'has_induction_hypothesis': False, 'has_induction_step': False, 'has_qed': True, 'quality_score': 3.5}","{'identify_base_case': 2, 'prove_base_case': 2, 'hypothesis_stated': 0, 'hypothesis_given_bound': 0, 'goal_clear': 0, 'expression_decomposed': 0, 'inductive_hypothesis_applied': 0}",4.071428571428571
274,"Use (strong) induction to prove the following claim: For any natural number \(n\), \(2n^3 + 3n^2 + n\) is divisible by 6.","Base case: n = 0: 2 * 0^3 + 3 * 0^2 + 0 = 0, which is divisible by 6.","{'has_proof': True, 'length': 69, 'has_base_case': True, 'has_induction_hypothesis': False, 'has_induction_step': False, 'has_qed': False, 'quality_score': 1.64}","{'identify_base_case': 2, 'prove_base_case': 2, 'hypothesis_stated': 0, 'hypothesis_given_bound': 0, 'goal_clear': 0, 'expression_decomposed': 0, 'inductive_hypothesis_applied': 0}",2.2114285714285713
275,"Use (strong) induction to prove the following claim: For any natural number \(n\), \(2n^3 + 3n^2 + n\) is divisible by 6.","For our base case, note that when n = 0, 2n*3 + 3n*2 + n = 0, and 0 is divisiable by 6. Next, suppose as our Inductive Hypothes is that for some k, 2n*3 + 3n*2 + n is divisible by 6 for each n in 0...k. Now to finish we need to show that 2(k + 1)*3 + 3(k + 1)*2 + k + 1 is divisible by 6.","{'has_proof': True, 'length': 288, 'has_base_case': True, 'has_induction_hypothesis': False, 'has_induction_step': False, 'has_qed': False, 'quality_score': 2.08}","{'identify_base_case': 2, 'prove_base_case': 2, 'hypothesis_stated': 2, 'hypothesis_given_bound': 2, 'goal_clear': 2, 'expression_decomposed': 0, 'inductive_hypothesis_applied': 0}",3.508571428571429
276,"Use (strong) induction to prove the following claim: For any natural number \(n\), \(2n^3 + 3n^2 + n\) is divisible by 6.","Proof on n with induction Best case n = 1 2n^3 + 3n^2 + n = 6 which is divisible by 6 Inductive Hypothesis: 2n^3 + 3n^2 + n is divisible by 6 for n = 1, 2...k-1 I'm not sure how to prove using induction from here.","{'has_proof': True, 'length': 213, 'has_base_case': False, 'has_induction_hypothesis': True, 'has_induction_step': False, 'has_qed': False, 'quality_score': 1.93}","{'identify_base_case': 2, 'prove_base_case': 2, 'hypothesis_stated': 2, 'hypothesis_given_bound': 2, 'goal_clear': 0, 'expression_decomposed': 0, 'inductive_hypothesis_applied': 0}",3.072857142857143
277,"Use (strong) induction to prove the following claim: For any natural number \(n\), \(2n^3 + 3n^2 + n\) is divisible by 6.","base case 0 or 1 0 divisible by 6, 6 divisible by 6, base case holds need to prove 2(n+1)^3+3(n+1)^2+n+1 is divisible by 6 \2(n^3+3n^2+3n+1)+3(n^2+2n+1)+n+1=2n^3+6n^2+3n^2+6n+6n+n+2+3+1\ \=2n^3+9n^2+13n+6=2n^3+3n^2+n+(6n^2+12n+6)=(2n^3+3n^2+n)+6(n^2+2n+1)\ Both terms divisible by 6, so whole thing divisible by 6, QED","{'has_proof': True, 'length': 318, 'has_base_case': True, 'has_induction_hypothesis': False, 'has_induction_step': False, 'has_qed': True, 'quality_score': 3.64}","{'identify_base_case': 2, 'prove_base_case': 2, 'hypothesis_stated': 0, 'hypothesis_given_bound': 0, 'goal_clear': 2, 'expression_decomposed': 2, 'inductive_hypothesis_applied': 2}",5.0685714285714285
278,"Use (strong) induction to prove the following claim: For any natural number \(n\), \(2n^3 + 3n^2 + n\) is divisible by 6.","proof by induction on n we assume that 2n^3+3n^2+n is divisible by 6 for all natural numbers we want to show that 2n^3+3n^2+n is divisible by 6 for all n = 0,1,2,...k+1 looking at our base case, n=0, we get 2*0^3+3*0^2+0 which = 0, and 6|0 for n = k+1 -> 2(k+1)^3+3(k+1)^2+k+1 = 2(k^3 + 3k^2 + 3k + 1) + 3(k^2+2k+1)+k+1 = 2k^3 + 6k^2 + 6k + 2 + 3k^2 + 6k + 3 + k + 1 = 2k^3 + 9k^2 + 12k + k + 6 we know so 6 is divisible by 6 so we can just look at all the factors with k -> 2k^3 + 9k^2 + 12k + k = k(2k^2 + 9k + 12)","{'has_proof': True, 'length': 516, 'has_base_case': True, 'has_induction_hypothesis': False, 'has_induction_step': False, 'has_qed': False, 'quality_score': 2.53}","{'identify_base_case': 2, 'prove_base_case': 2, 'hypothesis_stated': 2, 'hypothesis_given_bound': 1, 'goal_clear': 1, 'expression_decomposed': 0, 'inductive_hypothesis_applied': 0}",3.6728571428571426
279,"Use (strong) induction to prove the following claim: For any natural number \(n\), \(2n^3 + 3n^2 + n\) is divisible by 6.","Proof: let the base case be n = 1. then 2.1^3 + 3.1^2 + 1 = 6 which is divisible by 6. let this be true for n, when n in 1...k. For n as k+1: 2(k+1)^3 + 3(k+1)^2 + k+1 = (k+1)(2(k+1)^2 + 3(k+1) + 1) = (k+1)(2k^2+4k+2+3k+3+1) = (k+1)(2k^2+7k+6) = 2k^3 + 7k^2 + 6k + 2k^2+7k + 6 = 2k^3 + 9k^2 + 13k +6 we know that 2k^3+3k^2 +k is divisble by 6. Therefore what is left after substraction is: 6k^2+12k+6 which is also divisble by 6. Q.E.D","{'has_proof': True, 'length': 435, 'has_base_case': True, 'has_induction_hypothesis': False, 'has_induction_step': False, 'has_qed': True, 'quality_score': 3.87}","{'identify_base_case': 2, 'prove_base_case': 2, 'hypothesis_stated': 2, 'hypothesis_given_bound': 2, 'goal_clear': 2, 'expression_decomposed': 2, 'inductive_hypothesis_applied': 2}",5.87
280,"Use (strong) induction to prove the following claim: For any natural number \(n\), \(2n^3 + 3n^2 + n\) is divisible by 6.","Proof by induction on n. Let our inductive predicate be P(n) = \2n^3 + 3n^2 + n \ is divisible by 6. Let us show our base case, P(1). \ P(1) = 2(1) + 3(1) + 1 = 6\ which is obiviously divisible by 6. Inductive Hypothesis: \P(n) = 2n^3 + 3n^2 + n \ is divisible by 6 for all n in 0 ...k. Inductive Step: Prove \P(n) = 2(k+1)^3 + 3(k+1)^2 + (k+1) \ is divisible by 6. (I ran out of time)","{'has_proof': True, 'length': 385, 'has_base_case': True, 'has_induction_hypothesis': True, 'has_induction_step': True, 'has_qed': False, 'quality_score': 5.27}","{'identify_base_case': 2, 'prove_base_case': 2, 'hypothesis_stated': 2, 'hypothesis_given_bound': 2, 'goal_clear': 2, 'expression_decomposed': 0, 'inductive_hypothesis_applied': 0}",6.698571428571428
281,"Use (strong) induction to prove the following claim: For any natural number \(n\), \(2n^3 + 3n^2 + n\) is divisible by 6.","Proof by induction with n We need to prove that \6 | 2n^3+3n^2+n\ for any natural number n For the base case, set n = 0 \2(0)^3+3(0)^2+0 = 0\ which is divisible by 6 For the inductive hypothesis, suppose that for some k, \6 | 2n^3+3n^2+n\ for each n in 0...k We need to prove that \6 | 2(k+1)^3+3(k+1)^2+k+1\ We can expand \2(k+1)^3+3(k+1)^2+k+1\ \2(k^2+2k+1)(k+1)+3(k^2+2k+1)+k+1\ \2(k^3+k^2+2k^2+2k+k+1)+3k^2+6k+1+k+1\ \2k^3+2k^2+4k^2+4k+2k+1+3k^2+6k+1+k+1\ \2k^3+9k^2+13k+3\ This can be factored ... Therefore, \6 | 2n^3+3n^2+n\ for any natural number n, which is what we needed to prove","{'has_proof': True, 'length': 590, 'has_base_case': True, 'has_induction_hypothesis': True, 'has_induction_step': False, 'has_qed': True, 'quality_score': 5.68}","{'identify_base_case': 2, 'prove_base_case': 2, 'hypothesis_stated': 2, 'hypothesis_given_bound': 2, 'goal_clear': 2, 'expression_decomposed': 0, 'inductive_hypothesis_applied': 0}",7.1085714285714285
282,"Use (strong) induction to prove the following claim: For any natural number \(n\), \(2n^3 + 3n^2 + n\) is divisible by 6.","when n =1 \2n^3 + 3n^2 + n = 6\ divisble by 6. suppose when \n=1,2...k, 2k^3 + 3k^2 + k \ divisble by 6 when \n=k+1\, \2(k+1)^3+3(k+1)^2+k+1\ divisble by 6.","{'has_proof': True, 'length': 156, 'has_base_case': False, 'has_induction_hypothesis': False, 'has_induction_step': False, 'has_qed': False, 'quality_score': 0.31}","{'identify_base_case': 2, 'prove_base_case': 2, 'hypothesis_stated': 1, 'hypothesis_given_bound': 2, 'goal_clear': 1, 'expression_decomposed': 0, 'inductive_hypothesis_applied': 0}",1.4528571428571428
283,"Use (strong) induction to prove the following claim: For any natural number \(n\), \(2n^3 + 3n^2 + n\) is divisible by 6.","Base case: natural number n = 1 then 2(1)^3 + 3(1)^2 + (1) = 6 which is divisible by 6. Induction hypothesis: Let k be n for all natural numbers 0... k for 2n^3 + 3n^2 + n is divisible by 6. Then if k = 0, 2k^3 + 3k^2 + k is divisible by 6. 2(0) + 3(0) + 0 = 0 which is divisible by 6 which is what we needed to show.","{'has_proof': True, 'length': 317, 'has_base_case': True, 'has_induction_hypothesis': True, 'has_induction_step': False, 'has_qed': False, 'quality_score': 3.63}","{'identify_base_case': 2, 'prove_base_case': 2, 'hypothesis_stated': 2, 'hypothesis_given_bound': 1, 'goal_clear': 0, 'expression_decomposed': 0, 'inductive_hypothesis_applied': 0}",4.63
284,"Use (strong) induction to prove the following claim: For any natural number \(n\), \(2n^3 + 3n^2 + n\) is divisible by 6.","I am out of time and unable to complete this proof, but please refer to my previous two proofs.","{'has_proof': True, 'length': 95, 'has_base_case': False, 'has_induction_hypothesis': False, 'has_induction_step': False, 'has_qed': False, 'quality_score': 0.19}","{'identify_base_case': 0, 'prove_base_case': 0, 'hypothesis_stated': 0, 'hypothesis_given_bound': 0, 'goal_clear': 0, 'expression_decomposed': 0, 'inductive_hypothesis_applied': 0}",0.19
285,"Use (strong) induction to prove the following claim: For any natural number \(n\), \(2n^3 + 3n^2 + n\) is divisible by 6.","for any natural number n, 2n^3 + 3n^2 + n is divisble by 6","{'has_proof': True, 'length': 58, 'has_base_case': False, 'has_induction_hypothesis': False, 'has_induction_step': False, 'has_qed': False, 'quality_score': 0.12}","{'identify_base_case': 0, 'prove_base_case': 0, 'hypothesis_stated': 0, 'hypothesis_given_bound': 0, 'goal_clear': 0, 'expression_decomposed': 0, 'inductive_hypothesis_applied': 0}",0.12
286,"Use (strong) induction to prove the following claim: For any natural number \(n\), \(2n^3 + 3n^2 + n\) is divisible by 6.","When n=1, 2n^3+3n^2+n=6 whciih is divisible by 6 . For some natral number n, 2n^3+3n^2+n is divisible by 6 for each n in 0~~k. So 2k^3+3k^2","{'has_proof': True, 'length': 139, 'has_base_case': False, 'has_induction_hypothesis': False, 'has_induction_step': False, 'has_qed': False, 'quality_score': 0.28}","{'identify_base_case': 2, 'prove_base_case': 2, 'hypothesis_stated': 1, 'hypothesis_given_bound': 2, 'goal_clear': 0, 'expression_decomposed': 0, 'inductive_hypothesis_applied': 0}",1.28
287,"Use (strong) induction to prove the following claim: For any natural number \(n\), \(2n^3 + 3n^2 + n\) is divisible by 6.","We will prove our claim by induction. Base case: When n=1, \2(1)^3+3(1)^2+1 = 6\ which is divisible by 6. Hypothesis: For some integer k >= 0, \2n^3+2n^2+n\ is divisble by 6 for each n in 0..k-1. Next we will prove that \2k^3+3k^2+k\ is divisible by 6. For \2k^3+3k^2+k\ to be divisble by 5, that must mean that for some integer x, \2k^3+3k^2+k = 6x\ This means that \(2k^3+3k^2+k)/6 = x\ where x is an integer. By definition, for x to be an integer, it must be made up of some m/n where m is an integer and n is a nonzero integer. In our equation, \(2k^3+3k^2+k) = m\, which must be an integer since it is made up of all integers. Also \6=n\ which is obviously a non-zero integer. Therefore x is an integer, and so \2k^3+3k^2+k\ must be divisble by 6. This is what we were trying to show.","{'has_proof': True, 'length': 789, 'has_base_case': True, 'has_induction_hypothesis': False, 'has_induction_step': False, 'has_qed': True, 'quality_score': 4.58}","{'identify_base_case': 2, 'prove_base_case': 2, 'hypothesis_stated': 2, 'hypothesis_given_bound': 1, 'goal_clear': 2, 'expression_decomposed': 0, 'inductive_hypothesis_applied': 0}",5.865714285714286
288,"Use (strong) induction to prove the following claim: For any natural number \(n\), \(2n^3 + 3n^2 + n\) is divisible by 6.","Base case is if n = 0, 0+0+0 = 0, and 0 is divisible by 6. For k as any integer from 0...k, --- (don't know how to continue) Therefore, for any natural number n, 2n^3 + 3n^2 + n is divisible by 6.","{'has_proof': True, 'length': 196, 'has_base_case': True, 'has_induction_hypothesis': False, 'has_induction_step': False, 'has_qed': True, 'quality_score': 3.39}","{'identify_base_case': 2, 'prove_base_case': 2, 'hypothesis_stated': 0, 'hypothesis_given_bound': 1, 'goal_clear': 0, 'expression_decomposed': 0, 'inductive_hypothesis_applied': 0}",4.104285714285714
289,"Use (strong) induction to prove the following claim: For any natural number \(n\), \(2n^3 + 3n^2 + n\) is divisible by 6.","Base case: Let \n = 0\. In that case, \2n^3 + 3n^2 + n = 0\, which is divisible by 6. Thusly, the base case holds. Inductive hypothesis: Let \2n^3 + 3n^2 + n\ is divisible by 6 hold for all \n \in \mathbb{N}: 0, ..., k\, So, \2k^3 + 3k^2 + k\ is divisible by \6\. Inductive step: We must show that this holds for \n = k+1\. In other words, we must show that \2(k+1)^3 + 3(k+1)^2 + k + 1\ is divisible by 6. Expanding out the polynomials gives \2(k+1)^3 + 3(k+1)^2 + k + 1 = 2k^3 + 6k^2 + 6k + 2 + 3k^2 + 6k + 3 + k + 1\. Combining like terms and the associative property yields \(2k^3 + 3k^2 + k) + 6k^2 + 6k + 6\. By the inductive hypothesis, we know that \2k^3 + 3k^2 + k\ is divisible by 6. And we know that \6k^2 + 6k + 6 = 6(k^2 + k + 1)\ is divisble by 6 because \6\ is a factor of this number. Since adding two multiples of 6 will always yield another multiple of 6, \2(k+1)^3 + 3(k+1)^2 + k + 1 = (2k^3 + 3k^2 + k) + 6(k^2 + k + 1)\ is divisible by 6, which is what was to be shown.","{'has_proof': True, 'length': 990, 'has_base_case': True, 'has_induction_hypothesis': True, 'has_induction_step': True, 'has_qed': False, 'quality_score': 6.48}","{'identify_base_case': 2, 'prove_base_case': 2, 'hypothesis_stated': 2, 'hypothesis_given_bound': 2, 'goal_clear': 2, 'expression_decomposed': 2, 'inductive_hypothesis_applied': 2}",8.48
290,"Use (strong) induction to prove the following claim: For any natural number \(n\), \(2n^3 + 3n^2 + n\) is divisible by 6.","For our base case when n = 0, 2n^3 + 3n + n = 0 which is divisible by 6. Suppose our induction hypothesis is that 2n^3 + 3n^2 + n is divisible by 6 when n in 0...k (where k \\geq\ 0). So, 2(k+1)^3 + 3(k+1)^2 + k+1 is divisible by 6. To prove this induction hypothesis, factor 2(k+1)^3 + 3(k+1)^2 + k+1 and simplify. [algebra work] therefore, for any natural number n, 2n^3 + 3n + n = 0 is divisible by 6, which is what we needed to show.","{'has_proof': True, 'length': 437, 'has_base_case': True, 'has_induction_hypothesis': True, 'has_induction_step': False, 'has_qed': True, 'quality_score': 5.37}","{'identify_base_case': 2, 'prove_base_case': 2, 'hypothesis_stated': 2, 'hypothesis_given_bound': 1, 'goal_clear': 1, 'expression_decomposed': 0, 'inductive_hypothesis_applied': 0}",6.512857142857143
291,"Use (strong) induction to prove the following claim: For any natural number \(n\), \(2n^3 + 3n^2 + n\) is divisible by 6.","Proof by induction for n Induction predicate: 2n^3 + 3n^2 + n is divisible by 6 for any natural number n Base case: For n = 0, 2(0)^3 + 3(0)^2 + (0) = 0, which is divisible by 6. Induction hypothesis: 2n^3 + 3n^2 + n is divisible by 6 for n in 0...k - 1 Induction step: 2k^3 + 3k^2 + k is divisible by 6 which is what we wanted to prove","{'has_proof': True, 'length': 336, 'has_base_case': True, 'has_induction_hypothesis': True, 'has_induction_step': True, 'has_qed': False, 'quality_score': 5.17}","{'identify_base_case': 2, 'prove_base_case': 2, 'hypothesis_stated': 2, 'hypothesis_given_bound': 2, 'goal_clear': 2, 'expression_decomposed': 0, 'inductive_hypothesis_applied': 0}",6.598571428571429
292,"Use (strong) induction to prove the following claim: For any natural number \(n\), \(2n^3 + 3n^2 + n\) is divisible by 6.","Prove by induction Base case: n = 0, 2n^3 + 3n^2 + n = 2*0^3 + 3 *0^2 + 0 = 0. 0 is divisible by 6. Inductive Hypothesis: 2n^3 + 3n^2 + n is divisible by 6 for each n in 0,.....k (k is positive integer) Inductive step: prove for some k, 2n^3 + 3n^2 + n is divisible by 6, for each n in 0,...,k","{'has_proof': True, 'length': 293, 'has_base_case': True, 'has_induction_hypothesis': True, 'has_induction_step': True, 'has_qed': False, 'quality_score': 5.09}","{'identify_base_case': 2, 'prove_base_case': 2, 'hypothesis_stated': 2, 'hypothesis_given_bound': 2, 'goal_clear': 0, 'expression_decomposed': 0, 'inductive_hypothesis_applied': 0}",6.232857142857142
293,"Use (strong) induction to prove the following claim: For any natural number \(n\), \(2n^3 + 3n^2 + n\) is divisible by 6.","Base case: let n = 1, then 2n^3+3n^2 + n = 6, which is obviouly divisible by 6, gives the P(1) holds. Inductive hypothesis: Assume for n = 1,2...k, 2n^3+3n^2 + n is divisible by 6. We need to prove when n = k + 1, 2n^3+3n^2 + n is also divisible by 6. Inductive step:","{'has_proof': True, 'length': 267, 'has_base_case': True, 'has_induction_hypothesis': True, 'has_induction_step': True, 'has_qed': False, 'quality_score': 5.03}","{'identify_base_case': 2, 'prove_base_case': 2, 'hypothesis_stated': 2, 'hypothesis_given_bound': 2, 'goal_clear': 2, 'expression_decomposed': 0, 'inductive_hypothesis_applied': 0}",6.458571428571429
294,"Use (strong) induction to prove the following claim: For any natural number \(n\), \(2n^3 + 3n^2 + n\) is divisible by 6.",proof: we let n = 0; so 2+3+0=5 cant be divided by 6. so it is wrong,"{'has_proof': True, 'length': 68, 'has_base_case': False, 'has_induction_hypothesis': False, 'has_induction_step': False, 'has_qed': False, 'quality_score': 0.14}","{'identify_base_case': 2, 'prove_base_case': 1, 'hypothesis_stated': 0, 'hypothesis_given_bound': 0, 'goal_clear': 0, 'expression_decomposed': 0, 'inductive_hypothesis_applied': 0}",0.5685714285714285
295,"Use (strong) induction to prove the following claim: For any natural number \(n\), \(2n^3 + 3n^2 + n\) is divisible by 6.","Proof by induction on \n\ Base case: For \n=0\, \2(0)^3 + 3(0)^2 + 0 = 0\ which is divisible by 6, so the base case holds. Inductive hypothesis: For any \n=0,...,k\, \2k^3 + 3k^2 + k\ is divisible by 6. Inductive step: For \n=k+1\, we need to show that \2(k+1)^3 + 3(k+1)^2 + k + 1\ is divisible by 6. Expanding the expression yields \2\left(k^3 + 3k^2 + 3k + 1\right) + 3\left(k^2 + 2k + 1\right) + k + 1\ which simplifies to \2k^3 + 9k^2 + 13k + 6\. Subtracting out the initial expression yields \6k^2 + 12k + 6\. This must be divisible by 6 because \6k^2\ has a factor of 6, so it is divisible by 6; \12k\ has a factor of 12, which is divisible by 6, so it is divisible by 6, and 6 is obviously divisible by 6. Therefore, the entire expression is divisible by 6 for \n=k+1\, which is what we were trying to prove.","{'has_proof': True, 'length': 816, 'has_base_case': True, 'has_induction_hypothesis': True, 'has_induction_step': True, 'has_qed': True, 'quality_score': 7.63}","{'identify_base_case': 2, 'prove_base_case': 2, 'hypothesis_stated': 2, 'hypothesis_given_bound': 1, 'goal_clear': 2, 'expression_decomposed': 2, 'inductive_hypothesis_applied': 2}",9.487142857142857
296,"Use (strong) induction to prove the following claim: For any natural number \(n\), \(2n^3 + 3n^2 + n\) is divisible by 6.","Base case: \n = 0\: \2(0)^3 + 3(0)^2 + 0 = 0\ which is divisible by 6. Inductive hypothesis: For some \k\, \2n^3 + 3n^2 + n\ is divisible by 6 for each \n\ in \0...k\ Inductive step: Show \2(k+1)^3 + 3(k+1)^2+k+1\ is divisible by 6. \2(k+1)^3 + 3(k+1)^2+k+1 = 2(k^3 + 3k^2 + 3k + 1) + 3(k^2+2k+1)+k+1\ \= 2k^3+6k^2+6k+2 + 3k^2 + 6k + 3 + k + 1 = 2k^3 + 9k^2 + 13k + 6\ \= 2k^3+3k^2 + k + 6k^2+12k+6\ By inductive hypothesis, \2k^3+3k^2 + k\ is divisible by 6. \6k^2+12k+6 = 6(1k^2+2k+1)\ is also divisible by 6. Thus \2k^3+3k^2 + k + 6k^2+12k+6\ is divisible by 6. By induction, \2n^3 + 3n^2 + n\ is divisible by 6 for any natural number n.","{'has_proof': True, 'length': 640, 'has_base_case': True, 'has_induction_hypothesis': True, 'has_induction_step': True, 'has_qed': False, 'quality_score': 5.78}","{'identify_base_case': 2, 'prove_base_case': 2, 'hypothesis_stated': 2, 'hypothesis_given_bound': 2, 'goal_clear': 2, 'expression_decomposed': 2, 'inductive_hypothesis_applied': 2}",7.78
297,"Use (strong) induction to prove the following claim: For any natural number \(n\), \(2n^3 + 3n^2 + n\) is divisible by 6.","Base case 0: 0 + 0 + 0 = 0 which is divisible by 6 Base case 1: 2 + 3 + 1 = 6 which is divisible by 6 Base case 2: 16 + 12 + 2 = 30 which is divisible by 6 For some n where n = 0, 1, ..., k, 2n^3 + 3n^2 + n is divisble by 6","{'has_proof': True, 'length': 223, 'has_base_case': True, 'has_induction_hypothesis': False, 'has_induction_step': False, 'has_qed': False, 'quality_score': 1.95}","{'identify_base_case': 2, 'prove_base_case': 2, 'hypothesis_stated': 2, 'hypothesis_given_bound': 1, 'goal_clear': 0, 'expression_decomposed': 0, 'inductive_hypothesis_applied': 0}",2.95
298,"Use (strong) induction to prove the following claim: For any natural number \(n\), \(2n^3 + 3n^2 + n\) is divisible by 6.","2n(n^2 +3/2n+1/2) so it is dividible by 2. if n = 5, 2n^3 + 3n^2 + n = 250 + 75 + 5 = 330 6 | 330 So there exist a number for 2n^3 + 3n^2 + n that can divided by 6","{'has_proof': True, 'length': 163, 'has_base_case': False, 'has_induction_hypothesis': False, 'has_induction_step': False, 'has_qed': False, 'quality_score': 0.33}","{'identify_base_case': 0, 'prove_base_case': 0, 'hypothesis_stated': 0, 'hypothesis_given_bound': 0, 'goal_clear': 0, 'expression_decomposed': 0, 'inductive_hypothesis_applied': 0}",0.33
299,"Use (strong) induction to prove the following claim: For any natural number \(n\), \(2n^3 + 3n^2 + n\) is divisible by 6.","Proof by induction n. Inductive predicate: For any natural number \n\, \2n^3+3n^2+n\ is divisible by 6. Base case: When \n = 0\, \2n^3+3n^2+n\ = \2(0)^3+3(0)^2+0\ = 0 + 0 + 0 = 0, and 0 is divisible by 6. Inductive hypothesis: Suppose that for some natural number \n\, \2n^3+3n^2+n\ is divisible by 6 for each \n...k-1\. Inductive step: Next, we will prove that \2n^3+3n^2+n\ is divisible by 6 when \n=k\. can't figure out how to do rest of proof...","{'has_proof': True, 'length': 449, 'has_base_case': True, 'has_induction_hypothesis': True, 'has_induction_step': True, 'has_qed': False, 'quality_score': 5.4}","{'identify_base_case': 2, 'prove_base_case': 2, 'hypothesis_stated': 2, 'hypothesis_given_bound': 1, 'goal_clear': 2, 'expression_decomposed': 0, 'inductive_hypothesis_applied': 0}",6.685714285714286
300,"Use (strong) induction to prove the following claim: For any natural number \(n\), \(2n^3 + 3n^2 + n\) is divisible by 6.",prove of induction by n.,"{'has_proof': True, 'length': 24, 'has_base_case': False, 'has_induction_hypothesis': False, 'has_induction_step': False, 'has_qed': False, 'quality_score': 0.05}","{'identify_base_case': 0, 'prove_base_case': 0, 'hypothesis_stated': 0, 'hypothesis_given_bound': 0, 'goal_clear': 0, 'expression_decomposed': 0, 'inductive_hypothesis_applied': 0}",0.05
301,"Use (strong) induction to prove the following claim: For any natural number \(n\), \(2n^3 + 3n^2 + n\) is divisible by 6.","**Claim: ** \\forall n \in \mathbb{N}\, \6|2n^3+3n^2+n\. **Base Case: ** When \n=0\, \2n^3+3n^2+n=0\, which is divisible by 6. **Inductive: ** Let \n=k\ and \k \in \mathbb{N}^+\. So the \2n^3+3n^2+n = 2k^3+3k^2+k\. **Factorizing: ** \2k^3+3k^2+k = k(2k+1)(k+1)\ --- **Case 1a: ** If \k\ is divisible by \3\ and \k\ is odd, then \k+1\ must be even. So the product of \3\ terms is divisible by \6\. (i.e. \2\ and \3\ at the same time) **Case 1b: ** If \k\ is divisible by \3\ and \k\ is even, \k\ itself is divisible by \6\. --- **Case 2a: ** If \k\ is not divisible by \3\ with a remainder \1\, then \2k+1\ is divisible by \3\. Either \k\ or \k+1\ is even. So the product must be divisible by \6\. **Case 2b: ** If \k\ is not divisible by 3 with a remainder \2\, then \k+1\ is divisible by \3\. Either \k\ or \k+1\ is even. So the product must be divisible by \6\. --- **Conclusion: ** For any natural number \n\, \2n^3+3n^2+n\ is divisible by \6\.","{'has_proof': True, 'length': 947, 'has_base_case': True, 'has_induction_hypothesis': False, 'has_induction_step': False, 'has_qed': False, 'quality_score': 3.39}","{'identify_base_case': 2, 'prove_base_case': 2, 'hypothesis_stated': 0, 'hypothesis_given_bound': 1, 'goal_clear': 0, 'expression_decomposed': 0, 'inductive_hypothesis_applied': 0}",4.104285714285714
302,"Use (strong) induction to prove the following claim: For any natural number \(n\), \(2n^3 + 3n^2 + n\) is divisible by 6.","For \n=0\, \2 \times 0^{3} + 3 \times 0^{2} + 0 = 0\, which is divisible by \6\. Thus, the claim is true for \n=0\. Suppose that for some \k\, the claim is true for each \n\ in \0...k\. Then, we need to show that the claim is true for \n=k+1\. We know that \2(k+1)^{3}+3(k+1)^{2}+k+1=\\2(k^3+3k^2+3k+1)+3(k^2+2k+1)+k+1=\\2k^3+9k^2+13k+6=\\(2k^3+3k^2+k)+(6k^2+12k+6)\. The first term in this expression is divisible by \6\ using the assumption, and the second term in this expression is divisible by \6\ as \k^2+2k+1\ is an integer because \k\ is an integer. Thus, the entire expression is divisible by 6, which is what we needed to show. Thus, the claim is true for any natural number \n\.","{'has_proof': True, 'length': 689, 'has_base_case': False, 'has_induction_hypothesis': False, 'has_induction_step': False, 'has_qed': False, 'quality_score': 1.38}","{'identify_base_case': 2, 'prove_base_case': 2, 'hypothesis_stated': 2, 'hypothesis_given_bound': 2, 'goal_clear': 2, 'expression_decomposed': 2, 'inductive_hypothesis_applied': 2}",3.38
303,"Use (strong) induction to prove the following claim: For any natural number \(n\), \(2n^3 + 3n^2 + n\) is divisible by 6.","Prove by induction. Base case: g(0):LHS=0=RHS, 0 is divisible by 6, so it is true for n = 0. Consider it is true for n = k, and prove it is true for n = k + 1. Then g(k) = 2k^3 +3k^2 + k is divisible by 6. Consider n = k + 1 g(k+1) = 2(k+1)^3 +3(k+1)^2 +k+ 1 = 2k^3 + 2 + 6k^2 + 6k + 3k^2 + 6k + 3 + k + 1= 2k^3 + 3k^2 + k + 6(k^2 + k + 1). Since 2k^3 +3k^2 + k is divisible by 6 and 6(k^2 + k + 1) is divisible by 6, g(k+1) = 2(k+1)^3 +3(k+1)^2 +k+ 1 is divisible by 6. So if g(n) is true for n = k, it is also true for n = k+1. Thus, it is true for all natural number n, which is what we needed to prove.","{'has_proof': True, 'length': 606, 'has_base_case': True, 'has_induction_hypothesis': False, 'has_induction_step': False, 'has_qed': False, 'quality_score': 2.71}","{'identify_base_case': 2, 'prove_base_case': 2, 'hypothesis_stated': 2, 'hypothesis_given_bound': 2, 'goal_clear': 2, 'expression_decomposed': 2, 'inductive_hypothesis_applied': 2}",4.71
304,"Use (strong) induction to prove the following claim: For any natural number \(n\), \(2n^3 + 3n^2 + n\) is divisible by 6.","Proof by induction on \n\ We need to show that for any natural number \n\, \2n^3+3n^2+n\ is divisible by \6\. Our base case is \n=1\, \2(1^3)+3(1^2)+1 = 6\ which is obviously divisible by \6\, so the base case holds true. The inductive hypothesis is for any \k = 2,...,k\, \2k^3+3k^2+k\ is divisible by \6\. For the inductive step we need to show that \2(k+1)^3+3(k+1)^2+(k+1)\ is divisible by \6\. This simplifies to \(2k^3+9k^2+14k) + 6\. By the inductive hypothesis we know that \(2k^3+9k^2+14k)\ is divisible by \6\, and \6\ is obviously divisible by \6\. Therefore, for any natural number \n\ \2n^3+3n^2+n\ is divisible by \6\, EAD.","{'has_proof': True, 'length': 637, 'has_base_case': True, 'has_induction_hypothesis': True, 'has_induction_step': True, 'has_qed': True, 'quality_score': 7.27}","{'identify_base_case': 2, 'prove_base_case': 2, 'hypothesis_stated': 2, 'hypothesis_given_bound': 1, 'goal_clear': 2, 'expression_decomposed': 0, 'inductive_hypothesis_applied': 1}",8.698571428571428
305,"Use (strong) induction to prove the following claim: For any natural number \(n\), \(2n^3 + 3n^2 + n\) is divisible by 6.","For any natural number n, 2n^3 + 3n^2 + n is divisible by 6. Our base case n = 0 holds true since 2(0)^3+3(0)^2+0= 0 is divisible by 6. Our inductive hypothesis states that 2n^3+3n^2+n holds true for 0, 1, ..., k. Our inductive step leads to 2(k+1)^3+3(k+1)^2+k+1. Expanding this term leads to 2k^3+6k^2+6k+2+3k^2+6k+1+k+1. This can be simplified as 2k^3+9k^2+13k+4. Substituting n, 2n^3+3n^2+n is divisible by 6 due to the coefficient of the polynomial.","{'has_proof': True, 'length': 454, 'has_base_case': True, 'has_induction_hypothesis': True, 'has_induction_step': True, 'has_qed': False, 'quality_score': 5.41}","{'identify_base_case': 2, 'prove_base_case': 2, 'hypothesis_stated': 2, 'hypothesis_given_bound': 2, 'goal_clear': 1, 'expression_decomposed': 0, 'inductive_hypothesis_applied': 1}",6.838571428571429
306,"Use (strong) induction to prove the following claim: For any natural number \(n\), \(2n^3 + 3n^2 + n\) is divisible by 6.","For our base case, note that when n = 0, 2*n^3+(3*n^2) + n and 6 is divisible by 6. Next, suppose as our Inductive Hypothesis that for some k, 6^n --5n+4 is true for each n in 0...k. Now to finish we need to show that 2*n^3+(3*n^2) + n is divisible by 6.","{'has_proof': True, 'length': 254, 'has_base_case': True, 'has_induction_hypothesis': True, 'has_induction_step': False, 'has_qed': False, 'quality_score': 3.51}","{'identify_base_case': 2, 'prove_base_case': 0, 'hypothesis_stated': 1, 'hypothesis_given_bound': 2, 'goal_clear': 1, 'expression_decomposed': 0, 'inductive_hypothesis_applied': 0}",4.3671428571428565
307,"Use (strong) induction to prove the following claim: For any natural number \(n\), \(2n^3 + 3n^2 + n\) is divisible by 6.","Claim:- For any natural number n, \{2n^3}\ + \{3n^2}\ + n is divisible by 6. Base: When n = 0, \{2n^3}\ + \{3n^2}\ + n = 0, and 0 is divisible by 6, so the claim holds true. Will also include 1 in the base case to avoid any ambiguity. When n = 1, \{2n^3}\ + \{3n^2}\ + n = 6 and 6 is divisible by 6, so the claim holds true for the base case. Induction: For some k, \{2n^3}\ + \{3n^2}\ + n is divisible by 6 for 0,1,... k. Substitute in k/ (k-1) into the equation and see that you obtain the desirable equation, proving the claim using induction.","{'has_proof': True, 'length': 546, 'has_base_case': True, 'has_induction_hypothesis': False, 'has_induction_step': False, 'has_qed': False, 'quality_score': 2.59}","{'identify_base_case': 2, 'prove_base_case': 2, 'hypothesis_stated': 2, 'hypothesis_given_bound': 2, 'goal_clear': 1, 'expression_decomposed': 0, 'inductive_hypothesis_applied': 0}",3.8757142857142854
308,"Use (strong) induction to prove the following claim: For any natural number \(n\), \(2n^3 + 3n^2 + n\) is divisible by 6.","$\\text{Poof by induction on n}\\ \\\text{Predicate: P(n): for any natrual number n, }2n^3+3n^2+n \\ \text{is divisible by 6}\\ \\\text{Base Case: for n = 0, }2n^3+3n^2+n=0, \\ \text{which is divisible by 6}\\ \\\text{Inductive Hypothesis: Suppose thay for some k, }2n^3+3n^2+n \\ \text{is divisible by 6 for n in 0...k}\\ \\\text{Inductive Step: }2n^3+3n^2+n \\ \text{is divisible by 6 when n = k+1}\\ \\2(k+1)^3+3(k+1)^2+k+1=(k+1)(2(k+1)^2+3(k+1)+1)=(k+1)(2k+3)(k+2)\$","{'has_proof': True, 'length': 470, 'has_base_case': True, 'has_induction_hypothesis': True, 'has_induction_step': True, 'has_qed': False, 'quality_score': 5.44}","{'identify_base_case': 2, 'prove_base_case': 2, 'hypothesis_stated': 2, 'hypothesis_given_bound': 2, 'goal_clear': 2, 'expression_decomposed': 0, 'inductive_hypothesis_applied': 0}",6.868571428571429
309,"Use (strong) induction to prove the following claim: For any natural number \(n\), \(2n^3 + 3n^2 + n\) is divisible by 6.","We can write th above equation as n(2(n**2) + 3n + 1). We can change this up and write n(n+1)(2n+1) Now if we plug in 1 to n, we get 6. When we plug in 2, we get 30. When we plug in three, we get 84. All these numbers are divisible by 6. Hence proved.","{'has_proof': True, 'length': 251, 'has_base_case': False, 'has_induction_hypothesis': False, 'has_induction_step': False, 'has_qed': False, 'quality_score': 0.5}","{'identify_base_case': 2, 'prove_base_case': 2, 'hypothesis_stated': 0, 'hypothesis_given_bound': 0, 'goal_clear': 0, 'expression_decomposed': 0, 'inductive_hypothesis_applied': 0}",1.0714285714285714
310,"Use (strong) induction to prove the following claim: For any natural number \(n\), \(2n^3 + 3n^2 + n\) is divisible by 6.","base case 0 00 is divisible by 6 inductive hypothesis for some k , 2n3+3n2+nis divisible by 6 for 0,1 ....,k prove","{'has_proof': True, 'length': 114, 'has_base_case': True, 'has_induction_hypothesis': True, 'has_induction_step': False, 'has_qed': False, 'quality_score': 3.23}","{'identify_base_case': 2, 'prove_base_case': 2, 'hypothesis_stated': 2, 'hypothesis_given_bound': 2, 'goal_clear': 0, 'expression_decomposed': 0, 'inductive_hypothesis_applied': 0}",4.372857142857143
311,"Use (strong) induction to prove the following claim: For any natural number \(n\), \(2n^3 + 3n^2 + n\) is divisible by 6.","For n=1, 2n^3 + 3n^2 + n = 6, which is divisible for 6. Suppose this claim is true for all n in range 1...k. We now prove that this claim is true for n=k+1.","{'has_proof': True, 'length': 156, 'has_base_case': False, 'has_induction_hypothesis': False, 'has_induction_step': False, 'has_qed': False, 'quality_score': 0.31}","{'identify_base_case': 2, 'prove_base_case': 2, 'hypothesis_stated': 2, 'hypothesis_given_bound': 2, 'goal_clear': 2, 'expression_decomposed': 0, 'inductive_hypothesis_applied': 0}",1.7385714285714287
312,"Use (strong) induction to prove the following claim: For any natural number \(n\), \(2n^3 + 3n^2 + n\) is divisible by 6.","Base step = g(0) = 2(0)^3 + 3(0)^2 + 0 g(0) = 0, which is divisible by 6 for some k, where n goes from 0 to k-1 g(k+1) = 2(k+1)^3 + 3(k+1)^2 + (k+1) upon expanding, we get that, = 2(k^3 + 3k^2 + 3k + 1) + 3(k^2 + 2k + 1) + k = 2k^3 + 6k^2 + 6k + 2 + 3k^2 + 6k + 3 + k = 2k^3 + 9k^2 + 13k + 5 on rearranging these terms we get that For any nautral number n, 2n^3 + 3n^2 + n is divisible by 6","{'has_proof': True, 'length': 390, 'has_base_case': False, 'has_induction_hypothesis': False, 'has_induction_step': False, 'has_qed': False, 'quality_score': 0.78}","{'identify_base_case': 2, 'prove_base_case': 2, 'hypothesis_stated': 0, 'hypothesis_given_bound': 1, 'goal_clear': 1, 'expression_decomposed': 0, 'inductive_hypothesis_applied': 0}",1.637142857142857
313,"Use (strong) induction to prove the following claim: For any natural number \(n\), \(2n^3 + 3n^2 + n\) is divisible by 6.","Base Case: N = 0, 6|N is true because 6 divides 0. Inductive Hypothesis: Suppose that 2(n+1)^3 + 3(n+1)^2 + n + 1. Inductive step: we must prove the above is divisible by 6. Simplification yields n^3 + 3n^2 +4n + 2. If n = 1, then 1 + 3 + 4 + 2 = 10, and I also unsure about this problem","{'has_proof': True, 'length': 287, 'has_base_case': True, 'has_induction_hypothesis': True, 'has_induction_step': True, 'has_qed': False, 'quality_score': 5.07}","{'identify_base_case': 2, 'prove_base_case': 2, 'hypothesis_stated': 1, 'hypothesis_given_bound': 0, 'goal_clear': 2, 'expression_decomposed': 0, 'inductive_hypothesis_applied': 0}",6.07
314,"Use (strong) induction to prove the following claim: For any natural number \(n\), \(2n^3 + 3n^2 + n\) is divisible by 6.",proof:,"{'has_proof': True, 'length': 6, 'has_base_case': False, 'has_induction_hypothesis': False, 'has_induction_step': False, 'has_qed': False, 'quality_score': 0.01}","{'identify_base_case': 0, 'prove_base_case': 0, 'hypothesis_stated': 0, 'hypothesis_given_bound': 0, 'goal_clear': 0, 'expression_decomposed': 0, 'inductive_hypothesis_applied': 0}",0.01
315,"Use (strong) induction to prove the following claim: For any natural number \(n\), \(2n^3 + 3n^2 + n\) is divisible by 6.","For base case: \2*0^3+3*0^2+n = 0\ which is divisible by 6. Supposed that for some K, \2n^3+3n^2+n\ is true for any n in 0,1,...,k. We know that \2n^3+3n^2+n = n(2n+1)(n+1)\ \2 | n(n+1)\","{'has_proof': True, 'length': 186, 'has_base_case': True, 'has_induction_hypothesis': False, 'has_induction_step': False, 'has_qed': False, 'quality_score': 1.87}","{'identify_base_case': 2, 'prove_base_case': 2, 'hypothesis_stated': 1, 'hypothesis_given_bound': 2, 'goal_clear': 0, 'expression_decomposed': 0, 'inductive_hypothesis_applied': 0}",2.87
316,"Use (strong) induction to prove the following claim: For any natural number \(n\), \(2n^3 + 3n^2 + n\) is divisible by 6.","Proof by induction on n \P(n): 2n^3+3n^2+n\ is divisible by 6. Hypothesis: Suppose P(n) holds for n in \0...k\ (\k \geq0\) Base Case: \P(0) = 2*0^3 + 3*0^2 + 0 = 0\, which is divisible by 6. Now, we need to prove that \P(k+1)\ holds \2(k+1)^3 + 3(k+1)^2+k+1\ let \z =k+1\ \2z^3+3z^2+z = 6x\, where x is some integer (this is the definition of divides) \z(2z+1)(z+1) = 6x\ Either \z\ or \z+1\ is even, so the wole thing is divisible by 2. [use proof by cases to show that the polynomial is divisible by 3 also]","{'has_proof': True, 'length': 509, 'has_base_case': True, 'has_induction_hypothesis': False, 'has_induction_step': False, 'has_qed': False, 'quality_score': 2.52}","{'identify_base_case': 2, 'prove_base_case': 2, 'hypothesis_stated': 2, 'hypothesis_given_bound': 2, 'goal_clear': 2, 'expression_decomposed': 0, 'inductive_hypothesis_applied': 0}",3.9485714285714284
317,"Use (strong) induction to prove the following claim: For any natural number \(n\), \(2n^3 + 3n^2 + n\) is divisible by 6.",0 = 0,"{'has_proof': True, 'length': 5, 'has_base_case': False, 'has_induction_hypothesis': False, 'has_induction_step': False, 'has_qed': False, 'quality_score': 0.01}","{'identify_base_case': 0, 'prove_base_case': 0, 'hypothesis_stated': 0, 'hypothesis_given_bound': 0, 'goal_clear': 0, 'expression_decomposed': 0, 'inductive_hypothesis_applied': 0}",0.01
318,"Use (strong) induction to prove the following claim: For any natural number \(n\), \(2n^3 + 3n^2 + n\) is divisible by 6.","For our base case, let n = 0. 2 * 0^3 + 3 * 0 ^ 2 + 0 = 0, which is divisible by 6 Let there be natural number k such that 2k^3 + 3k^2 + k is divisible by 6 for 0....k 2k^3 + 3k^2 + k = (2k + 1)(k + 1)(k) Divisibility by 6 means divisible by 2 and 3. No matter what number k is, it has to be divisible by 6 because (2k+1) and (k+1) will provide a number that is divisble by 2 and 3 if k is even, then k+1 would be odd, meaning k is divisble by 2 and that 2k+1 or k+1 will be divisible by 3 if k is odd, then k + 1 would be even, meaning k + 1 is divisible by 2 and that either k or 2k + 1 will be divisible by 3. Because all cases are accounted for and stand true, we can prove by induction that the original claim is true.","{'has_proof': True, 'length': 723, 'has_base_case': True, 'has_induction_hypothesis': False, 'has_induction_step': False, 'has_qed': False, 'quality_score': 2.95}","{'identify_base_case': 2, 'prove_base_case': 2, 'hypothesis_stated': 2, 'hypothesis_given_bound': 2, 'goal_clear': 0, 'expression_decomposed': 0, 'inductive_hypothesis_applied': 0}",4.092857142857143
319,"Use (strong) induction to prove the following claim: For any natural number \(n\), \(2n^3 + 3n^2 + n\) is divisible by 6.","Induction by n Base case: When n = 0 , n = 1 n = 0, 2(0)^3+3(0)^2+0 = 0, which is divisible by 6 n = 1, 2(1)^3+3(1)^2+1 = 2+3+1=6, which is divisible by 6. Inductive Hypothesis: For all n, let 2n^3+3n^2+n be divisible by 6 such that n = 0,1,2....k Inductive step: Showing that for n = k + 1, 2(k+1)^3+3(k+1)^2+(k+1) is divisible by 6. Thus, For all n, 2n^3+3n^2+n is divisible by 6. Hence Proved.","{'has_proof': True, 'length': 396, 'has_base_case': True, 'has_induction_hypothesis': True, 'has_induction_step': True, 'has_qed': False, 'quality_score': 5.29}","{'identify_base_case': 2, 'prove_base_case': 2, 'hypothesis_stated': 2, 'hypothesis_given_bound': 1, 'goal_clear': 2, 'expression_decomposed': 0, 'inductive_hypothesis_applied': 0}",6.575714285714286
320,"Use (strong) induction to prove the following claim: For any natural number \(n\), \(2n^3 + 3n^2 + n\) is divisible by 6.","\2n^3 + 3n^2 + n = n(2n^2 + 3n + 1) = n(n+1)(2n+1)\ either \n\ is divisible by 2, or \n+1\ is divisible by 2. If the remainder of \n/3\ is 0, the equation is divisible by 3. If the remainder of \n/3\ is 1, then \(2n+1)\ is divisible by 3. If the remainder of \n/3\ is 2, then \(n+1)\ is divisible by 3.","{'has_proof': True, 'length': 302, 'has_base_case': False, 'has_induction_hypothesis': False, 'has_induction_step': False, 'has_qed': False, 'quality_score': 0.6}","{'identify_base_case': 0, 'prove_base_case': 0, 'hypothesis_stated': 0, 'hypothesis_given_bound': 0, 'goal_clear': 0, 'expression_decomposed': 0, 'inductive_hypothesis_applied': 0}",0.6
321,"Use (strong) induction to prove the following claim: For any natural number \(n\), \(2n^3 + 3n^2 + n\) is divisible by 6.","Base case: n = 0 2(0)^3 + 3(0)^2 + 0 = 0, which is divisible by 6. Suppose the claims holds for any natural number n in 0...k Then, we have to show that 2(k+1)^3 + 3(k+1)^2 + k+1 is divisble by 6 2(k^3 + 1 + 3k^2 + 3k) + 3(k^2 + 1 + 2k) + k + 1 2k^3 + 3k^2 + k + 2 + 6k^2 + 6k + 3 + 6k + 1 (2k^3 + 3k^2 + k) + 6(k^2 + 2k) + 6 (2k^3 + 3k^2 + k) is divisible by 6 by our inductive hypothesis 6(k^2 + 2k) is divisible by 6 by definition of divisibility 6 is obviously divisible by 6 Since 2(k+1)^3 + 3(k+1)^2 + k+1 is a sum of terms divisible by 6, it is also divisible by 6. Hence proved.","{'has_proof': True, 'length': 586, 'has_base_case': True, 'has_induction_hypothesis': True, 'has_induction_step': False, 'has_qed': False, 'quality_score': 4.17}","{'identify_base_case': 2, 'prove_base_case': 2, 'hypothesis_stated': 2, 'hypothesis_given_bound': 2, 'goal_clear': 2, 'expression_decomposed': 2, 'inductive_hypothesis_applied': 2}",6.17
322,"Use (strong) induction to prove the following claim: For any natural number \(n\), \(2n^3 + 3n^2 + n\) is divisible by 6.","For our base case, n=1 so 2(1^3) +3(1^2) + 1 = 6 which is divisible by 6. For our inductive hypothesis, assume 2n^3 +3n^2 + n is divisible by 6 for any n in 1...k (k>0). Our next step is to prove 2(k+1)^3 + 3(k+1)^2 + (k+1) is divisible by 6. 2(k+1)^3 + 3(k+1)^2 + (k+1) = 2(k^3+3k^2+3k+1) + 3(k^2+2k+1) + k+1 2(k+1)^3 + 3(k+1)^2 + (k+1) = 2k^2 + 6k^2 + 6k +2 + 3k^2 + 6k + 3 + k+1 2(k+1)^3 + 3(k+1)^2 + (k+1) = 2k^3 + 9k^2 + 13k + 6 2(k+1)^3 + 3(k+1)^2 + (k+1) = (2k^3 + 3k^2 + k) + 6k^2 + 12k + 6 2(k+1)^3 + 3(k+1)^2 + (k+1) = (2k^3 + 3k^2 + k) + 6(k^2 + 2k + 1) From our inductive hypothesis, we know (2k^3 + 3k^2 + k) is divisible by 6. We also know 6(k^2 + 2k + 1) is divisible by 6 since it is a multiple of 6. This means 2(k+1)^3 + 3(k+1)^2 + (k+1) = (2k^3 + 3k^2 + k) + 6(k^2 + 2k + 1) is therefore divisible by 6 which is what we needed to prove to show that for any natural number n, 2n^3 + 3n^2 + n is divisible by 6.","{'has_proof': True, 'length': 928, 'has_base_case': True, 'has_induction_hypothesis': True, 'has_induction_step': False, 'has_qed': True, 'quality_score': 6.36}","{'identify_base_case': 2, 'prove_base_case': 2, 'hypothesis_stated': 2, 'hypothesis_given_bound': 2, 'goal_clear': 2, 'expression_decomposed': 2, 'inductive_hypothesis_applied': 2}",8.36
323,"Use (strong) induction to prove the following claim: For any natural number \(n\), \(2n^3 + 3n^2 + n\) is divisible by 6.","base case : n = 0 for a natural number n, 0 is divisible by 6, which is true induction: the claim is true for all natural numbers n such that n = 0...n = k for some natural number k 2(k+1)^3 + 3(k+1)^2 + (k+1) 2(k^2+2k+1)(k+1) + 3(k^2 + 2k+1) + k+1 2(k^3 + 3k^2 + 3k + 1) + 3(k^2 + 2k + 1) + k + 1 2k^3 + 9k^2 + 13k + 6 This is divisible by 6","{'has_proof': True, 'length': 342, 'has_base_case': True, 'has_induction_hypothesis': False, 'has_induction_step': False, 'has_qed': False, 'quality_score': 2.18}","{'identify_base_case': 2, 'prove_base_case': 2, 'hypothesis_stated': 2, 'hypothesis_given_bound': 2, 'goal_clear': 2, 'expression_decomposed': 0, 'inductive_hypothesis_applied': 0}",3.6085714285714285
324,"Use (strong) induction to prove the following claim: For any natural number \(n\), \(2n^3 + 3n^2 + n\) is divisible by 6.","BAse case: n=0 \2(0)^3+3(0)^2+0=0\, divisible by 6 n=1, 2+3+1=6, divisible by 6. n=-1, -2+3-1=0, divisible by 6. Stuck","{'has_proof': True, 'length': 118, 'has_base_case': True, 'has_induction_hypothesis': False, 'has_induction_step': False, 'has_qed': False, 'quality_score': 1.74}","{'identify_base_case': 2, 'prove_base_case': 2, 'hypothesis_stated': 0, 'hypothesis_given_bound': 0, 'goal_clear': 0, 'expression_decomposed': 0, 'inductive_hypothesis_applied': 0}",2.3114285714285714
325,"Use (strong) induction to prove the following claim: For any natural number \(n\), \(2n^3 + 3n^2 + n\) is divisible by 6.","for base case we take n = 1 \2 * 1^3 + 3*1^2 + 1\ \=>2+3+1 = 6\ which is divisible by 6 we assume this hypothesis holds true for all values n from 1,2,.....k \2k^3+3k^2+k = 6q\ (where q is an positive integer) we need to prove the following claim for n = k+1 \2(k+1)^3+3(k+1)^2+(k+1)\ \2(k^3+3k^2+3k+1) + 3(k^2+2k+1) + k+1\ \=> 2k^3+6k^2+6k+2+3k^2+6k+3+k+1\ \=> 6q+6k^2+12k+6\ \=> 6(q+k^2+2k+1)\ hence we can see that the whole number is divisible by 6 proving our hypothesis throught the process of induction","{'has_proof': True, 'length': 509, 'has_base_case': True, 'has_induction_hypothesis': False, 'has_induction_step': False, 'has_qed': False, 'quality_score': 2.52}","{'identify_base_case': 2, 'prove_base_case': 2, 'hypothesis_stated': 2, 'hypothesis_given_bound': 2, 'goal_clear': 2, 'expression_decomposed': 2, 'inductive_hypothesis_applied': 2}",4.52
326,"Use (strong) induction to prove the following claim: For any natural number \(n\), \(2n^3 + 3n^2 + n\) is divisible by 6.","for any natural number n, \2n^3+3n^2+n\ is divisible by 6. For our base case, when n=0. \2n^3+3n^2+n=0\, when n=1. \2n^3+3n^2+n=6\, which is divisible by 6. Next, suppose as our Inductive Hypothesis that for some k, \2n^3+3n^2+n=6\ is divisible by 6 for n in 0...k","{'has_proof': True, 'length': 264, 'has_base_case': True, 'has_induction_hypothesis': True, 'has_induction_step': False, 'has_qed': False, 'quality_score': 3.53}","{'identify_base_case': 2, 'prove_base_case': 1, 'hypothesis_stated': 1, 'hypothesis_given_bound': 2, 'goal_clear': 0, 'expression_decomposed': 0, 'inductive_hypothesis_applied': 0}",4.387142857142857
327,"Use (strong) induction to prove the following claim: For any natural number \(n\), \(2n^3 + 3n^2 + n\) is divisible by 6.",6 | n(0) We assume that 6 | 2(n-1)^3 + 3(n-1)^2 + n-1 Finally we prove that 6 | 2n^3 +3n^2 + n.,"{'has_proof': True, 'length': 95, 'has_base_case': False, 'has_induction_hypothesis': False, 'has_induction_step': False, 'has_qed': False, 'quality_score': 0.19}","{'identify_base_case': 0, 'prove_base_case': 0, 'hypothesis_stated': 2, 'hypothesis_given_bound': 2, 'goal_clear': 2, 'expression_decomposed': 0, 'inductive_hypothesis_applied': 0}",1.0471428571428572
328,"Use (strong) induction to prove the following claim: For any natural number \(n\), \(2n^3 + 3n^2 + n\) is divisible by 6.","Proof by induction for n. Base Case: \(n = 0)\, \2*0^3 +3*0^2 + 0 = 0\ which is divisible by six. Suppose for some natural number k, the claim holds true for \0...k-1\. \2(k)^3 + 3(k)^2 + k = k(2k^2 +3k +1) = k(2k+1)(k+1)\. For the expression to be divisible by 6, it must be divisible by both 2 and 3. It is divisible by 2 as either k or k+1 must be even, as there are no consecutive even or odd naturals. If neither k nor k+1 are divisible by three, that means k = 1 and k = 2 (mod 3). Since k + (k+1) = 2k+1, 2k+1 = 1 + 2 = 3 = 0 (mod 3). Therefore, at least one of k, k+1, and 2k+1 must be divisible by 3. Therefore the entire expression is divisible by both 2 and 3, and therefore 6. QED.","{'has_proof': True, 'length': 693, 'has_base_case': True, 'has_induction_hypothesis': False, 'has_induction_step': False, 'has_qed': True, 'quality_score': 4.39}","{'identify_base_case': 2, 'prove_base_case': 2, 'hypothesis_stated': 2, 'hypothesis_given_bound': 2, 'goal_clear': 2, 'expression_decomposed': 0, 'inductive_hypothesis_applied': 0}",5.8185714285714285
329,"Use (strong) induction to prove the following claim: For any natural number \(n\), \(2n^3 + 3n^2 + n\) is divisible by 6.","Base case: n = 0. 0 + 0 + 0 = 0, which is divisible by six. Induction Hypothesis: 2n^3 + 3n^3 + n is divisible by 6 where n = 0, ..., k. Inductive step: 2(k + 1)^3 + 3(k+1)^2 + k is divisible by 6. 2(k^2 + 2k + 1)((k + 1) + 3 (k^2 +2k + 1) 2(k^3 + 4k^2 + k + k^2 + 2k + 1) + 3(k^2 + 2k + 1) 2(k^3 + 5k^2 + 3k + 1) + 3(k^2 + 2k + 1) 2k^3 + 5k^2 + 3k + 1 + 3k^2 + 6k + 3 2k^3 + 7k^2 + 9k + 4 And because each int consonant is divisible by 6 (I wish), then 2(k + 1)^3 + 3(k+1)^2 + k is divisible by 6, which is what we were trying to show.","{'has_proof': True, 'length': 536, 'has_base_case': True, 'has_induction_hypothesis': True, 'has_induction_step': True, 'has_qed': False, 'quality_score': 5.57}","{'identify_base_case': 2, 'prove_base_case': 2, 'hypothesis_stated': 2, 'hypothesis_given_bound': 2, 'goal_clear': 2, 'expression_decomposed': 0, 'inductive_hypothesis_applied': 0}",6.998571428571429
330,"Use (strong) induction to prove the following claim: For any natural number \(n\), \(2n^3 + 3n^2 + n\) is divisible by 6.",do not know,"{'has_proof': True, 'length': 11, 'has_base_case': False, 'has_induction_hypothesis': False, 'has_induction_step': False, 'has_qed': False, 'quality_score': 0.02}","{'identify_base_case': 0, 'prove_base_case': 0, 'hypothesis_stated': 0, 'hypothesis_given_bound': 0, 'goal_clear': 0, 'expression_decomposed': 0, 'inductive_hypothesis_applied': 0}",0.02
331,"Use (strong) induction to prove the following claim: For any natural number \(n\), \(2n^3 + 3n^2 + n\) is divisible by 6.","To prove: For any natural number n, 2n^3 + 3n^2 + n is divisible by 6 Base case: let n = 1. Then, 2(1)^3 3(1)^2 + 1 = 6 which is divisible by 6 Induction: Suppose that 2n^3 + 3n^2 + n is divisile by 6 for all n from 1...k. Then, we need to prove that 2n^3 + 3n^2 + 1 is divisble by 6 for some natural number k + 1. So, 2 (k +1)^3 + 3 (k+1)^2 + (k+1) k+1 ( 2k^2 - 2k +2 + 3k + 3 + 1) k + 1 (2k^2 + k + 6) and here, 2k^2 + k +6 is a multiple of 6 Hence,the entire expression is divisible by 6 QED.","{'has_proof': True, 'length': 495, 'has_base_case': True, 'has_induction_hypothesis': False, 'has_induction_step': False, 'has_qed': True, 'quality_score': 3.99}","{'identify_base_case': 2, 'prove_base_case': 2, 'hypothesis_stated': 2, 'hypothesis_given_bound': 2, 'goal_clear': 2, 'expression_decomposed': 0, 'inductive_hypothesis_applied': 0}",5.418571428571429
332,"Use (strong) induction to prove the following claim: For any natural number \(n\), \(2n^3 + 3n^2 + n\) is divisible by 6.","Proof by induction on n. We will prove 2n^3 + 2n^2 + n is divisible by 6 for any n 0...n. The base case is for n = 0, where 2n^3 + 3n^2 + n = 0, which is divisible by 6. Inductive step: Prove that 2(n+1)^3 + 3(n+1)^2 + (n+1) is divisible by 6. Therefore, by proof by induction, we have proved that for any natural number n, 2n^3 + 3n^2 + n is divisble by 6.","{'has_proof': True, 'length': 357, 'has_base_case': True, 'has_induction_hypothesis': False, 'has_induction_step': True, 'has_qed': True, 'quality_score': 5.21}","{'identify_base_case': 2, 'prove_base_case': 2, 'hypothesis_stated': 0, 'hypothesis_given_bound': 0, 'goal_clear': 2, 'expression_decomposed': 0, 'inductive_hypothesis_applied': 0}",6.067142857142857
333,"Use (strong) induction to prove the following claim: For any natural number \(n\), \(2n^3 + 3n^2 + n\) is divisible by 6.","base case:n=0'2n^3 +3n^2 +n = 0,which is divisibel by six; assume 2n^3 +3n^2 +n is divisible by 6; for k = 1,2,3,4,n+1 2(n+1)^3 +3(n+1)^2 +n+1 = 2n^3 + 8n^2 + 13n +6; which is euivalent to (2n^3 + 3n^2 +n) + 2(2n^2 + 3n +1) + 6(n+1); since 2n^3 +3n^2 +n is divisible by 6; 2n^2 + 3n +1is alse divisible by 6, and 6(n+1) is alse divisible by 6. so (2n^3 + 3n^2 +n) + 2(2n^2 + 3n +1) + 6(n+1); is divisible by 6 which means that 2n^3 +3n^2 +n = 0is divisible by 6, which is what we need to prove;","{'has_proof': True, 'length': 494, 'has_base_case': True, 'has_induction_hypothesis': False, 'has_induction_step': False, 'has_qed': False, 'quality_score': 2.49}","{'identify_base_case': 2, 'prove_base_case': 2, 'hypothesis_stated': 2, 'hypothesis_given_bound': 1, 'goal_clear': 1, 'expression_decomposed': 1, 'inductive_hypothesis_applied': 1}",3.918571428571429
