original_index,cleaned_question,cleaned_proof,proof_metadata,component_scores,quality_score
0,"Use (strong) induction to prove the following claim: Claim: \(\displaystyle\sum_{p=0}^n (p \cdot p!) = (n+1)! - 1\), for all natural numbers \(n\). Recall that \(0!\) is defined to be 1.","Let \n\ be some arbitrary natural number. Base case: \\sum_{p=0}^{0}(p*p!)=(0*1)=0\ which is equal to \(0+1)!-1=(1!)-1=0\ Inductive hypothesis: For some \k\, \\sum_{p=0}^{n}(p*p!)=(n+1)!-1\ where \n=0...k\. Inductive step: Show that \\sum_{p=0}^{k+1}(p*p!)=((k+1)+1)!-1\.","{'has_proof': True, 'length': 271, 'has_base_case': True, 'has_induction_hypothesis': True, 'has_induction_step': True, 'has_qed': False, 'quality_score': 5.04}","{'identify_base_case': 2, 'prove_base_case': 2, 'hypothesis_stated': 2, 'hypothesis_given_bound': 2, 'goal_clear': 2, 'expression_decomposed': 0, 'inductive_hypothesis_applied': 0}",6.468571428571429
1,"Use (strong) induction to prove the following claim: Claim: \(\displaystyle\sum_{p=0}^n (p \cdot p!) = (n+1)! - 1\), for all natural numbers \(n\). Recall that \(0!\) is defined to be 1.","Base case: n = 0. \\sum_{p=0}^{n}(p\times p!)=0=(n+1)! - 1\. Inductive hypothesis: Assume that the claim works for all natural numbers n, and prove that it works for natural number \n+1\. Inductive steps: \\sum_{p=0}^{n+1}(p\times p!)= (n+1)(n+1)!\times\sum_{p=0}^{n}(p\times p!)=(n+1)(n+1)!((n+1)!-1)\. Then, we can rewrite the function, so it will be \(n+2)!-1\.","{'has_proof': True, 'length': 364, 'has_base_case': True, 'has_induction_hypothesis': True, 'has_induction_step': True, 'has_qed': False, 'quality_score': 5.23}","{'identify_base_case': 2, 'prove_base_case': 2, 'hypothesis_stated': 2, 'hypothesis_given_bound': 1, 'goal_clear': 2, 'expression_decomposed': 1, 'inductive_hypothesis_applied': 2}",6.944285714285715
2,"Use (strong) induction to prove the following claim: Claim: \(\displaystyle\sum_{p=0}^n (p \cdot p!) = (n+1)! - 1\), for all natural numbers \(n\). Recall that \(0!\) is defined to be 1.","base: when n = 0, this is true, IH: the claim is true when n = 0,1,2,3,,,,,,k-1","{'has_proof': True, 'length': 79, 'has_base_case': False, 'has_induction_hypothesis': False, 'has_induction_step': False, 'has_qed': False, 'quality_score': 0.16}","{'identify_base_case': 2, 'prove_base_case': 1, 'hypothesis_stated': 2, 'hypothesis_given_bound': 2, 'goal_clear': 0, 'expression_decomposed': 0, 'inductive_hypothesis_applied': 0}",1.16
3,"Use (strong) induction to prove the following claim: Claim: \(\displaystyle\sum_{p=0}^n (p \cdot p!) = (n+1)! - 1\), for all natural numbers \(n\). Recall that \(0!\) is defined to be 1.",\\sum_{0}^{k-1}\ (p*p!) = k! - 1 base case: 0 * 0! = 0 (0 + 1)! - 1 = 0 0 * 0! = (0 + 1)!,"{'has_proof': True, 'length': 89, 'has_base_case': True, 'has_induction_hypothesis': False, 'has_induction_step': False, 'has_qed': False, 'quality_score': 1.68}","{'identify_base_case': 2, 'prove_base_case': 2, 'hypothesis_stated': 0, 'hypothesis_given_bound': 0, 'goal_clear': 0, 'expression_decomposed': 0, 'inductive_hypothesis_applied': 0}",2.2514285714285713
4,"Use (strong) induction to prove the following claim: Claim: \(\displaystyle\sum_{p=0}^n (p \cdot p!) = (n+1)! - 1\), for all natural numbers \(n\). Recall that \(0!\) is defined to be 1.","Let's do this using proof by induction. Let's have the base case be that when p = 0, (p*p!) = 0. Now, let's take the example of p = k. When solving into the euqation that we had above, we get k * k!. We can rewrite this as ((k+1)-1) * k! which becomes (k+1)! - 1. Now we need to prove this for k+1. This gives us (k+1) * (k+1)! which can be written as ((k+2) - 1)*k! which becomes k+1! - 1. Hence, we have proved that (n+1)! - 1.","{'has_proof': True, 'length': 429, 'has_base_case': True, 'has_induction_hypothesis': False, 'has_induction_step': False, 'has_qed': False, 'quality_score': 2.36}","{'identify_base_case': 2, 'prove_base_case': 1, 'hypothesis_stated': 0, 'hypothesis_given_bound': 0, 'goal_clear': 0, 'expression_decomposed': 0, 'inductive_hypothesis_applied': 0}",2.7885714285714283
5,"Use (strong) induction to prove the following claim: Claim: \(\displaystyle\sum_{p=0}^n (p \cdot p!) = (n+1)! - 1\), for all natural numbers \(n\). Recall that \(0!\) is defined to be 1.","Let \\sum_{p = 0}^{n} p \cdot p! = (n+1)! - 1\ be the predicate. Base case: Let \n = 0\. Then we have \\sum_{p = 0}^{n} p \cdot p! = 0 \cdot 1 = 0\ and \(n+1)!-1 = 1! - 1 = 0\. So the base case holds. Our inductive hypothesis is that for some \k\, \\sum_{p = 0}^{n} p \cdot p! = (n+1)! - 1\ is true for all \0, 1, 2, ... k\. Then, in our inductive step we want to show that \\sum_{p = 0}^{k+1} p \cdot p! = (k+2)!-1\. We can rewrite the summation \\sum_{p = 0}^{k+1} p \cdot p!\ as \\sum_{p = 0}^{k} p \cdot p! + (k+1)\cdot (k+1)!\. By the inductive hypothesis, we know that \\sum_{p = 0}^{k} p \cdot p! = (k+1)! - 1\. Substituting this value into our equation, we have that \(k+1)! - 1 + (k+1)\cdot (k+1)!\, which we can factor and further manipulate into \(k+1)! \cdot (k+1 + 1) - 1 = (k+1)! \cdot(k+2) - 1 = (k+2)! \cdot (k+2)\. Thus, we have shown that \\sum_{p = 0}^{k+1} p \cdot p! = (k+2)!-1\, which is what we needed to complete the proof.","{'has_proof': True, 'length': 947, 'has_base_case': True, 'has_induction_hypothesis': True, 'has_induction_step': True, 'has_qed': False, 'quality_score': 6.39}","{'identify_base_case': 2, 'prove_base_case': 2, 'hypothesis_stated': 2, 'hypothesis_given_bound': 2, 'goal_clear': 2, 'expression_decomposed': 2, 'inductive_hypothesis_applied': 2}",8.39
6,"Use (strong) induction to prove the following claim: Claim: \(\displaystyle\sum_{p=0}^n (p \cdot p!) = (n+1)! - 1\), for all natural numbers \(n\). Recall that \(0!\) is defined to be 1.",We'll need to prove that \\sum_{p=0}^{n}(p*p!)=(n+2)!-1\.,"{'has_proof': True, 'length': 57, 'has_base_case': False, 'has_induction_hypothesis': False, 'has_induction_step': False, 'has_qed': False, 'quality_score': 0.11}","{'identify_base_case': 0, 'prove_base_case': 0, 'hypothesis_stated': 0, 'hypothesis_given_bound': 0, 'goal_clear': 0, 'expression_decomposed': 0, 'inductive_hypothesis_applied': 0}",0.11
7,"Use (strong) induction to prove the following claim: Claim: \(\displaystyle\sum_{p=0}^n (p \cdot p!) = (n+1)! - 1\), for all natural numbers \(n\). Recall that \(0!\) is defined to be 1.","Induction by n Base Case: when n = 0, \\sum_{p=0}^{0}\(0.0!) = 0 = (0+1)!-1 When n = 1, \\sum_{p=0}^{1}\(1.1!) = 1 = (1+1)! - 1 Inductive Hypothesis : For all n belongs to n, let \\sum_{p=0}^{n}\(p.p!) = (n+1)!-1 for all 1,2....k. Inductive Step: Showing that \\sum_{p=0}^{k+1}\ = (k+1 + 1)! - 1 = (k+2)! - 1 Thus, \\sum_{p=0}^{n}\(p.p!) = (n+1)!-1, which is what we needed to show.","{'has_proof': True, 'length': 382, 'has_base_case': True, 'has_induction_hypothesis': True, 'has_induction_step': True, 'has_qed': False, 'quality_score': 5.26}","{'identify_base_case': 2, 'prove_base_case': 2, 'hypothesis_stated': 2, 'hypothesis_given_bound': 1, 'goal_clear': 2, 'expression_decomposed': 0, 'inductive_hypothesis_applied': 0}",6.545714285714285
8,"Use (strong) induction to prove the following claim: Claim: \(\displaystyle\sum_{p=0}^n (p \cdot p!) = (n+1)! - 1\), for all natural numbers \(n\). Recall that \(0!\) is defined to be 1.","Base case: n = 0, then (0+1)! - 1 = 1 - 1 = 0. Suppose as our Inductive Hypothesis that sum from p=0 to n of (p * p!) for n in 0...k (k >= 0). Then, we have sum from p=0 to k of (k * k!) = (k + 1)! - 1.","{'has_proof': True, 'length': 202, 'has_base_case': True, 'has_induction_hypothesis': True, 'has_induction_step': False, 'has_qed': False, 'quality_score': 3.4}","{'identify_base_case': 2, 'prove_base_case': 2, 'hypothesis_stated': 1, 'hypothesis_given_bound': 2, 'goal_clear': 0, 'expression_decomposed': 0, 'inductive_hypothesis_applied': 0}",4.4
9,"Use (strong) induction to prove the following claim: Claim: \(\displaystyle\sum_{p=0}^n (p \cdot p!) = (n+1)! - 1\), for all natural numbers \(n\). Recall that \(0!\) is defined to be 1.","Base Case: n = 0, then \\sum_{p=0}^{n}\ (p*p!) = 0. n = 1, then \\sum_{p=0}^{n}\ = 1. n = -1, then \\sum_{p=0}^{n}\ = 0. Inductive hypothesis: Then, for all k, \\sum_{p=0}^{k}\ (p*p!) = (k + 1)! - 1. Inductive step: Because base cases are true, then hypothesis is true.","{'has_proof': True, 'length': 269, 'has_base_case': True, 'has_induction_hypothesis': True, 'has_induction_step': True, 'has_qed': False, 'quality_score': 5.04}","{'identify_base_case': 2, 'prove_base_case': 1, 'hypothesis_stated': 2, 'hypothesis_given_bound': 0, 'goal_clear': 0, 'expression_decomposed': 0, 'inductive_hypothesis_applied': 0}",5.7542857142857144
10,"Use (strong) induction to prove the following claim: Claim: \(\displaystyle\sum_{p=0}^n (p \cdot p!) = (n+1)! - 1\), for all natural numbers \(n\). Recall that \(0!\) is defined to be 1.","Base: When n is 0, \\sum_{0}^{0}\(p*p!)=0; right side is(0+1)!-1=0; Inductive hypothesis: \\sum_{0}^{p}\(p*p!)=(n+1)!-1 for n = 0,1,2,3,4...k-1 (for k >= 0); Inductive step: \\sum_{0}^{k}\(k*k!)=(k+1)!-1 for k >= 0;","{'has_proof': True, 'length': 215, 'has_base_case': False, 'has_induction_hypothesis': True, 'has_induction_step': True, 'has_qed': False, 'quality_score': 3.43}","{'identify_base_case': 2, 'prove_base_case': 2, 'hypothesis_stated': 2, 'hypothesis_given_bound': 2, 'goal_clear': 2, 'expression_decomposed': 0, 'inductive_hypothesis_applied': 0}",4.8585714285714285
11,"Use (strong) induction to prove the following claim: Claim: \(\displaystyle\sum_{p=0}^n (p \cdot p!) = (n+1)! - 1\), for all natural numbers \(n\). Recall that \(0!\) is defined to be 1.","Assume true for base case of n = 1: \\sum_{p=0}^{n}(p*p!) = (1 + 1)! - 1\ \1=1\ Assume eq is true for some value k, and all values from 0 to k - 1. Test if eq is true for k + 1: \\sum_{p=0}^{k+1}(p*p!) = (k+1 + 1)! - 1\ \\((k+1)! - 1)+(k+1)(k+1)! = (k+2)! - 1\ \\(k+1)!+(k+1)(k+1)! = (k+2)!\ \\(k+1)!(1 + k + 1) = (k+2)!\ \ (k+2)!= (k+2)!\ Thu by the inductive step the eq is true for all natural numbers \n\","{'has_proof': True, 'length': 408, 'has_base_case': True, 'has_induction_hypothesis': False, 'has_induction_step': True, 'has_qed': False, 'quality_score': 3.82}","{'identify_base_case': 2, 'prove_base_case': 2, 'hypothesis_stated': 2, 'hypothesis_given_bound': 2, 'goal_clear': 2, 'expression_decomposed': 2, 'inductive_hypothesis_applied': 2}",5.82
12,"Use (strong) induction to prove the following claim: Claim: \(\displaystyle\sum_{p=0}^n (p \cdot p!) = (n+1)! - 1\), for all natural numbers \(n\). Recall that \(0!\) is defined to be 1.","We apply induction on n. Base case: when n = 0. Both sides of equation is equal to 0. Induction hypothesis: some some k, \\sum_{k=0}^{n}\ (k*k!) = (n+1)! - 1 for all natural number n in 0 to k. induction step: prove that \\sum_{k=0}^{n}\ (k*k!) = (n+1)! - 1 for all natural number n.","{'has_proof': True, 'length': 283, 'has_base_case': True, 'has_induction_hypothesis': True, 'has_induction_step': True, 'has_qed': False, 'quality_score': 5.07}","{'identify_base_case': 2, 'prove_base_case': 1, 'hypothesis_stated': 2, 'hypothesis_given_bound': 2, 'goal_clear': 1, 'expression_decomposed': 0, 'inductive_hypothesis_applied': 0}",6.212857142857143
13,"Use (strong) induction to prove the following claim: Claim: \(\displaystyle\sum_{p=0}^n (p \cdot p!) = (n+1)! - 1\), for all natural numbers \(n\). Recall that \(0!\) is defined to be 1.",when n = -1 \\sum_{p = 0}^{n}\(p*p!) = 0 * 1 = 0 (n + 1)! -1 = 0! -1 = 0,"{'has_proof': True, 'length': 72, 'has_base_case': False, 'has_induction_hypothesis': False, 'has_induction_step': False, 'has_qed': False, 'quality_score': 0.14}","{'identify_base_case': 0, 'prove_base_case': 0, 'hypothesis_stated': 0, 'hypothesis_given_bound': 0, 'goal_clear': 0, 'expression_decomposed': 0, 'inductive_hypothesis_applied': 0}",0.14
14,"Use (strong) induction to prove the following claim: Claim: \(\displaystyle\sum_{p=0}^n (p \cdot p!) = (n+1)! - 1\), for all natural numbers \(n\). Recall that \(0!\) is defined to be 1.",Proof by induction on n \P(n): \sum_{p=0}^{n}(p*!p)=(n+1)!-1\ Inductive Hypothesis: Suppose \P(n)\ is true for \n\ in \0...k\ (\k \geq 0\) Base case: When \n=0\: \\sum_{p=0}^{0}(p*p!)=(0+1)!-1\ \0*0! = 0 = 1-1\ Now we need to show that the hypothesis holds for \P(k+1)\,"{'has_proof': True, 'length': 269, 'has_base_case': True, 'has_induction_hypothesis': True, 'has_induction_step': False, 'has_qed': False, 'quality_score': 3.54}","{'identify_base_case': 2, 'prove_base_case': 2, 'hypothesis_stated': 2, 'hypothesis_given_bound': 2, 'goal_clear': 2, 'expression_decomposed': 0, 'inductive_hypothesis_applied': 0}",4.968571428571429
15,"Use (strong) induction to prove the following claim: Claim: \(\displaystyle\sum_{p=0}^n (p \cdot p!) = (n+1)! - 1\), for all natural numbers \(n\). Recall that \(0!\) is defined to be 1.","The claim states that for n in N, \\sum_{p=0}^{n}(p*p!) = (n+1)! - 1\. For our base case, we say that \\sum_{p=0}^{0}(p*p!) = (0+1)! - 1\. The former is 0 * 0! = 0. amd the latter is 1! - 1 = 0, making this true when n = 0. Next, suppose as our Inductive Hypothesis that \\sum_{p=0}^{k}(p*p!) = (k+1)! - 1\ when n = 0, 1...k. Now to finish we need to show that \\sum_{p=0}^{k+1}(p*p!) = (k+2)! - 1\ The left hand side can be simplified into \\sum_{p=0}^{k}(p*p!)\ + (k+1)((k+1)!) = \\sum_{p=0}^{k}(p*p!)\ + (k+1)^2*(k!). The right hand side can be simplified into (k+1)!(k+2) - 1 = (k+1)! - 1 Thus, our equation to prove is \\sum_{p=0}^{k}(p*p!)\ + (k+1)^2*(k!) = k+2 - 1/(k+1). Knowing our inductive hypothesis, subtracting equal elements leaves us with (k+1)^2*(k!) = (k+2) + 1/(k+1)","{'has_proof': True, 'length': 785, 'has_base_case': True, 'has_induction_hypothesis': True, 'has_induction_step': False, 'has_qed': False, 'quality_score': 4.57}","{'identify_base_case': 2, 'prove_base_case': 2, 'hypothesis_stated': 2, 'hypothesis_given_bound': 2, 'goal_clear': 2, 'expression_decomposed': 2, 'inductive_hypothesis_applied': 1}",6.427142857142858
16,"Use (strong) induction to prove the following claim: Claim: \(\displaystyle\sum_{p=0}^n (p \cdot p!) = (n+1)! - 1\), for all natural numbers \(n\). Recall that \(0!\) is defined to be 1.",idk.,"{'has_proof': True, 'length': 4, 'has_base_case': False, 'has_induction_hypothesis': False, 'has_induction_step': False, 'has_qed': False, 'quality_score': 0.01}","{'identify_base_case': 0, 'prove_base_case': 0, 'hypothesis_stated': 0, 'hypothesis_given_bound': 0, 'goal_clear': 0, 'expression_decomposed': 0, 'inductive_hypothesis_applied': 0}",0.01
17,"Use (strong) induction to prove the following claim: Claim: \(\displaystyle\sum_{p=0}^n (p \cdot p!) = (n+1)! - 1\), for all natural numbers \(n\). Recall that \(0!\) is defined to be 1.",Base Case: 0! = 1 Inductive Hypothesis: Inductive Step: QED,"{'has_proof': True, 'length': 59, 'has_base_case': True, 'has_induction_hypothesis': True, 'has_induction_step': True, 'has_qed': True, 'quality_score': 6.12}","{'identify_base_case': 0, 'prove_base_case': 0, 'hypothesis_stated': 0, 'hypothesis_given_bound': 0, 'goal_clear': 0, 'expression_decomposed': 0, 'inductive_hypothesis_applied': 0}",6.12
18,"Use (strong) induction to prove the following claim: Claim: \(\displaystyle\sum_{p=0}^n (p \cdot p!) = (n+1)! - 1\), for all natural numbers \(n\). Recall that \(0!\) is defined to be 1.","Proof by induction on n. Inductive Predicate: \\sum_{p=0}^{n}\ \(p*p!)=(n+1)!-1\ for all natural numbers n. Best Case: P(0) = \\sum_{p=0}^{n}\ \(p*p!) = 0\ and \(n+1)!-1 = 0\. Inductive Hypothesis: For some k, \\sum_{p=0}^{n}\ \(p*p!) = (n+1)!-1\ when n is 0 . . . k. Inductive Step: We need to prove that \\sum_{p=0}^{k+1}\ \(p*p!) = ((k+1)+1)!-1\. By some algebra, \((p + 1))* (p+1)!) = ((k+1)+1)!-1\ . . . \\sum_{p=0}^{n}\ \(p*p!)=(n+1)!-1\ for all natural numbers n.","{'has_proof': True, 'length': 470, 'has_base_case': False, 'has_induction_hypothesis': True, 'has_induction_step': True, 'has_qed': False, 'quality_score': 3.94}","{'identify_base_case': 2, 'prove_base_case': 2, 'hypothesis_stated': 2, 'hypothesis_given_bound': 2, 'goal_clear': 2, 'expression_decomposed': 0, 'inductive_hypothesis_applied': 0}",5.368571428571428
19,"Use (strong) induction to prove the following claim: Claim: \(\displaystyle\sum_{p=0}^n (p \cdot p!) = (n+1)! - 1\), for all natural numbers \(n\). Recall that \(0!\) is defined to be 1.","Taking the base case , n = 0 we get \\sum_{p=0}^{0}\(p.p!) = 0.0! = 0*1 = 0 and (0+1)!-1=1-1=0. Thus the claim is true for base case. Let the claim be true for all integers n in (0,1,2...k-1),. So, \\sum_{p=0}^{k-1}(p.p!) = k!-1. The goal is to rove that it is true for k also. We can say that \\sum_{p=0}^{k}\ f(k) - \\sum_{p=0}^{k-1}$ f(k-1) = f(k) where f(p) = (p.p!). ((k+1)! - 1) - (k! - 1) = (k+1)! - k! = k!(k+1-1) = k.k! = f(k). Hence the claim is true for k, which is what we needed to show.","{'has_proof': True, 'length': 500, 'has_base_case': True, 'has_induction_hypothesis': False, 'has_induction_step': False, 'has_qed': False, 'quality_score': 2.5}","{'identify_base_case': 2, 'prove_base_case': 2, 'hypothesis_stated': 2, 'hypothesis_given_bound': 2, 'goal_clear': 2, 'expression_decomposed': 2, 'inductive_hypothesis_applied': 1}",4.357142857142858
20,"Use (strong) induction to prove the following claim: Claim: \(\displaystyle\sum_{p=0}^n (p \cdot p!) = (n+1)! - 1\), for all natural numbers \(n\). Recall that \(0!\) is defined to be 1.","for our base case let us note that when n = 0, \\sum_{p=0}^{n}\ (p* p!) = 0 and (1)! - 1 = 0 next suppose suppose as our inductive hypothesis that for some k, \\sum_{p=0}^{n}\ (p* p!) = (n+1)! - 1 for each n in 0...k now to finish we need to show that \\sum_{p=0}^{k}\ (p*p!) = (k+1)! - 1","{'has_proof': True, 'length': 288, 'has_base_case': True, 'has_induction_hypothesis': True, 'has_induction_step': False, 'has_qed': False, 'quality_score': 3.58}","{'identify_base_case': 2, 'prove_base_case': 2, 'hypothesis_stated': 2, 'hypothesis_given_bound': 2, 'goal_clear': 0, 'expression_decomposed': 0, 'inductive_hypothesis_applied': 0}",4.722857142857142
21,"Use (strong) induction to prove the following claim: Claim: \(\displaystyle\sum_{p=0}^n (p \cdot p!) = (n+1)! - 1\), for all natural numbers \(n\). Recall that \(0!\) is defined to be 1.","Suppose n = 0: Then, \\sum_{p=0}^{0}(p * p!\) = 0 (1)! - 1 = 0 Suppose n = 1: Then, \\sum_{p=0}^{1}(p * p!\) = (0 * 0)! + (1 * 1)! = 1 (2)! - 1 = 1 For n = 0, n = 1, \\sum_{p=0}^{n}(p * p!\) = (n + 1)! - 1 For all n, \\sum_{p=0}^{n}(p * p!\) = (n + 1)! - 1","{'has_proof': True, 'length': 256, 'has_base_case': False, 'has_induction_hypothesis': False, 'has_induction_step': False, 'has_qed': False, 'quality_score': 0.51}","{'identify_base_case': 0, 'prove_base_case': 0, 'hypothesis_stated': 0, 'hypothesis_given_bound': 0, 'goal_clear': 0, 'expression_decomposed': 0, 'inductive_hypothesis_applied': 0}",0.51
22,"Use (strong) induction to prove the following claim: Claim: \(\displaystyle\sum_{p=0}^n (p \cdot p!) = (n+1)! - 1\), for all natural numbers \(n\). Recall that \(0!\) is defined to be 1.","I don't really remember how to do this other than what I have written below... We will prove this claim using induction. The claim is that \\sum_{p=0}^{n}\(p * p!) =(n + 1)! - 1. for all natural numbers n. The base case for this is if n = 0. If n = 0, \\sum_{p=0}^{n}\(p * p!) = 0 and (n + 1)! - 1 = 0. Thus the base case is proven Inductive hypothesis: Let k = any natural number. Then, \\sum_{p=0}^{k}\(p * p!) = (k + 1)! - 1 = 0. Inductive step: \\sum_{p=0}^{k + 1}\(p * p!) = ((k + 1) + 1)! - 1 = 0.","{'has_proof': True, 'length': 503, 'has_base_case': True, 'has_induction_hypothesis': True, 'has_induction_step': True, 'has_qed': False, 'quality_score': 5.51}","{'identify_base_case': 2, 'prove_base_case': 2, 'hypothesis_stated': 2, 'hypothesis_given_bound': 2, 'goal_clear': 2, 'expression_decomposed': 0, 'inductive_hypothesis_applied': 0}",6.938571428571429
23,"Use (strong) induction to prove the following claim: Claim: \(\displaystyle\sum_{p=0}^n (p \cdot p!) = (n+1)! - 1\), for all natural numbers \(n\). Recall that \(0!\) is defined to be 1.","n = 0: \\sum_{p=0}^{0}\ (0*0!) = 1!-1 = 0; let n = k, \\sum_{p=0}^{k}\ (p*p!) = (k+1)!-1 be true: let n = k+1; \\sum_{p=0}^{k+1}\ (p*p!) = \\sum_{p=0}^{k}\ (p*p!) + k*(k+1)!+(k+1)! = (k+1)!-1 + k*(k+1)!+(k+1)! = (k+1)!*(k+2)-1 = (k+2)!-1; if n=k is true, n=k+1 has to be true, so the claim is true.","{'has_proof': True, 'length': 298, 'has_base_case': False, 'has_induction_hypothesis': False, 'has_induction_step': False, 'has_qed': False, 'quality_score': 0.6}","{'identify_base_case': 2, 'prove_base_case': 2, 'hypothesis_stated': 2, 'hypothesis_given_bound': 2, 'goal_clear': 2, 'expression_decomposed': 2, 'inductive_hypothesis_applied': 2}",2.6
24,"Use (strong) induction to prove the following claim: Claim: \(\displaystyle\sum_{p=0}^n (p \cdot p!) = (n+1)! - 1\), for all natural numbers \(n\). Recall that \(0!\) is defined to be 1.","Proof by induction on \n\. Base Case: If \n=0\, \\sum_{p=0}^0(p\times{p!})=0\, and \(0+1)!-1=0\, so \P(0)\ is true. Inductive Hypothesis: \\sum_{p=0}^n(p\times{p!})=(n+1)!-1\ for \n\ in \0...k\, for \k\ge0\. Inductive Step: We need to prove that \\sum_{p=0}^{k+1}(p\times{p!})=(k+2)!-1\.","{'has_proof': True, 'length': 287, 'has_base_case': True, 'has_induction_hypothesis': True, 'has_induction_step': True, 'has_qed': False, 'quality_score': 5.07}","{'identify_base_case': 2, 'prove_base_case': 2, 'hypothesis_stated': 2, 'hypothesis_given_bound': 2, 'goal_clear': 2, 'expression_decomposed': 0, 'inductive_hypothesis_applied': 0}",6.498571428571429
25,"Use (strong) induction to prove the following claim: Claim: \(\displaystyle\sum_{p=0}^n (p \cdot p!) = (n+1)! - 1\), for all natural numbers \(n\). Recall that \(0!\) is defined to be 1.","For our base case note that at k=0, \\sum_{p=0}^{0}(p*p!)\ = 0 and \(n+1)!-1 = 0\. Thus, for our inductive hypothesis k+1, the first equation is equal to 1 \(1*1!)\ and the second equation is equal to 1 as well \(2! - 1)\. Thus, we needed to show that \\sum_{p=0}^{n}(p*p!) = (n+1)!-1\, which it does so the claim is true.","{'has_proof': True, 'length': 322, 'has_base_case': True, 'has_induction_hypothesis': True, 'has_induction_step': False, 'has_qed': False, 'quality_score': 3.64}","{'identify_base_case': 2, 'prove_base_case': 1, 'hypothesis_stated': 0, 'hypothesis_given_bound': 0, 'goal_clear': 0, 'expression_decomposed': 0, 'inductive_hypothesis_applied': 0}",4.0685714285714285
26,"Use (strong) induction to prove the following claim: Claim: \(\displaystyle\sum_{p=0}^n (p \cdot p!) = (n+1)! - 1\), for all natural numbers \(n\). Recall that \(0!\) is defined to be 1.","Proof by Induction on n For our base case, note that when n=0 \\sum_{p=0}^{n=0}\(p*p!) = 0 and (0+1)!-1 = 0 Suppose as our Inductive Hypothesis that \\sum_{p=0}^{n}\(p*p!)=(n+1)!-1 for n in 0...k+1 k\\geq\0 Now to finish we need to show that \\sum_{p=0}^{k+1}\(p*p!)=(k+2)!-1","{'has_proof': True, 'length': 275, 'has_base_case': True, 'has_induction_hypothesis': True, 'has_induction_step': False, 'has_qed': False, 'quality_score': 3.55}","{'identify_base_case': 2, 'prove_base_case': 2, 'hypothesis_stated': 2, 'hypothesis_given_bound': 2, 'goal_clear': 2, 'expression_decomposed': 0, 'inductive_hypothesis_applied': 0}",4.978571428571429
27,"Use (strong) induction to prove the following claim: Claim: \(\displaystyle\sum_{p=0}^n (p \cdot p!) = (n+1)! - 1\), for all natural numbers \(n\). Recall that \(0!\) is defined to be 1.","for(n=0), the \\sum_{n}{p=0}p*p!=0, and (n+1)!-1=0, so it is true. Suppose that \\sum_{n}{p=0}p*p!=(n+1)!-1, for all natural number n, n is 0~~~k. So $\sum_{k}{p=0}k*k!.","{'has_proof': True, 'length': 169, 'has_base_case': False, 'has_induction_hypothesis': False, 'has_induction_step': False, 'has_qed': False, 'quality_score': 0.34}","{'identify_base_case': 2, 'prove_base_case': 2, 'hypothesis_stated': 2, 'hypothesis_given_bound': 2, 'goal_clear': 0, 'expression_decomposed': 0, 'inductive_hypothesis_applied': 0}",1.4828571428571429
28,"Use (strong) induction to prove the following claim: Claim: \(\displaystyle\sum_{p=0}^n (p \cdot p!) = (n+1)! - 1\), for all natural numbers \(n\). Recall that \(0!\) is defined to be 1.","let p and n be arbirtary real number since p * p! is the base, and it starts at 0, and 0! = 1, the entire thing should be (something)! + 1 thus you need to subtract 1 from it.","{'has_proof': True, 'length': 175, 'has_base_case': False, 'has_induction_hypothesis': False, 'has_induction_step': False, 'has_qed': False, 'quality_score': 0.35}","{'identify_base_case': 0, 'prove_base_case': 0, 'hypothesis_stated': 0, 'hypothesis_given_bound': 0, 'goal_clear': 0, 'expression_decomposed': 0, 'inductive_hypothesis_applied': 0}",0.35
29,"Use (strong) induction to prove the following claim: Claim: \(\displaystyle\sum_{p=0}^n (p \cdot p!) = (n+1)! - 1\), for all natural numbers \(n\). Recall that \(0!\) is defined to be 1.","When \n = 1, \sum_{p=0}^{0}(p*p!) =1\ and \(0+1)!-1 = 1! - 1 = 1 - 1 = 0\ meaning that \\sum_{p=0}^{0}(p*p!) = (0+1)!-1\. For some \k, \sum_{p=0}^{n}(p*p!) = (1+1)!-1\ for each \k\ in \0, 1, 2, ..., k.\ Now we need to show that \\sum_{p=0}^{k+1}(p*p!) =(k+2)!-1\. ... Not sure what's next.","{'has_proof': True, 'length': 289, 'has_base_case': False, 'has_induction_hypothesis': False, 'has_induction_step': False, 'has_qed': False, 'quality_score': 0.58}","{'identify_base_case': 2, 'prove_base_case': 2, 'hypothesis_stated': 2, 'hypothesis_given_bound': 2, 'goal_clear': 2, 'expression_decomposed': 0, 'inductive_hypothesis_applied': 0}",2.0085714285714285
30,"Use (strong) induction to prove the following claim: Claim: \(\displaystyle\sum_{p=0}^n (p \cdot p!) = (n+1)! - 1\), for all natural numbers \(n\). Recall that \(0!\) is defined to be 1.","Prove by induction. Base case: g(0): LHS=0=RHS, so it is true for n = 0. Consider it is true for n = k, and prove it is true for n = k + 1. Then p(k) = \\sum_{p=0}^{k}\ (p*p!) = (k + 1)! - 1 is true. Consider n = k + 1 Then p(k+1) = \\sum_{p=0}^{k}\ (p*p!) = (k + 1 + 1)! - 1","{'has_proof': True, 'length': 275, 'has_base_case': True, 'has_induction_hypothesis': False, 'has_induction_step': False, 'has_qed': False, 'quality_score': 2.05}","{'identify_base_case': 2, 'prove_base_case': 1, 'hypothesis_stated': 2, 'hypothesis_given_bound': 2, 'goal_clear': 2, 'expression_decomposed': 0, 'inductive_hypothesis_applied': 0}",3.3357142857142854
31,"Use (strong) induction to prove the following claim: Claim: \(\displaystyle\sum_{p=0}^n (p \cdot p!) = (n+1)! - 1\), for all natural numbers \(n\). Recall that \(0!\) is defined to be 1.","We will use proof by induction. Suppose there are natural numbers n where \\sum_{p=0}^{n}\(p*p!) = (n+1)!-1. Base Case: When p=0, then n will equal 1, and 1 is a natural number which work. Induction Hypothesis: For some value k, \\sum_{p=0}^{n}\(p*p!) = (n+1)!-1 for any natural number n in 0...k. Induction Step: Consider \\sum_{p=0}^{n}\(p*p!) = (k+1)!-1 and \\sum_{p=0}^{n}\(p*p!) = ((k+1)+1)!-1. Induction Result: \\sum_{p=0}^{n}\(p*p!) = (n+1)!-1 for all natural numbers n. Which is what we need to prove.","{'has_proof': True, 'length': 510, 'has_base_case': True, 'has_induction_hypothesis': True, 'has_induction_step': True, 'has_qed': False, 'quality_score': 5.52}","{'identify_base_case': 2, 'prove_base_case': 2, 'hypothesis_stated': 2, 'hypothesis_given_bound': 2, 'goal_clear': 2, 'expression_decomposed': 0, 'inductive_hypothesis_applied': 0}",6.948571428571428
32,"Use (strong) induction to prove the following claim: Claim: \(\displaystyle\sum_{p=0}^n (p \cdot p!) = (n+1)! - 1\), for all natural numbers \(n\). Recall that \(0!\) is defined to be 1.","Let n be a natural number. Base Case Inductive Hypothesis Inductive Step Thus, \\sum_{n}{p=0}(p * p!) = (n + 1)! - 1\, QED","{'has_proof': True, 'length': 122, 'has_base_case': True, 'has_induction_hypothesis': True, 'has_induction_step': True, 'has_qed': True, 'quality_score': 6.24}","{'identify_base_case': 0, 'prove_base_case': 0, 'hypothesis_stated': 0, 'hypothesis_given_bound': 0, 'goal_clear': 0, 'expression_decomposed': 0, 'inductive_hypothesis_applied': 0}",6.24
33,"Use (strong) induction to prove the following claim: Claim: \(\displaystyle\sum_{p=0}^n (p \cdot p!) = (n+1)! - 1\), for all natural numbers \(n\). Recall that \(0!\) is defined to be 1.",\\sum_{p = 0}^{n}\ \(p*p!) = (n+1)! - 1\,"{'has_proof': True, 'length': 40, 'has_base_case': False, 'has_induction_hypothesis': False, 'has_induction_step': False, 'has_qed': False, 'quality_score': 0.08}","{'identify_base_case': 0, 'prove_base_case': 0, 'hypothesis_stated': 0, 'hypothesis_given_bound': 0, 'goal_clear': 0, 'expression_decomposed': 0, 'inductive_hypothesis_applied': 0}",0.08
34,"Use (strong) induction to prove the following claim: Claim: \(\displaystyle\sum_{p=0}^n (p \cdot p!) = (n+1)! - 1\), for all natural numbers \(n\). Recall that \(0!\) is defined to be 1.","Starting with the base case which is p = 0, which we can plug in and get (0+1)! - 1 which is equal to 0 which is a natural number. No using the inductive hypothesis we can changet the statement to \\sum_{p = 1}^{n}\ (p * p!) Which can be further simplified to 1 - \\sum_{p = 0}^{n}\ (p * p!) which can be further simplified to (n+1)! - 1 which is the claim that we wanted to prove in the first place.","{'has_proof': True, 'length': 400, 'has_base_case': True, 'has_induction_hypothesis': True, 'has_induction_step': False, 'has_qed': False, 'quality_score': 3.8}","{'identify_base_case': 2, 'prove_base_case': 2, 'hypothesis_stated': 0, 'hypothesis_given_bound': 0, 'goal_clear': 0, 'expression_decomposed': 0, 'inductive_hypothesis_applied': 0}",4.371428571428571
35,"Use (strong) induction to prove the following claim: Claim: \(\displaystyle\sum_{p=0}^n (p \cdot p!) = (n+1)! - 1\), for all natural numbers \(n\). Recall that \(0!\) is defined to be 1.","For our base case n = 0, \\sum_{0}^{p=0}\\(p*p!)=0\ and \(0+1!) -1 = 0 \ Next suppose our inductive hypothesis \\sum_{p=0}^{n}\\(p*p!)=\ \(n+1)! -1\ for \n\ in \0...k\ where \n>=0\. Now we need to show that \\sum_{p=0}^{n}\\(p*p!)=\\(k+1)! -1\","{'has_proof': True, 'length': 243, 'has_base_case': True, 'has_induction_hypothesis': True, 'has_induction_step': False, 'has_qed': False, 'quality_score': 3.49}","{'identify_base_case': 2, 'prove_base_case': 2, 'hypothesis_stated': 2, 'hypothesis_given_bound': 2, 'goal_clear': 0, 'expression_decomposed': 0, 'inductive_hypothesis_applied': 0}",4.632857142857143
36,"Use (strong) induction to prove the following claim: Claim: \(\displaystyle\sum_{p=0}^n (p \cdot p!) = (n+1)! - 1\), for all natural numbers \(n\). Recall that \(0!\) is defined to be 1.","Proof by induction n. For our base case, note that for n = 0, \\sum_{p=0}^{n}(p*p!) = 0 = (n+1)!-1\. Now suppose our Inductive Hypothesis is that for some k, \\sum_{p=0}^{n}(p*p!) = (n+1)!-1\ for each natural number n in 0....k . We must show that \\sum_{p=0}^{k+1}((k+1)*(k+1)!) = (k+2)!-1\. \\sum_{p=0}^{k+1}((k+1)*(k+1)!)= (k+1)^2(k!) \. Therefore since \\sum_{p=0}^{k+1}((k+1)*(k+1)!) = (k+2)!-1\ the claim is true.","{'has_proof': True, 'length': 419, 'has_base_case': True, 'has_induction_hypothesis': True, 'has_induction_step': False, 'has_qed': True, 'quality_score': 5.34}","{'identify_base_case': 2, 'prove_base_case': 2, 'hypothesis_stated': 2, 'hypothesis_given_bound': 2, 'goal_clear': 1, 'expression_decomposed': 0, 'inductive_hypothesis_applied': 0}",6.6257142857142854
37,"Use (strong) induction to prove the following claim: Claim: \(\displaystyle\sum_{p=0}^n (p \cdot p!) = (n+1)! - 1\), for all natural numbers \(n\). Recall that \(0!\) is defined to be 1.","Proof by induction Base case: n = 0, \\sum_{p=0}^{0}\ (p * p!) = 0 and (0 + 1)! - 1 = 0. Inductive hypothesis: \\sum_{p=0}^{n}\ (p * p!) = (n + 1)! - 1 for all n in 0,...,k Inductive step: we need to prove \\sum_{p=0}^{k+1}\ (p * p!) = (k + 2)! - 1 ((k+1)*(k+1)(k)) = (k+2)(k+1)(k) - 1 This is true, which is what we needed to show. QED","{'has_proof': True, 'length': 336, 'has_base_case': True, 'has_induction_hypothesis': True, 'has_induction_step': True, 'has_qed': True, 'quality_score': 6.67}","{'identify_base_case': 2, 'prove_base_case': 2, 'hypothesis_stated': 2, 'hypothesis_given_bound': 2, 'goal_clear': 2, 'expression_decomposed': 0, 'inductive_hypothesis_applied': 0}",8.098571428571429
38,"Use (strong) induction to prove the following claim: Claim: \(\displaystyle\sum_{p=0}^n (p \cdot p!) = (n+1)! - 1\), for all natural numbers \(n\). Recall that \(0!\) is defined to be 1.","Suppose predicate \P(n)\ holds when \\sum_{p=0}^{n}(p*p!) = (n+1)!-1\ for all natural numbers \n\.<br> Base case: when \n = 0\, \\sum_{p=0}^{n}(p*p!) = 0*1 = 0\, and \(0 + 1)! - 1=1-1=0\, so \P(0)\ hodls.<br> Inductive hypothesis: \P(n)\ holds for some \n\ that \n = 0, 1, 2,...,k - 1\ (where \k-1 >= 0\).<br> Inductive step: we need to prove that \\sum_{p=0}^{k}(p*p!)=(k+1)!-1\ .<br> \P(k) = \sum_{p=0}^{k}(p*p!) = \sum_{p=0}^{k - 1}(p*p!) + (k*k!)\.<br> from the Inductive hypothesis we know that \\sum_{p=0}^{k - 1}(p*p!)=k! -1\, <br> after substitution we get that \\sum_{p=0}^{k}(p*p!) = k!-1+(k*k!) = (k+1)k!-1=(k+1)!-1\, which is what we needed to prove.","{'has_proof': True, 'length': 662, 'has_base_case': True, 'has_induction_hypothesis': True, 'has_induction_step': True, 'has_qed': False, 'quality_score': 5.82}","{'identify_base_case': 2, 'prove_base_case': 2, 'hypothesis_stated': 2, 'hypothesis_given_bound': 2, 'goal_clear': 2, 'expression_decomposed': 2, 'inductive_hypothesis_applied': 2}",7.82
39,"Use (strong) induction to prove the following claim: Claim: \(\displaystyle\sum_{p=0}^n (p \cdot p!) = (n+1)! - 1\), for all natural numbers \(n\). Recall that \(0!\) is defined to be 1.","Proof by induction on n. Inductive prediction: \\sum_{p=0}^{n}(p\times p!)=(n+1)!-1\ Base case: when \p= n = 0, 0\times 0!=0, and \space (0+1)!-1 = 0, thus\space P(0)\space holds\ Inductive hypothesis: \\sum_{p=0}^{n}(p\times p!)=(n+1)!-1\ is true for all n in 0...k Inductive steps: then we need to prove that \\sum_{p=0}^{n}(p\times p!)=(n+1)!-1\ is also true for k+1 By inductive hypothesis, \\sum_{p=0}^{k}(p\times p!)=(k+1)!-1\ then \\sum_{p=0}^{k+1}(p\times p!)=\sum_{p=0}^{k}(p\times p!) + (k+1)\times (k+1)!\ which means \\sum_{p=0}^{k+1}(p\times p!)=(k+1)!-1 + (k+1)\times (k+1)!\ thus, \\sum_{p=0}^{k+1}(p\times p!)=(k+1)!\times (k+1+1)-1\ \=(k+2)!-1\ which is what we need to prove.","{'has_proof': True, 'length': 693, 'has_base_case': True, 'has_induction_hypothesis': True, 'has_induction_step': True, 'has_qed': False, 'quality_score': 5.89}","{'identify_base_case': 2, 'prove_base_case': 2, 'hypothesis_stated': 2, 'hypothesis_given_bound': 2, 'goal_clear': 2, 'expression_decomposed': 2, 'inductive_hypothesis_applied': 2}",7.89
40,"Use (strong) induction to prove the following claim: Claim: \(\displaystyle\sum_{p=0}^n (p \cdot p!) = (n+1)! - 1\), for all natural numbers \(n\). Recall that \(0!\) is defined to be 1.",Unsure,"{'has_proof': True, 'length': 6, 'has_base_case': False, 'has_induction_hypothesis': False, 'has_induction_step': False, 'has_qed': False, 'quality_score': 0.01}","{'identify_base_case': 0, 'prove_base_case': 0, 'hypothesis_stated': 0, 'hypothesis_given_bound': 0, 'goal_clear': 0, 'expression_decomposed': 0, 'inductive_hypothesis_applied': 0}",0.01
41,"Use (strong) induction to prove the following claim: Claim: \(\displaystyle\sum_{p=0}^n (p \cdot p!) = (n+1)! - 1\), for all natural numbers \(n\). Recall that \(0!\) is defined to be 1.","for the base case, when n = 0 \\sum_{0}^{0}\ (0 * 0!) = (0 + 1) ! - 1 = 0 next, suppose the hypothesis that for some k, \\sum_{0}^{n}\ (n * n!) = (n + 1) ! - 1 in k = 0, 1......k we need to prove that \\sum_{0}^{k}\ (k * k!) = (k + 1) ! - 1 since (k + 1) ! - 1 = k * k! + k !- 1, \\sum_{0}^{k}\ (k * k!) = (k * k!) + \\sum_{0}^{k-1}\ ((k - 1) * (k - 1)!) when we both eliminate k* k! from both sides, we get k! =\\sum_{0}^{k-1}\ ((k - 1) * (k - 1)!) continue this step we can eventually eventually prove that both sides are always equal as it finally reach the base case.","{'has_proof': True, 'length': 571, 'has_base_case': True, 'has_induction_hypothesis': False, 'has_induction_step': False, 'has_qed': False, 'quality_score': 2.64}","{'identify_base_case': 2, 'prove_base_case': 2, 'hypothesis_stated': 2, 'hypothesis_given_bound': 2, 'goal_clear': 1, 'expression_decomposed': 1, 'inductive_hypothesis_applied': 1}",4.211428571428572
42,"Use (strong) induction to prove the following claim: Claim: \(\displaystyle\sum_{p=0}^n (p \cdot p!) = (n+1)! - 1\), for all natural numbers \(n\). Recall that \(0!\) is defined to be 1.","let p = 0, then (p * p!) = 0 let n = 0, then (n + 1)! - 1 = 0 so we can asumme that \\sum_{p=0}^{n}\ (p * p!) = (n + 1)! - 1 for n = 0, 1, 2, 3.... k - 1 (k - 1 + 1)! - 1 = k! - 1","{'has_proof': True, 'length': 179, 'has_base_case': False, 'has_induction_hypothesis': False, 'has_induction_step': False, 'has_qed': False, 'quality_score': 0.36}","{'identify_base_case': 0, 'prove_base_case': 0, 'hypothesis_stated': 0, 'hypothesis_given_bound': 0, 'goal_clear': 0, 'expression_decomposed': 0, 'inductive_hypothesis_applied': 0}",0.36
43,"Use (strong) induction to prove the following claim: Claim: \(\displaystyle\sum_{p=0}^n (p \cdot p!) = (n+1)! - 1\), for all natural numbers \(n\). Recall that \(0!\) is defined to be 1.","For our base case, f(n) = \\sum_{p = 0}^{n} (p*p!) = (0 + 1)! - 1 = 0.\ Next, for our hypothesis, assume that \\sum_{p=0}^{n} (p*p!)\ where n > 0. Therefore, for our inductive step, \\sum_{k > 0}^{n} (n+1)! - 1\ ... Therefore, \\sum_{p = 0}^{n}(p*p!) = (n + 1)! - 1\","{'has_proof': True, 'length': 266, 'has_base_case': True, 'has_induction_hypothesis': False, 'has_induction_step': True, 'has_qed': True, 'quality_score': 5.03}","{'identify_base_case': 2, 'prove_base_case': 1, 'hypothesis_stated': 2, 'hypothesis_given_bound': 0, 'goal_clear': 1, 'expression_decomposed': 0, 'inductive_hypothesis_applied': 0}",5.887142857142857
44,"Use (strong) induction to prove the following claim: Claim: \(\displaystyle\sum_{p=0}^n (p \cdot p!) = (n+1)! - 1\), for all natural numbers \(n\). Recall that \(0!\) is defined to be 1.","Proof: by induction on n Base: Let n = 0. Then \\sum_{p=0}^{0}\(p * p!) = 0 an (0+1)! - 1 = 0. Induction: Suppose \\sum_{p=0}^{n}\(p * p!) = (n+1)! - 1 for all n = 0, ..., k -1. Then we must prove that \\sum_{p=0}^{k}\(p * p!) = (k+1)! - 1 ... Thus, \\sum_{p=0}^{n}\(p * p!) = (n+1)! - 1 for all natural numbers n.","{'has_proof': True, 'length': 314, 'has_base_case': False, 'has_induction_hypothesis': False, 'has_induction_step': False, 'has_qed': False, 'quality_score': 0.63}","{'identify_base_case': 2, 'prove_base_case': 2, 'hypothesis_stated': 2, 'hypothesis_given_bound': 2, 'goal_clear': 2, 'expression_decomposed': 0, 'inductive_hypothesis_applied': 0}",2.0585714285714287
45,"Use (strong) induction to prove the following claim: Claim: \(\displaystyle\sum_{p=0}^n (p \cdot p!) = (n+1)! - 1\), for all natural numbers \(n\). Recall that \(0!\) is defined to be 1.","Proof: Proof by induction n Base Case (For all natural numbers n): For n = 0 \\sum_{p=0}^{n}\ (P*P!) = 0 = 1-1 which is also 0, proving the claim to be true for the base case, n = 1, \\sum_{p=0}^{n}\ (P*P!) = 1 = 2! - 1, which is true. For n = 2, \\sum_{p=0}^{n}\ (P*P!) = 5 = 3! - 1, which is also true so for these two cases of numbers n = 1 and n = 2, we can prove the base cases. Induction Hypothesis: For some positive number k, \\sum_{p=0}^{n}\ (P*P!) = (n+1)! - 1, for all numbers n 1,2,3...k Induction Step: \\sum_{p=0}^{k+1}\ (P*P!) = (k+1+1)! - 1 Prove: When evaluating the induction step number by number, we can see that the results of the k+1 equation is equal to the right most (k+1+1)! - 1, proving that for all natural numbers n, the original statement stands. We can plug back n in for the final statement. Conclusion: \\sum_{p=0}^{n}\ (P*P!) = (n+1)! - 1 for all natural numbers n","{'has_proof': True, 'length': 898, 'has_base_case': True, 'has_induction_hypothesis': True, 'has_induction_step': True, 'has_qed': False, 'quality_score': 6.3}","{'identify_base_case': 2, 'prove_base_case': 1, 'hypothesis_stated': 2, 'hypothesis_given_bound': 2, 'goal_clear': 2, 'expression_decomposed': 0, 'inductive_hypothesis_applied': 0}",7.585714285714285
46,"Use (strong) induction to prove the following claim: Claim: \(\displaystyle\sum_{p=0}^n (p \cdot p!) = (n+1)! - 1\), for all natural numbers \(n\). Recall that \(0!\) is defined to be 1.","Prove by induction on \n\. \P(n): \sum_{p = 0}^{n} (p \times p!) = (n+1)! - 1\ for all natural number \n\. Base case: when \n = 0\, \\sum_{p = 0}^{n} (p \times p!) = 0\, \(n+1)! - 1 = 0\, which is equal. Suppose \p(n)\ is true for \n = 1, 2, ..., k-1\. We need to prove \p(n)\ is true for \n = k\. \p(k)\: \\sum_{p = 0}^{k} (p \times p!) = (k+1)! - 1\ Left side is equal to: \\sum_{p = 0}^{k-1} (p \times p!) + (k\times k!)\. Right side is equal to: \(k+1)k! -1\ Substituting using the hypothesis, we get: Left side is equal to \k! - 1 + (k\times k!) = (k+1)!-1\. Right side is equal to \(k+1)! -1\. So the left is equal to right, \p(k)\ is true. Q.E.D.","{'has_proof': True, 'length': 653, 'has_base_case': True, 'has_induction_hypothesis': False, 'has_induction_step': False, 'has_qed': True, 'quality_score': 4.31}","{'identify_base_case': 2, 'prove_base_case': 2, 'hypothesis_stated': 2, 'hypothesis_given_bound': 2, 'goal_clear': 2, 'expression_decomposed': 2, 'inductive_hypothesis_applied': 2}",6.31
47,"Use (strong) induction to prove the following claim: Claim: \(\displaystyle\sum_{p=0}^n (p \cdot p!) = (n+1)! - 1\), for all natural numbers \(n\). Recall that \(0!\) is defined to be 1.","Hypothesis: \\sum_{p=0}^{n}\ (p*p!) = (n+1)!-1 is true for 0, 1, 2 , ... , k for some integers k. Base case n = 0, \\sum_{p=0}^{0}\ = 0 (0+1)!-1 = 0 base case is right","{'has_proof': True, 'length': 167, 'has_base_case': True, 'has_induction_hypothesis': False, 'has_induction_step': False, 'has_qed': False, 'quality_score': 1.83}","{'identify_base_case': 2, 'prove_base_case': 2, 'hypothesis_stated': 2, 'hypothesis_given_bound': 2, 'goal_clear': 0, 'expression_decomposed': 0, 'inductive_hypothesis_applied': 0}",2.972857142857143
48,"Use (strong) induction to prove the following claim: Claim: \(\displaystyle\sum_{p=0}^n (p \cdot p!) = (n+1)! - 1\), for all natural numbers \(n\). Recall that \(0!\) is defined to be 1.","Base Case: Let \n=0\. Then, \\sum_{p=0}^{0}(pp!) = (0 * 0 !) = 0 = (1)! - 1 = 0\. Since both sides hold true, the base case is indeed shown to be true. Inductive hypothesis: Suppose for all \n: 0, ..., k \in \mathbb{N}\, \\sum_{p=0}^{k} (pp!)= (k+1)! -1\. Inductive step: We must prove that \\sum_{p=0}^{k + 1} (pp!)= (k+2)! -1\. Separating the summation, we get that \\sum_{p=0}^{k + 1} (pp!) = \sum_{p=0}^{k} (pp!) + (k+1)(k+1)!\. Substituting the inductive hypothesis gives that \\sum_{p=0}^{k + 1} (pp!) = (k+1)! -1 + (k+1)(k+1)!\. Factoring out \(k+1)!\ gives \(k+1)! -1 + (k+1)(k+1)! = (k+1)!(k+1+1) - 1 = (k+1)!(k+2) - 1\. Combining the factorial with the number one greater, it can be shown that \\sum_{p=0}^{k + 1} (pp!) = (k+2)! -1\, which is what was to be shown.","{'has_proof': True, 'length': 774, 'has_base_case': True, 'has_induction_hypothesis': True, 'has_induction_step': True, 'has_qed': False, 'quality_score': 6.05}","{'identify_base_case': 2, 'prove_base_case': 2, 'hypothesis_stated': 2, 'hypothesis_given_bound': 2, 'goal_clear': 2, 'expression_decomposed': 2, 'inductive_hypothesis_applied': 2}",8.05
49,"Use (strong) induction to prove the following claim: Claim: \(\displaystyle\sum_{p=0}^n (p \cdot p!) = (n+1)! - 1\), for all natural numbers \(n\). Recall that \(0!\) is defined to be 1.",(0 x 0!) = (0+1)! - 1 = 0,"{'has_proof': True, 'length': 25, 'has_base_case': False, 'has_induction_hypothesis': False, 'has_induction_step': False, 'has_qed': False, 'quality_score': 0.05}","{'identify_base_case': 0, 'prove_base_case': 0, 'hypothesis_stated': 0, 'hypothesis_given_bound': 0, 'goal_clear': 0, 'expression_decomposed': 0, 'inductive_hypothesis_applied': 0}",0.05
50,"Use (strong) induction to prove the following claim: Claim: \(\displaystyle\sum_{p=0}^n (p \cdot p!) = (n+1)! - 1\), for all natural numbers \(n\). Recall that \(0!\) is defined to be 1.","\\sum_{p=0}^{n}(p*p!)=(n+1)!-1\ For our base case, when n=0. \\sum_{p=0}^{0}(p*p!)=(0+1)!-1\=0. when n=1. \\sum_{p=0}^{1}(p*p!)=(1+1)!-1\=1. Next, suppose as our Inductive Hypothesis that for some k, \\sum_{p=0}^{n}(p*p!)=(n+1)!-1\ for n in 0...k","{'has_proof': True, 'length': 246, 'has_base_case': True, 'has_induction_hypothesis': True, 'has_induction_step': False, 'has_qed': False, 'quality_score': 3.49}","{'identify_base_case': 2, 'prove_base_case': 2, 'hypothesis_stated': 2, 'hypothesis_given_bound': 2, 'goal_clear': 0, 'expression_decomposed': 0, 'inductive_hypothesis_applied': 0}",4.632857142857143
51,"Use (strong) induction to prove the following claim: Claim: \(\displaystyle\sum_{p=0}^n (p \cdot p!) = (n+1)! - 1\), for all natural numbers \(n\). Recall that \(0!\) is defined to be 1.","For our base case, note that when n = 1, \\sum_{p=0}^{n}\ (p*p!) = 0 and (n+1)! - 1 = 0 for all natural numbers n. Next, suppose as our Inductive Hypothesis that for some k, \\sum_{p=0}^{n}\ (p*p!) = (n+1)! - 1 is true for each n in 0...k. Now to finish we need to show that \\sum_{p=0}^{k}\ (p*p!) = (k+1)! - 1. Let us assume k = 1, then \\sum_{p=0}^{k}\ (p*p!) = 0 and (k+1)! - 1 = 0. Thus proven","{'has_proof': True, 'length': 398, 'has_base_case': True, 'has_induction_hypothesis': True, 'has_induction_step': False, 'has_qed': False, 'quality_score': 3.8}","{'identify_base_case': 2, 'prove_base_case': 1, 'hypothesis_stated': 2, 'hypothesis_given_bound': 2, 'goal_clear': 1, 'expression_decomposed': 0, 'inductive_hypothesis_applied': 0}",4.942857142857143
52,"Use (strong) induction to prove the following claim: Claim: \(\displaystyle\sum_{p=0}^n (p \cdot p!) = (n+1)! - 1\), for all natural numbers \(n\). Recall that \(0!\) is defined to be 1.","We will use proof by induction. Inductive Predicate: \\sum_{p=0}^{n}\ = (n + 1)! - 1, for all natural numbers n. Base Case: Note that when n = 1, \\sum_{p=0}^{n}\ = (1 + 1) - 1 = 2. Inductive Hypothesis: For some k, \\sum_{p=0}^{n}\ (n + 1)! - 1 for each n . . . k. Inductive Step: For some k, \\sum_{p=0}^{n + 1}\ (n + 2)! - 1 for each n . . . k - 1.","{'has_proof': True, 'length': 351, 'has_base_case': True, 'has_induction_hypothesis': True, 'has_induction_step': True, 'has_qed': False, 'quality_score': 5.2}","{'identify_base_case': 2, 'prove_base_case': 1, 'hypothesis_stated': 2, 'hypothesis_given_bound': 2, 'goal_clear': 1, 'expression_decomposed': 0, 'inductive_hypothesis_applied': 0}",6.342857142857143
53,"Use (strong) induction to prove the following claim: Claim: \(\displaystyle\sum_{p=0}^n (p \cdot p!) = (n+1)! - 1\), for all natural numbers \(n\). Recall that \(0!\) is defined to be 1.",\\sum_{n}^{p = 0}\ (p * p!) = \\sum_{n}^{p = 0}\ (p * p* (p - 1) * (p - 2) * p.... \\sum_{n}^{p = 0}\ (p + 1)! - 1 = \\sum_{n}^{p = 0}\ (n + 1)! - 1,"{'has_proof': True, 'length': 148, 'has_base_case': False, 'has_induction_hypothesis': False, 'has_induction_step': False, 'has_qed': False, 'quality_score': 0.3}","{'identify_base_case': 0, 'prove_base_case': 0, 'hypothesis_stated': 0, 'hypothesis_given_bound': 0, 'goal_clear': 0, 'expression_decomposed': 0, 'inductive_hypothesis_applied': 0}",0.3
54,"Use (strong) induction to prove the following claim: Claim: \(\displaystyle\sum_{p=0}^n (p \cdot p!) = (n+1)! - 1\), for all natural numbers \(n\). Recall that \(0!\) is defined to be 1.","base case 0 = 0, base case holds need to prove \\sum_{p=0}^{n+1}(p*p!)=(n+2)!-1\ \\sum_{p=0}^{n}(p*p!)\*\((n+1)*(n+1)!\=\((n+1)!-1)((n+1)(n+1)!)\","{'has_proof': True, 'length': 145, 'has_base_case': True, 'has_induction_hypothesis': False, 'has_induction_step': False, 'has_qed': False, 'quality_score': 1.79}","{'identify_base_case': 0, 'prove_base_case': 0, 'hypothesis_stated': 0, 'hypothesis_given_bound': 0, 'goal_clear': 0, 'expression_decomposed': 0, 'inductive_hypothesis_applied': 0}",1.79
55,"Use (strong) induction to prove the following claim: Claim: \(\displaystyle\sum_{p=0}^n (p \cdot p!) = (n+1)! - 1\), for all natural numbers \(n\). Recall that \(0!\) is defined to be 1.","Let's prove the claim \\sum_{p=0}^{n}(p*p!)=(n+1)!-1\, for all natural numbers \n\. For our base case, let \n=0\. \\sum_{p=0}^{0}(p*p!)=(0*0!)=(0*1)=0\. Likewise, \(0+1)!-1=1!-1=1-1=0\. Therefore, our base case supports the presented claim. Let the inductive hypothesis suppose that for some \k\, \\sum_{p=0}^{n}(p*p!)=(n+1)!-1\ for each \n\ in \0...k\. We must prove that \\sum_{p=0}^{k+1}(p*p!)=((k+1)+1)!-1\. We can write the summation to be \\sum_{p=0}^{k+1}(p*p!)=((k+1)*(k+1)!)+\sum_{p=0}^{k}(p*p!)\. Since we know that \\sum_{p=0}^{k}(p*p!)=(k+1)!-1\, we can rewrite the right side of the equation as \((k+1)*(k+1)!)+(k+1)!-1\. Rearranging the right side again, we get \\sum_{p=0}^{k+1}(p*p!)=(k+1)!*((k+1)+1)-1\. Since \((k+1)+1)!=((k+1)+1)*(k+1)!\, we can further simplify the right side of the equation to be \\sum_{p=0}^{k+1}(p*p!)=((k+1)+1)!-1\, which is what we needed to show.","{'has_proof': True, 'length': 890, 'has_base_case': True, 'has_induction_hypothesis': True, 'has_induction_step': False, 'has_qed': True, 'quality_score': 6.28}","{'identify_base_case': 2, 'prove_base_case': 2, 'hypothesis_stated': 2, 'hypothesis_given_bound': 2, 'goal_clear': 2, 'expression_decomposed': 2, 'inductive_hypothesis_applied': 2}",8.280000000000001
56,"Use (strong) induction to prove the following claim: Claim: \(\displaystyle\sum_{p=0}^n (p \cdot p!) = (n+1)! - 1\), for all natural numbers \(n\). Recall that \(0!\) is defined to be 1.","Base case: When n = 0, left =0, right = 0, so the claim is correct. Hypothesis: for some integer k > 0, the claim is correct for n = 0,1,2...k-1. Try to prove that the claim is corrct for n = k. \\sum_{p = 0}^{k}(p*p!)\ = \\sum_{p=0}^{k - 1}\ + k*k! = k! - 1 + k*k! = (k+1)! - 1 = right Then for all natural numbers n, the claim is correct.","{'has_proof': True, 'length': 340, 'has_base_case': True, 'has_induction_hypothesis': False, 'has_induction_step': False, 'has_qed': False, 'quality_score': 2.18}","{'identify_base_case': 2, 'prove_base_case': 1, 'hypothesis_stated': 2, 'hypothesis_given_bound': 2, 'goal_clear': 2, 'expression_decomposed': 2, 'inductive_hypothesis_applied': 2}",4.037142857142857
57,"Use (strong) induction to prove the following claim: Claim: \(\displaystyle\sum_{p=0}^n (p \cdot p!) = (n+1)! - 1\), for all natural numbers \(n\). Recall that \(0!\) is defined to be 1.","Prove by induction of n. We will prove that \\sum_{p = 0}^{n} (p * p!) = (n+1)! - 1\ for all natural numbers n. First, we will prove the base case. Suppose that n = 0. \\sum_{p = 0}^{0} = (0 * 0!) = 0\, and \(0 + 1)! - 1 = 0\. So the claim holds true for n = 0. Induction hypothesis: \\sum_{p = 0}^{n} (0 * 0!) = (n + 1)! - 1\ for when n = some k in \(0, 1, 2, ..., k - 1)\, where k is a natural number. We will need to prove that the claim holds true for k. Simplifying, \\sum_{p = 0}^{k} = (p * p!) = \, and the sum of this is \k! * (k! * \ and for \k, (k + 1)! - 1 \ So, for all natural numbers n, \\sum_{p = 0}^{n} (p * p!) = (n+1)! - 1\, which is what we were trying to prove.","{'has_proof': True, 'length': 681, 'has_base_case': True, 'has_induction_hypothesis': True, 'has_induction_step': False, 'has_qed': False, 'quality_score': 4.36}","{'identify_base_case': 2, 'prove_base_case': 2, 'hypothesis_stated': 2, 'hypothesis_given_bound': 2, 'goal_clear': 2, 'expression_decomposed': 2, 'inductive_hypothesis_applied': 2}",6.36
58,"Use (strong) induction to prove the following claim: Claim: \(\displaystyle\sum_{p=0}^n (p \cdot p!) = (n+1)! - 1\), for all natural numbers \(n\). Recall that \(0!\) is defined to be 1.","Let n be any natural number. Base case: n = 0: (0*0!) = 0 (0+1)! - 1 = 0 Base case: n = 1: (1*1!) = 1 (1+1)! - 1 = 1 Therefore, \\sum_{p=0}^{n} (p*p!) = (n+1)! - 1\. QED.","{'has_proof': True, 'length': 170, 'has_base_case': True, 'has_induction_hypothesis': False, 'has_induction_step': False, 'has_qed': True, 'quality_score': 3.34}","{'identify_base_case': 2, 'prove_base_case': 2, 'hypothesis_stated': 0, 'hypothesis_given_bound': 0, 'goal_clear': 0, 'expression_decomposed': 0, 'inductive_hypothesis_applied': 0}",3.911428571428571
59,"Use (strong) induction to prove the following claim: Claim: \(\displaystyle\sum_{p=0}^n (p \cdot p!) = (n+1)! - 1\), for all natural numbers \(n\). Recall that \(0!\) is defined to be 1.",?,"{'has_proof': True, 'length': 1, 'has_base_case': False, 'has_induction_hypothesis': False, 'has_induction_step': False, 'has_qed': False, 'quality_score': 0.0}","{'identify_base_case': 0, 'prove_base_case': 0, 'hypothesis_stated': 0, 'hypothesis_given_bound': 0, 'goal_clear': 0, 'expression_decomposed': 0, 'inductive_hypothesis_applied': 0}",0.0
60,"Use (strong) induction to prove the following claim: Claim: \(\displaystyle\sum_{p=0}^n (p \cdot p!) = (n+1)! - 1\), for all natural numbers \(n\). Recall that \(0!\) is defined to be 1.","Our base case is that when p=0, (0*0!) = 0. And, (0+1)!-1 = 1-1 = 0. Inductive hypothesis is that for an integer k, \\sum_{p=0}^{n}\ (p*p!) should = (k+1)!-1 from k values 0...k Suppose k = 3. \\sum_{p=0}^{3}\ (p*p!) = (0*0)+(1*1)+(2*2)+(3*6)=23. And (3+1)!-1 = 24-1 = 23. This same logic can be applied for k=1, and for any other numbers greater than 0. Therefore, the claim is proven to be true.","{'has_proof': True, 'length': 397, 'has_base_case': True, 'has_induction_hypothesis': True, 'has_induction_step': False, 'has_qed': True, 'quality_score': 5.29}","{'identify_base_case': 2, 'prove_base_case': 2, 'hypothesis_stated': 2, 'hypothesis_given_bound': 2, 'goal_clear': 0, 'expression_decomposed': 0, 'inductive_hypothesis_applied': 0}",6.432857142857143
61,"Use (strong) induction to prove the following claim: Claim: \(\displaystyle\sum_{p=0}^n (p \cdot p!) = (n+1)! - 1\), for all natural numbers \(n\). Recall that \(0!\) is defined to be 1.","Proof inducted on n. P(n) predicated over all natural numbers n. Base case: For P(0), \\sum_{p = 0}^{0}\(p * p!) = 0, and (0 + 1)! - 1 = 0, so P(0) holds. Inductive hypothesis: \\sum_{p = 0}^{n}\(p * p!) = (n + 1)! - 1 for n = 0,1, ... , k - 1 (where k >= 2). Inductive step: We need to prove \\sum_{p = 0}^{k}\(p * p!) = (k + 1)! - 1. It is easy to see that \\sum_{p = 0}^{k}\(p * p!) = \\sum_{p = 0}^{k - 1}\(p * p!) + k * k!. By the inductive hypothesis, \\sum_{p = 0}^{k - 1}\(p * p!) = k! - 1. Combining these two facts, \\sum_{p = 0}^{k}\(p * p!) = k! - 1 + k * k! = k! * (k + 1) - 1 = (k + 1)! - 1, which is what we needed to prove.","{'has_proof': True, 'length': 639, 'has_base_case': True, 'has_induction_hypothesis': True, 'has_induction_step': True, 'has_qed': False, 'quality_score': 5.78}","{'identify_base_case': 2, 'prove_base_case': 2, 'hypothesis_stated': 2, 'hypothesis_given_bound': 2, 'goal_clear': 2, 'expression_decomposed': 2, 'inductive_hypothesis_applied': 2}",7.78
62,"Use (strong) induction to prove the following claim: Claim: \(\displaystyle\sum_{p=0}^n (p \cdot p!) = (n+1)! - 1\), for all natural numbers \(n\). Recall that \(0!\) is defined to be 1.",i don't know induction and wasn't provided any documentation,"{'has_proof': True, 'length': 60, 'has_base_case': False, 'has_induction_hypothesis': False, 'has_induction_step': False, 'has_qed': False, 'quality_score': 0.12}","{'identify_base_case': 0, 'prove_base_case': 0, 'hypothesis_stated': 0, 'hypothesis_given_bound': 0, 'goal_clear': 0, 'expression_decomposed': 0, 'inductive_hypothesis_applied': 0}",0.12
63,"Use (strong) induction to prove the following claim: Claim: \(\displaystyle\sum_{p=0}^n (p \cdot p!) = (n+1)! - 1\), for all natural numbers \(n\). Recall that \(0!\) is defined to be 1.","Base case: Checking for \n = 1\ and \n = 2\, LHS = \\sum_{n = 1}^{1} (p*p!)= 1*1! = 1\. RHS = \(1 + 1)! - 1) = 2 - 1 = 1\. As LHS = RHS, this claim holds true for \n = 1\. For \n = 2\, LHS = \\sum_{p = 0}^{2} (p*p!) = 1*1! + 2*2! = 1 + 4 = 5\. RHS = \(2 + 1)! - 1 = 5\. As once again, LHS = RHS, the claim holds true for \n = 2\. Now, let \P(n)\ be true for some \k\. \\rightarrow \sum_{p = 0}^{k} (p*p!) = (k + 1)! - 1\. Taking this for some \k + 1\, we get LHS = \\sum_{p = 0}^{k + 1} (p*p!)\. This is equal to \\sum_{p = 0}^{k} (p*p!) + (k+1)(k+1)!.\ \= (k+1)! - 1 + (k+1)*(k+1)! = (k + 1)!(1+k+1) - 1 = (k + 2)! - 1\. This is equal to the right hand side, therefore, \P(n)\ holds for \n \in 1, 2, 3, ... k+1\. Therefore, by induction, \P(n)\ holds for \n \in 1,2,3,...k\, and the claim is true.","{'has_proof': True, 'length': 798, 'has_base_case': True, 'has_induction_hypothesis': False, 'has_induction_step': False, 'has_qed': True, 'quality_score': 4.6}","{'identify_base_case': 0, 'prove_base_case': 1, 'hypothesis_stated': 2, 'hypothesis_given_bound': 2, 'goal_clear': 2, 'expression_decomposed': 2, 'inductive_hypothesis_applied': 2}",6.171428571428571
64,"Use (strong) induction to prove the following claim: Claim: \(\displaystyle\sum_{p=0}^n (p \cdot p!) = (n+1)! - 1\), for all natural numbers \(n\). Recall that \(0!\) is defined to be 1.","Proof by induction for n Induction predicate: \\sum_{p = 0}^{n}\(p * p!) = (n + 1)! - 1 for all natural numbers n Base case: For n = 0, \\sum_{p = 0}^{0}\(p * p!) = 0, which is equal to (0 + 1)! - 1 = 0 Induction hypothesis: \\sum_{p = 0}^{n}\(p * p!) = (n + 1)! - 1 for n in 0...k - 1 Induction step: \\sum_{p = 0}^{k}\(p * p!) = (k + 1)! - 1 which is what we wanted to prove","{'has_proof': True, 'length': 376, 'has_base_case': True, 'has_induction_hypothesis': True, 'has_induction_step': True, 'has_qed': False, 'quality_score': 5.25}","{'identify_base_case': 2, 'prove_base_case': 2, 'hypothesis_stated': 2, 'hypothesis_given_bound': 2, 'goal_clear': 2, 'expression_decomposed': 0, 'inductive_hypothesis_applied': 0}",6.678571428571429
65,"Use (strong) induction to prove the following claim: Claim: \(\displaystyle\sum_{p=0}^n (p \cdot p!) = (n+1)! - 1\), for all natural numbers \(n\). Recall that \(0!\) is defined to be 1.",a,"{'has_proof': True, 'length': 1, 'has_base_case': False, 'has_induction_hypothesis': False, 'has_induction_step': False, 'has_qed': False, 'quality_score': 0.0}","{'identify_base_case': 0, 'prove_base_case': 0, 'hypothesis_stated': 0, 'hypothesis_given_bound': 0, 'goal_clear': 0, 'expression_decomposed': 0, 'inductive_hypothesis_applied': 0}",0.0
66,"Use (strong) induction to prove the following claim: Claim: \(\displaystyle\sum_{p=0}^n (p \cdot p!) = (n+1)! - 1\), for all natural numbers \(n\). Recall that \(0!\) is defined to be 1.","The base case: The claim is true when p = 0, and when p = 1. The inductive hypothesis is that there is some value k in the natural numbers such (n*n!) = (n+1)!-1 from 0, 1, 2 ... k. The inductive step is (k*k!) = (k+1)!-1. qed","{'has_proof': True, 'length': 226, 'has_base_case': True, 'has_induction_hypothesis': True, 'has_induction_step': True, 'has_qed': True, 'quality_score': 6.45}","{'identify_base_case': 2, 'prove_base_case': 0, 'hypothesis_stated': 1, 'hypothesis_given_bound': 2, 'goal_clear': 0, 'expression_decomposed': 0, 'inductive_hypothesis_applied': 0}",7.164285714285715
67,"Use (strong) induction to prove the following claim: Claim: \(\displaystyle\sum_{p=0}^n (p \cdot p!) = (n+1)! - 1\), for all natural numbers \(n\). Recall that \(0!\) is defined to be 1.","For our base case, not that when n = -1, (n + 1)! - 1 = 1. Next, suppose as our Inductive Hypothesis that for some k, \\sum_{p=0}^{n}\(p*p!) = (n + 1)! - 1 for n = 0 ... k. Now to finish we need to show that \\sum_{p=0}^{k - 1}\ (p*p!)= (k)! - 1. When k = 0, k! - 1 = 0. For all integers k >= 0, \\sum_{p=0}^{k - 1}\ (p*p!)= (k)! - 1. Therefore, \\sum_{p=0}^{n}\(p*p!) = (n + 1)! - 1. QED","{'has_proof': True, 'length': 388, 'has_base_case': True, 'has_induction_hypothesis': True, 'has_induction_step': False, 'has_qed': True, 'quality_score': 5.28}","{'identify_base_case': 0, 'prove_base_case': 0, 'hypothesis_stated': 2, 'hypothesis_given_bound': 2, 'goal_clear': 0, 'expression_decomposed': 0, 'inductive_hypothesis_applied': 0}",5.851428571428571
68,"Use (strong) induction to prove the following claim: Claim: \(\displaystyle\sum_{p=0}^n (p \cdot p!) = (n+1)! - 1\), for all natural numbers \(n\). Recall that \(0!\) is defined to be 1.",sorry I don't know how to write proofs,"{'has_proof': True, 'length': 38, 'has_base_case': False, 'has_induction_hypothesis': False, 'has_induction_step': False, 'has_qed': False, 'quality_score': 0.08}","{'identify_base_case': 0, 'prove_base_case': 0, 'hypothesis_stated': 0, 'hypothesis_given_bound': 0, 'goal_clear': 0, 'expression_decomposed': 0, 'inductive_hypothesis_applied': 0}",0.08
69,"Use (strong) induction to prove the following claim: Claim: \(\displaystyle\sum_{p=0}^n (p \cdot p!) = (n+1)! - 1\), for all natural numbers \(n\). Recall that \(0!\) is defined to be 1.","Claim: \\sum_{p=0}^{n} (p*p!) = (n+1)!-1\ for all natural numbers \n\ Base case: \n=0\: The left hand side is \\sum_{p=0}^{0} (p*p!) = (0*0!) = 0 \. The right hand side is \(0+1)!-1 = 1! -1 = 0\. Because both sides are equal to \0\, \P(1)\ is satisfied. We hypothesize \\sum_{p=0}^{n} (p*p!) = (n+1)!-1\ is true for some natural number \k\ from \1,2,3...k-1\. Therefore, we need to prove \\sum_{p=0}^{k} (p*p!) = (k+1)!-1\ Starting from the left hand side, \\sum_{p=0}^{k} (p*p!) = \sum_{p=0}^{k-1} (p*p!) + (k*k!)\ From the induction hypothesis, \\sum_{p=0}^{k-1} (p*p!) = ((k-1)+1)!-1 = (k)! -1\. Therefore, \\sum_{p=0}^{k} (p*p!) = (k!) - 1 + (k*k!)\ factoring out \k!\ gives \(k!)*(k+1) - 1\, or \(k+1)! - 1\. This shows that \\sum_{p=0}^{k} (p*p!) = (k+1)!-1\.","{'has_proof': True, 'length': 765, 'has_base_case': True, 'has_induction_hypothesis': True, 'has_induction_step': False, 'has_qed': True, 'quality_score': 6.03}","{'identify_base_case': 2, 'prove_base_case': 2, 'hypothesis_stated': 2, 'hypothesis_given_bound': 2, 'goal_clear': 2, 'expression_decomposed': 2, 'inductive_hypothesis_applied': 2}",8.030000000000001
70,"Use (strong) induction to prove the following claim: Claim: \(\displaystyle\sum_{p=0}^n (p \cdot p!) = (n+1)! - 1\), for all natural numbers \(n\). Recall that \(0!\) is defined to be 1.","base case: when\n=1,1!=2!-1\ assume when \n=1,2...k, \sum_{p=0}^k (p \cdot p!) = (k+1)! - 1\ when \n=k+1, \sum_{p=0}^{k+1} (p \cdot p!) = \sum_{p=0}^k (p \cdot p!)+(k+1)(k+1)=(k+1)!(k+1+1)-1=(k+2)!-1\ QED.","{'has_proof': True, 'length': 205, 'has_base_case': True, 'has_induction_hypothesis': False, 'has_induction_step': False, 'has_qed': True, 'quality_score': 3.41}","{'identify_base_case': 2, 'prove_base_case': 2, 'hypothesis_stated': 2, 'hypothesis_given_bound': 2, 'goal_clear': 2, 'expression_decomposed': 2, 'inductive_hypothesis_applied': 2}",5.41
71,"Use (strong) induction to prove the following claim: Claim: \(\displaystyle\sum_{p=0}^n (p \cdot p!) = (n+1)! - 1\), for all natural numbers \(n\). Recall that \(0!\) is defined to be 1.",\\sum_{xxx}^{yyy}\\\sum_{xxx}^{yyy}\\\sum_{xxx}^{yyy}\\\sum_{xxx}^{yyy}\\\sum_{xxx}^{yyy}\\\sum_{xxx}^{yyy}\\\sum_{xxx}^{yyy}\\\sum_{xxx}^{yyy}\ \\sum_{xxx}^{yyy}\\\sum_{xxx}^{yyy}\\\sum_{xxx}^{yyy}\\\sum_{xxx}^{yyy}\\\sum_{xxx}^{yyy}\\\sum_{xxx}^{yyy}\\\sum_{xxx}^{yyy}\\\sum_{xxx}^{yyy}\ \\sum_{xxx}^{yyy}\\\sum_{xxx}^{yyy}\ \\sum_{xxx}^{yyy}\\\sum_{xxx}^{yyy}\ \\sum_{xxx}^{yyy}\\\sum_{xxx}^{yyy}\\\sum_{xxx}^{yyy}\\\sum_{xxx}^{yyy}\ \\sum_{xxx}^{yyy}\\\sum_{xxx}^{yyy}\\\sum_{xxx}^{yyy}\\\sum_{xxx}^{yyy}\ \\sum_{xxx}^{yyy}\\\sum_{xxx}^{yyy}\\\sum_{xxx}^{yyy}\\\sum_{xxx}^{yyy}\ \\sum_{xxx}^{yyy}\\\sum_{xxx}^{yyy}\\\sum_{xxx}^{yyy}\\\sum_{xxx}^{yyy}\,"{'has_proof': True, 'length': 655, 'has_base_case': False, 'has_induction_hypothesis': False, 'has_induction_step': False, 'has_qed': False, 'quality_score': 1.31}","{'identify_base_case': 0, 'prove_base_case': 0, 'hypothesis_stated': 0, 'hypothesis_given_bound': 0, 'goal_clear': 0, 'expression_decomposed': 0, 'inductive_hypothesis_applied': 0}",1.31
72,"Use (strong) induction to prove the following claim: Claim: \(\displaystyle\sum_{p=0}^n (p \cdot p!) = (n+1)! - 1\), for all natural numbers \(n\). Recall that \(0!\) is defined to be 1.","Let n be a natural number, and we solve the predicate by proof of induction. For our base case, we try when n = 0. In this case, the summation would be 0*0! which is = 0, while the right side of the equation would be (0+1)! - 1 = 0, so our base case holds true. For our inductive hypothesis, we argue that the summation of 0 to to n of (p*p!) = (n+1)! - 1 for all natural numbers n from 0 to k. We will try to show that the summation from 0 to k of (p*p!) = (k+1)! - 1. (p*p!) for all n from 0 to k is just (k+1)! - 1, which means our proof comes out to be true.","{'has_proof': True, 'length': 562, 'has_base_case': True, 'has_induction_hypothesis': True, 'has_induction_step': False, 'has_qed': False, 'quality_score': 4.12}","{'identify_base_case': 2, 'prove_base_case': 2, 'hypothesis_stated': 1, 'hypothesis_given_bound': 2, 'goal_clear': 0, 'expression_decomposed': 0, 'inductive_hypothesis_applied': 0}",5.12
73,"Use (strong) induction to prove the following claim: Claim: \(\displaystyle\sum_{p=0}^n (p \cdot p!) = (n+1)! - 1\), for all natural numbers \(n\). Recall that \(0!\) is defined to be 1.",,"{'has_proof': False, 'length': 0, 'quality_score': 0}","{'identify_base_case': 0, 'prove_base_case': 0, 'hypothesis_stated': 0, 'hypothesis_given_bound': 0, 'goal_clear': 0, 'expression_decomposed': 0, 'inductive_hypothesis_applied': 0}",0.0
74,"Use (strong) induction to prove the following claim: Claim: \(\displaystyle\sum_{p=0}^n (p \cdot p!) = (n+1)! - 1\), for all natural numbers \(n\). Recall that \(0!\) is defined to be 1.","Base Cases when \n = 0\, \\sum_{p=0}^{0}(p*p!)=0\ and \(n+1)! - 1 = 0\ Next, suppose for our inductive hypothesis that for some \k\, \\sum_{p=0}^{n}(p*p!)=(n+1)! - 1\ for all \n\ in \0..k\ Now to finish we need to show that \\sum_{p=0}^{k}(p*p!)=(k+1)! - 1\","{'has_proof': True, 'length': 257, 'has_base_case': True, 'has_induction_hypothesis': True, 'has_induction_step': False, 'has_qed': False, 'quality_score': 3.51}","{'identify_base_case': 2, 'prove_base_case': 2, 'hypothesis_stated': 2, 'hypothesis_given_bound': 2, 'goal_clear': 1, 'expression_decomposed': 0, 'inductive_hypothesis_applied': 0}",4.795714285714285
75,"Use (strong) induction to prove the following claim: Claim: \(\displaystyle\sum_{p=0}^n (p \cdot p!) = (n+1)! - 1\), for all natural numbers \(n\). Recall that \(0!\) is defined to be 1.","Base case: N = 0. (0 * 0!) = (0 + 0)! - 1 so 0 = 1 * 1 - 1 so 0 = 0. Induction hypothesis: \\sum_{p = 0}^{n}\ (n * n!) = (n + 1)! - 1 is true for 0, ..... k. Inductive step: \\sum_{p = 0}^{k + 1}\ ((k+1) * (k + 1)!) = (k + 2)! - 1 is true. (k + 1) * (k + 1)(k) = (k + 1) * (k^2 + k) = k^3 + k^2 + k^2 + k = k^3 + 2k^2 + k (k + 2)! - 1 = (k + 2) * (k + 1) * (k) - 1 = (k^2 +3k + 2)(k) - 1 = k^3 + 3k^2 + 2k - 1 Those don't equal each other so oops.","{'has_proof': True, 'length': 447, 'has_base_case': True, 'has_induction_hypothesis': True, 'has_induction_step': True, 'has_qed': False, 'quality_score': 5.39}","{'identify_base_case': 2, 'prove_base_case': 2, 'hypothesis_stated': 2, 'hypothesis_given_bound': 2, 'goal_clear': 2, 'expression_decomposed': 0, 'inductive_hypothesis_applied': 0}",6.8185714285714285
76,"Use (strong) induction to prove the following claim: Claim: \(\displaystyle\sum_{p=0}^n (p \cdot p!) = (n+1)! - 1\), for all natural numbers \(n\). Recall that \(0!\) is defined to be 1.",I dont know,"{'has_proof': True, 'length': 11, 'has_base_case': False, 'has_induction_hypothesis': False, 'has_induction_step': False, 'has_qed': False, 'quality_score': 0.02}","{'identify_base_case': 0, 'prove_base_case': 0, 'hypothesis_stated': 0, 'hypothesis_given_bound': 0, 'goal_clear': 0, 'expression_decomposed': 0, 'inductive_hypothesis_applied': 0}",0.02
77,"Use (strong) induction to prove the following claim: Claim: \(\displaystyle\sum_{p=0}^n (p \cdot p!) = (n+1)! - 1\), for all natural numbers \(n\). Recall that \(0!\) is defined to be 1.","Inductive predicate \P(n)\: \\sum_{p=0}^n(p\cdot p!)=(n+1)!-1\ Base case: consider \n=0\. Then \\sum_{p=0}^n(p\cdot p!)=\sum_{p=0}^0(p\cdot p!)=0\cdot0!=0\ and \(n+1)!-1=(0+1)!-1=1-1=0\. Inductive hypothesis: suppose for some \k\in\mathbb{N}\, \k>0\, \P(n)\ holds for each \n\ in \0,1,\cdots,k-1\ (that is, for some \k\in\mathbb{N}\, \k>0\, \\sum_{p=0}^n(p\cdot p!)=(n+1)!-1\ holds for each n in \0,1,\cdots,k-1\). Inductive step: we will now show that \P(k)\ holds (that is, \\sum_{p=0}^k(p\cdot p!)=(k+1)!-1\ holds). \\sum_{p=0}^k(p\cdot p!)=k\cdot k!+\sum_{p=0}^{k-1}(p\cdot p!)\ From the inductive hypothesis, this can be rewritten as \k\cdot k!+(k-1+1)!-1=k\cdot k!+k!-1\ Rearranging, we get \(k+1)k!-1=(k+1)!-1\, which is what we needed to show.","{'has_proof': True, 'length': 751, 'has_base_case': True, 'has_induction_hypothesis': True, 'has_induction_step': True, 'has_qed': False, 'quality_score': 6.0}","{'identify_base_case': 2, 'prove_base_case': 2, 'hypothesis_stated': 2, 'hypothesis_given_bound': 2, 'goal_clear': 2, 'expression_decomposed': 2, 'inductive_hypothesis_applied': 2}",8.0
78,"Use (strong) induction to prove the following claim: Claim: \(\displaystyle\sum_{p=0}^n (p \cdot p!) = (n+1)! - 1\), for all natural numbers \(n\). Recall that \(0!\) is defined to be 1.",Forgot Inductive Proofs Fully All I remember: Inductive Claim -> Base Case -> Inductive Hypothesis,"{'has_proof': True, 'length': 98, 'has_base_case': True, 'has_induction_hypothesis': True, 'has_induction_step': False, 'has_qed': False, 'quality_score': 3.2}","{'identify_base_case': 0, 'prove_base_case': 0, 'hypothesis_stated': 0, 'hypothesis_given_bound': 0, 'goal_clear': 0, 'expression_decomposed': 0, 'inductive_hypothesis_applied': 0}",3.2
79,"Use (strong) induction to prove the following claim: Claim: \(\displaystyle\sum_{p=0}^n (p \cdot p!) = (n+1)! - 1\), for all natural numbers \(n\). Recall that \(0!\) is defined to be 1.",(p + 1)! = p!* (p +1) p * p! = p! * (p +1 - 1) \\sum_{0}^{n}\ = (n +1)! -1,"{'has_proof': True, 'length': 74, 'has_base_case': False, 'has_induction_hypothesis': False, 'has_induction_step': False, 'has_qed': False, 'quality_score': 0.15}","{'identify_base_case': 0, 'prove_base_case': 0, 'hypothesis_stated': 0, 'hypothesis_given_bound': 0, 'goal_clear': 0, 'expression_decomposed': 0, 'inductive_hypothesis_applied': 0}",0.15
80,"Use (strong) induction to prove the following claim: Claim: \(\displaystyle\sum_{p=0}^n (p \cdot p!) = (n+1)! - 1\), for all natural numbers \(n\). Recall that \(0!\) is defined to be 1.",We are performing induction on \n\. The inductive hypothesis is that for,"{'has_proof': True, 'length': 72, 'has_base_case': False, 'has_induction_hypothesis': True, 'has_induction_step': False, 'has_qed': False, 'quality_score': 1.64}","{'identify_base_case': 0, 'prove_base_case': 0, 'hypothesis_stated': 0, 'hypothesis_given_bound': 0, 'goal_clear': 0, 'expression_decomposed': 0, 'inductive_hypothesis_applied': 0}",1.64
81,"Use (strong) induction to prove the following claim: Claim: \(\displaystyle\sum_{p=0}^n (p \cdot p!) = (n+1)! - 1\), for all natural numbers \(n\). Recall that \(0!\) is defined to be 1.","For our base case, when \n=0\, \\sum_{p=0}^{n}(p*p!) =0\ and \(0+1)!-1=0\. Suppose as our inductive hypothesis that \\sum_{p=0}^{n}(p*p!) =(n+1)!-1\ for each \n\ in \0 ... (k-1)\ (where \k\geq 1\). Now we must show that \\sum_{p=0}^{k}(p*p!) =(k+1)!-1\. By the definition of a factorial, we know that \(k+1)!=(k+1)((k)!)\. Similarly, by the definition of a sum we know that \\sum_{p=0}^{k}(p*p!)= \sum_{p=0}^{k-1}(p*p!) + (k*k!)\. \\sum_{p=0}^{k-1}(p*p!) =(k)!-1\ as stated in the inductive hypothesis. With this, along with what was just found above, we can substitute both sides of \\sum_{p=0}^{k}(p*p!) =(k+1)!-1\ to the equivalent \\sum_{p=0}^{k-1}(p*p!) + (k*k!) = (k+1)((k)!) -1\. If we substitute the sum for its equivalent equation, we are left with \(k)!-1 + (k*k!) = (k+1)((k)!) -1\. This can be further simplified to \(k)! + (k*k!) = (k+1)((k)!)\. By distributing the \k!\ on the right side, we end up with \(k)! + (k*k!) = (k*k!)+(k)!\, which is a true statement, meaning that \\sum_{p=0}^{k-1}(p*p!) + (k*k!) = (k+1)((k)!) -1\","{'has_proof': True, 'length': 1039, 'has_base_case': True, 'has_induction_hypothesis': True, 'has_induction_step': False, 'has_qed': False, 'quality_score': 5.08}","{'identify_base_case': 2, 'prove_base_case': 2, 'hypothesis_stated': 2, 'hypothesis_given_bound': 2, 'goal_clear': 2, 'expression_decomposed': 2, 'inductive_hypothesis_applied': 2}",7.08
82,"Use (strong) induction to prove the following claim: Claim: \(\displaystyle\sum_{p=0}^n (p \cdot p!) = (n+1)! - 1\), for all natural numbers \(n\). Recall that \(0!\) is defined to be 1.",I don't really know how to write proofs using induction.,"{'has_proof': True, 'length': 56, 'has_base_case': False, 'has_induction_hypothesis': False, 'has_induction_step': False, 'has_qed': False, 'quality_score': 0.11}","{'identify_base_case': 0, 'prove_base_case': 0, 'hypothesis_stated': 0, 'hypothesis_given_bound': 0, 'goal_clear': 0, 'expression_decomposed': 0, 'inductive_hypothesis_applied': 0}",0.11
83,"Use (strong) induction to prove the following claim: Claim: \(\displaystyle\sum_{p=0}^n (p \cdot p!) = (n+1)! - 1\), for all natural numbers \(n\). Recall that \(0!\) is defined to be 1.","For our base case, \\sum_{p = 0}^{0}(0 * 0!) = 0\ and \(0 + 1)! - 1 = 0\. Suppose for our Inductive Hypothesis that for some k, \\sum_{p = 0}^{n}(p * p!) = (n + 1)! - 1\ for each n in 0 ...k. (k * (k+1)!) = (k + 2)! -1 and (k + 1 + 1)! - 1 = (k + 2)! -1 Since the claim holds for k, \\sum_{p = 0}^{n}(p * p!) = (n + 1)! - 1\ for all natural numbers n.","{'has_proof': True, 'length': 351, 'has_base_case': True, 'has_induction_hypothesis': True, 'has_induction_step': False, 'has_qed': False, 'quality_score': 3.7}","{'identify_base_case': 2, 'prove_base_case': 2, 'hypothesis_stated': 2, 'hypothesis_given_bound': 2, 'goal_clear': 0, 'expression_decomposed': 0, 'inductive_hypothesis_applied': 0}",4.842857142857143
84,"Use (strong) induction to prove the following claim: Claim: \(\displaystyle\sum_{p=0}^n (p \cdot p!) = (n+1)! - 1\), for all natural numbers \(n\). Recall that \(0!\) is defined to be 1.","Let's prove proposition *n* by induction. Let *n* mean that \\sum_{p=0}^{n}\ (p * p!) = (n+1)! - 1 for all natural numbers *n*, where *n* is 0, 1, 2, 3, ..., k. This means that we have to prove that \\sum_{p=0}^{k+1}\ ((k+1) * (k+1)!) = (k+2)! - 1. For base case n = 0, \\sum_{p=0}^{n}\ (p * p!) = 0 and (n+1)! - 1 = 0, which means that proposition holds true. For k+1, \\sum_{p=0}^{k+1}\ ((k+1) * (k+1)!) = (k+2)! - 1. This means that \\sum_{p=0}^{n}\ (p * p!) = (n+1)! - 1, which is what we needed to prove.","{'has_proof': True, 'length': 509, 'has_base_case': True, 'has_induction_hypothesis': False, 'has_induction_step': False, 'has_qed': False, 'quality_score': 2.52}","{'identify_base_case': 2, 'prove_base_case': 2, 'hypothesis_stated': 1, 'hypothesis_given_bound': 2, 'goal_clear': 2, 'expression_decomposed': 0, 'inductive_hypothesis_applied': 0}",3.805714285714286
85,"Use (strong) induction to prove the following claim: Claim: \(\displaystyle\sum_{p=0}^n (p \cdot p!) = (n+1)! - 1\), for all natural numbers \(n\). Recall that \(0!\) is defined to be 1.","Base case: when n = 0(0*1) = 1 - 1 = 0 We need to prove the expression is true for n = 1, 2, ...n","{'has_proof': True, 'length': 97, 'has_base_case': True, 'has_induction_hypothesis': False, 'has_induction_step': False, 'has_qed': False, 'quality_score': 1.69}","{'identify_base_case': 2, 'prove_base_case': 2, 'hypothesis_stated': 0, 'hypothesis_given_bound': 0, 'goal_clear': 0, 'expression_decomposed': 0, 'inductive_hypothesis_applied': 0}",2.2614285714285716
86,"Use (strong) induction to prove the following claim: Claim: \(\displaystyle\sum_{p=0}^n (p \cdot p!) = (n+1)! - 1\), for all natural numbers \(n\). Recall that \(0!\) is defined to be 1.","Proof by induction on \n\ Base case: For \n=0\, \\sum_{p=0}^n(p\cdot p!) = 0\ and \(n+1)! - 1 = 0\, so the base case holds. Inductive hypothesis: For all \n = 0,...,k\, \\sum_{p=0}^n(p\cdot p!) = (k+2)! - 1\ Inductive step: Prove that for \n = k+1\, \\sum_{p=0}^{k+1}(p\cdot p!) = (k+3)! - 1\ \\sum_{p=0}^{k+1}(p\cdot p!) = (k+1)\cdot(k+1)! + \sum_{p=0}^k(p\cdot p!) = (k+1)\cdot(k+1)! + (k+2)! - 1\ \(k+3)! - 1 = ?\","{'has_proof': True, 'length': 416, 'has_base_case': True, 'has_induction_hypothesis': True, 'has_induction_step': True, 'has_qed': False, 'quality_score': 5.33}","{'identify_base_case': 2, 'prove_base_case': 1, 'hypothesis_stated': 1, 'hypothesis_given_bound': 2, 'goal_clear': 1, 'expression_decomposed': 0, 'inductive_hypothesis_applied': 0}",6.33
87,"Use (strong) induction to prove the following claim: Claim: \(\displaystyle\sum_{p=0}^n (p \cdot p!) = (n+1)! - 1\), for all natural numbers \(n\). Recall that \(0!\) is defined to be 1.","From the information given, we can construct our inductive predicated as follows \\sum_{p=0}^{n}\(p*p!) = (n+1)! - 1 Base Case(s): In case 1, n = 0, so \\sum_{p=0}^{0}\(0*0!) = 0 = (0+1)! - 1. In case 2, n = 1, so \\sum_{p=0}^{1}\(1*1!) = 1 = (1+1)! - 1. Inductive Hypothesis: Next, suppose that for some k, \\sum_{p=0}^{n}\(p*p!) = (n+1)! - 1 is true for n = 0 ... k - 1. Inductive Step: Now we must show that \\sum_{p=0}^{k+1}\(p*p!) = ((k+1)+1)! - 1. ... (UNSURE OF INTERMEDIATE STEPS TO GET TO RESULT) Final Result: Therefore we can see that \\sum_{p=0}^{k+1}\(p*p!) = ((k+1)+1)! - 1, which is what we wanted to show.","{'has_proof': True, 'length': 621, 'has_base_case': True, 'has_induction_hypothesis': True, 'has_induction_step': True, 'has_qed': True, 'quality_score': 7.24}","{'identify_base_case': 2, 'prove_base_case': 2, 'hypothesis_stated': 2, 'hypothesis_given_bound': 2, 'goal_clear': 1, 'expression_decomposed': 0, 'inductive_hypothesis_applied': 0}",8.525714285714287
88,"Use (strong) induction to prove the following claim: Claim: \(\displaystyle\sum_{p=0}^n (p \cdot p!) = (n+1)! - 1\), for all natural numbers \(n\). Recall that \(0!\) is defined to be 1.","For our base case, note that when n = 0, \\sum_{p=0}^{0}(p*p!) = 0 \ and that \(0+1)! - 1 = 0\ Next for our Inductive Hypothesis, suppose for some k, \\sum_{p=0}^{n}(p*p!) = (n+1)! - 1\ where \n = (0,...k)\ where k >= 0 Now, to finish our proof we must prove that \\sum_{p=0}^{k-1}(p*p!) = (k)! - 1\ I don't remember what I did after this.","{'has_proof': True, 'length': 339, 'has_base_case': True, 'has_induction_hypothesis': True, 'has_induction_step': False, 'has_qed': False, 'quality_score': 3.68}","{'identify_base_case': 2, 'prove_base_case': 2, 'hypothesis_stated': 2, 'hypothesis_given_bound': 2, 'goal_clear': 1, 'expression_decomposed': 0, 'inductive_hypothesis_applied': 0}",4.965714285714286
89,"Use (strong) induction to prove the following claim: Claim: \(\displaystyle\sum_{p=0}^n (p \cdot p!) = (n+1)! - 1\), for all natural numbers \(n\). Recall that \(0!\) is defined to be 1.",We can start this proof with the proof of all number n-1:,"{'has_proof': True, 'length': 57, 'has_base_case': False, 'has_induction_hypothesis': False, 'has_induction_step': False, 'has_qed': False, 'quality_score': 0.11}","{'identify_base_case': 0, 'prove_base_case': 0, 'hypothesis_stated': 0, 'hypothesis_given_bound': 0, 'goal_clear': 0, 'expression_decomposed': 0, 'inductive_hypothesis_applied': 0}",0.11
90,"Use (strong) induction to prove the following claim: Claim: \(\displaystyle\sum_{p=0}^n (p \cdot p!) = (n+1)! - 1\), for all natural numbers \(n\). Recall that \(0!\) is defined to be 1.","Proof by induction. Inductive predicate: \\sum_{p=0}^{n}\(p*p!) = (n+1)! - 1 for all natural numbers n. Base case: For n=0 \\sum_{p=0}^{n}\(p*p!) = 0*0! = 0 = (0 + 1)! - 1 = 1 - 1 = 0. Suppose that for all n = 0, ... k for k >= 0, \\sum_{p=0}^{n}\(p*p!) = (n+1)! - 1 We will prove that \\sum_{p=0}^{k+1}\(p*p!) = (k+2)! - 1 for all n = 0, ... k+1. \\sum_{p=0}^{k+1}\(p*p!) = \\sum_{p=0}^{k}\(p*p!) + \\sum_{k+1}^{k+1}\((k+1)*(k+1)!). Thus \\sum_{p=0}^{k+1}\(p*p!) = (k+1)! - 1 + (k+1)*(k+1)! Rearrange this as (k+1)(k+1)! + (k+1)! - 1 and subsequently (k+1)! * ((k+1) + 1) - 1 This is equal to (k+2)(k+1)! - 1, and subsequently equal to (k+2)! - 1. This is what we needed to show.","{'has_proof': True, 'length': 680, 'has_base_case': True, 'has_induction_hypothesis': False, 'has_induction_step': False, 'has_qed': False, 'quality_score': 2.86}","{'identify_base_case': 2, 'prove_base_case': 2, 'hypothesis_stated': 2, 'hypothesis_given_bound': 2, 'goal_clear': 2, 'expression_decomposed': 1, 'inductive_hypothesis_applied': 1}",4.574285714285714
91,"Use (strong) induction to prove the following claim: Claim: \(\displaystyle\sum_{p=0}^n (p \cdot p!) = (n+1)! - 1\), for all natural numbers \(n\). Recall that \(0!\) is defined to be 1.","Base Case: when n = 0, \\sum_{p=0}^{0}\(p*p!) = 0 and (0 + 1)! - 1 = 0. Inductive hypothesis: for some k, \\sum_{p=0}^{n}\(p*p!) = (n + 1)! - 1 for each n in 0...k - 1. Now we must prove \\sum_{p=0}^{k}\(p*p!) = (k + 1)! - 1","{'has_proof': True, 'length': 224, 'has_base_case': True, 'has_induction_hypothesis': True, 'has_induction_step': False, 'has_qed': False, 'quality_score': 3.45}","{'identify_base_case': 2, 'prove_base_case': 2, 'hypothesis_stated': 2, 'hypothesis_given_bound': 2, 'goal_clear': 2, 'expression_decomposed': 0, 'inductive_hypothesis_applied': 0}",4.878571428571429
92,"Use (strong) induction to prove the following claim: Claim: \(\displaystyle\sum_{p=0}^n (p \cdot p!) = (n+1)! - 1\), for all natural numbers \(n\). Recall that \(0!\) is defined to be 1.","Proof by induction on \n\. The inductive predicate is \P(n): \sum_{p=0}^{n}(p*p!)=(n+1)!-1\. The base case is when \n=0\. \\sum_{p=0}^{0}(p*p!)=0*0!=0*1=0\. And \(0+1)!-1=1-1=0\. So \P(0)\ holds. The inductive hypothesis is that for some natural number \k\ such that \\sum_{p=0}^{n}(p*p!)=(n+1)!-1\ is true for each \n\ in \0 \dots k-1\. Then, the inductive step is to show that \P(k)\ holds. So, we need to show that \\sum_{p=0}^{k}(p*p!)=(k+1)!-1\. Separating the last term from the summation, we have \\sum_{p=0}^{k}(p*p!)=(\sum_{p=0}^{k-1}(p*p!))+k*k!\. But we know from the inductive hypothesis that \\sum_{p=0}^{k-1}(p*p!)=k!-1\. Substituting this in the previous equation, we have \\sum_{p=0}^{k}(p*p!)=k*k!+k!-1=k!(k+1)-1\. But \k!(k+1)\ is just \(k+1)!\. So we have \\sum_{p=0}^{k}(p*p!)=(k+1)!-1\, which is what we needed to show.","{'has_proof': True, 'length': 840, 'has_base_case': True, 'has_induction_hypothesis': True, 'has_induction_step': True, 'has_qed': False, 'quality_score': 6.18}","{'identify_base_case': 2, 'prove_base_case': 2, 'hypothesis_stated': 2, 'hypothesis_given_bound': 2, 'goal_clear': 2, 'expression_decomposed': 2, 'inductive_hypothesis_applied': 2}",8.18
93,"Use (strong) induction to prove the following claim: Claim: \(\displaystyle\sum_{p=0}^n (p \cdot p!) = (n+1)! - 1\), for all natural numbers \(n\). Recall that \(0!\) is defined to be 1.",I'm not sure how to write this proof.,"{'has_proof': True, 'length': 37, 'has_base_case': False, 'has_induction_hypothesis': False, 'has_induction_step': False, 'has_qed': False, 'quality_score': 0.07}","{'identify_base_case': 0, 'prove_base_case': 0, 'hypothesis_stated': 0, 'hypothesis_given_bound': 0, 'goal_clear': 0, 'expression_decomposed': 0, 'inductive_hypothesis_applied': 0}",0.07
94,"Use (strong) induction to prove the following claim: Claim: \(\displaystyle\sum_{p=0}^n (p \cdot p!) = (n+1)! - 1\), for all natural numbers \(n\). Recall that \(0!\) is defined to be 1.","For our base case, we can see that when n = 0 The sum of p*p! from p = 0 to 0 is infact 0 and (0 + 1)! -1 is also 0. The induction hypothesis would be that it is also true for all natural numbers n from 0...k \\sum_{p = 0}^{k}\ (p*p!) would mean k * k! + (k-1) * (k - 1)! + (k - 2) * (k - 2)!... 0 * 0! The sums that come after the k * k! actually add up to transform the k * k! into (k+1)! - 1 as the previous iteration adds to the next to bring the sum up except for when p = 0. Thus, we can state that the original claim is true by induction.","{'has_proof': True, 'length': 545, 'has_base_case': True, 'has_induction_hypothesis': True, 'has_induction_step': False, 'has_qed': False, 'quality_score': 4.09}","{'identify_base_case': 2, 'prove_base_case': 2, 'hypothesis_stated': 2, 'hypothesis_given_bound': 2, 'goal_clear': 1, 'expression_decomposed': 1, 'inductive_hypothesis_applied': 0}",5.518571428571429
95,"Use (strong) induction to prove the following claim: Claim: \(\displaystyle\sum_{p=0}^n (p \cdot p!) = (n+1)! - 1\), for all natural numbers \(n\). Recall that \(0!\) is defined to be 1.","Base case: when n = 1, \\displaystyle\sum_{p=0}^1 (p \cdot p!)\ = 1, and \(n+1)! - 1\ is 1. So, \\displaystyle\sum_{p=0}^1 (p \cdot p!) = (n+1)! - 1\ is true. Assume that for all natural numbers k, \\displaystyle\sum_{p=0}^k (p \cdot p!) = (k+1)! - 1\ is true. Prove that \\displaystyle\sum_{p=0}^{k+1} (p \cdot p!) = (k+2)! - 1\ is true. \\displaystyle\sum_{p=0}^{k+1} (p \cdot p!)\ = \\displaystyle\sum_{p=0}^k (p \cdot p!) + (k+1)*(k+1)!\ = \(k+1)! - 1 +(k+1)*(k+1)!\ = \(k+1)!*(k+2) -1\ = \(k+2)! - 1\ Therefore, \\displaystyle\sum_{p=0}^{k+1} (p \cdot p!) = (k+2)! - 1\ is true. Since n=1 is true, and n = k+1 is true while n = k is true. By induction, the claim is true.","{'has_proof': True, 'length': 676, 'has_base_case': True, 'has_induction_hypothesis': False, 'has_induction_step': False, 'has_qed': True, 'quality_score': 4.35}","{'identify_base_case': 2, 'prove_base_case': 2, 'hypothesis_stated': 2, 'hypothesis_given_bound': 1, 'goal_clear': 2, 'expression_decomposed': 2, 'inductive_hypothesis_applied': 2}",6.207142857142857
96,"Use (strong) induction to prove the following claim: Claim: \(\displaystyle\sum_{p=0}^n (p \cdot p!) = (n+1)! - 1\), for all natural numbers \(n\). Recall that \(0!\) is defined to be 1.","For our base case, let n = 0. (0+1)! -1 = 0 and the sum of 0 * 0! is also 0 so the base case is set. We must prove this is true for all numbers from k to k-1. (k-1 + 1)! - 1 is equal to the summation from p=0 to k-1 of (k-1 * (k-1)! proving this claim true.","{'has_proof': True, 'length': 257, 'has_base_case': True, 'has_induction_hypothesis': False, 'has_induction_step': False, 'has_qed': False, 'quality_score': 2.01}","{'identify_base_case': 2, 'prove_base_case': 2, 'hypothesis_stated': 2, 'hypothesis_given_bound': 1, 'goal_clear': 1, 'expression_decomposed': 0, 'inductive_hypothesis_applied': 0}",3.1528571428571426
97,"Use (strong) induction to prove the following claim: Claim: \(\displaystyle\sum_{p=0}^n (p \cdot p!) = (n+1)! - 1\), for all natural numbers \(n\). Recall that \(0!\) is defined to be 1.","Proof: Base Case: n = 0 and n = 1. When n = 0, \\sum_{p=0}^{n}(p*p!)\ = 0 = (n + 1)!-1. When n = 1, \\sum_{p=0}^{n}(p*p!)\ = 1 = (n + 1)!-1 For some integer k, \\sum_{p=0}^{n}(p*p!)\ = (n + 1)!-1 when n is from 0...k. By inductive reasoning, \\sum_{p=0}^{n}(p*p!)\ = (n + 1)!-1","{'has_proof': True, 'length': 277, 'has_base_case': True, 'has_induction_hypothesis': False, 'has_induction_step': False, 'has_qed': False, 'quality_score': 2.05}","{'identify_base_case': 2, 'prove_base_case': 2, 'hypothesis_stated': 2, 'hypothesis_given_bound': 2, 'goal_clear': 0, 'expression_decomposed': 0, 'inductive_hypothesis_applied': 0}",3.1928571428571426
98,"Use (strong) induction to prove the following claim: Claim: \(\displaystyle\sum_{p=0}^n (p \cdot p!) = (n+1)! - 1\), for all natural numbers \(n\). Recall that \(0!\) is defined to be 1.","Let n be a natural number. For our base case, note that when n=1, \\sum_{p=0}^{n}\(p p!)= Suppose that for some k,\\sum_{p=0}^{n}\(p p!)= (n+1)!-1 for each n in 1 .... k. Now we must show that \\sum_{p=0}^{k+1}\(p p!)= ((k+1)+1)!-1.","{'has_proof': True, 'length': 232, 'has_base_case': True, 'has_induction_hypothesis': False, 'has_induction_step': False, 'has_qed': False, 'quality_score': 1.96}","{'identify_base_case': 2, 'prove_base_case': 0, 'hypothesis_stated': 2, 'hypothesis_given_bound': 2, 'goal_clear': 2, 'expression_decomposed': 0, 'inductive_hypothesis_applied': 0}",3.1028571428571428
99,"Use (strong) induction to prove the following claim: Claim: \(\displaystyle\sum_{p=0}^n (p \cdot p!) = (n+1)! - 1\), for all natural numbers \(n\). Recall that \(0!\) is defined to be 1.","Proof by induction on n. Predicate: \\sum_{p=0}^{n}\(p*p!) = (n+1)! - 1 for all natural numbers n. Suppose that \\sum_{p=0}^{n}\(p*p!) = (n+1)! - 1 for n = 0, 1, ..., k. The base case is n = 0, where \\sum_{p=0}^{0}\(p*p!) = 0 and and (0+1)! - 1 = 0. Then we have to prove that \\sum_{p=0}^{k+1}\(p*p!) = (k+2)! - 1. \\sum_{p=0}^{k+1}\(p*p!) = \\sum_{p=0}^{k}\(p*p!) + (k+1)*(k+1)!. Using our inductive hypothesis, this becomes (k+1)! - 1 + (k+1)*(k+1)!. We can make this (k+1)!*(1 + (k+1)) - 1 = (k+2)! - 1, which is what we wanted to show.","{'has_proof': True, 'length': 541, 'has_base_case': True, 'has_induction_hypothesis': True, 'has_induction_step': False, 'has_qed': False, 'quality_score': 4.08}","{'identify_base_case': 2, 'prove_base_case': 2, 'hypothesis_stated': 2, 'hypothesis_given_bound': 2, 'goal_clear': 2, 'expression_decomposed': 2, 'inductive_hypothesis_applied': 2}",6.08
100,"Use (strong) induction to prove the following claim: Claim: \(\displaystyle\sum_{p=0}^n (p \cdot p!) = (n+1)! - 1\), for all natural numbers \(n\). Recall that \(0!\) is defined to be 1.","Base case: \n=0\. \\quad\\\sum_{p=0}^{0}(p*p!)=0\. \\quad\\(0+1)!-1=0\. Base case is true. Induction hypothesis: For any natural number \n=0,1,...,k\, \\sum_{p=0}^{n}(p*p!)=(n+1)!-1\. Induction step: Prove induction hypothesis for \n=k+1\. \\quad\\\sum_{p=0}^{k+1}(p*p!)=\\(k+1)*(k+1)!+\sum_{p=0}^{k}(p*p!)\. \\quad\\\sum_{p=0}^{k}(p*p!)=(k+1)!-1\ by the induction hypothesis. \\quad\\(k+1)(k+1)!+(k+1)!-1=(k+1)!(k+1+1)-1\. \\quad\\(k+1)!(k+2)=(k+2)!\. \\quad\\(k+2)!-1\","{'has_proof': True, 'length': 470, 'has_base_case': True, 'has_induction_hypothesis': True, 'has_induction_step': True, 'has_qed': False, 'quality_score': 5.44}","{'identify_base_case': 2, 'prove_base_case': 2, 'hypothesis_stated': 2, 'hypothesis_given_bound': 2, 'goal_clear': 2, 'expression_decomposed': 2, 'inductive_hypothesis_applied': 2}",7.44
101,"Use (strong) induction to prove the following claim: Claim: \(\displaystyle\sum_{p=0}^n (p \cdot p!) = (n+1)! - 1\), for all natural numbers \(n\). Recall that \(0!\) is defined to be 1.",no idea,"{'has_proof': True, 'length': 7, 'has_base_case': False, 'has_induction_hypothesis': False, 'has_induction_step': False, 'has_qed': False, 'quality_score': 0.01}","{'identify_base_case': 0, 'prove_base_case': 0, 'hypothesis_stated': 0, 'hypothesis_given_bound': 0, 'goal_clear': 0, 'expression_decomposed': 0, 'inductive_hypothesis_applied': 0}",0.01
102,"Use (strong) induction to prove the following claim: Claim: \(\displaystyle\sum_{p=0}^n (p \cdot p!) = (n+1)! - 1\), for all natural numbers \(n\). Recall that \(0!\) is defined to be 1.","proof: Base case:when n = -1, \\sum_{p=0}^{n}\(p.p!) = (n+1)!- 1 = 0","{'has_proof': True, 'length': 68, 'has_base_case': True, 'has_induction_hypothesis': False, 'has_induction_step': False, 'has_qed': False, 'quality_score': 1.64}","{'identify_base_case': 1, 'prove_base_case': 2, 'hypothesis_stated': 0, 'hypothesis_given_bound': 0, 'goal_clear': 0, 'expression_decomposed': 0, 'inductive_hypothesis_applied': 0}",2.0685714285714285
103,"Use (strong) induction to prove the following claim: Claim: \(\displaystyle\sum_{p=0}^n (p \cdot p!) = (n+1)! - 1\), for all natural numbers \(n\). Recall that \(0!\) is defined to be 1.","let n = 0 \\sum_{p=0}^{0}\ = 0 and (0 + 1)! -1 = 0. inductive hypothesis: for every 0...k, \\sum_{p=0}^{k}\ = n and (k + 1)! -1 = n. by induction, this holds true for k +1","{'has_proof': True, 'length': 171, 'has_base_case': False, 'has_induction_hypothesis': True, 'has_induction_step': False, 'has_qed': False, 'quality_score': 1.84}","{'identify_base_case': 2, 'prove_base_case': 2, 'hypothesis_stated': 1, 'hypothesis_given_bound': 1, 'goal_clear': 0, 'expression_decomposed': 0, 'inductive_hypothesis_applied': 0}",2.697142857142857
104,"Use (strong) induction to prove the following claim: Claim: \(\displaystyle\sum_{p=0}^n (p \cdot p!) = (n+1)! - 1\), for all natural numbers \(n\). Recall that \(0!\) is defined to be 1.","Proof by induction on n. Inductive predicate: \\sum_{p=0}^{n}(p*p!)=(n+1)! - 1\, for all natural numbers \n.\ Base case: for n = 0, \\sum_{p=0}^{0}(p*p!) = 0\ and \(0 + 1)! - 1 = 0\ Inductive hypothesis: For some k, \\sum_{p=0}^{n}(p*p!)=(n+1)! - 1\ for each \n\ in \0...k\ Inductive step: Now to finish we need to show that \\sum_{p=0}^{k + 1}(p*p!)=((k + 1)+1)! - 1\ Therefore \\sum_{p=0}^{n}(p*p!)=(n+1)! - 1\, for all natural numbers \n.\","{'has_proof': True, 'length': 442, 'has_base_case': True, 'has_induction_hypothesis': True, 'has_induction_step': True, 'has_qed': True, 'quality_score': 6.88}","{'identify_base_case': 2, 'prove_base_case': 2, 'hypothesis_stated': 2, 'hypothesis_given_bound': 2, 'goal_clear': 2, 'expression_decomposed': 0, 'inductive_hypothesis_applied': 0}",8.308571428571428
105,"Use (strong) induction to prove the following claim: Claim: \(\displaystyle\sum_{p=0}^n (p \cdot p!) = (n+1)! - 1\), for all natural numbers \(n\). Recall that \(0!\) is defined to be 1.","We will prove by induction. Base case. \\sum_{p = 0}^{0} (p * p!) = 0\ and \1! - 1 = 0\, so the base case is true. Inductive step. Suppose that the above claim is true for all n from 0, 1, 2, ..., k - 1. Then, we want to show that \\sum_{p = 0}^{k}(p * p!) = (k + 1)! - 1\. \\sum_{p = 0}^{k}(k * k!) = \sum_{ = 0}^{k -1}((p - 1) * (p - 1)!) + k * k!\. By the inductive step, we know that \\sum_{ = 0}^{k -1}((p - 1) * (p - 1)!) = k! - 1\ Then, \\sum_{p = 0}^{k}(k * k!) = k! * k + k! -1 = k! (k + 1) - 1 = (k +1)! - 1\, which is what we wanted to show.","{'has_proof': True, 'length': 552, 'has_base_case': True, 'has_induction_hypothesis': False, 'has_induction_step': True, 'has_qed': False, 'quality_score': 4.1}","{'identify_base_case': 2, 'prove_base_case': 2, 'hypothesis_stated': 2, 'hypothesis_given_bound': 2, 'goal_clear': 2, 'expression_decomposed': 2, 'inductive_hypothesis_applied': 2}",6.1
106,"Use (strong) induction to prove the following claim: Claim: \(\displaystyle\sum_{p=0}^n (p \cdot p!) = (n+1)! - 1\), for all natural numbers \(n\). Recall that \(0!\) is defined to be 1.","For our base case, n = 0, \\sum_{p =0}^{0}\(p * p!) = (0 * 0!) = 0, and (0 + 1)! - 1 = 0 Suppose our inductive hypothesis that \\sum_{p =0}^{n}\(p * p!) = (n + 1)! - 1 for some n in 0...k Now to finish we need to show that \\sum_{p =0}^{k}\(p * p!) = (k + 1)! - 1 (k+1)k/2 * k(k+1)!)","{'has_proof': True, 'length': 283, 'has_base_case': True, 'has_induction_hypothesis': True, 'has_induction_step': False, 'has_qed': False, 'quality_score': 3.57}","{'identify_base_case': 2, 'prove_base_case': 2, 'hypothesis_stated': 2, 'hypothesis_given_bound': 1, 'goal_clear': 1, 'expression_decomposed': 0, 'inductive_hypothesis_applied': 0}",4.712857142857143
107,"Use (strong) induction to prove the following claim: Claim: \(\displaystyle\sum_{p=0}^n (p \cdot p!) = (n+1)! - 1\), for all natural numbers \(n\). Recall that \(0!\) is defined to be 1.","We are going to use proof by induction on n. For our base case, \\sum_{p=0}^{0}(0*0!) = 0\ and \(0 + 1)! - 1 = 0.\ As our inductive hypothesis, suppose that for some integer k, \\sum_{p=0}^{n}(p*p!) = (n + 1)! - 1\ is true for all n in 0...(k-1). We must prove that \\sum_{p=0}^{k}(p*p!) = (k + 1)! - 1\ is true. Rewriting the left side of the equation, we get \\sum_{p=0}^{k - 1}(p*p!) + (k * k!) = (k + 1)! - 1\. From our inductive hypothesis, we know that \\sum_{p=0}^{k - 1}(p*p!)\ is equal to \((k - 1) + 1)! - 1\. Substituting into the original equation and rearranging the terms, we are left with \k * k! + k! - 1 = (k + 1)! - 1\. Then, rewriting the left side of the equation gives us \k!(k + 1) - 1\. But, \k!(k + 1)\ is the same thing as \(k + 1)!\, so the left side of the equation is really \(k + 1)! - 1\ and that is equal to the right side of the equation, which is what we needed to prove. Thus, the claim is true.","{'has_proof': True, 'length': 929, 'has_base_case': True, 'has_induction_hypothesis': True, 'has_induction_step': False, 'has_qed': False, 'quality_score': 4.86}","{'identify_base_case': 2, 'prove_base_case': 2, 'hypothesis_stated': 2, 'hypothesis_given_bound': 2, 'goal_clear': 2, 'expression_decomposed': 2, 'inductive_hypothesis_applied': 2}",6.86
108,"Use (strong) induction to prove the following claim: Claim: \(\displaystyle\sum_{p=0}^n (p \cdot p!) = (n+1)! - 1\), for all natural numbers \(n\). Recall that \(0!\) is defined to be 1.","Let n be a natural number. Base case: when n = 0, \\displaystyle\sum_{p=0}^n (p \cdot p!) = 0*1=0\ \(n+1)! - 1 = 1 - 1 = 0\ Thus, for base case, \\displaystyle\sum_{p=0}^n (p \cdot p!) = (n+1)! - 1\ For case n : I have no idea how to represent the sum of \\displaystyle\sum_{p=0}^n (p \cdot p!)\","{'has_proof': True, 'length': 295, 'has_base_case': True, 'has_induction_hypothesis': False, 'has_induction_step': False, 'has_qed': False, 'quality_score': 2.09}","{'identify_base_case': 2, 'prove_base_case': 2, 'hypothesis_stated': 0, 'hypothesis_given_bound': 0, 'goal_clear': 0, 'expression_decomposed': 0, 'inductive_hypothesis_applied': 0}",2.661428571428571
109,"Use (strong) induction to prove the following claim: Claim: \(\displaystyle\sum_{p=0}^n (p \cdot p!) = (n+1)! - 1\), for all natural numbers \(n\). Recall that \(0!\) is defined to be 1.",Base Case: 0 * 0! = 0 and (0+1)! - 1 = 0 Assume \\sum_{n}^{p=0}(p*p!) = (n=1)! - 1\ for all values n from 0..k-1. \\sum_{p=0}^{k-1}(p*p!)\ \+ (k*k!)\ = \(k+1)! - 1\ \k! - 1 + (k*k!)\ = \(k+1)! - 1\ \k! + (k * k!) = (k + 1)!\ \k!(1 + k) = (k + 1)!\ \(k + 1)! = (k + 1)!\ Thus the claim is true.,"{'has_proof': True, 'length': 293, 'has_base_case': True, 'has_induction_hypothesis': False, 'has_induction_step': False, 'has_qed': False, 'quality_score': 2.09}","{'identify_base_case': 2, 'prove_base_case': 2, 'hypothesis_stated': 2, 'hypothesis_given_bound': 2, 'goal_clear': 2, 'expression_decomposed': 2, 'inductive_hypothesis_applied': 2}",4.09
110,"Use (strong) induction to prove the following claim: Claim: \(\displaystyle\sum_{p=0}^n (p \cdot p!) = (n+1)! - 1\), for all natural numbers \(n\). Recall that \(0!\) is defined to be 1.","Using induction for n. Let base case be n = 0. At n = 0, the left side becomes 0 * 0! = 0 * 1 = 0. The right side is (0+1)! -1 = 1 - 1 = 0. This proves that both sides are equal. The inductie hypothesis dictates that the claim \\sum_{p = 0}^{n = 0}\ of (p*p!) = (n+1_)! - 1 for all numbers n in 0 through k. By substitution, we get (k+1)! - 1. This is where i Have no idea where to go.","{'has_proof': True, 'length': 385, 'has_base_case': True, 'has_induction_hypothesis': False, 'has_induction_step': False, 'has_qed': False, 'quality_score': 2.27}","{'identify_base_case': 2, 'prove_base_case': 2, 'hypothesis_stated': 2, 'hypothesis_given_bound': 2, 'goal_clear': 0, 'expression_decomposed': 0, 'inductive_hypothesis_applied': 0}",3.412857142857143
111,"Use (strong) induction to prove the following claim: Claim: \(\displaystyle\sum_{p=0}^n (p \cdot p!) = (n+1)! - 1\), for all natural numbers \(n\). Recall that \(0!\) is defined to be 1.","Using induction Set up base case which is n(1) which is 1! Then use the inductive hypothesis for every natural number k, (n+1)! -1 holds true for all k Inductive Step which is (k+1)! - 1 for all natural numbers k Not sure where to go from here to solve the proof...","{'has_proof': True, 'length': 265, 'has_base_case': True, 'has_induction_hypothesis': True, 'has_induction_step': True, 'has_qed': False, 'quality_score': 5.03}","{'identify_base_case': 2, 'prove_base_case': 1, 'hypothesis_stated': 1, 'hypothesis_given_bound': 1, 'goal_clear': 1, 'expression_decomposed': 0, 'inductive_hypothesis_applied': 0}",5.887142857142857
112,"Use (strong) induction to prove the following claim: Claim: \(\displaystyle\sum_{p=0}^n (p \cdot p!) = (n+1)! - 1\), for all natural numbers \(n\). Recall that \(0!\) is defined to be 1.","Base case: \\sum_{p=0}^{0}(p*p!) = (0 * 0!) = 0\ and \(0 + 1)! - 1 = 1 -1 = 0\ Inductive Hypothesis: \\sum_{p=0}^{k-1}(p*p!) = (n + 1)! - 1\ for \n\ in \0, 1, ... k-1\ (where \ k >= 0\). Inductive Step: \\sum_{p=0}^{k}(p*p!) = (k + 1)! - 1\ Simplifying the right side, we get \\sum_{p=0}^{k}(p*p!) = \sum_{p=0}^{k-1}(p*p!)+(k*k!)\ From our inductive hypothesis, we can substitute \\sum_{p=0}^{k}(p*p!) = (k)! - 1+(k*k!)\","{'has_proof': True, 'length': 420, 'has_base_case': True, 'has_induction_hypothesis': True, 'has_induction_step': True, 'has_qed': False, 'quality_score': 5.34}","{'identify_base_case': 2, 'prove_base_case': 2, 'hypothesis_stated': 1, 'hypothesis_given_bound': 2, 'goal_clear': 2, 'expression_decomposed': 2, 'inductive_hypothesis_applied': 2}",7.1971428571428575
113,"Use (strong) induction to prove the following claim: Claim: \(\displaystyle\sum_{p=0}^n (p \cdot p!) = (n+1)! - 1\), for all natural numbers \(n\). Recall that \(0!\) is defined to be 1.","For our base case, let n be equal to 0. \\sum_{0}^{0}\(p*p!) = 0 and (0+1)! - 1 = 0 Inductive hypothesis: Suppose \\sum_{p=0}^{n}\(p*p!) = (n+1)! - 1 for all n in 0...k Inductive step: Prove that \\sum_{p=0}^{k+1}\(p*p!) = (k+2)! - 1","{'has_proof': True, 'length': 233, 'has_base_case': True, 'has_induction_hypothesis': True, 'has_induction_step': True, 'has_qed': False, 'quality_score': 4.97}","{'identify_base_case': 2, 'prove_base_case': 2, 'hypothesis_stated': 2, 'hypothesis_given_bound': 2, 'goal_clear': 2, 'expression_decomposed': 0, 'inductive_hypothesis_applied': 0}",6.398571428571429
114,"Use (strong) induction to prove the following claim: Claim: \(\displaystyle\sum_{p=0}^n (p \cdot p!) = (n+1)! - 1\), for all natural numbers \(n\). Recall that \(0!\) is defined to be 1.","Proof: Contrapositive = E(p=0, n) != (n+1)! - 1 For all natural numbers n, suppose that E(p=0, n) = (n+1)! - 1. Suppose summation = 0 * (0!) = 0 Suppose n = 1 2! - 1 = 2 * 1 - 1 = 0 Since n does not equal p Rhus, E(p=0, n) != (n+1)! - 1 which is what we needed to show","{'has_proof': True, 'length': 268, 'has_base_case': False, 'has_induction_hypothesis': False, 'has_induction_step': False, 'has_qed': False, 'quality_score': 0.54}","{'identify_base_case': 0, 'prove_base_case': 0, 'hypothesis_stated': 0, 'hypothesis_given_bound': 0, 'goal_clear': 0, 'expression_decomposed': 0, 'inductive_hypothesis_applied': 0}",0.54
115,"Use (strong) induction to prove the following claim: Claim: \(\displaystyle\sum_{p=0}^n (p \cdot p!) = (n+1)! - 1\), for all natural numbers \(n\). Recall that \(0!\) is defined to be 1.","For all natural numbers n, \\sum_{p=0}^{n}\(p*p!) = (n+1)!-1 \\sum_{p=0}^{n}\(0*0) = 0 = (0 + 1)! - 1","{'has_proof': True, 'length': 101, 'has_base_case': False, 'has_induction_hypothesis': False, 'has_induction_step': False, 'has_qed': False, 'quality_score': 0.2}","{'identify_base_case': 2, 'prove_base_case': 2, 'hypothesis_stated': 0, 'hypothesis_given_bound': 0, 'goal_clear': 0, 'expression_decomposed': 0, 'inductive_hypothesis_applied': 0}",0.7714285714285714
116,"Use (strong) induction to prove the following claim: Claim: \(\displaystyle\sum_{p=0}^n (p \cdot p!) = (n+1)! - 1\), for all natural numbers \(n\). Recall that \(0!\) is defined to be 1.","Base Case: n = 0, (0 * 0!) = 0; (0 + 1)! - 1 = 1 - 1 = 0, 0 = 0. Hypothesis: For some k, \\sum_{p = 0}^{n}\ = (n + 1)! - 1 for some n from 0..k. Inductive step: \\sum_{k = 0 }^{K + 1}\ (p + p!) = (k + 2)! - 1. Lets say that that n is 3. So, the left hand simplifies to 0 + 1 + 4 + 18; The right hand simplifies to 4! - 1 = 23; QED. I am unsure of how to solve this problem.","{'has_proof': True, 'length': 373, 'has_base_case': True, 'has_induction_hypothesis': False, 'has_induction_step': True, 'has_qed': True, 'quality_score': 5.25}","{'identify_base_case': 2, 'prove_base_case': 2, 'hypothesis_stated': 2, 'hypothesis_given_bound': 1, 'goal_clear': 2, 'expression_decomposed': 0, 'inductive_hypothesis_applied': 0}",6.535714285714286
117,"Use (strong) induction to prove the following claim: Claim: \(\displaystyle\sum_{p=0}^n (p \cdot p!) = (n+1)! - 1\), for all natural numbers \(n\). Recall that \(0!\) is defined to be 1.","For our base case, note that when n=0 \\sum_{p=0}^{0}\p(p!)=0 and (0+1)!-1 = 0. Next Suppose our induction hypothesis is that for some k, \\sum_{p=0}^{n}(p\times p!)=(n+1)!-1\ for each n in 0...k where k is a natural number. Now we need to show that \\sum_{p=0}^{k+1}(p\times p!) = (k+2)!-1\ By first expanding the right side we get \(k+2)(k+1)(k)(k-1)!-1\. Then by expanding the right we get \(p)(p)(p-1)!\, setting them equal we can cross out out (p-1)! and end with \(p)(p)=(k+2)(k+1)(k)-1\, which can be simplified further to \p=(k+1)(k+2)-1\ Multiplying the right out we get, \k^2+3k+1=p\, which you will prove the claim with this statement.","{'has_proof': True, 'length': 646, 'has_base_case': True, 'has_induction_hypothesis': True, 'has_induction_step': False, 'has_qed': False, 'quality_score': 4.29}","{'identify_base_case': 2, 'prove_base_case': 2, 'hypothesis_stated': 2, 'hypothesis_given_bound': 2, 'goal_clear': 2, 'expression_decomposed': 0, 'inductive_hypothesis_applied': 0}",5.718571428571429
118,"Use (strong) induction to prove the following claim: Claim: \(\displaystyle\sum_{p=0}^n (p \cdot p!) = (n+1)! - 1\), for all natural numbers \(n\). Recall that \(0!\) is defined to be 1.","Base case:When n=1, \\sum_{0}^{n=0}\ (p.p!) = 0 and (n+1)!-1 = 0. Inductive hypothesis: For some k, \\sum_{0}^{n=0}\ (p.p!) = (n+1)!-1 for each n in 0...k Inductive step: (p.p!) = (k+1)! -1 They both are equal which is what we needed to prove.","{'has_proof': True, 'length': 243, 'has_base_case': True, 'has_induction_hypothesis': True, 'has_induction_step': True, 'has_qed': False, 'quality_score': 4.99}","{'identify_base_case': 2, 'prove_base_case': 2, 'hypothesis_stated': 2, 'hypothesis_given_bound': 2, 'goal_clear': 1, 'expression_decomposed': 0, 'inductive_hypothesis_applied': 0}",6.275714285714286
119,"Use (strong) induction to prove the following claim: Claim: \(\displaystyle\sum_{p=0}^n (p \cdot p!) = (n+1)! - 1\), for all natural numbers \(n\). Recall that \(0!\) is defined to be 1.","By definition of induction, Base case: For n = 0, \\sum_{n}^{p=0}\ (p * p!) = 0 and (n+1)!-1 = 0. Induction Hypothesis: For some value k, \\sum_{n}^{p=0}\ (p*p!) = (n+1)! - 1 for each n in 0... k. Inductive Step: \\sum_{n}^{p=0}\ (p*p!) = (k+1)!-1 We have proven that \\sum_{n}^{p=0}\ (p * p!) = (n+1)!-1.","{'has_proof': True, 'length': 305, 'has_base_case': True, 'has_induction_hypothesis': True, 'has_induction_step': True, 'has_qed': False, 'quality_score': 5.11}","{'identify_base_case': 2, 'prove_base_case': 2, 'hypothesis_stated': 2, 'hypothesis_given_bound': 2, 'goal_clear': 1, 'expression_decomposed': 0, 'inductive_hypothesis_applied': 0}",6.395714285714286
120,"Use (strong) induction to prove the following claim: Claim: \(\displaystyle\sum_{p=0}^n (p \cdot p!) = (n+1)! - 1\), for all natural numbers \(n\). Recall that \(0!\) is defined to be 1.","We use n for induction Predicate P: \\sum_{p=0}^{n}(p*p!)=(n+1)!-1\ Base Case: for P(0)=0,P(1)=1 Induction Hypothesis:\\sum_{p=0}^{k}(p*p!)=(k+1)!-1\ holds for 0,1,2,3,...,k. Induction","{'has_proof': True, 'length': 184, 'has_base_case': True, 'has_induction_hypothesis': True, 'has_induction_step': False, 'has_qed': False, 'quality_score': 3.37}","{'identify_base_case': 2, 'prove_base_case': 0, 'hypothesis_stated': 2, 'hypothesis_given_bound': 1, 'goal_clear': 0, 'expression_decomposed': 0, 'inductive_hypothesis_applied': 0}",4.0842857142857145
121,"Use (strong) induction to prove the following claim: Claim: \(\displaystyle\sum_{p=0}^n (p \cdot p!) = (n+1)! - 1\), for all natural numbers \(n\). Recall that \(0!\) is defined to be 1.",(induction) (base case) P(0) = (0 * 1) = 0; (0 +1)! - 1 = 0; base case holds (inductive hypothesis) suppose that \\sum_{p = 0}^{n}\ (p*p!) = (n+1)! - 1 holds for n in 0... k - 2 (inductive step) we must prove that \\sum_{p = 0}^{n}\ (p*p!) = (n+1)! - 1 holds for n = k - 1 (k - 1 + 1)! - 1 k! + 1 (conclusion),"{'has_proof': True, 'length': 309, 'has_base_case': True, 'has_induction_hypothesis': True, 'has_induction_step': True, 'has_qed': False, 'quality_score': 5.12}","{'identify_base_case': 2, 'prove_base_case': 2, 'hypothesis_stated': 2, 'hypothesis_given_bound': 2, 'goal_clear': 2, 'expression_decomposed': 0, 'inductive_hypothesis_applied': 0}",6.548571428571429
122,"Use (strong) induction to prove the following claim: Claim: \(\displaystyle\sum_{p=0}^n (p \cdot p!) = (n+1)! - 1\), for all natural numbers \(n\). Recall that \(0!\) is defined to be 1.","For our base case, note that if p = 0 in \\sum_{p=0}^{n}\ (p*p!), then the equation equals 0 as (0*1) = 0. Note that if n = 0, then (n+1)! - 1 = (0+1)! - 1 = 1 - 1 = 0. Our hypothesis would consist of for some k, \\sum_{k=0}^{n}\ (k*k!) = (k+1)! - 1, for each p and n in 1...k. Next to finish we need to show that they are both equal to one another no matter what k is equal to. Test 1: if k = 1, then \\sum_{p=0}^{k}\(1*1!) = 1 and (1+1)! - 1 = 2 - 1 = 1. Test 2: if k = 2, then \\sum_{p=0}^{k}\(2*2!) = 6 amd (2+1)! - 1 = 5 (????)","{'has_proof': True, 'length': 532, 'has_base_case': True, 'has_induction_hypothesis': False, 'has_induction_step': False, 'has_qed': False, 'quality_score': 2.56}","{'identify_base_case': 2, 'prove_base_case': 2, 'hypothesis_stated': 1, 'hypothesis_given_bound': 2, 'goal_clear': 0, 'expression_decomposed': 0, 'inductive_hypothesis_applied': 0}",3.56
123,"Use (strong) induction to prove the following claim: Claim: \(\displaystyle\sum_{p=0}^n (p \cdot p!) = (n+1)! - 1\), for all natural numbers \(n\). Recall that \(0!\) is defined to be 1.","Prove by induction. Base case: when n = 0, 0 * 0! = 1 - 1 = 0","{'has_proof': True, 'length': 61, 'has_base_case': True, 'has_induction_hypothesis': False, 'has_induction_step': False, 'has_qed': False, 'quality_score': 1.62}","{'identify_base_case': 2, 'prove_base_case': 2, 'hypothesis_stated': 0, 'hypothesis_given_bound': 0, 'goal_clear': 0, 'expression_decomposed': 0, 'inductive_hypothesis_applied': 0}",2.1914285714285713
124,"Use (strong) induction to prove the following claim: Claim: \(\displaystyle\sum_{p=0}^n (p \cdot p!) = (n+1)! - 1\), for all natural numbers \(n\). Recall that \(0!\) is defined to be 1.","Base Case: \\sum_{p=0}^{0} (p * p!) = 0, 1! - 1 = 0\, so P(0) holds. Inductive hypothesis: for some k, P(n) holds for n = 0, 1, .... k. Inductive step: we need to show P(k+1) holds. \\sum_{p=0}^{k+1} (p * p!) = \sum_{p=0}^{k} (p * p!) + (k + 1) * (k+1)! \, \(k+2)! - 1 = (k+2)(k+1)! - 1\. By Inductive Hypothesis we know \\sum_{p=0}^{k} (p * p!) = (k+1)! - 1\","{'has_proof': True, 'length': 359, 'has_base_case': True, 'has_induction_hypothesis': True, 'has_induction_step': True, 'has_qed': False, 'quality_score': 5.22}","{'identify_base_case': 2, 'prove_base_case': 2, 'hypothesis_stated': 2, 'hypothesis_given_bound': 2, 'goal_clear': 2, 'expression_decomposed': 2, 'inductive_hypothesis_applied': 2}",7.22
125,"Use (strong) induction to prove the following claim: Claim: \(\displaystyle\sum_{p=0}^n (p \cdot p!) = (n+1)! - 1\), for all natural numbers \(n\). Recall that \(0!\) is defined to be 1.","Proof by induction on n. Let our inductive predicate be \ P(n) = \sum_{p=0}^{n}(p * p!) = (n+1)! - 1\. Let us look at the base case, n = 1. When n = 1, \ \sum_{p=0}^{1}(p * p!) = (0 * 0!) + (1 * 1!) = 0 +1 = 1 \ and \ (1+1)! - 1 = 2 - 1 = 1 \. Therefore, P(1) holds. Let our inductive hypothesis be that \ P(n) = \sum_{p=0}^{n}(p * p!) = (n+1)! - 1\ for all n in 0...k. Inductive Step: Prove P(k + 1) : \ P(n) = \sum_{p=0}^{k+1}(p * p!) = ((k+1)+1)! - 1\. Starting on the left hand side of the equation, we get \ \sum_{p=0}^{k+1}(p * p!) = ((k + 1) * (k+1)!) + \sum_{p=0}^{k}(p * p!). \ From our inductive hypothesis, we know that \ \sum_{p=0}^{k}(p * p!) = (k+1)! - 1 \. Therefore, we can substitute: \ \sum_{p=0}^{k+1}(p * p!) = ((k + 1) * (k+1)!) + ((k+1)! - 1). \ Simplifying this equation we get \(k+2)(k+1)! - 1 = (k+2)! - 1\. Looking back at our original equation, we know have \(k+2)! - 1 = ((k+1)+1)! - 1\ which simplifies to \(k+2)! - 1 = (k+2)! - 1\. QED.","{'has_proof': True, 'length': 966, 'has_base_case': True, 'has_induction_hypothesis': True, 'has_induction_step': True, 'has_qed': True, 'quality_score': 7.93}","{'identify_base_case': 2, 'prove_base_case': 2, 'hypothesis_stated': 2, 'hypothesis_given_bound': 2, 'goal_clear': 2, 'expression_decomposed': 2, 'inductive_hypothesis_applied': 2}",9.93
126,"Use (strong) induction to prove the following claim: Claim: \(\displaystyle\sum_{p=0}^n (p \cdot p!) = (n+1)! - 1\), for all natural numbers \(n\). Recall that \(0!\) is defined to be 1.","For the base case we have that n = 0, which gives us that \\sum_{0}^{n}\ (p * =p!) = (n + 1)! - 1 which is that 0 = 0, which is true. Now, for the hypothesis we have to show that \\sum_{0}^{n}\ (p * =p!) = (n + 1)! - 1, when p = 0, 1, 2....n Taking the case of n - 1, we get \\sum_{0}^{n - 1}\ (p * =p!) = (n)! - 1, which is what we needed to prove.","{'has_proof': True, 'length': 349, 'has_base_case': True, 'has_induction_hypothesis': False, 'has_induction_step': False, 'has_qed': False, 'quality_score': 2.2}","{'identify_base_case': 2, 'prove_base_case': 2, 'hypothesis_stated': 1, 'hypothesis_given_bound': 1, 'goal_clear': 1, 'expression_decomposed': 0, 'inductive_hypothesis_applied': 0}",3.2
127,"Use (strong) induction to prove the following claim: Claim: \(\displaystyle\sum_{p=0}^n (p \cdot p!) = (n+1)! - 1\), for all natural numbers \(n\). Recall that \(0!\) is defined to be 1.",Genuinely no idea.,"{'has_proof': True, 'length': 18, 'has_base_case': False, 'has_induction_hypothesis': False, 'has_induction_step': False, 'has_qed': False, 'quality_score': 0.04}","{'identify_base_case': 0, 'prove_base_case': 0, 'hypothesis_stated': 0, 'hypothesis_given_bound': 0, 'goal_clear': 0, 'expression_decomposed': 0, 'inductive_hypothesis_applied': 0}",0.04
128,"Use (strong) induction to prove the following claim: Claim: \(\displaystyle\sum_{p=0}^n (p \cdot p!) = (n+1)! - 1\), for all natural numbers \(n\). Recall that \(0!\) is defined to be 1.","The base case \\sum_{n}^{p = 0} = (0 + 1)! -1 = 0\ Next, suppose that \\sum_{n}^{p = 0} (p*p!) = (k + 1)! - 1\ for all natural numbers to k","{'has_proof': True, 'length': 139, 'has_base_case': True, 'has_induction_hypothesis': False, 'has_induction_step': False, 'has_qed': False, 'quality_score': 1.78}","{'identify_base_case': 2, 'prove_base_case': 2, 'hypothesis_stated': 1, 'hypothesis_given_bound': 2, 'goal_clear': 0, 'expression_decomposed': 0, 'inductive_hypothesis_applied': 0}",2.7800000000000002
129,"Use (strong) induction to prove the following claim: Claim: \(\displaystyle\sum_{p=0}^n (p \cdot p!) = (n+1)! - 1\), for all natural numbers \(n\). Recall that \(0!\) is defined to be 1.","Proof by induction on n Base Case: For n = 0, \\sum_{p=0}^{0}\\(p*p!)=(n+1)!-1\ \0*0!\ = \(0+1)!-1\ so the base case holds true. I know there needs to be an inductive hypothesis and an inductive step following but I do not know how these are created","{'has_proof': True, 'length': 249, 'has_base_case': True, 'has_induction_hypothesis': True, 'has_induction_step': True, 'has_qed': False, 'quality_score': 5.0}","{'identify_base_case': 2, 'prove_base_case': 2, 'hypothesis_stated': 0, 'hypothesis_given_bound': 0, 'goal_clear': 0, 'expression_decomposed': 0, 'inductive_hypothesis_applied': 0}",5.571428571428571
130,"Use (strong) induction to prove the following claim: Claim: \(\displaystyle\sum_{p=0}^n (p \cdot p!) = (n+1)! - 1\), for all natural numbers \(n\). Recall that \(0!\) is defined to be 1.","Let us use induction here If n = 2 then (2 * 2!)(1 * 1!)(0 * 0!) = 0 And for our claim if n = 2, then (2 + 1)! - 1 = 3! - 1 = 3 * 2 * 1 - 1 = 5 These two do not match and therefore these two are not equal","{'has_proof': True, 'length': 204, 'has_base_case': False, 'has_induction_hypothesis': False, 'has_induction_step': False, 'has_qed': True, 'quality_score': 1.91}","{'identify_base_case': 0, 'prove_base_case': 0, 'hypothesis_stated': 0, 'hypothesis_given_bound': 0, 'goal_clear': 0, 'expression_decomposed': 0, 'inductive_hypothesis_applied': 0}",1.91
131,"Use (strong) induction to prove the following claim: Claim: \(\displaystyle\sum_{p=0}^n (p \cdot p!) = (n+1)! - 1\), for all natural numbers \(n\). Recall that \(0!\) is defined to be 1.","Proof: by induction For our base case, let n = 0. Then the sum from p=0 to 0 of (0*0!) = 0. Also, (0 +1)! - 1 = 0. So then the sum from p = 0 to 0 of (p*p!) = (n+1)! - 1 for zero. Suppose that for some k, the sum from p=0 to n (p*p!) = (n+1)! - 1, for all n = 0,1,....k. Then we need to show that the sum from p=0 to k-1 of (p*p!) = ((k-1)+1)! - 1. At k-1, ((k-1)+1)! - 1 = k! - 1. Another way to write this would be k(k-1)! - 1.","{'has_proof': True, 'length': 429, 'has_base_case': True, 'has_induction_hypothesis': False, 'has_induction_step': False, 'has_qed': False, 'quality_score': 2.36}","{'identify_base_case': 2, 'prove_base_case': 2, 'hypothesis_stated': 2, 'hypothesis_given_bound': 2, 'goal_clear': 1, 'expression_decomposed': 0, 'inductive_hypothesis_applied': 0}",3.645714285714286
132,"Use (strong) induction to prove the following claim: Claim: \(\displaystyle\sum_{p=0}^n (p \cdot p!) = (n+1)! - 1\), for all natural numbers \(n\). Recall that \(0!\) is defined to be 1.","let us start with induction on n. Base case: let n = 0. \\sum_{p=0}^{n}\(0 * 0!) = 0 = (0 + 1)! - 1. Therefore the claim is true at n = 0. Inductive hypothesis:Let \\sum_{p=0}^{n}\(p * p!) = (p + 1)! - 1 for all n = 0, ..., k; Inductive step: Let n = k + 1. \\sum_{p=0}^{n}\((k+1) * (k+1)!) = ((k+1) * (k+1)!) + (k+1)! - 1 = (k + 2)! - 1. Therefore \\sum_{p=0}^{n}\(p * p!) = (p + 1)! - 1 is true for n = 0, ..., k+1.","{'has_proof': True, 'length': 417, 'has_base_case': True, 'has_induction_hypothesis': True, 'has_induction_step': True, 'has_qed': True, 'quality_score': 6.83}","{'identify_base_case': 2, 'prove_base_case': 2, 'hypothesis_stated': 2, 'hypothesis_given_bound': 2, 'goal_clear': 2, 'expression_decomposed': 2, 'inductive_hypothesis_applied': 2}",8.83
133,"Use (strong) induction to prove the following claim: Claim: \(\displaystyle\sum_{p=0}^n (p \cdot p!) = (n+1)! - 1\), for all natural numbers \(n\). Recall that \(0!\) is defined to be 1.","Base case: Suppose \n=0\. \\sum_{p=0}^{0}(p\times p!)=0\times0!=0\times 1=0\, and \(0+1)!-1=1!-1=1-1=0\. So the base case \n=0\ holds. Inductive hypothesis: Suppose that for some \k\in\mathbb{N}\, \\sum_{p=0}^{n}(p\times p!)=(n+1)!-1\ for all \n=0,1,...,k-1,k\. Inductive step: We want to show that \\sum_{p=0}^{k+1}(p\times p!)=(k+2)!-1\ Evaluating the left side, we get \\sum_{p=0}^{k+1}(p\times p!)\ \=[(k+1)\times(k+1)!]+\sum_{p=0}^{k}(p\times p!)\ \=[(k+1)\times(k+1)!]+(k+1)!-1\ [from our induction hypothesis] \=(k+1+1)(k+1)!-1\ \=(k+2)(k+1)!-1\ \=(k+2)!-1\, which is the right side of the equation. QED","{'has_proof': True, 'length': 610, 'has_base_case': True, 'has_induction_hypothesis': True, 'has_induction_step': True, 'has_qed': True, 'quality_score': 7.22}","{'identify_base_case': 2, 'prove_base_case': 2, 'hypothesis_stated': 2, 'hypothesis_given_bound': 2, 'goal_clear': 2, 'expression_decomposed': 2, 'inductive_hypothesis_applied': 2}",9.219999999999999
134,"Use (strong) induction to prove the following claim: Claim: \(\displaystyle\sum_{p=0}^n (p \cdot p!) = (n+1)! - 1\), for all natural numbers \(n\). Recall that \(0!\) is defined to be 1.","base case: n = 0, \\sum_{0}^{0}\(0*0!) = 1! - 1 =0","{'has_proof': True, 'length': 50, 'has_base_case': True, 'has_induction_hypothesis': False, 'has_induction_step': False, 'has_qed': False, 'quality_score': 1.6}","{'identify_base_case': 2, 'prove_base_case': 2, 'hypothesis_stated': 0, 'hypothesis_given_bound': 0, 'goal_clear': 0, 'expression_decomposed': 0, 'inductive_hypothesis_applied': 0}",2.1714285714285717
135,"Use (strong) induction to prove the following claim: Claim: \(\displaystyle\sum_{p=0}^n (p \cdot p!) = (n+1)! - 1\), for all natural numbers \(n\). Recall that \(0!\) is defined to be 1.",I don't remember the process of using induction to prove this claim.,"{'has_proof': True, 'length': 68, 'has_base_case': False, 'has_induction_hypothesis': False, 'has_induction_step': False, 'has_qed': False, 'quality_score': 0.14}","{'identify_base_case': 0, 'prove_base_case': 0, 'hypothesis_stated': 0, 'hypothesis_given_bound': 0, 'goal_clear': 0, 'expression_decomposed': 0, 'inductive_hypothesis_applied': 0}",0.14
136,"Use (strong) induction to prove the following claim: Claim: \(\displaystyle\sum_{p=0}^n (p \cdot p!) = (n+1)! - 1\), for all natural numbers \(n\). Recall that \(0!\) is defined to be 1.",Base Case: (0 * 0!) = 0 * 1 = 0 and (0 + 1)! - 1 = 1 - 1 = 0 Induction \\sum_{k = 1}^{n}\ (k * k!) = \\sum_{k = 0}^{n}\ (k+1)(k +1)! - 1 = (n + 1)! - 1 QED,"{'has_proof': True, 'length': 155, 'has_base_case': True, 'has_induction_hypothesis': False, 'has_induction_step': False, 'has_qed': True, 'quality_score': 3.31}","{'identify_base_case': 2, 'prove_base_case': 2, 'hypothesis_stated': 0, 'hypothesis_given_bound': 0, 'goal_clear': 0, 'expression_decomposed': 0, 'inductive_hypothesis_applied': 0}",3.8814285714285717
137,"Use (strong) induction to prove the following claim: Claim: \(\displaystyle\sum_{p=0}^n (p \cdot p!) = (n+1)! - 1\), for all natural numbers \(n\). Recall that \(0!\) is defined to be 1.","Proof by induction on n. For base case let n = 1, from that we get 1 = 1. For our inductive hypothesis we will assume \\sum_{p=0}^{n}(p * p!) = (n+1)! - 1\ for all real numbers n in range of (0,...,k-1). For the inductive step we will show that \\sum_{p=0}^{k}(p * p!) = (k+1)! - 1\. Simplifying we get","{'has_proof': True, 'length': 302, 'has_base_case': True, 'has_induction_hypothesis': True, 'has_induction_step': True, 'has_qed': False, 'quality_score': 5.1}","{'identify_base_case': 2, 'prove_base_case': 2, 'hypothesis_stated': 2, 'hypothesis_given_bound': 2, 'goal_clear': 2, 'expression_decomposed': 0, 'inductive_hypothesis_applied': 0}",6.5285714285714285
138,"Use (strong) induction to prove the following claim: Claim: \(\displaystyle\sum_{p=0}^n (p \cdot p!) = (n+1)! - 1\), for all natural numbers \(n\). Recall that \(0!\) is defined to be 1.","Prove by Induction Base case: when p = 0, the \\sum_{p=o}^{0}\ p*p! = 0. (n+1)! - 1 = 0. Inductive Hypothesis: \\sum_{p = 0}^{n}\ (p*p!) = (n+1)! - 1, for each n in 0....k. inductive step: prove for some k, \\sum_{p = 0}^{n}\ (p*p!) = (n+1)! - 1, for each n in 0,....,k.","{'has_proof': True, 'length': 270, 'has_base_case': True, 'has_induction_hypothesis': True, 'has_induction_step': True, 'has_qed': False, 'quality_score': 5.04}","{'identify_base_case': 2, 'prove_base_case': 2, 'hypothesis_stated': 2, 'hypothesis_given_bound': 2, 'goal_clear': 1, 'expression_decomposed': 0, 'inductive_hypothesis_applied': 0}",6.325714285714286
139,"Use (strong) induction to prove the following claim: Claim: \(\displaystyle\sum_{p=0}^n (p \cdot p!) = (n+1)! - 1\), for all natural numbers \(n\). Recall that \(0!\) is defined to be 1.","For our base case, note that when n = 0","{'has_proof': True, 'length': 39, 'has_base_case': True, 'has_induction_hypothesis': False, 'has_induction_step': False, 'has_qed': False, 'quality_score': 1.58}","{'identify_base_case': 0, 'prove_base_case': 0, 'hypothesis_stated': 0, 'hypothesis_given_bound': 0, 'goal_clear': 0, 'expression_decomposed': 0, 'inductive_hypothesis_applied': 0}",1.58
140,"Use (strong) induction to prove the following claim: Claim: \(\displaystyle\sum_{p=0}^n (p \cdot p!) = (n+1)! - 1\), for all natural numbers \(n\). Recall that \(0!\) is defined to be 1.","Proof: Suppose that for \n = 1\, \\sum_{p=0}^{1}(p \times p!) = 0 \times 0! + 1 \times 1! = 1\, while \(1 + 1)! - 1 = 2 - 1 = 1\, both are equivalent. Using the mathematical induction, we need to suppose that if the original equation works for \n = 1, 2, 3, ... k - 1\, the equation also works in \n = k\. Thus, we know that \\sum_{p=0}^{k-1}(p \times p!) = k! - 1\ (Equation #1), and we need to prove that \\sum_{p=0}^{k}(p \times p!) = (k + 1)! - 1\ (Equation #2). Minus Equation #2 to Equation #1 we get: \k \times k! = (k+1)! - k!\; add both sides in \k!\ we get \(k + 1) \times k! = (k + 1)!\ on the left side, which is equivalent to the right after calculation. We therefore prove that the induction works, so that the claim is proved. \Q. E. D.\","{'has_proof': True, 'length': 752, 'has_base_case': False, 'has_induction_hypothesis': False, 'has_induction_step': False, 'has_qed': True, 'quality_score': 3.0}","{'identify_base_case': 2, 'prove_base_case': 2, 'hypothesis_stated': 2, 'hypothesis_given_bound': 2, 'goal_clear': 2, 'expression_decomposed': 2, 'inductive_hypothesis_applied': 2}",5.0
141,"Use (strong) induction to prove the following claim: Claim: \(\displaystyle\sum_{p=0}^n (p \cdot p!) = (n+1)! - 1\), for all natural numbers \(n\). Recall that \(0!\) is defined to be 1.","If n = 0, n! = 1, (n+1)! = 1-1","{'has_proof': True, 'length': 30, 'has_base_case': False, 'has_induction_hypothesis': False, 'has_induction_step': False, 'has_qed': False, 'quality_score': 0.06}","{'identify_base_case': 2, 'prove_base_case': 1, 'hypothesis_stated': 0, 'hypothesis_given_bound': 0, 'goal_clear': 0, 'expression_decomposed': 0, 'inductive_hypothesis_applied': 0}",0.48857142857142855
142,"Use (strong) induction to prove the following claim: Claim: \(\displaystyle\sum_{p=0}^n (p \cdot p!) = (n+1)! - 1\), for all natural numbers \(n\). Recall that \(0!\) is defined to be 1.","For our base case, when n=0, \\sum_{p=0}^{0}(p\times p!) = (1+1)! - 1 = 0\ Then, according to our inductive hypothesis, for some \k\, \\sum_{p=0}^{n}(p\times p!)=(n+1)!-1\ when \n\ is \0,1,2...k\ So when \n=k+1\, \\sum_{p=0}^{k+1}(p\times p!)=\sum_{p=0}^{k}(p\times p!) + (k+1)\times(k+1)!\ Since we know \\sum_{p=0}^{k}(p*p!)=(k+1)!-1\, \\sum_{p=0}^{k+1}(p\times p!) = (k+1)!-1+(k+1)\times(k+1)!=(k+1)!\times(k+2)-1=(k+2)!-1\ as we needed.","{'has_proof': True, 'length': 440, 'has_base_case': True, 'has_induction_hypothesis': True, 'has_induction_step': False, 'has_qed': False, 'quality_score': 3.88}","{'identify_base_case': 2, 'prove_base_case': 2, 'hypothesis_stated': 2, 'hypothesis_given_bound': 2, 'goal_clear': 2, 'expression_decomposed': 2, 'inductive_hypothesis_applied': 2}",5.88
143,"Use (strong) induction to prove the following claim: Claim: \(\displaystyle\sum_{p=0}^n (p \cdot p!) = (n+1)! - 1\), for all natural numbers \(n\). Recall that \(0!\) is defined to be 1.","Base case: when n = 0, (n*n!) = 0, (n+1)! - 1 = 0, so true. Inductive Hypothesis: for some integer k, \\sum_{p=0}^{n}(p*p!)=(n+1)! - 1\ for n in 0,..., k-1. Inductive Step: Prove \\sum_{p=0}^{k}(p*p!)=(k+1)! - 1\ \\sum_{p=0}^{k}(p*p!)=\sum_{p=0}^{k-1}(p*p!)+(k*k!)\ By our hypothesis, we have \\sum_{p=0}^{k-1}(p*p!)+(k*k!)= k!-1+(k*k!)=k!-1+k![(k+1)-1]=k!(k+1)+k!-k!-1=\ \(k+1)!-1\, which is what we need to prove.","{'has_proof': True, 'length': 415, 'has_base_case': True, 'has_induction_hypothesis': True, 'has_induction_step': True, 'has_qed': False, 'quality_score': 5.33}","{'identify_base_case': 2, 'prove_base_case': 2, 'hypothesis_stated': 2, 'hypothesis_given_bound': 2, 'goal_clear': 2, 'expression_decomposed': 2, 'inductive_hypothesis_applied': 2}",7.33
144,"Use (strong) induction to prove the following claim: Claim: \(\displaystyle\sum_{p=0}^n (p \cdot p!) = (n+1)! - 1\), for all natural numbers \(n\). Recall that \(0!\) is defined to be 1.",\idk\,"{'has_proof': True, 'length': 5, 'has_base_case': False, 'has_induction_hypothesis': False, 'has_induction_step': False, 'has_qed': False, 'quality_score': 0.01}","{'identify_base_case': 0, 'prove_base_case': 0, 'hypothesis_stated': 0, 'hypothesis_given_bound': 0, 'goal_clear': 0, 'expression_decomposed': 0, 'inductive_hypothesis_applied': 0}",0.01
145,"Use (strong) induction to prove the following claim: Claim: \(\displaystyle\sum_{p=0}^n (p \cdot p!) = (n+1)! - 1\), for all natural numbers \(n\). Recall that \(0!\) is defined to be 1.",Let n be a natural number. Predicate: (p * p!) = 1,"{'has_proof': True, 'length': 50, 'has_base_case': False, 'has_induction_hypothesis': False, 'has_induction_step': False, 'has_qed': False, 'quality_score': 0.1}","{'identify_base_case': 0, 'prove_base_case': 0, 'hypothesis_stated': 0, 'hypothesis_given_bound': 0, 'goal_clear': 0, 'expression_decomposed': 0, 'inductive_hypothesis_applied': 0}",0.1
146,"Use (strong) induction to prove the following claim: Claim: \(\displaystyle\sum_{p=0}^n (p \cdot p!) = (n+1)! - 1\), for all natural numbers \(n\). Recall that \(0!\) is defined to be 1.",I am not sure how to start,"{'has_proof': True, 'length': 26, 'has_base_case': False, 'has_induction_hypothesis': False, 'has_induction_step': False, 'has_qed': False, 'quality_score': 0.05}","{'identify_base_case': 0, 'prove_base_case': 0, 'hypothesis_stated': 0, 'hypothesis_given_bound': 0, 'goal_clear': 0, 'expression_decomposed': 0, 'inductive_hypothesis_applied': 0}",0.05
147,"Use (strong) induction to prove the following claim: Claim: \(\displaystyle\sum_{p=0}^n (p \cdot p!) = (n+1)! - 1\), for all natural numbers \(n\). Recall that \(0!\) is defined to be 1.","Base Case: summation from 0 to 0 of 0! equals 0, which equals 1! - 1. Thus the base case is true. Inductive Step: Assume that P(k-1) is true for a natural number k-1. Then adding (k * k!) to both sides, the left hand side becomes the summation from p=0 to k, and the right hand side becomes k!-1 + k * k!, which because (k+1)!-1 so P(k) is true. Therefore, P(k-1) implies P(k) for any natural number k-1. By induction, the statement is true for all natural numbers n.","{'has_proof': True, 'length': 467, 'has_base_case': True, 'has_induction_hypothesis': False, 'has_induction_step': True, 'has_qed': True, 'quality_score': 5.43}","{'identify_base_case': 2, 'prove_base_case': 2, 'hypothesis_stated': 2, 'hypothesis_given_bound': 2, 'goal_clear': 2, 'expression_decomposed': 2, 'inductive_hypothesis_applied': 2}",7.43
148,"Use (strong) induction to prove the following claim: Claim: \(\displaystyle\sum_{p=0}^n (p \cdot p!) = (n+1)! - 1\), for all natural numbers \(n\). Recall that \(0!\) is defined to be 1.",i need more re-enforcement from the last lesson to be able to complete this proof.,"{'has_proof': True, 'length': 82, 'has_base_case': False, 'has_induction_hypothesis': False, 'has_induction_step': False, 'has_qed': False, 'quality_score': 0.16}","{'identify_base_case': 0, 'prove_base_case': 0, 'hypothesis_stated': 0, 'hypothesis_given_bound': 0, 'goal_clear': 0, 'expression_decomposed': 0, 'inductive_hypothesis_applied': 0}",0.16
149,"Use (strong) induction to prove the following claim: Claim: \(\displaystyle\sum_{p=0}^n (p \cdot p!) = (n+1)! - 1\), for all natural numbers \(n\). Recall that \(0!\) is defined to be 1.","We will prove our claim by induction. Base Case: When n = 1, \\sum_{p=0}^{n}(1*1!)=1\, and \(1+1)!-1=1\. Suppose that for some k, \\sum_{p=0}^{n}(p*p!)=(n+1)!-1\ for each n in 0..k We will prove that \\sum_{p=0}^{k+1}(p*p!)=(k+2)!-1\","{'has_proof': True, 'length': 233, 'has_base_case': True, 'has_induction_hypothesis': False, 'has_induction_step': False, 'has_qed': False, 'quality_score': 1.97}","{'identify_base_case': 2, 'prove_base_case': 2, 'hypothesis_stated': 2, 'hypothesis_given_bound': 2, 'goal_clear': 2, 'expression_decomposed': 0, 'inductive_hypothesis_applied': 0}",3.3985714285714286
150,"Use (strong) induction to prove the following claim: Claim: \(\displaystyle\sum_{p=0}^n (p \cdot p!) = (n+1)! - 1\), for all natural numbers \(n\). Recall that \(0!\) is defined to be 1.","**Claim: ** \\forall n \in \mathbb{N}\, \\sum_{p=0}^{n}(p\cdot p!) = (n+1)! - 1\. **Base Case: ** When \n=0\, the sum is \0 \cdot 1\ which is equal to \0\. Moreover, \(0+1)!-1=0\. The two sides of the equation are equal.","{'has_proof': True, 'length': 220, 'has_base_case': True, 'has_induction_hypothesis': False, 'has_induction_step': False, 'has_qed': False, 'quality_score': 1.94}","{'identify_base_case': 2, 'prove_base_case': 2, 'hypothesis_stated': 0, 'hypothesis_given_bound': 0, 'goal_clear': 0, 'expression_decomposed': 0, 'inductive_hypothesis_applied': 0}",2.5114285714285716
151,"Use (strong) induction to prove the following claim: Claim: \(\displaystyle\sum_{p=0}^n (p \cdot p!) = (n+1)! - 1\), for all natural numbers \(n\). Recall that \(0!\) is defined to be 1.","Inductive predicate: \\sum_{p = 0}^{n}\(p * p!) = (n+1)! - 1 for all natural numbers n Base case f(0), \\sum_{p = 0}^{n}\ (0 *0!) = 0+1)! - 1 = 0 Inductive hypothesis: There is a number n such that the aformentioned theorem holds true Let us assume that the inductive hypothesis is true Since we assume our inductive hypothesis is true and our base cases work, we can then assume the aforementioned hypothesis is true. Thus, \\sum_{p = 0}^{n}\(p * p!) = (n+1)! - 1 for all natural numbers n which is what we were trying to show.","{'has_proof': True, 'length': 528, 'has_base_case': True, 'has_induction_hypothesis': True, 'has_induction_step': False, 'has_qed': False, 'quality_score': 4.06}","{'identify_base_case': 2, 'prove_base_case': 2, 'hypothesis_stated': 2, 'hypothesis_given_bound': 1, 'goal_clear': 0, 'expression_decomposed': 0, 'inductive_hypothesis_applied': 0}",5.06
152,"Use (strong) induction to prove the following claim: Claim: \(\displaystyle\sum_{p=0}^n (p \cdot p!) = (n+1)! - 1\), for all natural numbers \(n\). Recall that \(0!\) is defined to be 1.","For our base case, we have \ \sum_{p=0}^{1}\ (p*p!) = 1 and (1+1)!-1 = 1 that two results are same. Suppose our inductive hypothesis goes through that \ \sum_{p=0}^{n}\ (p*p!)=(n+1)!-1 for n in 0,1,2,......,k, we want to prove that \ \sum_{p=0}^{k+1}\ (p*p!) = (k+2)!-1. By definition of summation, we know that \ \sum_{p=0}^{k+1}\ (p*p!) = \ \sum_{p=0}^{k}\ (p*p!) + (k+1)(k+1)!. We can write it as (k+1)!-1+(k+1)(k+1)!. Rearranging we get (k+1)!(1+k+1)-1 = (k+2)(k+1)!-1=(k+2)!-1 which we reach the conclusion we want to get.","{'has_proof': True, 'length': 527, 'has_base_case': True, 'has_induction_hypothesis': True, 'has_induction_step': False, 'has_qed': False, 'quality_score': 4.05}","{'identify_base_case': 2, 'prove_base_case': 2, 'hypothesis_stated': 2, 'hypothesis_given_bound': 2, 'goal_clear': 2, 'expression_decomposed': 2, 'inductive_hypothesis_applied': 2}",6.05
153,"Use (strong) induction to prove the following claim: Claim: \(\displaystyle\sum_{p=0}^n (p \cdot p!) = (n+1)! - 1\), for all natural numbers \(n\). Recall that \(0!\) is defined to be 1.","Given the above claim, we use proof by induction of \n\ - Inductive predicate: For all natural numbers \n, \displaystyle\sum_{p=0}^n (p \cdot p!) = (n+1)! - 1\ Base Case: Evaluating for n = 0. Left hand side - \ \displaystyle\sum_{p=0}^n (p \cdot p!) = 0\ Right hand side: \(n+1)! - 1 = 1! -1 = 0.\ Now, inductive hypothesis: For some natural numbers \k, \displaystyle\sum_{p=0}^n (p \cdot p!) = (n+1)! - 1\ for all \n\ from \0,1,2,....k.\ Now to prove the claim we need to show that: \\displaystyle\sum_{p=0}^{k+1} (p \cdot p!) = ((k+1)+1)! - 1 = (k+2)! - 1\ Strarting with the left-hand side: \\displaystyle\sum_{p=0}^{k+1} (p \cdot p!) = \displaystyle\sum_{p=0}^{k} (p \cdot p!) + (k+1)\cdot (k+1)!\ From the inductive hypothesis, we know that: \\displaystyle\sum_{p=0}^k (p \cdot p!) = (k+1)! - 1\ Thus, \\displaystyle\sum_{p=0}^{k} (p \cdot p!) + (k+1)\cdot (k+1)! = (k+1)! - 1 + (k+1)\cdot (k+1)! = (k+1)!(1+k+1) - 1 \ \= (k+2)! - 1\ which is what we needed to show. Thus, for any arbitrarily chosen \k,\ if \P(k)\ is true then \P(k+1)\ is also true. Thus, by induction, the given claim is true.","{'has_proof': True, 'length': 1101, 'has_base_case': True, 'has_induction_hypothesis': True, 'has_induction_step': False, 'has_qed': False, 'quality_score': 5.2}","{'identify_base_case': 2, 'prove_base_case': 2, 'hypothesis_stated': 2, 'hypothesis_given_bound': 2, 'goal_clear': 2, 'expression_decomposed': 2, 'inductive_hypothesis_applied': 2}",7.2
154,"Use (strong) induction to prove the following claim: Claim: \(\displaystyle\sum_{p=0}^n (p \cdot p!) = (n+1)! - 1\), for all natural numbers \(n\). Recall that \(0!\) is defined to be 1.","Let n be all natural numbers Suppose \\sum_{p=0}^{n}\ (p*p!) = (n+1)! - 1 Base Case: n=0, 0*0! = 0 and (0+1)! - 1 = 0 This must also hold true for \\sum_{p=0}^{n+1}\ (p*p!) = (n+2)! - 1","{'has_proof': True, 'length': 185, 'has_base_case': True, 'has_induction_hypothesis': False, 'has_induction_step': False, 'has_qed': False, 'quality_score': 1.87}","{'identify_base_case': 2, 'prove_base_case': 2, 'hypothesis_stated': 1, 'hypothesis_given_bound': 0, 'goal_clear': 0, 'expression_decomposed': 0, 'inductive_hypothesis_applied': 0}",2.5842857142857145
155,"Use (strong) induction to prove the following claim: Claim: \(\displaystyle\sum_{p=0}^n (p \cdot p!) = (n+1)! - 1\), for all natural numbers \(n\). Recall that \(0!\) is defined to be 1.","Let n be all natural numbers. Suppose that the sum from p = 0 to n of p * p! is equal to (n+1)! - 1. Induction hypothesis: for all natural numbers from 0...k-1, prove that the sum from p = 0 to k+1 of p * p! = (k+2)! - 1. After rearranging the equation, it is proven that the sum from p = 0 to n of p * p! is equal to (n+1)! - 1 since the hypothesis was proven.","{'has_proof': True, 'length': 361, 'has_base_case': False, 'has_induction_hypothesis': True, 'has_induction_step': False, 'has_qed': False, 'quality_score': 2.22}","{'identify_base_case': 0, 'prove_base_case': 0, 'hypothesis_stated': 2, 'hypothesis_given_bound': 1, 'goal_clear': 2, 'expression_decomposed': 0, 'inductive_hypothesis_applied': 0}",2.9342857142857146
156,"Use (strong) induction to prove the following claim: Claim: \(\displaystyle\sum_{p=0}^n (p \cdot p!) = (n+1)! - 1\), for all natural numbers \(n\). Recall that \(0!\) is defined to be 1.","##### Base Case: \\sum_{p=0}^{k-1}(p*p!)=(k)!-1\; when k = 1: \\sum_{p=0}^{0}(0*0!)=0*1=0\, where\(0)!-1=1-1=0\","{'has_proof': True, 'length': 111, 'has_base_case': True, 'has_induction_hypothesis': False, 'has_induction_step': False, 'has_qed': False, 'quality_score': 1.72}","{'identify_base_case': 2, 'prove_base_case': 2, 'hypothesis_stated': 0, 'hypothesis_given_bound': 0, 'goal_clear': 0, 'expression_decomposed': 0, 'inductive_hypothesis_applied': 0}",2.2914285714285714
157,"Use (strong) induction to prove the following claim: Claim: \(\displaystyle\sum_{p=0}^n (p \cdot p!) = (n+1)! - 1\), for all natural numbers \(n\). Recall that \(0!\) is defined to be 1.","base case: for n = 0, \\sum_{p=0}^{0}\ (p * p! ) = 0, ( 0 + 1)! -1 = 0, induction hypothesis: for natural numbers n, \\sum_{p=0}^{n}\ (p * p!) = (n+1)! -1. for all natural number k, 0.....k. induction step: for \\sum_{p=0}^{k+1}\ (k * k!) = (k +1)! - 1 both side divide k!, k = k+1 - 1 k = k thus, \\sum_{p=0}^{k+1}\ (k *k!) = (k+1)! - 1. that is what we need to shown.","{'has_proof': True, 'length': 369, 'has_base_case': True, 'has_induction_hypothesis': True, 'has_induction_step': True, 'has_qed': False, 'quality_score': 5.24}","{'identify_base_case': 2, 'prove_base_case': 2, 'hypothesis_stated': 2, 'hypothesis_given_bound': 2, 'goal_clear': 2, 'expression_decomposed': 0, 'inductive_hypothesis_applied': 0}",6.668571428571429
158,"Use (strong) induction to prove the following claim: Claim: \(\displaystyle\sum_{p=0}^n (p \cdot p!) = (n+1)! - 1\), for all natural numbers \(n\). Recall that \(0!\) is defined to be 1.","I do not remember much from last week other than the form of the proofs. Base Case: \\sum_{p=0}^{n}\ (p*p!) = 0 = (0+1)! - 1 Inductive Hypothesis: For 0...k, n=k+1 the summation is equal to the expression on the right Inductive Proof: I am not sure what would prove this, but this is what we needed to show.","{'has_proof': True, 'length': 307, 'has_base_case': True, 'has_induction_hypothesis': True, 'has_induction_step': False, 'has_qed': False, 'quality_score': 3.61}","{'identify_base_case': 2, 'prove_base_case': 2, 'hypothesis_stated': 2, 'hypothesis_given_bound': 1, 'goal_clear': 0, 'expression_decomposed': 0, 'inductive_hypothesis_applied': 0}",4.609999999999999
159,"Use (strong) induction to prove the following claim: Claim: \(\displaystyle\sum_{p=0}^n (p \cdot p!) = (n+1)! - 1\), for all natural numbers \(n\). Recall that \(0!\) is defined to be 1.","Base Case : \\sum_{p=0}^{1}(p*p!) = n(n+1)! - 1\ : 1 = 1 Inductive Hypothesis: for some natural number n, the stated claim is true for all n such that n = 0.. n = k where k is a natural number \\sum_{p=0}^{k+1}(p*p!) = (k+1)(k+2)! - 1\ : We can expand the left side out to eventually be equal to a summation of ((0*0!) + (1*1!)...(k+1)(k+1)!)/(k+2) simplify to (k+1)(k+2)! -1 = (k+1)(k+2)! - 1 which is what we needed to prove.","{'has_proof': True, 'length': 427, 'has_base_case': True, 'has_induction_hypothesis': True, 'has_induction_step': False, 'has_qed': False, 'quality_score': 3.85}","{'identify_base_case': 2, 'prove_base_case': 2, 'hypothesis_stated': 2, 'hypothesis_given_bound': 2, 'goal_clear': 2, 'expression_decomposed': 0, 'inductive_hypothesis_applied': 0}",5.2785714285714285
160,"Use (strong) induction to prove the following claim: Claim: \(\displaystyle\sum_{p=0}^n (p \cdot p!) = (n+1)! - 1\), for all natural numbers \(n\). Recall that \(0!\) is defined to be 1.","Base case: When p = 0, \\sum_{p=0}^{n}\(0*0!) = (0+1)!-1 = 0 Inductive hypothesis: Suppose \\sum_{p=0}^{n}\(p*p!) = (n+1)!-1 for some natural number k from 0..1..k Inductive step: \\sum_{p=0}^{k}\(p*p!) = (k+1)!-1 \\sum_{p=0}^{k}\(p*p!) = \\sum_{p=0}^{k}\((p+1)!) (k+1)!-1=(k+1)l-1 since \\sum_{p=0}^{k}\(p*p!) = (k+1)!-1, \\sum_{p=0}^{n}\(p*p!) = (n+1)!-1","{'has_proof': True, 'length': 356, 'has_base_case': True, 'has_induction_hypothesis': True, 'has_induction_step': True, 'has_qed': False, 'quality_score': 5.21}","{'identify_base_case': 2, 'prove_base_case': 2, 'hypothesis_stated': 2, 'hypothesis_given_bound': 1, 'goal_clear': 1, 'expression_decomposed': 0, 'inductive_hypothesis_applied': 0}",6.352857142857143
161,"Use (strong) induction to prove the following claim: Claim: \(\displaystyle\sum_{p=0}^n (p \cdot p!) = (n+1)! - 1\), for all natural numbers \(n\). Recall that \(0!\) is defined to be 1.","Prove: \\sum_{p=0}^{n}\\(p*p!) = (n + 1)! -1\ for all natural numbers \n\ Base case: for n = 1, (0 * 0!) = (0 + 1)! - 1 = 0, so \P(0)\ holds. Inductive hypothesis: Suupose that \\sum_{p=0}^{n}\\(p*p!)= (n + 1)! -1\ for some n in \0,1,2...k.\ \\sum_{p=0}^{k + 1}\\(p*p!)= ((k + 1) + 1)! -1\ \(k + 2)! - 1 = \","{'has_proof': True, 'length': 307, 'has_base_case': True, 'has_induction_hypothesis': True, 'has_induction_step': False, 'has_qed': False, 'quality_score': 3.61}","{'identify_base_case': 2, 'prove_base_case': 2, 'hypothesis_stated': 2, 'hypothesis_given_bound': 1, 'goal_clear': 1, 'expression_decomposed': 0, 'inductive_hypothesis_applied': 0}",4.752857142857143
162,"Use (strong) induction to prove the following claim: Claim: \(\displaystyle\sum_{p=0}^n (p \cdot p!) = (n+1)! - 1\), for all natural numbers \(n\). Recall that \(0!\) is defined to be 1.","Proof by induction on n. Hypothesis: \\sum_{n}^{p=0}\ (p x p!) = (n + 1)! - 1. For p = 0, (0 + 1)! - 1 = 0. Inductive step: Prove that \\sum_{n+1}^{p=0}\ (p x p!) = (n+2)! - 1. Therefore, by proof by induction, \\sum_{n+1}^{p=0}\ (p x p!) = (n+2)! - 1 for all natural numbers n.","{'has_proof': True, 'length': 278, 'has_base_case': False, 'has_induction_hypothesis': False, 'has_induction_step': True, 'has_qed': True, 'quality_score': 3.56}","{'identify_base_case': 2, 'prove_base_case': 1, 'hypothesis_stated': 2, 'hypothesis_given_bound': 0, 'goal_clear': 2, 'expression_decomposed': 0, 'inductive_hypothesis_applied': 0}",4.5600000000000005
163,"Use (strong) induction to prove the following claim: Claim: \(\displaystyle\sum_{p=0}^n (p \cdot p!) = (n+1)! - 1\), for all natural numbers \(n\). Recall that \(0!\) is defined to be 1.","Base Case: when n = 0, \\sum_{p=0}^{n}\ (p \\cdot\ p!) = 0 and (0 + 1)! - 1 = 0. Induction Hypothesis: \\sum_{p=0}^{n}\ (p \\cdot\ p!) = (n + 1)! - 1 for n in 0...k (where k \\geq\ 0). To prove the induction hypothesis \\sum_{p=0}^{k + 1}\ (p \\cdot\ p!) = (k + 2)! - 1. ... which is what we needed to show","{'has_proof': True, 'length': 306, 'has_base_case': True, 'has_induction_hypothesis': True, 'has_induction_step': False, 'has_qed': False, 'quality_score': 3.61}","{'identify_base_case': 2, 'prove_base_case': 2, 'hypothesis_stated': 2, 'hypothesis_given_bound': 2, 'goal_clear': 2, 'expression_decomposed': 0, 'inductive_hypothesis_applied': 0}",5.038571428571428
164,"Use (strong) induction to prove the following claim: Claim: \(\displaystyle\sum_{p=0}^n (p \cdot p!) = (n+1)! - 1\), for all natural numbers \(n\). Recall that \(0!\) is defined to be 1.","Base case: when n = 0, \\sum_{p=0}^{0}(0*0!)\ = 0, and (0+1)!-1 = 0, 0 = 0, so the claim is true for n = 0. Inductive Hypothesis: assume \\sum_{p=0}^{n}(p*p!) = (n+1)! -1\ is true for n = 0, 1, 2 ... k-1. Now to finish we need to show that \\sum_{p=0}^{k}(p*p!) = (k+1)! -1\. From our Inductive Hypothesis we can have \\sum_{p=0}^{k-1}(p*p!) = (k)! -1\; by definition of the summation notation, we also have \\sum_{p=0}^{k}(p*p!)\ = \\sum_{p=0}^{k-1}(p*p!) + k*k!\. Combing these two equations, we get \\sum_{p=0}^{k}(p*p!) = k!-1 + k*k = k!*(1+k) -1 = (k+1)! -1\, which is what we needed to show.","{'has_proof': True, 'length': 597, 'has_base_case': True, 'has_induction_hypothesis': True, 'has_induction_step': False, 'has_qed': False, 'quality_score': 4.19}","{'identify_base_case': 2, 'prove_base_case': 2, 'hypothesis_stated': 2, 'hypothesis_given_bound': 2, 'goal_clear': 2, 'expression_decomposed': 2, 'inductive_hypothesis_applied': 2}",6.19
165,"Use (strong) induction to prove the following claim: Claim: \(\displaystyle\sum_{p=0}^n (p \cdot p!) = (n+1)! - 1\), for all natural numbers \(n\). Recall that \(0!\) is defined to be 1.",Let n = 2. \\sum_{p=0}^{n=2}\(p x p!) =,"{'has_proof': True, 'length': 39, 'has_base_case': False, 'has_induction_hypothesis': False, 'has_induction_step': False, 'has_qed': False, 'quality_score': 0.08}","{'identify_base_case': 0, 'prove_base_case': 0, 'hypothesis_stated': 0, 'hypothesis_given_bound': 0, 'goal_clear': 0, 'expression_decomposed': 0, 'inductive_hypothesis_applied': 0}",0.08
166,"Use (strong) induction to prove the following claim: Claim: \(\displaystyle\sum_{p=0}^n (p \cdot p!) = (n+1)! - 1\), for all natural numbers \(n\). Recall that \(0!\) is defined to be 1.","for the base case of 0 and 1. \\sum_{p=0}^{0} = 0 = 1 - 1 =0\ for n = 1 \\sum_{p=0}^{1} = 1 = 2 -1 = 1\. Now for some number k assume this statement to be true for all values of n from 0 to k. Now, prove this statement to be true for some k + 1. which can be done by replacing parts of it with equation from n = k and then equation the rest giving us the proof we needed through induction","{'has_proof': True, 'length': 388, 'has_base_case': True, 'has_induction_hypothesis': False, 'has_induction_step': False, 'has_qed': False, 'quality_score': 2.28}","{'identify_base_case': 2, 'prove_base_case': 2, 'hypothesis_stated': 2, 'hypothesis_given_bound': 2, 'goal_clear': 2, 'expression_decomposed': 0, 'inductive_hypothesis_applied': 0}",3.708571428571428
167,"Use (strong) induction to prove the following claim: Claim: \(\displaystyle\sum_{p=0}^n (p \cdot p!) = (n+1)! - 1\), for all natural numbers \(n\). Recall that \(0!\) is defined to be 1.","For p = 0, (0 * 0!) = 0. N = 0 means, (0 + 1)! -1 = 0. For p = 2, (1 *1!) = 1 For n = 2, (1 + 1)! - 1 = 1. This proves that the two expressions are equal to each other.","{'has_proof': True, 'length': 168, 'has_base_case': False, 'has_induction_hypothesis': False, 'has_induction_step': False, 'has_qed': False, 'quality_score': 0.34}","{'identify_base_case': 2, 'prove_base_case': 2, 'hypothesis_stated': 0, 'hypothesis_given_bound': 0, 'goal_clear': 0, 'expression_decomposed': 0, 'inductive_hypothesis_applied': 0}",0.9114285714285715
168,"Use (strong) induction to prove the following claim: Claim: \(\displaystyle\sum_{p=0}^n (p \cdot p!) = (n+1)! - 1\), for all natural numbers \(n\). Recall that \(0!\) is defined to be 1.","The base case is n=0, 0=0, which satisfy the function. Suppose as our Inductive Hypothesis that the function is true for n in 0...k(where k >=0). We need to prove that the function holds for n=k+1. the left side is 0*1+1*1+2*2+3*6+...+(k+1)*(k+1)!. The left side + 1 = (k+2)!. The right side + 1 = (k+2)!, which equal the left side + 1, and holds the function for n = k + 1. And this is what we needed to know","{'has_proof': True, 'length': 409, 'has_base_case': True, 'has_induction_hypothesis': True, 'has_induction_step': False, 'has_qed': False, 'quality_score': 3.82}","{'identify_base_case': 2, 'prove_base_case': 2, 'hypothesis_stated': 2, 'hypothesis_given_bound': 2, 'goal_clear': 2, 'expression_decomposed': 0, 'inductive_hypothesis_applied': 0}",5.248571428571428
169,"Use (strong) induction to prove the following claim: Claim: \(\displaystyle\sum_{p=0}^n (p \cdot p!) = (n+1)! - 1\), for all natural numbers \(n\). Recall that \(0!\) is defined to be 1.",\\sum_{p!}^{p}\,"{'has_proof': True, 'length': 15, 'has_base_case': False, 'has_induction_hypothesis': False, 'has_induction_step': False, 'has_qed': False, 'quality_score': 0.03}","{'identify_base_case': 0, 'prove_base_case': 0, 'hypothesis_stated': 0, 'hypothesis_given_bound': 0, 'goal_clear': 0, 'expression_decomposed': 0, 'inductive_hypothesis_applied': 0}",0.03
170,"Use (strong) induction to prove the following claim: Claim: \(\displaystyle\sum_{p=0}^n (p \cdot p!) = (n+1)! - 1\), for all natural numbers \(n\). Recall that \(0!\) is defined to be 1.","the base case: when n = 0: 0 \\times\1 = 1-1=0 suppose a nutual number k that k = 1,2,3,4,...,n; \\sum_{p=0}^{k}\((p+1) \\times\(p+1)!) = (p+1)^2 \\times\(p)! (n+1)!-1=","{'has_proof': True, 'length': 168, 'has_base_case': True, 'has_induction_hypothesis': False, 'has_induction_step': False, 'has_qed': False, 'quality_score': 1.84}","{'identify_base_case': 2, 'prove_base_case': 2, 'hypothesis_stated': 0, 'hypothesis_given_bound': 2, 'goal_clear': 0, 'expression_decomposed': 0, 'inductive_hypothesis_applied': 0}",2.697142857142857
171,"Use (strong) induction to prove the following claim: Claim: \(\displaystyle\sum_{p=0}^n (p \cdot p!) = (n+1)! - 1\), for all natural numbers \(n\). Recall that \(0!\) is defined to be 1.","Base case: let n = 0, then \\sum_{p=0}^{0}\(p*p!) = 0 and (n+1)! - 1 = 0, gives the P(0) holds. Inductive hypothesis: Inductive step:","{'has_proof': True, 'length': 133, 'has_base_case': True, 'has_induction_hypothesis': True, 'has_induction_step': True, 'has_qed': False, 'quality_score': 4.77}","{'identify_base_case': 2, 'prove_base_case': 2, 'hypothesis_stated': 0, 'hypothesis_given_bound': 0, 'goal_clear': 0, 'expression_decomposed': 0, 'inductive_hypothesis_applied': 0}",5.341428571428571
172,"Use (strong) induction to prove the following claim: Claim: \(\displaystyle\sum_{p=0}^n (p \cdot p!) = (n+1)! - 1\), for all natural numbers \(n\). Recall that \(0!\) is defined to be 1.","For our base case, note that when n = 0, \\sum_{p=0}^{0} (p *p!) = 0\ = \(0+1)!-1 = 0\. Next, suppose as our inductive hypothesis for some k, \\sum_{p=0}^{n} (p *p!)\ = \(n+1)!-1\ for each n in 0...k-1 We need to show \\sum_{p=0}^{k} (p *p!)\ = \(k+1)!-1\. Note that \\sum_{p=0}^{k} (k *k!)\ = \(k+1)!-1\, thus \\sum_{p=0}^{k} (p *p!)\ = \(k+1)!-1\ by induction, which is what we needed to show.","{'has_proof': True, 'length': 395, 'has_base_case': True, 'has_induction_hypothesis': True, 'has_induction_step': False, 'has_qed': False, 'quality_score': 3.79}","{'identify_base_case': 2, 'prove_base_case': 2, 'hypothesis_stated': 2, 'hypothesis_given_bound': 2, 'goal_clear': 2, 'expression_decomposed': 0, 'inductive_hypothesis_applied': 0}",5.218571428571429
173,"Use (strong) induction to prove the following claim: Claim: \(\displaystyle\sum_{p=0}^n (p \cdot p!) = (n+1)! - 1\), for all natural numbers \(n\). Recall that \(0!\) is defined to be 1.","For our base case we have \n = 1\ so \\sum_{p=0}^{1}(p \times p!) = 1\ and \(1 + 1)! - 1 = 1\ As our inductive hypothesis, suppose that \\sum_{p=0}^{n}(p \times p!) = (n +1)! - 1\ for all \n\ from \1..k\ We need to prove that \\sum_{p=0}^{k + 1}(p \times p!) = (k + 2)! - 1\ \\sum_{p=0}^{k}(p\times p!) + (k+1)(k+1)! = (k+2)! -1\ From our hypothesis we can substitue: \(k + 1)! - 1 + (k+1)(k+1)! = (k+2)! -1\ \(k + 1)! + (k+1)(k+1)! = (k+2)!\ \(k + 1)! (1 + (k + 1)) = (k+2)!\ \(k + 1)! (k + 2) = (k+2)!\ \(k + 2)! = (k+2)!\ Therefore \\sum_{p=0}^{k + 1}(p \times p!) = (k + 2)! - 1\","{'has_proof': True, 'length': 583, 'has_base_case': True, 'has_induction_hypothesis': True, 'has_induction_step': False, 'has_qed': True, 'quality_score': 5.67}","{'identify_base_case': 2, 'prove_base_case': 2, 'hypothesis_stated': 2, 'hypothesis_given_bound': 2, 'goal_clear': 2, 'expression_decomposed': 2, 'inductive_hypothesis_applied': 2}",7.67
174,"Use (strong) induction to prove the following claim: Claim: \(\displaystyle\sum_{p=0}^n (p \cdot p!) = (n+1)! - 1\), for all natural numbers \(n\). Recall that \(0!\) is defined to be 1.","Claim: \\sum_{p=0}^{n} (p*p!) = (n+1)!-1\ for all natural numbers \n\ Base case: \\sum_{p=0}^{0} (p*p!) = (0+1)!-1\, so \(0*0!) = 1\ and \(1+1)!-1 = 1\, and \1=1\ Show that, for some natural number \m\ in range \0...k\, \\sum_{m=0}^{k} (m*m!) = (k+1)!-1\ By the definition of summation, \\sum_{m=0}^{k} (m*m!)\ means \(0*0!) + ... + (k*k!)\, which is equal to \(k+1)!-1\","{'has_proof': True, 'length': 370, 'has_base_case': True, 'has_induction_hypothesis': False, 'has_induction_step': False, 'has_qed': False, 'quality_score': 2.24}","{'identify_base_case': 2, 'prove_base_case': 2, 'hypothesis_stated': 1, 'hypothesis_given_bound': 1, 'goal_clear': 1, 'expression_decomposed': 0, 'inductive_hypothesis_applied': 0}",3.24
175,"Use (strong) induction to prove the following claim: Claim: \(\displaystyle\sum_{p=0}^n (p \cdot p!) = (n+1)! - 1\), for all natural numbers \(n\). Recall that \(0!\) is defined to be 1.","Let the base case be \n=0\. \\sum_{p=0}^{0}(pp!) = 0*0!=0=(0+1)!-1\. <br> Assume the case holds for an arbitrary natural number k. Thus, <br> \\sum_{p=0}^{k+1}(pp!)=\sum_{p=0}^{k}(pp!)+(k+1)(k+1)!=(k+1)!-1+(k+1)(k+1)!=\ <br> \(k+2)(k+1)!-1=(k+2)!-1\, so it holds for the inductive step as well. Thus, the claim is proven","{'has_proof': True, 'length': 320, 'has_base_case': True, 'has_induction_hypothesis': False, 'has_induction_step': True, 'has_qed': False, 'quality_score': 3.64}","{'identify_base_case': 2, 'prove_base_case': 2, 'hypothesis_stated': 2, 'hypothesis_given_bound': 2, 'goal_clear': 2, 'expression_decomposed': 2, 'inductive_hypothesis_applied': 2}",5.640000000000001
176,"Use (strong) induction to prove the following claim: Claim: \(\displaystyle\sum_{p=0}^n (p \cdot p!) = (n+1)! - 1\), for all natural numbers \(n\). Recall that \(0!\) is defined to be 1.","Let induction n. Predicate:\\sum_{p=0}^{n}\=(n+1)!-1. Base case:when n=0,\\sum_{0}^{0}\(0*0!)=0=1!-1. Hypo:for \\sum_{p=0}^{n}\(p*p!)=(n+1)!-1for n=0...k. Step:we need to prove that \\sum_{p=0}^{k+1}\(p*p!)=(k+2)!-1","{'has_proof': True, 'length': 215, 'has_base_case': True, 'has_induction_hypothesis': False, 'has_induction_step': False, 'has_qed': False, 'quality_score': 1.93}","{'identify_base_case': 2, 'prove_base_case': 2, 'hypothesis_stated': 2, 'hypothesis_given_bound': 2, 'goal_clear': 2, 'expression_decomposed': 0, 'inductive_hypothesis_applied': 0}",3.3585714285714285
177,"Use (strong) induction to prove the following claim: Claim: \(\displaystyle\sum_{p=0}^n (p \cdot p!) = (n+1)! - 1\), for all natural numbers \(n\). Recall that \(0!\) is defined to be 1.","Proof by induction on n: Claim: \\sum_{p=0}^{n}(p*p!)=(n+1)!-1\ for all natural numbers n Base Case: \\sum_{p=0}^{0}(p*p!)=(0+1)!-1\, \(0*0!)=0=1-1\, thus the claim holds for n = 0. Inductive Hypothesis:\\sum_{p=0}^{k}(p*p!)=(k+1)!-1\ holds for each n in 0, 1, ... k Inductive step: Prove that \\sum_{p=0}^{k+1}(p*p!)=(k+1+1)!-1\ Expanding the left side of the equation, we get (0*0!) + (1*1!) + ... ((k+1)*(k+1)!) Expanding the right side of the equation, we get (k+2)*(k+1)*(k)*...*(0!) - 1. Since we know from the hypothesis that (k+1)!-1 = (0*0!)+...+(k*k!), we can substitute this into the left side of the equation to get, (k+1)! - 1 + ((k+1)(k+1)!) = (k+2)(k+1)!-1. Taking out the -1 on each side leaves us with (k+1)! + ((k+1)(k+1)!) = (k+2)(k+1)! The left hand side can be factored out to equal (k+1)!(k+1+1) which equals (k+2)(k+1)!, therefore for n = k+1, the hypothesis holds. QED","{'has_proof': True, 'length': 892, 'has_base_case': True, 'has_induction_hypothesis': True, 'has_induction_step': True, 'has_qed': True, 'quality_score': 7.78}","{'identify_base_case': 2, 'prove_base_case': 2, 'hypothesis_stated': 2, 'hypothesis_given_bound': 1, 'goal_clear': 2, 'expression_decomposed': 2, 'inductive_hypothesis_applied': 2}",9.637142857142857
178,"Use (strong) induction to prove the following claim: Claim: \(\displaystyle\sum_{p=0}^n (p \cdot p!) = (n+1)! - 1\), for all natural numbers \(n\). Recall that \(0!\) is defined to be 1.","Proof by induction on n P(n) = \\sum_{p=0}^{n}p * p! = (n + 1)! - 1\ Base case: For n = 0. p * p! = 0 * 0! = 0, and (0 + 1)! - 1 = 1 - 1 = 0. Suppose that \\sum_{p=0}^{k}p * p! = (k + 1)! - 1\ is true for all natural numbers 0...k. We want to prove that \\sum_{p=0}^{n}p * p! = (n + 1)! - 1\ is true for n = k + 1. \\sum_{p=0}^{k + 1}p * p! = (k + 2)! - 1\ \(k + 2)! - 1 = (k + 2)(k + 1)! - 1\ \\sum_{p=1}^{k}p * p! = (k + 1)!\","{'has_proof': True, 'length': 427, 'has_base_case': True, 'has_induction_hypothesis': False, 'has_induction_step': False, 'has_qed': False, 'quality_score': 2.35}","{'identify_base_case': 2, 'prove_base_case': 2, 'hypothesis_stated': 2, 'hypothesis_given_bound': 1, 'goal_clear': 2, 'expression_decomposed': 0, 'inductive_hypothesis_applied': 0}",3.635714285714286
179,"Use (strong) induction to prove the following claim: Claim: \(\displaystyle\sum_{p=0}^n (p \cdot p!) = (n+1)! - 1\), for all natural numbers \(n\). Recall that \(0!\) is defined to be 1.","For our base case, note that when n = 0, \\sum_{p=0}^{n}\(p*p1) = (1)! - 1 = 0. Next, suppose as our Inductive Hypothesis that \\sum_{p=0}^{n}\(p*p1) = (n+1)! - 1 for n for each natural number n. Now to finish we need to show that \\sum_{p=0}^{n}\(p*p1) = (k+1)! - 1. Now do math to proof this but I do not know the math.","{'has_proof': True, 'length': 321, 'has_base_case': True, 'has_induction_hypothesis': True, 'has_induction_step': False, 'has_qed': False, 'quality_score': 3.64}","{'identify_base_case': 2, 'prove_base_case': 2, 'hypothesis_stated': 2, 'hypothesis_given_bound': 1, 'goal_clear': 1, 'expression_decomposed': 0, 'inductive_hypothesis_applied': 0}",4.782857142857143
180,"Use (strong) induction to prove the following claim: Claim: \(\displaystyle\sum_{p=0}^n (p \cdot p!) = (n+1)! - 1\), for all natural numbers \(n\). Recall that \(0!\) is defined to be 1.","Base case: when n = 0, \\sum_{p=0}^{0}\(p*p!) = 0 and (n + 1)! - 1 = 0. Inductive hypothesis: for some k, \\sum_{p=0}^{n}\(p*p!) = (n+1)!-1 for each n in 0, 1, 2,...,k-1. \\sum_{p=0}^{k}\(p*p!) = 0*0! + 1*1! + 2*2! + ... + (k-1)(k-1)! + k * k!. According to the hypothesis, \\sum_{p=0}^{k - 1}\(p*p!) = k! - 1. Therefore, \\sum_{p=0}^{k}\(p*p!) = (k! - 1) + k*k! = (k+1)! - 1, which is what we need to prove.","{'has_proof': True, 'length': 408, 'has_base_case': True, 'has_induction_hypothesis': True, 'has_induction_step': False, 'has_qed': True, 'quality_score': 5.32}","{'identify_base_case': 2, 'prove_base_case': 2, 'hypothesis_stated': 2, 'hypothesis_given_bound': 2, 'goal_clear': 2, 'expression_decomposed': 2, 'inductive_hypothesis_applied': 2}",7.32
181,"Use (strong) induction to prove the following claim: Claim: \(\displaystyle\sum_{p=0}^n (p \cdot p!) = (n+1)! - 1\), for all natural numbers \(n\). Recall that \(0!\) is defined to be 1.","For our base case, note that (0x0!) = 0 and (1)! -1 = 0. Our inductive hypothesis is for some k, \\sum_{p=0}^{n}\ p*p! for each n in 0...k. Now we finish by showing \\sum_{p=0}^{k}\ p*p! = (k+1)! -1. (I do not know how to do the rest).","{'has_proof': True, 'length': 235, 'has_base_case': True, 'has_induction_hypothesis': True, 'has_induction_step': False, 'has_qed': False, 'quality_score': 3.47}","{'identify_base_case': 2, 'prove_base_case': 2, 'hypothesis_stated': 1, 'hypothesis_given_bound': 2, 'goal_clear': 2, 'expression_decomposed': 0, 'inductive_hypothesis_applied': 0}",4.755714285714286
182,"Use (strong) induction to prove the following claim: Claim: \(\displaystyle\sum_{p=0}^n (p \cdot p!) = (n+1)! - 1\), for all natural numbers \(n\). Recall that \(0!\) is defined to be 1.","base case 0*0! = 1!-1 inductive hypoyhesis for some k n p=0 (p*p!) = (n+1)!-1 from 0,1 .....k inductive step k+1 p = 0 P*P! =(k+2)!-1 for0,1....k,k+1 k+1 p (p*p!) = k p=0 (p*p!) + (k+1)*(K+1)! ..... prove","{'has_proof': True, 'length': 204, 'has_base_case': True, 'has_induction_hypothesis': False, 'has_induction_step': True, 'has_qed': False, 'quality_score': 3.41}","{'identify_base_case': 2, 'prove_base_case': 2, 'hypothesis_stated': 2, 'hypothesis_given_bound': 2, 'goal_clear': 1, 'expression_decomposed': 2, 'inductive_hypothesis_applied': 0}",4.981428571428571
183,"Use (strong) induction to prove the following claim: Claim: \(\displaystyle\sum_{p=0}^n (p \cdot p!) = (n+1)! - 1\), for all natural numbers \(n\). Recall that \(0!\) is defined to be 1.","Proof by induction on \n\. For our base case where n = 0, \(0 * 0!) = 0\ and \(1)! - 1 = 0\, so the base case holds. Let our inductive hypothesis be that for some k, \\sum_{p=0}^{n} (p*p!) = (n + 1)! - 1\ for n in 0... k, where \k \geq 0\. For the inductive step, we need to show that \\sum_{p=0}^{k+1} (p*p!) = (k + 2)! - 1\. Starting with the left side of the equation, \\sum_{p=0}^{k+1} (p*p!) = (k+1)(k+1)! + \sum_{p=0}^{k} (p*p!) = (k+2)! - 1\. Substituting in our inductive hypothesis, we get \(k+1)(k+1)! + (k + 1)! - 1 = (k+2)! - 1\. This is then simplified to \(k+2)! - 1 = (k+2)! - 1\, so we have proven what we needed to show.","{'has_proof': True, 'length': 637, 'has_base_case': True, 'has_induction_hypothesis': True, 'has_induction_step': True, 'has_qed': False, 'quality_score': 5.77}","{'identify_base_case': 2, 'prove_base_case': 2, 'hypothesis_stated': 2, 'hypothesis_given_bound': 2, 'goal_clear': 2, 'expression_decomposed': 2, 'inductive_hypothesis_applied': 2}",7.77
184,"Use (strong) induction to prove the following claim: Claim: \(\displaystyle\sum_{p=0}^n (p \cdot p!) = (n+1)! - 1\), for all natural numbers \(n\). Recall that \(0!\) is defined to be 1.","proof by induction on n For the base case n = 0, \\sum_{p = 0}^{n = 0}(0 * 0!) = 0\ and \(0 + 1)! - 1 = 0\ so 0 = 0. Our inductive hypothesis states that \\sum_{p = 0}^{n}(p * p!) = (n+1)! - 1\ for all natural numbers 0...k We must prove that \\sum_{p = 0}^{n = k + 1}((k + 1) * (k+ 1)!) = (k + 2)! - 1\ We can simplify this to be \\sum_{p = 0}^{n = k + 1}k! * (k)(k!) = (k + 2)(k+1)! - 1\ By our inductive hypothesis we know that \\sum_{p = 0}^{n = k}(k * k!) = (k+1)! - 1\","{'has_proof': True, 'length': 474, 'has_base_case': True, 'has_induction_hypothesis': True, 'has_induction_step': False, 'has_qed': False, 'quality_score': 3.95}","{'identify_base_case': 2, 'prove_base_case': 2, 'hypothesis_stated': 2, 'hypothesis_given_bound': 2, 'goal_clear': 2, 'expression_decomposed': 1, 'inductive_hypothesis_applied': 1}",5.664285714285715
185,"Use (strong) induction to prove the following claim: Claim: \(\displaystyle\sum_{p=0}^n (p \cdot p!) = (n+1)! - 1\), for all natural numbers \(n\). Recall that \(0!\) is defined to be 1.","For our base case, when \n = 0\, \\sum_{p=0}^{0} (0 * 0!) = 0 * 1 = 0\ and \(0 + 1)! - 1 = 1 - 1 = 0. \ So \ 0 = 0\. Lets assume for our inductive hypothesis that for some k, \\sum_{p=0}^{n} (n * n!) = (n + 1)! - 1\ for each n in \0...k - 1\. Now we will show that \\sum_{p=0}^{k} (k * k!) = (k + 1)! - 1\","{'has_proof': True, 'length': 305, 'has_base_case': True, 'has_induction_hypothesis': True, 'has_induction_step': False, 'has_qed': False, 'quality_score': 3.61}","{'identify_base_case': 2, 'prove_base_case': 2, 'hypothesis_stated': 2, 'hypothesis_given_bound': 2, 'goal_clear': 2, 'expression_decomposed': 0, 'inductive_hypothesis_applied': 0}",5.038571428571428
186,"Use (strong) induction to prove the following claim: Claim: \(\displaystyle\sum_{p=0}^n (p \cdot p!) = (n+1)! - 1\), for all natural numbers \(n\). Recall that \(0!\) is defined to be 1.",Suppose \\sum_{p=0}^{n}\ (p * p!) = (n+1)! - 1 for all natural numbers n. (0 * 0!) = (0 + 1)! - 1 = 0.,"{'has_proof': True, 'length': 102, 'has_base_case': False, 'has_induction_hypothesis': False, 'has_induction_step': False, 'has_qed': False, 'quality_score': 0.2}","{'identify_base_case': 2, 'prove_base_case': 2, 'hypothesis_stated': 2, 'hypothesis_given_bound': 1, 'goal_clear': 0, 'expression_decomposed': 0, 'inductive_hypothesis_applied': 0}",1.2
187,"Use (strong) induction to prove the following claim: Claim: \(\displaystyle\sum_{p=0}^n (p \cdot p!) = (n+1)! - 1\), for all natural numbers \(n\). Recall that \(0!\) is defined to be 1.","base case: when n=0, \\sum_{p=0}^{0}(0\cdot0!)=0\ and \(0+1)!-1=0\. hypothesis: for some k, \\sum_{p=0}^{n}(p\cdot p!)=(n+1)!-1\ for n in 1,2,...,k. Then we need to prove that \\sum_{p=0}^{k+1}(p\cdot p!)=(k+2)!-1\ By some algebraic manipulation, The left hand side of the equation is equal to \\sum_{p=0}^{k+1}((p+1)!-p!)=(k+2)!-(k+1)!+(k+1)!-k!+...+2!-1!+1!-0!=(k+2)!-0!=(k+2)!-1\, which is exactly what we want to prove.","{'has_proof': True, 'length': 423, 'has_base_case': True, 'has_induction_hypothesis': False, 'has_induction_step': False, 'has_qed': False, 'quality_score': 2.35}","{'identify_base_case': 2, 'prove_base_case': 2, 'hypothesis_stated': 2, 'hypothesis_given_bound': 2, 'goal_clear': 2, 'expression_decomposed': 0, 'inductive_hypothesis_applied': 0}",3.7785714285714285
188,"Use (strong) induction to prove the following claim: Claim: \(\displaystyle\sum_{p=0}^n (p \cdot p!) = (n+1)! - 1\), for all natural numbers \(n\). Recall that \(0!\) is defined to be 1.","proof by induction on n Given \\sum_{p=0}^{n}\(p*p!) = (n+1)!-1 for all natural numbers n and I will prove this by strong induction. The base case is p=0, (0*0!) = 0 = (0+1)! -1 = 0 for all natural numbers n The inductive hypothesis is \\sum_{p=0}^{n}\(p*p!) = (n+1)!-1 The inductive step is to substitute in k for all values n. \\sum_{p=0}^{k}\(p*p!) = (k+1)!-1 rearranging, \\sum_{p=0}^{k}\ p(p!) = k!(k+1) -1 and p!p = k!k Thus by induction we know the claim is valid QED","{'has_proof': True, 'length': 474, 'has_base_case': True, 'has_induction_hypothesis': True, 'has_induction_step': True, 'has_qed': True, 'quality_score': 6.95}","{'identify_base_case': 2, 'prove_base_case': 2, 'hypothesis_stated': 2, 'hypothesis_given_bound': 0, 'goal_clear': 2, 'expression_decomposed': 0, 'inductive_hypothesis_applied': 0}",8.092857142857143
189,"Use (strong) induction to prove the following claim: Claim: \(\displaystyle\sum_{p=0}^n (p \cdot p!) = (n+1)! - 1\), for all natural numbers \(n\). Recall that \(0!\) is defined to be 1.",\\sum_{p=0}^{n}\ (\p*p!\) = \(n+1)!\ - \1\ for all natural numbers \n\ \0=0*0!* = 0\,"{'has_proof': True, 'length': 84, 'has_base_case': False, 'has_induction_hypothesis': False, 'has_induction_step': False, 'has_qed': False, 'quality_score': 0.17}","{'identify_base_case': 2, 'prove_base_case': 2, 'hypothesis_stated': 0, 'hypothesis_given_bound': 0, 'goal_clear': 0, 'expression_decomposed': 0, 'inductive_hypothesis_applied': 0}",0.7414285714285714
190,"Use (strong) induction to prove the following claim: Claim: \(\displaystyle\sum_{p=0}^n (p \cdot p!) = (n+1)! - 1\), for all natural numbers \(n\). Recall that \(0!\) is defined to be 1.","base case: when n = 0 : \\sum_{p = 0} ^ {0}\ (p * p!) = 0 * 1 = 0/ the second part of the claim is equivalent. (n+1)! -1 when n = 0, = (1)! -1 = 1-1 = 0 Inductive hypothesis: \\sum_{p = 0} ^ {n}\ (p * p!) = (n+1)! -1 for all n values from 0...k We must prove that \\sum_{p = 0} ^ {n}\ (p * p!) = (n+1)! -1 for n = k + 1 so \\sum_{p = 0} ^ {k+1}\ (p * p!) = ((k+2)! -1 \\sum_{p = 0} ^ {k}\ * ((k+1) * (k+1)!) = ((k+2)! -1 *insert math of how these are equivalent*","{'has_proof': True, 'length': 462, 'has_base_case': True, 'has_induction_hypothesis': True, 'has_induction_step': False, 'has_qed': False, 'quality_score': 3.92}","{'identify_base_case': 2, 'prove_base_case': 2, 'hypothesis_stated': 2, 'hypothesis_given_bound': 2, 'goal_clear': 2, 'expression_decomposed': 0, 'inductive_hypothesis_applied': 0}",5.348571428571429
191,"Use (strong) induction to prove the following claim: Claim: \(\displaystyle\sum_{p=0}^n (p \cdot p!) = (n+1)! - 1\), for all natural numbers \(n\). Recall that \(0!\) is defined to be 1.","Claim: \\displaystyle\sum_{p=0}^n (p \cdot p!) = (n+1)! - 1\, for all natural numbers n. Proof: We will prove this claim by induction. Base Case: When p= 0, \\sum_{0}^{1} (p \cdot p!)\ = 0 + 1 = 1 and \(n+1)! - 1\ = 2 - 1 = 1, which shows that for p=1, \\displaystyle\sum_{p=0}^n (p \cdot p!) = (n+1)! - 1\. We will suppose that \\displaystyle\sum_{p=0}^n (p \cdot p!) = (n+1)! - 1\, for all natural numbers from 0...n. Our inductive hypothesis is that for p = n + 1, \\displaystyle\sum_{p=0}^{n+1} (p \cdot p!) = (n+2)! - 1\. We can rewrite this as (n+1)(n+1)! + \\displaystyle\sum_{p=0}^n (p \cdot p!)\ = (n+2)! - 1. We can substitute based off our previous assumption to (n+1)(n+1)! + (n+1)! - 1 = (n+2)! - 1. We can simplify this expression to be (n+1)!(n+1 + 1) = (n+2)!, which is the same as (n+2)!=(n+2)!, which is what we wanted to prove. By mathematical induction, we can conclude that \\displaystyle\sum_{p=0}^n (p \cdot p!) = (n+1)! - 1\, which is what we wanted to prove.","{'has_proof': True, 'length': 983, 'has_base_case': True, 'has_induction_hypothesis': True, 'has_induction_step': False, 'has_qed': False, 'quality_score': 4.97}","{'identify_base_case': 2, 'prove_base_case': 1, 'hypothesis_stated': 2, 'hypothesis_given_bound': 1, 'goal_clear': 1, 'expression_decomposed': 2, 'inductive_hypothesis_applied': 2}",6.541428571428571
192,"Use (strong) induction to prove the following claim: Claim: \(\displaystyle\sum_{p=0}^n (p \cdot p!) = (n+1)! - 1\), for all natural numbers \(n\). Recall that \(0!\) is defined to be 1.","For our base case, note that when n = 0, \\sum_{p=0}^{n}\ (p * p!) = 0 and (n + 1)! - 1 = 0. Next, suppose as our inductive hypothesis that \\sum_{p=0}^{n}\ (p * p!) = (n + 1)! - 1 for each n in 0...k-1. Now to finish we need to show that \\sum_{p=0}^{k}\ (p * p!) = (k + 1)! - 1.","{'has_proof': True, 'length': 280, 'has_base_case': True, 'has_induction_hypothesis': True, 'has_induction_step': False, 'has_qed': False, 'quality_score': 3.56}","{'identify_base_case': 2, 'prove_base_case': 2, 'hypothesis_stated': 2, 'hypothesis_given_bound': 2, 'goal_clear': 2, 'expression_decomposed': 0, 'inductive_hypothesis_applied': 0}",4.988571428571428
193,"Use (strong) induction to prove the following claim: Claim: \(\displaystyle\sum_{p=0}^n (p \cdot p!) = (n+1)! - 1\), for all natural numbers \(n\). Recall that \(0!\) is defined to be 1.","Proof by induction n. Suppose p = 3 for the sum of P*P! which equals 18. if n=3, (4! - 1) = 23","{'has_proof': True, 'length': 94, 'has_base_case': False, 'has_induction_hypothesis': False, 'has_induction_step': False, 'has_qed': False, 'quality_score': 0.19}","{'identify_base_case': 0, 'prove_base_case': 0, 'hypothesis_stated': 0, 'hypothesis_given_bound': 0, 'goal_clear': 0, 'expression_decomposed': 0, 'inductive_hypothesis_applied': 0}",0.19
194,"Use (strong) induction to prove the following claim: Claim: \(\displaystyle\sum_{p=0}^n (p \cdot p!) = (n+1)! - 1\), for all natural numbers \(n\). Recall that \(0!\) is defined to be 1.",It is hard. qaq.,"{'has_proof': True, 'length': 16, 'has_base_case': False, 'has_induction_hypothesis': False, 'has_induction_step': False, 'has_qed': False, 'quality_score': 0.03}","{'identify_base_case': 0, 'prove_base_case': 0, 'hypothesis_stated': 0, 'hypothesis_given_bound': 0, 'goal_clear': 0, 'expression_decomposed': 0, 'inductive_hypothesis_applied': 0}",0.03
195,"Use (strong) induction to prove the following claim: Claim: \(\displaystyle\sum_{p=0}^n (p \cdot p!) = (n+1)! - 1\), for all natural numbers \(n\). Recall that \(0!\) is defined to be 1.",Base case \\sum_{n}^{p=0}\ (p * p!) = (n + 1)! - 1 for all naturla numbers of n Hypothesis: unknown,"{'has_proof': True, 'length': 99, 'has_base_case': True, 'has_induction_hypothesis': False, 'has_induction_step': False, 'has_qed': False, 'quality_score': 1.7}","{'identify_base_case': 2, 'prove_base_case': 1, 'hypothesis_stated': 0, 'hypothesis_given_bound': 0, 'goal_clear': 0, 'expression_decomposed': 0, 'inductive_hypothesis_applied': 0}",2.1285714285714286
196,"Use (strong) induction to prove the following claim: Claim: \(\displaystyle\sum_{p=0}^n (p \cdot p!) = (n+1)! - 1\), for all natural numbers \(n\). Recall that \(0!\) is defined to be 1.",yes,"{'has_proof': True, 'length': 3, 'has_base_case': False, 'has_induction_hypothesis': False, 'has_induction_step': False, 'has_qed': False, 'quality_score': 0.01}","{'identify_base_case': 0, 'prove_base_case': 0, 'hypothesis_stated': 0, 'hypothesis_given_bound': 0, 'goal_clear': 0, 'expression_decomposed': 0, 'inductive_hypothesis_applied': 0}",0.01
197,"Use (strong) induction to prove the following claim: Claim: \(\displaystyle\sum_{p=0}^n (p \cdot p!) = (n+1)! - 1\), for all natural numbers \(n\). Recall that \(0!\) is defined to be 1.",suppose \\sum_{p=0}^{k}\ (p * p!) = (k + 1)! - 1 proof \\sum_{p=0}^{k+1}\(p * p!) = (k+2)! - 1 (k+1)(k+1)! = (k+1)!(k+2) - 1 by cancelation (k+1) =(k+2) - 1 k+1 = k+1 which is true,"{'has_proof': True, 'length': 180, 'has_base_case': False, 'has_induction_hypothesis': False, 'has_induction_step': False, 'has_qed': False, 'quality_score': 0.36}","{'identify_base_case': 0, 'prove_base_case': 0, 'hypothesis_stated': 0, 'hypothesis_given_bound': 0, 'goal_clear': 0, 'expression_decomposed': 0, 'inductive_hypothesis_applied': 0}",0.36
198,"Use (strong) induction to prove the following claim: Claim: \(\displaystyle\sum_{p=0}^n (p \cdot p!) = (n+1)! - 1\), for all natural numbers \(n\). Recall that \(0!\) is defined to be 1.",\\sum_{p=0}^{n}\(p\*\p!) Suppose that \\sum_{p=0}^{n}\(p\*\p!) = (n+1)!-1 for all natural numbers n.,"{'has_proof': True, 'length': 100, 'has_base_case': False, 'has_induction_hypothesis': False, 'has_induction_step': False, 'has_qed': False, 'quality_score': 0.2}","{'identify_base_case': 0, 'prove_base_case': 0, 'hypothesis_stated': 0, 'hypothesis_given_bound': 0, 'goal_clear': 0, 'expression_decomposed': 0, 'inductive_hypothesis_applied': 0}",0.2
199,"Use (strong) induction to prove the following claim: Claim: \(\displaystyle\sum_{p=0}^n (p \cdot p!) = (n+1)! - 1\), for all natural numbers \(n\). Recall that \(0!\) is defined to be 1.","Inductive proof on n, Best Case: n= 1 in wich case 1 = 1 Inductive hypothesis \\sum_{p=0}^{n}(p*p!) = (n+1)! -1\","{'has_proof': True, 'length': 112, 'has_base_case': False, 'has_induction_hypothesis': True, 'has_induction_step': False, 'has_qed': False, 'quality_score': 1.72}","{'identify_base_case': 2, 'prove_base_case': 2, 'hypothesis_stated': 2, 'hypothesis_given_bound': 0, 'goal_clear': 0, 'expression_decomposed': 0, 'inductive_hypothesis_applied': 0}",2.577142857142857
200,"Use (strong) induction to prove the following claim: Claim: \(\displaystyle\sum_{p=0}^n (p \cdot p!) = (n+1)! - 1\), for all natural numbers \(n\). Recall that \(0!\) is defined to be 1.","Let P(n) \\sum_{p = 0}^{n}\ (p*p!) = (n+1)!-1 for all nature numbers n. Our base case (0*0!) = (0+1)!-1 = 0, so P(0) holds. Our inductive hypothesis states that P(n) = (n+1)!-1 is true when 0, 1, 2, ..., k-1. Our inductive step includes \\sum_{p = 0}^{k}\ (p*p!) = (k+1)!-1. Converting back to n variable, \\sum_{p = 0}^{n}\ (p*p!) = (n+1)!-1 is true.","{'has_proof': True, 'length': 351, 'has_base_case': True, 'has_induction_hypothesis': True, 'has_induction_step': True, 'has_qed': False, 'quality_score': 5.2}","{'identify_base_case': 2, 'prove_base_case': 2, 'hypothesis_stated': 2, 'hypothesis_given_bound': 1, 'goal_clear': 2, 'expression_decomposed': 0, 'inductive_hypothesis_applied': 0}",6.485714285714286
201,"Use (strong) induction to prove the following claim: Claim: \(\displaystyle\sum_{p=0}^n (p \cdot p!) = (n+1)! - 1\), for all natural numbers \(n\). Recall that \(0!\) is defined to be 1.","P(n) = \\sum_{p=0}^{n}\(p*p!)=(n+1)!-1 For our base case P(1) = \\sum_{p=0}^{1}\(p*p!) = 2!-1 = 1, so P(1) holds Let's suppose that \\sum_{p=0}^{n}\(p*p!)=(n+1)!-1 is true for n in 1, 2, 3, ... k Then we would have to prove P(k+1) = \\sum_{p=0}^{k+1}\(p*p!)=(k+2)!-1 Left clause: \\sum_{p=0}^{k+1}\(p*p!)= \\sum_{p=0}^{k}\(p*p!) + (k+1) * (k+1)! By the inductive hypothesis \\sum_{p=0}^{k}\(p*p!) = (k+1)! - 1 so we would have \\sum_{p=0}^{k}\(p*p!) + (k+1) + (k+1)! = (k+1)! - 1 + (k+1)^2 * k! = k! * (k+1) + (k+1)^2 - 1 Right clause: (k+2)! - 1 = k!*(k+1)*(k+2) - 1 = k! * (k+1)^2 + k! * (k+1) - 1 Since left and right clause are equal we can prove P(k+1), Q.E.D","{'has_proof': True, 'length': 664, 'has_base_case': True, 'has_induction_hypothesis': True, 'has_induction_step': False, 'has_qed': True, 'quality_score': 5.83}","{'identify_base_case': 2, 'prove_base_case': 2, 'hypothesis_stated': 2, 'hypothesis_given_bound': 2, 'goal_clear': 2, 'expression_decomposed': 2, 'inductive_hypothesis_applied': 2}",7.83
202,"Use (strong) induction to prove the following claim: Claim: \(\displaystyle\sum_{p=0}^n (p \cdot p!) = (n+1)! - 1\), for all natural numbers \(n\). Recall that \(0!\) is defined to be 1.","proof by induction on n <br> Base Case: p = 0 <br> \\sum_{p=0}^{n}\ (0 * 0!) = 1 (1 + 1)! - 1 = 2 - 1 = 1 <br> Inductive Hypothesis: Suppose that \\sum_{p=0}^{n}\ (p * p!) = (n + 1)! - 1 for all natural numbers n in 1, 2, 3, ....k <br> Inductive Step:","{'has_proof': True, 'length': 251, 'has_base_case': True, 'has_induction_hypothesis': True, 'has_induction_step': True, 'has_qed': False, 'quality_score': 5.0}","{'identify_base_case': 2, 'prove_base_case': 1, 'hypothesis_stated': 2, 'hypothesis_given_bound': 2, 'goal_clear': 0, 'expression_decomposed': 0, 'inductive_hypothesis_applied': 0}",6.0
203,"Use (strong) induction to prove the following claim: Claim: \(\displaystyle\sum_{p=0}^n (p \cdot p!) = (n+1)! - 1\), for all natural numbers \(n\). Recall that \(0!\) is defined to be 1.","For our base case, note that when \n = 0\, \\sum_{p = 0}^{n} (p \cdot p!) = 0\, and \(n + 1)! - 1 = 0\, so the predicate holds for the base case. Next, suppose as our Inductive Hypothesis that \\sum_{p = 0}^{n} (p \cdot p!) = (n + 1)! - 1\ for \n\ in \0 ... k\. Now to finish we need to show that \\sum_{p = 0}^{k + 1} (p \cdot p!) = (k + 2)! - 1\. From the Inductive Hypothesis we can see that \\sum_{p = 0}^{k + 1} (p \cdot p!) = (k + 1)! - 1 + (k + 1) \cdot (k + 1)! \. This is the same as \(k + 2)\cdot (k + 1)! - 1\, or \(k + 2)! - 1\. This concludes our inductive step. We have shown that \\sum_{p = 0}^{k + 1} (p \cdot p!) = (k + 2)! - 1\, and we have used induction to prove the claim. (Thank you, and enjoy the rest of your day. Apologies for the informality).","{'has_proof': True, 'length': 769, 'has_base_case': True, 'has_induction_hypothesis': True, 'has_induction_step': True, 'has_qed': False, 'quality_score': 6.04}","{'identify_base_case': 2, 'prove_base_case': 2, 'hypothesis_stated': 2, 'hypothesis_given_bound': 2, 'goal_clear': 2, 'expression_decomposed': 2, 'inductive_hypothesis_applied': 2}",8.04
204,"Use (strong) induction to prove the following claim: Claim: \(\displaystyle\sum_{p=0}^n (p \cdot p!) = (n+1)! - 1\), for all natural numbers \(n\). Recall that \(0!\) is defined to be 1.","For our base case, when \n = 0, \sum_{p=0}^{n}(p * p!) = 0\ and \(0 + 1)! - 1 = 0\. Next, suppose as our Inductive Hypothesis that for some \k\, \\sum_{p=0}^{n}(p * p!) = (n + 1)! - 1\ for each \n\ in \0...k-1\. Now to finish we need to show that \\sum_{p=0}^{k}(p * p!) = (k + 1)! - 1\. We know that \\sum_{p=0}^{k}(p * p!) = \sum_{p=0}^{k - 1}(p * p!) + (k * k!)\ based on summation notation. \\sum_{p=0}^{k - 1}(p * p!) + (k * k!) = ((k - 1) + 1)! - 1 + (k * k!)\ \= k! - 1 + (k * k!) = k!(k + 1) - 1 = (k + 1)! - 1\. \QED\","{'has_proof': True, 'length': 526, 'has_base_case': True, 'has_induction_hypothesis': True, 'has_induction_step': False, 'has_qed': True, 'quality_score': 5.55}","{'identify_base_case': 2, 'prove_base_case': 2, 'hypothesis_stated': 2, 'hypothesis_given_bound': 2, 'goal_clear': 2, 'expression_decomposed': 2, 'inductive_hypothesis_applied': 2}",7.55
205,"Use (strong) induction to prove the following claim: Claim: \(\displaystyle\sum_{p=0}^n (p \cdot p!) = (n+1)! - 1\), for all natural numbers \(n\). Recall that \(0!\) is defined to be 1.","For k = -1, \\sum_{p=0}^{n}(p*p!) = (-1+1)!-1=-1\","{'has_proof': True, 'length': 49, 'has_base_case': False, 'has_induction_hypothesis': False, 'has_induction_step': False, 'has_qed': False, 'quality_score': 0.1}","{'identify_base_case': 0, 'prove_base_case': 0, 'hypothesis_stated': 0, 'hypothesis_given_bound': 0, 'goal_clear': 0, 'expression_decomposed': 0, 'inductive_hypothesis_applied': 0}",0.1
206,"Use (strong) induction to prove the following claim: Claim: \(\displaystyle\sum_{p=0}^n (p \cdot p!) = (n+1)! - 1\), for all natural numbers \(n\). Recall that \(0!\) is defined to be 1.","when n = 0, (p * p!) = 0 and (n + 1)! - 1 is 0 so this is true. assume that when n = k, \\sum_{p=0}^{k}\(p*p!) = (k+1)! - 1 is true for an integer k. when n = k + 1, (k + 2)! - 1 = (k + 2)(k + 1)! - 1","{'has_proof': True, 'length': 200, 'has_base_case': False, 'has_induction_hypothesis': False, 'has_induction_step': False, 'has_qed': False, 'quality_score': 0.4}","{'identify_base_case': 2, 'prove_base_case': 2, 'hypothesis_stated': 2, 'hypothesis_given_bound': 2, 'goal_clear': 1, 'expression_decomposed': 0, 'inductive_hypothesis_applied': 0}",1.685714285714286
207,"Use (strong) induction to prove the following claim: Claim: \(\displaystyle\sum_{p=0}^n (p \cdot p!) = (n+1)! - 1\), for all natural numbers \(n\). Recall that \(0!\) is defined to be 1.","Let n be a natural number. Induction predicate: \\sum_{p = 0}^{n}\ (p dot p!). Induction Hypothesis: \\sum_{p = 0}^{n}\ (p dot p!) = (n + 1)! - 1. Therefore, \\sum_{p = 0}^{n}\ (p dot p!) = (n + 1)! - 1, which is what we needed to show.","{'has_proof': True, 'length': 236, 'has_base_case': False, 'has_induction_hypothesis': True, 'has_induction_step': False, 'has_qed': True, 'quality_score': 3.47}","{'identify_base_case': 0, 'prove_base_case': 0, 'hypothesis_stated': 2, 'hypothesis_given_bound': 0, 'goal_clear': 0, 'expression_decomposed': 0, 'inductive_hypothesis_applied': 0}",3.755714285714286
208,"Use (strong) induction to prove the following claim: Claim: \(\displaystyle\sum_{p=0}^n (p \cdot p!) = (n+1)! - 1\), for all natural numbers \(n\). Recall that \(0!\) is defined to be 1.",\\sum_{n}^{p=0} (p*p!)\ = \(n+1)! - 1\ Proof by induction on n Base cases When n = 0 \\sum_{n}^{p=0} (p*p!)\ = 0 and \(n+1)! - 1\ = 0 Inductive hypothesis Inductive step,"{'has_proof': True, 'length': 169, 'has_base_case': True, 'has_induction_hypothesis': True, 'has_induction_step': True, 'has_qed': False, 'quality_score': 4.84}","{'identify_base_case': 2, 'prove_base_case': 2, 'hypothesis_stated': 0, 'hypothesis_given_bound': 0, 'goal_clear': 0, 'expression_decomposed': 0, 'inductive_hypothesis_applied': 0}",5.411428571428571
209,"Use (strong) induction to prove the following claim: Claim: \(\displaystyle\sum_{p=0}^n (p \cdot p!) = (n+1)! - 1\), for all natural numbers \(n\). Recall that \(0!\) is defined to be 1.","Let n be any natural number. For our base case, note that when n = 1 \\sum_{0}^{1}\ (1 X 1!) = (1 + 1)! - 1 = 1. So the base case holds true. Then, we must prove that \\sum_{p = 0}^{n}\ holds true for all n = 0 ... k. Suppose \\sum_{p = 0}^{k + 1}\ = (p X p!) = (k + 2)! - 1. Then (k + 2) (k + 1) (k)! -1. Factor p out of the expression to get p (p - 1)!. (k!) - 1 = (p - 1)! therefore the inductive step holds true. Since the base case and inductive step are true, then the hypothesis holds for any natural number n which is what we needed to show.","{'has_proof': True, 'length': 549, 'has_base_case': True, 'has_induction_hypothesis': False, 'has_induction_step': True, 'has_qed': True, 'quality_score': 5.6}","{'identify_base_case': 2, 'prove_base_case': 2, 'hypothesis_stated': 1, 'hypothesis_given_bound': 2, 'goal_clear': 0, 'expression_decomposed': 0, 'inductive_hypothesis_applied': 0}",6.6
210,"Use (strong) induction to prove the following claim: Claim: \(\displaystyle\sum_{p=0}^n (p \cdot p!) = (n+1)! - 1\), for all natural numbers \(n\). Recall that \(0!\) is defined to be 1.","Suppose \\sum_{p=0}^{n}\ (p p!) = (n + 1)! - 1 Plugging in n=1, we get 1 = 2! -1 which equals one Plugging in n=2, we get (1 + 4) = 3! - 1 which equals five We can see that the original statement holds true, which is what we needed to show.","{'has_proof': True, 'length': 240, 'has_base_case': False, 'has_induction_hypothesis': False, 'has_induction_step': False, 'has_qed': False, 'quality_score': 0.48}","{'identify_base_case': 2, 'prove_base_case': 2, 'hypothesis_stated': 0, 'hypothesis_given_bound': 0, 'goal_clear': 0, 'expression_decomposed': 0, 'inductive_hypothesis_applied': 0}",1.0514285714285714
211,"Use (strong) induction to prove the following claim: Claim: \(\displaystyle\sum_{p=0}^n (p \cdot p!) = (n+1)! - 1\), for all natural numbers \(n\). Recall that \(0!\) is defined to be 1.",Didn't have enough time,"{'has_proof': True, 'length': 23, 'has_base_case': False, 'has_induction_hypothesis': False, 'has_induction_step': False, 'has_qed': False, 'quality_score': 0.05}","{'identify_base_case': 0, 'prove_base_case': 0, 'hypothesis_stated': 0, 'hypothesis_given_bound': 0, 'goal_clear': 0, 'expression_decomposed': 0, 'inductive_hypothesis_applied': 0}",0.05
212,"Use (strong) induction to prove the following claim: Claim: \(\displaystyle\sum_{p=0}^n (p \cdot p!) = (n+1)! - 1\), for all natural numbers \(n\). Recall that \(0!\) is defined to be 1.","Proof: Show that \\sum_{p=0}^{n}\ (p*p!) = (n+1)! - 1, for all natural numbers n. Base: For the base case, let n = 0. At n = 0, \\sum_{p=0}^{n}\ (p*p!) = 0*0!= 0 * 1 = 0. Also, (n+1)! - 1 = (0+1)! - 1 = 1 - 1 = 0. Hence for n= 0, \\sum_{p=0}^{n}\ (p*p!) = (n+1)! - 1. Induction: Suppose as our inductive hypothesis, \\sum_{p=0}^{n}\ (p*p!) = (n+1)! - 1, for all n in 0, 1....,k. Therefore, \\sum_{p=0}^{k}\ (p*p!) = (k+1)! - 1. We want to show that \\sum_{p=0}^{k+1}\ (p*p!) = (k+2)! - 1. For when, n = k +1, \\sum_{p=0}^{k+1}\ (p*p!) = (k+1)*(k+1)! + \\sum_{p=0}^{k}\ (p*p!) = (k+1)*(k+1)! + (k+1)! - 1 = (k+1)!*(k+1+1) - 1 = (k+1)!*(k+2) - 1 = (k+2)! - 1. Hence, \\sum_{p=0}^{k+1}\ (p*p!) = (k+2)! - 1.","{'has_proof': True, 'length': 704, 'has_base_case': True, 'has_induction_hypothesis': True, 'has_induction_step': False, 'has_qed': True, 'quality_score': 5.91}","{'identify_base_case': 2, 'prove_base_case': 2, 'hypothesis_stated': 2, 'hypothesis_given_bound': 2, 'goal_clear': 2, 'expression_decomposed': 2, 'inductive_hypothesis_applied': 2}",7.91
213,"Use (strong) induction to prove the following claim: Claim: \(\displaystyle\sum_{p=0}^n (p \cdot p!) = (n+1)! - 1\), for all natural numbers \(n\). Recall that \(0!\) is defined to be 1.","Base case: n = 0, \\sum_{p = 0}^{0} (p * p!)\ = 0 and \(0+1)! - 1\ = 0 Inductive Hypthesis: for some k, \\sum_{p = 0}^{n} (p * p!)\ = \(n + 1)! - 1\ for each n in 0...k-1. Goal: show \\sum_{p = 0}^{k+1} (p * p!)\ = \(k+2)! - 1\","{'has_proof': True, 'length': 227, 'has_base_case': True, 'has_induction_hypothesis': False, 'has_induction_step': False, 'has_qed': False, 'quality_score': 1.95}","{'identify_base_case': 2, 'prove_base_case': 2, 'hypothesis_stated': 2, 'hypothesis_given_bound': 2, 'goal_clear': 2, 'expression_decomposed': 0, 'inductive_hypothesis_applied': 0}",3.3785714285714286
214,"Use (strong) induction to prove the following claim: Claim: \(\displaystyle\sum_{p=0}^n (p \cdot p!) = (n+1)! - 1\), for all natural numbers \(n\). Recall that \(0!\) is defined to be 1.","proof by induction on n we assume that \\sum_{p=0}^{n}\(p . p!) = (n+1) - 1 is true for all natural numbers n looking at our base case of n=0, (0 . 0!) = (0+1) - 1 now 0 = 0, so our base case holds We know need to show that \\sum_{p=0}^{n}\(p . p!) for all n = 0,1,2,...k+1 \\sum_{p=0}^{k+1}\(p . p!) = (k+2) - 1","{'has_proof': True, 'length': 312, 'has_base_case': True, 'has_induction_hypothesis': False, 'has_induction_step': False, 'has_qed': False, 'quality_score': 2.12}","{'identify_base_case': 2, 'prove_base_case': 2, 'hypothesis_stated': 1, 'hypothesis_given_bound': 1, 'goal_clear': 0, 'expression_decomposed': 0, 'inductive_hypothesis_applied': 0}",2.9771428571428573
215,"Use (strong) induction to prove the following claim: Claim: \(\displaystyle\sum_{p=0}^n (p \cdot p!) = (n+1)! - 1\), for all natural numbers \(n\). Recall that \(0!\) is defined to be 1.","For \n = 0\, \\sum_{p=0}^{0}(p \times p!)=0\ and \0+1)!-1=0\, so the claim is true for \n=0\. Suppose that for some \k\, the claim is true for each \n\ in \0...k-1\. Then, we must show that the claim is true for \n=k\. Using the assumption, we know that \\sum_{p=0}^{k-1}(p \times p!)=k!-1\. Additionally, \\sum_{p=0}^{k}(p \times p!)=\sum_{p=0}^{k-1}(p \times p!) + k \times k!=k!-1+k \times k!\ Simplifying, we get \\sum_{p=0}^{k}(p \times p!)=0=k!(k+1)-1=(k+1)!-1\, which is what we needed to show. Thus, the claim is true for all natural numbers \n\.","{'has_proof': True, 'length': 554, 'has_base_case': False, 'has_induction_hypothesis': False, 'has_induction_step': False, 'has_qed': False, 'quality_score': 1.11}","{'identify_base_case': 2, 'prove_base_case': 2, 'hypothesis_stated': 2, 'hypothesis_given_bound': 2, 'goal_clear': 2, 'expression_decomposed': 2, 'inductive_hypothesis_applied': 2}",3.1100000000000003
216,"Use (strong) induction to prove the following claim: Claim: \(\displaystyle\sum_{p=0}^n (p \cdot p!) = (n+1)! - 1\), for all natural numbers \(n\). Recall that \(0!\) is defined to be 1.","\\sum_{p = 0}^{k + 1}\(pp!) = (k+1+1)! - 1 p = 0 0 * 0! = (n+1)! - 1 0 = (n+1)! - 1 1 = (n+1)! n = 0 p = 1 (1*1!) = (n+1)! - 1 2 = (n+1)! n = 1 p = 2 (2*2!) = (n+1)! - 1 5 = (n+1)! if n = 2 3!-1 = 5 = pp! n natural numbers! is equal to 5, so the claim is false.","{'has_proof': True, 'length': 261, 'has_base_case': False, 'has_induction_hypothesis': False, 'has_induction_step': False, 'has_qed': False, 'quality_score': 0.52}","{'identify_base_case': 0, 'prove_base_case': 0, 'hypothesis_stated': 0, 'hypothesis_given_bound': 0, 'goal_clear': 0, 'expression_decomposed': 0, 'inductive_hypothesis_applied': 0}",0.52
217,"Use (strong) induction to prove the following claim: Claim: \(\displaystyle\sum_{p=0}^n (p \cdot p!) = (n+1)! - 1\), for all natural numbers \(n\). Recall that \(0!\) is defined to be 1.","\\sum_{p=0}^{n} (p.p!) = (n+1)! - 1\, for all natrual numbers \n\. When \n=0\, \\sum_{p=0}^{n} (p.p!)\ = \0.0!\ = \0\ and \(0+1)! - 1\ is also \0\. For some \k\, \\sum_{p=0}^{n} (p.p!) = (n+1)! - 1\ for each \n\ in \0...k\. We need to show that \\sum_{p=0}^{k} (p.p!) = (k+1)! - 1\. Inductive Step: \\sum_{p=0}^{k+1} (p.p!) = (k+1+1)! - 1\ We know that \\sum_{p=0}^{k} (p.p!) = (k+1)! - 1\ and \\sum_{p=0}^{k+1} (p.p!)\ = \\sum_{p=0}^{k} (p.p!)\ + \(k+1).(k+1)!\ \\sum_{p=0}^{k} (p.p!)\ + \(k+1).(k+1)!\ = \(k+1)! - 1\ + \(k+1).(k+1)!\ Factoring out \(k+1)!\, then expression is \(k+1)!(1+k+1)-1\ which is \(k+1)!(k+2)-1\. \(k+1)!(k+2)\ = \(k+2)!\ Therefore, \\sum_{p=0}^{k+1} (p.p!)\ = \(k+2)! - 1\ which is equal to \(k+1+1)! - 1\.","{'has_proof': True, 'length': 733, 'has_base_case': False, 'has_induction_hypothesis': False, 'has_induction_step': True, 'has_qed': True, 'quality_score': 4.47}","{'identify_base_case': 2, 'prove_base_case': 2, 'hypothesis_stated': 2, 'hypothesis_given_bound': 2, 'goal_clear': 1, 'expression_decomposed': 2, 'inductive_hypothesis_applied': 2}",6.3271428571428565
218,"Use (strong) induction to prove the following claim: Claim: \(\displaystyle\sum_{p=0}^n (p \cdot p!) = (n+1)! - 1\), for all natural numbers \(n\). Recall that \(0!\) is defined to be 1.","We will prove this through induction of the integer n. Inductive hypothesis for 0,...,k - 1 Base case(s) Inductive step: summation of (p * p!) from p=0 to k. manipulation of numbers in proof conclusion QED","{'has_proof': True, 'length': 205, 'has_base_case': True, 'has_induction_hypothesis': True, 'has_induction_step': True, 'has_qed': True, 'quality_score': 6.41}","{'identify_base_case': 0, 'prove_base_case': 0, 'hypothesis_stated': 0, 'hypothesis_given_bound': 0, 'goal_clear': 0, 'expression_decomposed': 0, 'inductive_hypothesis_applied': 0}",6.41
219,"Use (strong) induction to prove the following claim: Claim: \(\displaystyle\sum_{p=0}^n (p \cdot p!) = (n+1)! - 1\), for all natural numbers \(n\). Recall that \(0!\) is defined to be 1.",\\sum_{p=0}^{1}\(0*0!)=2!-1=1,"{'has_proof': True, 'length': 29, 'has_base_case': False, 'has_induction_hypothesis': False, 'has_induction_step': False, 'has_qed': False, 'quality_score': 0.06}","{'identify_base_case': 2, 'prove_base_case': 2, 'hypothesis_stated': 0, 'hypothesis_given_bound': 0, 'goal_clear': 0, 'expression_decomposed': 0, 'inductive_hypothesis_applied': 0}",0.6314285714285715
220,"Use (strong) induction to prove the following claim: Claim: \(\displaystyle\sum_{p=0}^n (p \cdot p!) = (n+1)! - 1\), for all natural numbers \(n\). Recall that \(0!\) is defined to be 1.",Do not remember what strong induction is,"{'has_proof': True, 'length': 40, 'has_base_case': False, 'has_induction_hypothesis': False, 'has_induction_step': False, 'has_qed': False, 'quality_score': 0.08}","{'identify_base_case': 0, 'prove_base_case': 0, 'hypothesis_stated': 0, 'hypothesis_given_bound': 0, 'goal_clear': 0, 'expression_decomposed': 0, 'inductive_hypothesis_applied': 0}",0.08
221,"Use (strong) induction to prove the following claim: Claim: \(\displaystyle\sum_{p=0}^n (p \cdot p!) = (n+1)! - 1\), for all natural numbers \(n\). Recall that \(0!\) is defined to be 1.","Proof by induction on n. Base case: For n = 0, \\sum_{p = 0}^{0}\(p x p!) = 0 and (n + 1)! - 1 = 0 Our inductive hyptohesis is that \\sum_{p = 0}^{n}\(p x p!) = (n + 1)! - 1 for n = 0.....k. Inductive Step: We need to show that \\sum_{p = 0}^{k + 1}\(p x p!) = (k + 2)! - 1","{'has_proof': True, 'length': 273, 'has_base_case': True, 'has_induction_hypothesis': False, 'has_induction_step': True, 'has_qed': False, 'quality_score': 3.55}","{'identify_base_case': 2, 'prove_base_case': 2, 'hypothesis_stated': 2, 'hypothesis_given_bound': 2, 'goal_clear': 2, 'expression_decomposed': 0, 'inductive_hypothesis_applied': 0}",4.978571428571429
222,"Use (strong) induction to prove the following claim: Claim: \(\displaystyle\sum_{p=0}^n (p \cdot p!) = (n+1)! - 1\), for all natural numbers \(n\). Recall that \(0!\) is defined to be 1.",\\sum_{p=0}^{n}\ = (n+1)! - 1,"{'has_proof': True, 'length': 29, 'has_base_case': False, 'has_induction_hypothesis': False, 'has_induction_step': False, 'has_qed': False, 'quality_score': 0.06}","{'identify_base_case': 0, 'prove_base_case': 0, 'hypothesis_stated': 0, 'hypothesis_given_bound': 0, 'goal_clear': 0, 'expression_decomposed': 0, 'inductive_hypothesis_applied': 0}",0.06
223,"Use (strong) induction to prove the following claim: Claim: \(\displaystyle\sum_{p=0}^n (p \cdot p!) = (n+1)! - 1\), for all natural numbers \(n\). Recall that \(0!\) is defined to be 1.","For our base case, when n=0, \\sum_{p=0}^{0}\p*p! = 0 and (0 +1)! - 1 = 0. So our base case holds Next, suppose as our inductive hypothesis that for some k, \\sum_{p=0}^{n}\p*p! = (n +1)! - 1 for each n in 0...k-1 Now, we need to show that \\sum_{p=0}^{k}\p*p! = (k +1)! - 1 If we break up the factorial, we see that is is equal to (k+1) * k! - 1","{'has_proof': True, 'length': 346, 'has_base_case': True, 'has_induction_hypothesis': True, 'has_induction_step': False, 'has_qed': False, 'quality_score': 3.69}","{'identify_base_case': 2, 'prove_base_case': 2, 'hypothesis_stated': 2, 'hypothesis_given_bound': 2, 'goal_clear': 2, 'expression_decomposed': 0, 'inductive_hypothesis_applied': 0}",5.118571428571428
224,"Use (strong) induction to prove the following claim: Claim: \(\displaystyle\sum_{p=0}^n (p \cdot p!) = (n+1)! - 1\), for all natural numbers \(n\). Recall that \(0!\) is defined to be 1.","for our base case, note that for n = 0, (0*1) = 0 and (0+1)!-1 = 0. let our inductive hypothesis be for some k, the summation of (p*p!) from p = 0 to n is equal to (n+1)! - 1. for each n in 0 ... k. Because every natural number from 0 ... k fits this hypothesis, by induction, this claim is true.","{'has_proof': True, 'length': 296, 'has_base_case': True, 'has_induction_hypothesis': True, 'has_induction_step': False, 'has_qed': False, 'quality_score': 3.59}","{'identify_base_case': 2, 'prove_base_case': 2, 'hypothesis_stated': 2, 'hypothesis_given_bound': 2, 'goal_clear': 0, 'expression_decomposed': 0, 'inductive_hypothesis_applied': 0}",4.732857142857142
225,"Use (strong) induction to prove the following claim: Claim: \(\displaystyle\sum_{p=0}^n (p \cdot p!) = (n+1)! - 1\), for all natural numbers \(n\). Recall that \(0!\) is defined to be 1.",n something induction etc... Base case: \\sum_{p=0}^{0}(p*p!) = 0\ and \(0+1)!-1 = 1-1 = 0\ Hypothesis: \\sum_{p=0}^{k}(p*p!) = (k+1)!-1\ We need to prove \\sum_{p=0}^{k+1}(p*p!) = (k+2)!-1\ \((k+1)*(k+1)!)+\sum_{p=0}^{k}(p*p!) = (k+2)(k+1)!-1\ Substituting from hypothesis: \((k+1)*(k+1)!)+(k+1)!-1 = (k+2)(k+1)!-1\ \(k+1)(k+1)!+(k+1)! = (k+2)(k+1)!\ \(k+1)+1 = (k+2)\ \k+2 = k+2\ \k=k\ which is true for all values of k,"{'has_proof': True, 'length': 421, 'has_base_case': True, 'has_induction_hypothesis': False, 'has_induction_step': False, 'has_qed': False, 'quality_score': 2.34}","{'identify_base_case': 2, 'prove_base_case': 2, 'hypothesis_stated': 2, 'hypothesis_given_bound': 2, 'goal_clear': 2, 'expression_decomposed': 2, 'inductive_hypothesis_applied': 2}",4.34
226,"Use (strong) induction to prove the following claim: Claim: \(\displaystyle\sum_{p=0}^n (p \cdot p!) = (n+1)! - 1\), for all natural numbers \(n\). Recall that \(0!\) is defined to be 1.","Proof by induction Base: n = 0, \\sum_{p=0}^{0}\(p * p!) = 0 and (0 + 1)! - 1 = 0. Induction hypothesis: for some k, \\sum_{p=0}^{n}\(p * p!) = (n + 1)! - 1 for n in 0...k. Induction step: Prove that \\sum_{p=0}^{k + 1}\(p * p!) = (k + 1 + 1)! - 1 Forgot how to do summation","{'has_proof': True, 'length': 274, 'has_base_case': False, 'has_induction_hypothesis': True, 'has_induction_step': True, 'has_qed': False, 'quality_score': 3.55}","{'identify_base_case': 2, 'prove_base_case': 2, 'hypothesis_stated': 2, 'hypothesis_given_bound': 2, 'goal_clear': 2, 'expression_decomposed': 0, 'inductive_hypothesis_applied': 0}",4.978571428571429
227,"Use (strong) induction to prove the following claim: Claim: \(\displaystyle\sum_{p=0}^n (p \cdot p!) = (n+1)! - 1\), for all natural numbers \(n\). Recall that \(0!\) is defined to be 1.","proof: when n = 1, \\sum_{p=0}^{n}(p * p!)\ = (1+1)! - 1 = 1 there is k, such that \\sum_{p=0}^{k}(p * p!)\ satisfies (k + 1)! - 1 for all k that is natural number.","{'has_proof': True, 'length': 164, 'has_base_case': False, 'has_induction_hypothesis': False, 'has_induction_step': False, 'has_qed': False, 'quality_score': 0.33}","{'identify_base_case': 2, 'prove_base_case': 2, 'hypothesis_stated': 1, 'hypothesis_given_bound': 1, 'goal_clear': 0, 'expression_decomposed': 0, 'inductive_hypothesis_applied': 0}",1.187142857142857
228,"Use (strong) induction to prove the following claim: Claim: \(\displaystyle\sum_{p=0}^n (p \cdot p!) = (n+1)! - 1\), for all natural numbers \(n\). Recall that \(0!\) is defined to be 1.","\\sum_{p=0}^{n}(p*p!)\ \=\ \(n+1)!-1\ Base case: \n=0\, \\sum_{p=0}^{0}(p*p!)=0*0!=0\, and \(0+1)!-1=0\. They are equal.<br> Suppose this works for \0,1,2,...,k\, so \\sum_{p=0}^{k}(p*p!)=(k+1)!-1\<br> When \n=k+1\<br> \\sum_{p=0}^{k+1}(p*p!)\<br> \=\sum_{p=0}^{k}(p*p!)+(k+1)*(k+1)!\<br> \=(k+1)!-1+(k+1)(k+1)!\<br> \=(k+1)![(k+1)-1]\<br> \=k(k+1)!\<br> \(k+2)!-1\<br> \=(k+1)!(k+2)-1\<br> \=(k+1)(k+1)!\<br> There're not equal.","{'has_proof': True, 'length': 429, 'has_base_case': True, 'has_induction_hypothesis': False, 'has_induction_step': False, 'has_qed': False, 'quality_score': 2.36}","{'identify_base_case': 2, 'prove_base_case': 2, 'hypothesis_stated': 2, 'hypothesis_given_bound': 2, 'goal_clear': 1, 'expression_decomposed': 2, 'inductive_hypothesis_applied': 2}",4.217142857142857
229,"Use (strong) induction to prove the following claim: Claim: \(\displaystyle\sum_{p=0}^n (p \cdot p!) = (n+1)! - 1\), for all natural numbers \(n\). Recall that \(0!\) is defined to be 1.","Proof by Induction. For our base case, suppose n = 0. \\sum_{p = 0}^{n}\(p * p!) = \\sum_{p = 0}^{0}\(0 * 0!) = 0. (n + 1)! - 1 = (0 + 1)! - 1 = 1 - 1 = 0. Therefore, (p * p!) = (n + 1)! - 1. Inductive Hypothesis: \\sum_{p = 0}^{n}\(p * p!) = (n + 1)! - 1 for all natural numbers 0...k. Inductive Statement: We need to show \\sum_{p = 0}^{k + 1}\ (p * p!) = (k + 2)! - 1. \\sum_{p = 0}^{k + 1}\ (p * p!) = (0 * 0!) + ((k + 1) * (k + 1)!) = (0) + ((k + 1) * (k + 1)(k)) = \k^3\ + 2\k^2\ + k. (k + 2)! - 1 = (k + 2)(k + 1)(k) - 1 = \k^3\ + 3\k^2\ + 2k - 1. \\sum_{p = 0}^{k + 1}\ (p * p!) = (k + 2)! - 1 which is what we are trying to show.","{'has_proof': True, 'length': 638, 'has_base_case': True, 'has_induction_hypothesis': True, 'has_induction_step': False, 'has_qed': True, 'quality_score': 5.78}","{'identify_base_case': 2, 'prove_base_case': 2, 'hypothesis_stated': 2, 'hypothesis_given_bound': 2, 'goal_clear': 2, 'expression_decomposed': 1, 'inductive_hypothesis_applied': 0}",7.351428571428571
230,"Use (strong) induction to prove the following claim: Claim: \(\displaystyle\sum_{p=0}^n (p \cdot p!) = (n+1)! - 1\), for all natural numbers \(n\). Recall that \(0!\) is defined to be 1.","For our base case, note that when n = 0, (p*p!) = 0, and (0+1)! - 1 = 0 for all natural numbers n. Next, suppose our inductive hypothesis is for some number k, \\sum_{n}^{p=0}\(p * p!) = (n + 1)! - 1, for each n in 0...k. Now to finish we need to show \\sum_{k + 1}^{p=0}\(p * p!) = (k + 1)! - 1. Suppose n = 3. \\sum_{3}^{p = 0}\(p * p!) = a sum of 23. (3 + 1)! - 1 = 4! - 1. 4! = 24, and 24 - 1 = 23. Therefore, \\sum_{3}^{p = 0}\(p * p!) = (n + 1)! - 1. This is what we needed to show.","{'has_proof': True, 'length': 488, 'has_base_case': True, 'has_induction_hypothesis': True, 'has_induction_step': False, 'has_qed': True, 'quality_score': 5.48}","{'identify_base_case': 2, 'prove_base_case': 2, 'hypothesis_stated': 2, 'hypothesis_given_bound': 2, 'goal_clear': 2, 'expression_decomposed': 0, 'inductive_hypothesis_applied': 0}",6.908571428571429
231,"Use (strong) induction to prove the following claim: Claim: \(\displaystyle\sum_{p=0}^n (p \cdot p!) = (n+1)! - 1\), for all natural numbers \(n\). Recall that \(0!\) is defined to be 1.","Proof by induction with n. We need to prove that \\sum_{p=0}^{n}(p*p!) = (n+1)!-1\, for all natural numbers n. For the base case, n = to 0. \\sum_{p=0}^{n}(p*p!) = 0 * 0! = 0\ and \(0+1)!-1 = 0\ For the inductive hypothesis, suppose that for some k, \\sum_{p=0}^{n}(p*p!) = (n+1)!-1\ for each n in 0...k We need to show that \\sum_{p=0}^{k}(p*p!) = (k+1)!-1\ ... Therefore, \\sum_{p=0}^{n}(p*p!) = (n+1)!-1\ for all natural numbers n, which is what we needed to prove.","{'has_proof': True, 'length': 468, 'has_base_case': True, 'has_induction_hypothesis': True, 'has_induction_step': False, 'has_qed': True, 'quality_score': 5.44}","{'identify_base_case': 2, 'prove_base_case': 2, 'hypothesis_stated': 2, 'hypothesis_given_bound': 2, 'goal_clear': 2, 'expression_decomposed': 0, 'inductive_hypothesis_applied': 0}",6.868571428571429
232,"Use (strong) induction to prove the following claim: Claim: \(\displaystyle\sum_{p=0}^n (p \cdot p!) = (n+1)! - 1\), for all natural numbers \(n\). Recall that \(0!\) is defined to be 1.","Base case: \n=0\: \\sum_{p=0}^{0}(p*p!) = 0\. \(0+1)!-1=0\. \0=0\ Inductive hypothesis: For some k, \\sum_{p=0}^{n}(p*p!)=(n+1)!-1\ for all \n\, \0...k\ Inductive step: Show \\sum_{p=0}^{k+1}(p*p!)=(k+1+1)!-1\ \\sum_{p=0}^{k+1}(p*p!)=((k+1)(k+1)!) + \sum_{p=0}^{k}(p*p!)\. By inductive hypothesis, \((k+1)(k+1)!) + \sum_{p=0}^{k}(p*p!)=((k+1)(k+1)!)+(k+1)!-1=(k+1)!(k+1+1)-1\ \=(k+1)!(k+2)-1=(k+2)!-1=(k+1+1)!-1\ By induction, \\sum_{p=0}^{n}(p*p!)=(n+1)!-1\ for all natural numbers.","{'has_proof': True, 'length': 483, 'has_base_case': True, 'has_induction_hypothesis': True, 'has_induction_step': True, 'has_qed': False, 'quality_score': 5.47}","{'identify_base_case': 2, 'prove_base_case': 2, 'hypothesis_stated': 2, 'hypothesis_given_bound': 2, 'goal_clear': 2, 'expression_decomposed': 2, 'inductive_hypothesis_applied': 2}",7.47
233,"Use (strong) induction to prove the following claim: Claim: \(\displaystyle\sum_{p=0}^n (p \cdot p!) = (n+1)! - 1\), for all natural numbers \(n\). Recall that \(0!\) is defined to be 1.","To prove: \\sum_{p = 0}^{n}\ (p.p!) = (n+1)! - 1 Base case: let n = 0, \\sum_{p = 0}^{0}\ (p.p!) = 0.0! = 0 But for n = 0, (n+1)! - 1 => 1!- 1 = 0 Induction: Suppose that for some k, \\sum_{p = 0}^{n}\ (p.p!) = (n+1)! - 1 for each value of n in 0,...k-1. Then, we need to show that \\sum_{p = 0}^{k}\ (p.p!) = (k+1)! - 1 Then, for k + 1, \\sum_{p = 0}^{k}\ (p.p!) = \\sum_{p = 0}^{k - 1}\ (p.p!) + (p.p!) \\sum_{p = 0}^{k}\ (p.p!) = (k- 1 +1)! - 1 + (k.k!) \\sum_{p = 0}^{k}\ (p.p!) = k!(k + 1) - 1 \\sum_{p = 0}^{k}\ (p.p!) = (k+1)! - 1 QED.","{'has_proof': True, 'length': 542, 'has_base_case': True, 'has_induction_hypothesis': False, 'has_induction_step': False, 'has_qed': True, 'quality_score': 4.08}","{'identify_base_case': 2, 'prove_base_case': 2, 'hypothesis_stated': 2, 'hypothesis_given_bound': 2, 'goal_clear': 2, 'expression_decomposed': 1, 'inductive_hypothesis_applied': 0}",5.651428571428571
234,"Use (strong) induction to prove the following claim: Claim: \(\displaystyle\sum_{p=0}^n (p \cdot p!) = (n+1)! - 1\), for all natural numbers \(n\). Recall that \(0!\) is defined to be 1.","Claim: \\sum_{p = 0}^{n}\(p * p!) = (n+1)! - 1 for all natural numbers n. Proof: Base Case: \\sum_{p = 0}^{0}\(p * p!) = (0 + 1)! - 1 = 0 * 0! = (0+1)! - 1, which simplifies to 0 = 0, so the equation is satsified for zero. Inductive hypothesis: \\sum_{p = 0}^{n}\(p * p!) = (n+1)! - 1 from 0 to n - 1. For n + 1 = \\sum_{p = 0}^{n + 1}\(p * p) = (n+2)! - 1. (n+2)! - 1 = (n+1)(n+1)! - 1, which is equal to \\sum_{p = 0}^{n}\(p * p!) + ((p+1) * p!) ( \\sum_{p = 0}^{n + 1}\(p * p) simplified), so the original claim is true, which is what we needed to show.","{'has_proof': True, 'length': 556, 'has_base_case': True, 'has_induction_hypothesis': True, 'has_induction_step': False, 'has_qed': False, 'quality_score': 4.11}","{'identify_base_case': 2, 'prove_base_case': 2, 'hypothesis_stated': 2, 'hypothesis_given_bound': 1, 'goal_clear': 1, 'expression_decomposed': 2, 'inductive_hypothesis_applied': 2}",5.824285714285715
235,"Use (strong) induction to prove the following claim: Claim: \(\displaystyle\sum_{p=0}^n (p \cdot p!) = (n+1)! - 1\), for all natural numbers \(n\). Recall that \(0!\) is defined to be 1.","For base case, note that when n = 0, the left hand side of the equation is equal to 0, and the right hand side of the equation is equal to 0, so that they are equal. Now suppose our inductive hypothesis that this claim is true when n = 0, 1, ..., k So the claim is true when n = k + 1 is what we need to prove.","{'has_proof': True, 'length': 310, 'has_base_case': True, 'has_induction_hypothesis': True, 'has_induction_step': False, 'has_qed': False, 'quality_score': 3.62}","{'identify_base_case': 2, 'prove_base_case': 2, 'hypothesis_stated': 2, 'hypothesis_given_bound': 2, 'goal_clear': 2, 'expression_decomposed': 0, 'inductive_hypothesis_applied': 0}",5.048571428571429
236,"Use (strong) induction to prove the following claim: Claim: \(\displaystyle\sum_{p=0}^n (p \cdot p!) = (n+1)! - 1\), for all natural numbers \(n\). Recall that \(0!\) is defined to be 1.","Base case. When n=0, \\sum_{p=0}^{0}(p*p!)=0 = (0+1)!-1\, so base case satisfy We need to prove that there exist an k such that \\sum_{p=0}^{k+1}(p*p!)=(k+2)!-1\ is true for all natural numbers 0,1,2,...,k+1 We could convert the term to \\sum_{p=0}^{k+1}(p*p!)=(\sum_{p=0}^{k}(p*p!))+(k+1)*(k+1)!\. Based on the induction, we know that \\sum_{p=0}^{k}(p*p!))=(k+1)!-1\ Therefore, we could express it as \\sum_{p=0}^{k+1}(p*p!)=(k+1)!-1+(k+1)*(k+1)!=(k+2)!-1\, which is what we need to prove. Hence, we prove the claim is true","{'has_proof': True, 'length': 525, 'has_base_case': True, 'has_induction_hypothesis': False, 'has_induction_step': False, 'has_qed': True, 'quality_score': 4.05}","{'identify_base_case': 2, 'prove_base_case': 2, 'hypothesis_stated': 1, 'hypothesis_given_bound': 2, 'goal_clear': 1, 'expression_decomposed': 2, 'inductive_hypothesis_applied': 2}",5.764285714285714
237,"Use (strong) induction to prove the following claim: Claim: \(\displaystyle\sum_{p=0}^n (p \cdot p!) = (n+1)! - 1\), for all natural numbers \(n\). Recall that \(0!\) is defined to be 1.","Use base claim of n = 0 Substitute in (p*p!) and (n+1)! - 1 (0*1) = 0 and (0+1)!-1 = 0 Therefore, (p*p!) = (n+1)!-1","{'has_proof': True, 'length': 115, 'has_base_case': False, 'has_induction_hypothesis': False, 'has_induction_step': False, 'has_qed': True, 'quality_score': 1.73}","{'identify_base_case': 2, 'prove_base_case': 2, 'hypothesis_stated': 0, 'hypothesis_given_bound': 0, 'goal_clear': 0, 'expression_decomposed': 0, 'inductive_hypothesis_applied': 0}",2.3014285714285716
238,"Use (strong) induction to prove the following claim: Claim: \(\displaystyle\sum_{p=0}^n (p \cdot p!) = (n+1)! - 1\), for all natural numbers \(n\). Recall that \(0!\) is defined to be 1.","proof:we set n = 1, so 2!-1=2. which we can prove the claim.","{'has_proof': True, 'length': 60, 'has_base_case': False, 'has_induction_hypothesis': False, 'has_induction_step': False, 'has_qed': False, 'quality_score': 0.12}","{'identify_base_case': 2, 'prove_base_case': 1, 'hypothesis_stated': 0, 'hypothesis_given_bound': 0, 'goal_clear': 0, 'expression_decomposed': 0, 'inductive_hypothesis_applied': 0}",0.5485714285714285
239,"Use (strong) induction to prove the following claim: Claim: \(\displaystyle\sum_{p=0}^n (p \cdot p!) = (n+1)! - 1\), for all natural numbers \(n\). Recall that \(0!\) is defined to be 1.","Proof by induction for \n\. Inductive predicate: for all natual numbers \n\, \\sum_{n}^{p=0} (p \space . p!) = (n+1)! - 1\. Base case: when \n=0\, \\sum_{0}^{p=0} (p \space . p!) = (0 \space . 0!) = 0\ and \(0+1)!-1 = 0\, so base case \n=0\ is proven. Inductive hypothesis: Suppose that, for some \k \ge 0\, \\sum_{n}^{p=0} (p \space . p!) = (n+1)! - 1\ for \n\ in \ 0, 1, ... k+1\. Inductive step: we must now find that \\sum_{k+1}^{p=0} (p \space . p!) = (k+2)! - 1\. I'm not sure what to do next.","{'has_proof': True, 'length': 499, 'has_base_case': True, 'has_induction_hypothesis': True, 'has_induction_step': True, 'has_qed': False, 'quality_score': 5.5}","{'identify_base_case': 2, 'prove_base_case': 2, 'hypothesis_stated': 2, 'hypothesis_given_bound': 2, 'goal_clear': 1, 'expression_decomposed': 0, 'inductive_hypothesis_applied': 0}",6.785714285714286
240,"Use (strong) induction to prove the following claim: Claim: \(\displaystyle\sum_{p=0}^n (p \cdot p!) = (n+1)! - 1\), for all natural numbers \(n\). Recall that \(0!\) is defined to be 1.","For the base case: Let some k in \\sum_{p=0}^{n}\(p*p!) = (n+1)!-1 for k >= 0... For K = 1, 1 = 1.","{'has_proof': True, 'length': 98, 'has_base_case': True, 'has_induction_hypothesis': False, 'has_induction_step': False, 'has_qed': False, 'quality_score': 1.7}","{'identify_base_case': 2, 'prove_base_case': 2, 'hypothesis_stated': 0, 'hypothesis_given_bound': 0, 'goal_clear': 0, 'expression_decomposed': 0, 'inductive_hypothesis_applied': 0}",2.2714285714285714
241,"Use (strong) induction to prove the following claim: Claim: \(\displaystyle\sum_{p=0}^n (p \cdot p!) = (n+1)! - 1\), for all natural numbers \(n\). Recall that \(0!\) is defined to be 1.","Proof by induction Base case: at n = 0, \\sum_{p=0}^{0}(p*p!)=0\ and \(n+1)!-1 = 0\ Suppose \\sum_{p=0}^{n}(p * p!)=(n+1)!-1\ for all natural numbers 0, 1, 2, ...k+1 Then we have to prove that \\sum_{p=0}^{k}(k*k!)=(k+1)!-1\","{'has_proof': True, 'length': 224, 'has_base_case': True, 'has_induction_hypothesis': False, 'has_induction_step': False, 'has_qed': False, 'quality_score': 1.95}","{'identify_base_case': 2, 'prove_base_case': 2, 'hypothesis_stated': 2, 'hypothesis_given_bound': 2, 'goal_clear': 1, 'expression_decomposed': 0, 'inductive_hypothesis_applied': 0}",3.2357142857142858
242,"Use (strong) induction to prove the following claim: Claim: \(\displaystyle\sum_{p=0}^n (p \cdot p!) = (n+1)! - 1\), for all natural numbers \(n\). Recall that \(0!\) is defined to be 1.","For our base case, consider n = 0, 0 = 1 - 1, = 0 holds true Next, suppose as our Inductive Hypothesis that for some k, (p.p!) = (n+1)! - 1, is true for all n, where n is between 0.....k Now we need to show that for all summation from p = 0 to k, (p.p!) = (n + 1)! - 1 by induction, 0 = (k +1)! - 1 0 = 0 therefore by defintion of induction we can say that or some k, (p.p!) = (n+1)! - 1, is true for all n, where n is between 0.....k, which is what we needed to prove","{'has_proof': True, 'length': 468, 'has_base_case': True, 'has_induction_hypothesis': True, 'has_induction_step': False, 'has_qed': True, 'quality_score': 5.44}","{'identify_base_case': 2, 'prove_base_case': 2, 'hypothesis_stated': 2, 'hypothesis_given_bound': 2, 'goal_clear': 2, 'expression_decomposed': 0, 'inductive_hypothesis_applied': 0}",6.868571428571429
243,"Use (strong) induction to prove the following claim: Claim: \(\displaystyle\sum_{p=0}^n (p \cdot p!) = (n+1)! - 1\), for all natural numbers \(n\). Recall that \(0!\) is defined to be 1.","proof by induction on n base case- \f(0) = 0*0! = 0 = (0 + 1)! - 1 = 0\ base case holds true inductive hypothesis - \\sum_{p=0}^{n}(p*p!) = (n+1)! - 1\ for n in \0,1,2...k-1 \ for any positive integer k for the rest of the inductive step, we have to prove that \\sum_{p=0}^{n}(p*p!) = (k+1)! - 1\ \\sum_{p=0}^{k}(p*p!) = \sum_{p=0}^{k- 1}(p*p!) + k*k! \ using the inductive hypothesis, we know that\\sum_{p=0}^{n}(p*p!) = (n+1)! - 1 \ for \\sum_{p=0}^{k- 1}(p*p!) + k*k! \ therefore we need to show that \k*k! = (k+1)! - 1\ $(k+1)! = (k+1)k!","{'has_proof': True, 'length': 541, 'has_base_case': True, 'has_induction_hypothesis': True, 'has_induction_step': True, 'has_qed': True, 'quality_score': 7.08}","{'identify_base_case': 2, 'prove_base_case': 2, 'hypothesis_stated': 2, 'hypothesis_given_bound': 2, 'goal_clear': 2, 'expression_decomposed': 2, 'inductive_hypothesis_applied': 1}",8.937142857142858
244,"Use (strong) induction to prove the following claim: Claim: \(\displaystyle\sum_{p=0}^n (p \cdot p!) = (n+1)! - 1\), for all natural numbers \(n\). Recall that \(0!\) is defined to be 1.","By induction n. we need to show \\sum_{p=0}^{n}\ (p x p!) = (n+1)! - 1. Base case: when n = 0, \\sum_{p=0}^{0}\ (p x p!) = (0x1) = 0. (n+1)!-1 = 0. it is true for n = 0 inductive hypothesis: we need to prove it is true for n = 1, 2, 3,..., k \\sum_{p=0}^{n}\ (p x p!) = (k x k!)","{'has_proof': True, 'length': 278, 'has_base_case': True, 'has_induction_hypothesis': True, 'has_induction_step': False, 'has_qed': False, 'quality_score': 3.56}","{'identify_base_case': 2, 'prove_base_case': 2, 'hypothesis_stated': 1, 'hypothesis_given_bound': 2, 'goal_clear': 0, 'expression_decomposed': 0, 'inductive_hypothesis_applied': 0}",4.5600000000000005
245,"Use (strong) induction to prove the following claim: Claim: \(\displaystyle\sum_{p=0}^n (p \cdot p!) = (n+1)! - 1\), for all natural numbers \(n\). Recall that \(0!\) is defined to be 1.","As a base case, let n=0. Then both left and right sides of the equation equal 0. As an inductive hypothesis suppose that for some k, \\sum_{p=0}^{n}\(p*p!)=(n+1)!-1 is true for all n in 0, 1, 2,... k. Now we need to show that \\sum_{p=0}^{k}\(p*p!)=(k+1)!-1 The left side expands out into (k * k!) + ((k-1) * (k-1!)) + ((k-2)*(k-2!)) +... (0 * 0!) This can be simplified down to ( The right side can be turned into (k+1)(k!) - 1","{'has_proof': True, 'length': 428, 'has_base_case': True, 'has_induction_hypothesis': True, 'has_induction_step': False, 'has_qed': False, 'quality_score': 3.86}","{'identify_base_case': 2, 'prove_base_case': 2, 'hypothesis_stated': 2, 'hypothesis_given_bound': 2, 'goal_clear': 1, 'expression_decomposed': 1, 'inductive_hypothesis_applied': 0}",5.288571428571428
246,"Use (strong) induction to prove the following claim: Claim: \(\displaystyle\sum_{p=0}^n (p \cdot p!) = (n+1)! - 1\), for all natural numbers \(n\). Recall that \(0!\) is defined to be 1.","For our base case, let \n=0\, our lefthand side (LHS) is \\sum_{p=0}^{1}(p*p!) = 1*1! = 1,\ and our RHS is \(1+1)!-1 = 2-1 = 1\ Suppose our inductive hypothesis is that for some natural number \n \geq 0\, \\sum_{p=0}^{n}(p*p!) = (n+1)!-1\ for \n\ in \0 \dots k-1\ where \k-1 \geq 0\ Then we must show that \\sum_{p=0}^{k}(p*p!) = (k+1)!-1\","{'has_proof': True, 'length': 339, 'has_base_case': True, 'has_induction_hypothesis': True, 'has_induction_step': False, 'has_qed': False, 'quality_score': 3.68}","{'identify_base_case': 2, 'prove_base_case': 1, 'hypothesis_stated': 2, 'hypothesis_given_bound': 2, 'goal_clear': 2, 'expression_decomposed': 0, 'inductive_hypothesis_applied': 0}",4.965714285714286
247,"Use (strong) induction to prove the following claim: Claim: \(\displaystyle\sum_{p=0}^n (p \cdot p!) = (n+1)! - 1\), for all natural numbers \(n\). Recall that \(0!\) is defined to be 1.",base case hypo rest of proof inductive hypo,"{'has_proof': True, 'length': 43, 'has_base_case': True, 'has_induction_hypothesis': False, 'has_induction_step': False, 'has_qed': False, 'quality_score': 1.59}","{'identify_base_case': 0, 'prove_base_case': 0, 'hypothesis_stated': 0, 'hypothesis_given_bound': 0, 'goal_clear': 0, 'expression_decomposed': 0, 'inductive_hypothesis_applied': 0}",1.59
248,"Use (strong) induction to prove the following claim: Claim: \(\displaystyle\sum_{p=0}^n (p \cdot p!) = (n+1)! - 1\), for all natural numbers \(n\). Recall that \(0!\) is defined to be 1.",For our base case: \\sum_{p = 0}^{1}\ (p * p!) = (1+1)! - 1 = 2 Suppose as our inductive hypothesis that \\sum_{p = 0}^{n}\ (p * p!) = (n + 1)! - 1 for n in 0....k(where k >= 0) Prove \\sum_{p = 0}^{k+1}\ (p * p!) = ((k+1) + 1)! - 1,"{'has_proof': True, 'length': 232, 'has_base_case': True, 'has_induction_hypothesis': True, 'has_induction_step': False, 'has_qed': False, 'quality_score': 3.46}","{'identify_base_case': 2, 'prove_base_case': 1, 'hypothesis_stated': 2, 'hypothesis_given_bound': 2, 'goal_clear': 2, 'expression_decomposed': 0, 'inductive_hypothesis_applied': 0}",4.7457142857142856
249,"Use (strong) induction to prove the following claim: Claim: \(\displaystyle\sum_{p=0}^n (p \cdot p!) = (n+1)! - 1\), for all natural numbers \(n\). Recall that \(0!\) is defined to be 1.","Base case: when n = 0, p = 0 \\sum_{p=0}^{n}\ (p.p!) = (1)! - 1 = 0 (p.p!) = 0 Inductive step: n = k + 1","{'has_proof': True, 'length': 104, 'has_base_case': True, 'has_induction_hypothesis': False, 'has_induction_step': True, 'has_qed': False, 'quality_score': 3.21}","{'identify_base_case': 2, 'prove_base_case': 1, 'hypothesis_stated': 0, 'hypothesis_given_bound': 0, 'goal_clear': 1, 'expression_decomposed': 0, 'inductive_hypothesis_applied': 0}",3.781428571428571
250,"Use (strong) induction to prove the following claim: Claim: \(\displaystyle\sum_{p=0}^n (p \cdot p!) = (n+1)! - 1\), for all natural numbers \(n\). Recall that \(0!\) is defined to be 1.","Let n be a natural number. Suppose \\sum_{p=0}^{n}\(p*p!) = (n+1)! - 1 for all n. The base case is n=0 where \\sum_{p=0}^{n =0}\(0*0!) = (0+1)! - 1 = 0. The inductive hypothesis is for some k, \\sum_{p=0}^{n}\(p*p!) = (n+1)! - 1 for all n 0,..,k. Thus, \\sum_{p=0}^{n=k}\(p*p!) = (k+1)! - 1. Therefore \\sum_{p=0}^{n}\(p*p!) = (n+1)! - 1.","{'has_proof': True, 'length': 338, 'has_base_case': True, 'has_induction_hypothesis': True, 'has_induction_step': False, 'has_qed': True, 'quality_score': 5.18}","{'identify_base_case': 2, 'prove_base_case': 2, 'hypothesis_stated': 2, 'hypothesis_given_bound': 2, 'goal_clear': 0, 'expression_decomposed': 0, 'inductive_hypothesis_applied': 0}",6.322857142857142
251,"Use (strong) induction to prove the following claim: Claim: \(\displaystyle\sum_{p=0}^n (p \cdot p!) = (n+1)! - 1\), for all natural numbers \(n\). Recall that \(0!\) is defined to be 1.","for all natural numbers n, \\sum_{p=0}^{n}\(p*p!) = (n+1)! - 1. base case n =0, \\sum_{p=0}^{0}\(p*p!) = 0 and (0+1)! - 1 = 0. so zero holds true. inductive hypotheis. for some k, \\sum_{p=0}^{n}\(p*p!) = (n+1)! - 1 for each n in 0, 1,... k. inductive step: \\sum_{p=0}^{k+1}\(p*p!) = (k + 1+1)! - 1. on the right side, (k + 2)! - 1 = k! *(k +1) * (k+2) - 1.","{'has_proof': True, 'length': 358, 'has_base_case': True, 'has_induction_hypothesis': False, 'has_induction_step': True, 'has_qed': False, 'quality_score': 3.72}","{'identify_base_case': 2, 'prove_base_case': 2, 'hypothesis_stated': 2, 'hypothesis_given_bound': 2, 'goal_clear': 2, 'expression_decomposed': 0, 'inductive_hypothesis_applied': 0}",5.148571428571429
252,"Use (strong) induction to prove the following claim: Claim: \(\displaystyle\sum_{p=0}^n (p \cdot p!) = (n+1)! - 1\), for all natural numbers \(n\). Recall that \(0!\) is defined to be 1.","Base Case: for n=1, \\sum_{p=0}^{1}\(p*p!)=1 and (1+1)!-1=1 Inductive Hypothesis: \\sum_{p=0}^{n}\(p*p!)=(n+1)!-1 for any n between 1, ..., k Inductive Step: we must prove \\sum_{p=0}^{k}\(p*p!)=(k+1)!-1 ... This means \\sum_{p=0}^{k}\(p*p!)=(k+1)!-1 for all k, which is what we needed to show.","{'has_proof': True, 'length': 294, 'has_base_case': True, 'has_induction_hypothesis': True, 'has_induction_step': True, 'has_qed': False, 'quality_score': 5.09}","{'identify_base_case': 2, 'prove_base_case': 2, 'hypothesis_stated': 2, 'hypothesis_given_bound': 2, 'goal_clear': 2, 'expression_decomposed': 0, 'inductive_hypothesis_applied': 0}",6.518571428571429
253,"Use (strong) induction to prove the following claim: Claim: \(\displaystyle\sum_{p=0}^n (p \cdot p!) = (n+1)! - 1\), for all natural numbers \(n\). Recall that \(0!\) is defined to be 1.","We will prove by induction on \n\.<br> Note that for our base case \n=0\, \\sum_{p=0}^0(p\cdot p!)=0\ and \(0+1)!-1=0\.<br> Suppose for our inductive hypothesis that for some \k\, \\sum_{p=0}^n(p\cdot p!)=(n+1)!-1\ for all \n\ in \0...k\.<br> Now we need to show that \\sum_{p=0}^{k+1}(p\cdot p!)=(k+2)!-1\.<br> By definition of \\sum\, \\sum_{p=0}^{k+1}(p\cdot p!)=\sum_{p=0}^{k}(p\cdot p!)+((k+1)\cdot (k+1)!)\.<br> Substituting, we get \(k+1)!-1+((k+1)\cdot (k+1)!)\.<br> Factoring, we get \(k+1)!(1+k+1)-1=(k+1)!(k+2)-1=(k+2)!-1\.<br> Q.E.D.","{'has_proof': True, 'length': 545, 'has_base_case': True, 'has_induction_hypothesis': True, 'has_induction_step': False, 'has_qed': True, 'quality_score': 5.59}","{'identify_base_case': 2, 'prove_base_case': 2, 'hypothesis_stated': 2, 'hypothesis_given_bound': 2, 'goal_clear': 2, 'expression_decomposed': 2, 'inductive_hypothesis_applied': 2}",7.59
254,"Use (strong) induction to prove the following claim: Claim: \(\displaystyle\sum_{p=0}^n (p \cdot p!) = (n+1)! - 1\), for all natural numbers \(n\). Recall that \(0!\) is defined to be 1.","Proof by induction for n. Base Case: (n = 0) \\implies\ \\sum_{p = 0}^{0}(p*p!) = 1! - 1 = 0\. Suppose for some natural number k, the claim holds true for \0...k - 1\. \\sum_{p = 0}^{k}(p*p!) = k*k! + \sum_{p = 0}^{k-1}(p*p!) = k*k! + k! - 1 = (k+1)k! -1 = (k+1)! - 1\. Therefore, the claim holds for all natural numbers, QED.","{'has_proof': True, 'length': 326, 'has_base_case': True, 'has_induction_hypothesis': False, 'has_induction_step': False, 'has_qed': True, 'quality_score': 3.65}","{'identify_base_case': 2, 'prove_base_case': 2, 'hypothesis_stated': 2, 'hypothesis_given_bound': 2, 'goal_clear': 2, 'expression_decomposed': 2, 'inductive_hypothesis_applied': 2}",5.65
255,"Use (strong) induction to prove the following claim: Claim: \(\displaystyle\sum_{p=0}^n (p \cdot p!) = (n+1)! - 1\), for all natural numbers \(n\). Recall that \(0!\) is defined to be 1.","Base Case: For n = 0, \\sum_{p = 0}^{0}\ (0 * 0!) = 0 and (0 + 1)! - 1 = 1 - 1 = 0. Therefore, we have proven the base case. Inductive Hypothesis: For all n in {0, 1, 2, 3, .. , k}, we can assume \\sum_{p = 0}^{n}\ (p * p!) = (n + 1)! - 1 to be true. We want to prove that \\sum_{p = 0}^{k+1}\ (p * p!) = (k + 2)! - 1 is true. We can say that \(k+2)! - 1 = (k+2)(k + 1)! - 1\","{'has_proof': True, 'length': 375, 'has_base_case': True, 'has_induction_hypothesis': True, 'has_induction_step': False, 'has_qed': True, 'quality_score': 5.25}","{'identify_base_case': 2, 'prove_base_case': 2, 'hypothesis_stated': 2, 'hypothesis_given_bound': 2, 'goal_clear': 2, 'expression_decomposed': 0, 'inductive_hypothesis_applied': 0}",6.678571428571429
256,"Use (strong) induction to prove the following claim: Claim: \(\displaystyle\sum_{p=0}^n (p \cdot p!) = (n+1)! - 1\), for all natural numbers \(n\). Recall that \(0!\) is defined to be 1.","We will use proof by induction. First, prove n = 0; Sum from p = 0 to n = 0 of p(p!) = 0, 0 + 1! - 1 also equals 0 so it works for 0. This is the base case. inductive hypothesis: Next, we need to prove that for some k, the summation from 0 to n of p*p! = (n+1)! - 1 for every n in 0...k-1 Now, we need to show that he summation from 0 to k of p*p! = (k+1)! - 1. Our inductive step is the summation from p = 0 to k+1 of p*p! = (p + 2)! - 1 ... [proof ommitted because I can't remember how this part works] Because the proof works for all k+1 (and 0), we know that the summation from 0 to n of (p*p!) = (n+1)! - 1 for all natural numbers n.","{'has_proof': True, 'length': 638, 'has_base_case': True, 'has_induction_hypothesis': True, 'has_induction_step': True, 'has_qed': False, 'quality_score': 5.78}","{'identify_base_case': 2, 'prove_base_case': 2, 'hypothesis_stated': 1, 'hypothesis_given_bound': 2, 'goal_clear': 2, 'expression_decomposed': 0, 'inductive_hypothesis_applied': 0}",7.065714285714286
257,"Use (strong) induction to prove the following claim: Claim: \(\displaystyle\sum_{p=0}^n (p \cdot p!) = (n+1)! - 1\), for all natural numbers \(n\). Recall that \(0!\) is defined to be 1.",Do not know how to complete this one. When I am given multiple choice it is much easier for me to understand. I apologize.,"{'has_proof': True, 'length': 122, 'has_base_case': False, 'has_induction_hypothesis': False, 'has_induction_step': False, 'has_qed': False, 'quality_score': 0.24}","{'identify_base_case': 0, 'prove_base_case': 0, 'hypothesis_stated': 0, 'hypothesis_given_bound': 0, 'goal_clear': 0, 'expression_decomposed': 0, 'inductive_hypothesis_applied': 0}",0.24
258,"Use (strong) induction to prove the following claim: Claim: \(\displaystyle\sum_{p=0}^n (p \cdot p!) = (n+1)! - 1\), for all natural numbers \(n\). Recall that \(0!\) is defined to be 1.","Base Case: n = -1 which evaluates to 0; For some n in 0, 1, ..., k - 1, where the summation of (p * p!) = (n+1)! - 1","{'has_proof': True, 'length': 116, 'has_base_case': True, 'has_induction_hypothesis': False, 'has_induction_step': False, 'has_qed': False, 'quality_score': 1.73}","{'identify_base_case': 1, 'prove_base_case': 1, 'hypothesis_stated': 1, 'hypothesis_given_bound': 2, 'goal_clear': 0, 'expression_decomposed': 0, 'inductive_hypothesis_applied': 0}",2.4442857142857144
259,"Use (strong) induction to prove the following claim: Claim: \(\displaystyle\sum_{p=0}^n (p \cdot p!) = (n+1)! - 1\), for all natural numbers \(n\). Recall that \(0!\) is defined to be 1.","For n=1, \\sum_{p=0}^{n}\(p * p!) = 1, and (n + 1)! - 1 = 1 Suppose that \\sum_{p=0}^{n}\(p * p!) = (n + 1)! - 1 holds true for all natural numbers n from 1...k-1. Let us now prove the claim for n = k.","{'has_proof': True, 'length': 201, 'has_base_case': False, 'has_induction_hypothesis': False, 'has_induction_step': False, 'has_qed': False, 'quality_score': 0.4}","{'identify_base_case': 2, 'prove_base_case': 2, 'hypothesis_stated': 2, 'hypothesis_given_bound': 2, 'goal_clear': 2, 'expression_decomposed': 0, 'inductive_hypothesis_applied': 0}",1.8285714285714287
260,"Use (strong) induction to prove the following claim: Claim: \(\displaystyle\sum_{p=0}^n (p \cdot p!) = (n+1)! - 1\), for all natural numbers \(n\). Recall that \(0!\) is defined to be 1.","induction on n. for base case, n = 1. 1*1! = (1+1)!-1 = 1. therefore true. for n = k, \\sum_{p=0}^{k}\(k*k!) = (k+1)!-1, assume true.","{'has_proof': True, 'length': 133, 'has_base_case': True, 'has_induction_hypothesis': False, 'has_induction_step': False, 'has_qed': True, 'quality_score': 3.27}","{'identify_base_case': 2, 'prove_base_case': 2, 'hypothesis_stated': 2, 'hypothesis_given_bound': 1, 'goal_clear': 0, 'expression_decomposed': 0, 'inductive_hypothesis_applied': 0}",4.27
261,"Use (strong) induction to prove the following claim: Claim: \(\displaystyle\sum_{p=0}^n (p \cdot p!) = (n+1)! - 1\), for all natural numbers \(n\). Recall that \(0!\) is defined to be 1.","For our base case, when n = 0, \\sum_{p=0}^{n}\ (p . p!) - 1 = 0! - 1 = 0 and (n + 1)! - 1 = 0! - 1 = 0. Thus, the base case holds. Next, suppose our inductive hypothesis is that for some k, f(n) = \\sum_{p=0}^{n}\ (p . p!) = (n + 1)! - 1 for each n in 0 ... k - 1. So our inductive step would be f(k) = \\sum_{p=0}^{k}\ (p . p!) = (k + 1)! - 1. Starting with the lefthand side of the equation,","{'has_proof': True, 'length': 394, 'has_base_case': True, 'has_induction_hypothesis': True, 'has_induction_step': True, 'has_qed': False, 'quality_score': 5.29}","{'identify_base_case': 2, 'prove_base_case': 2, 'hypothesis_stated': 2, 'hypothesis_given_bound': 2, 'goal_clear': 2, 'expression_decomposed': 0, 'inductive_hypothesis_applied': 0}",6.718571428571429
262,"Use (strong) induction to prove the following claim: Claim: \(\displaystyle\sum_{p=0}^n (p \cdot p!) = (n+1)! - 1\), for all natural numbers \(n\). Recall that \(0!\) is defined to be 1.","\\sum_{n}^{p=0}\ (p * p) = (n + 1)! - 1, for all natural numbers n n(p * p!) = np = (n + 1)! - 1","{'has_proof': True, 'length': 96, 'has_base_case': False, 'has_induction_hypothesis': False, 'has_induction_step': False, 'has_qed': False, 'quality_score': 0.19}","{'identify_base_case': 0, 'prove_base_case': 0, 'hypothesis_stated': 0, 'hypothesis_given_bound': 0, 'goal_clear': 0, 'expression_decomposed': 0, 'inductive_hypothesis_applied': 0}",0.19
263,"Use (strong) induction to prove the following claim: Claim: \(\displaystyle\sum_{p=0}^n (p \cdot p!) = (n+1)! - 1\), for all natural numbers \(n\). Recall that \(0!\) is defined to be 1.","Lets prove by induction where P(n) is equal to the claim. Base case: When n = 0, then ((0 * 0!) = (0 + 1)! - 1) = ((0*1) = 1 - 1) = (0 = 0) so P(0) is true. Inductive hypothesis: For all natural numbers k, \\sum_{p = 0}^{k}\(p*p!) = (k + 1)! - 1. Inductive step : we must prove \\sum_{p = 0}^{k}\(p*p!) = (k + 1)! - 1 To simplify, So, \\sum_{p = 0}^{k}\(p*p!) = (k + 1)! - 1 for all natural numbers k, QED.","{'has_proof': True, 'length': 406, 'has_base_case': True, 'has_induction_hypothesis': True, 'has_induction_step': True, 'has_qed': True, 'quality_score': 6.81}","{'identify_base_case': 2, 'prove_base_case': 2, 'hypothesis_stated': 2, 'hypothesis_given_bound': 1, 'goal_clear': 1, 'expression_decomposed': 0, 'inductive_hypothesis_applied': 0}",7.952857142857143
264,"Use (strong) induction to prove the following claim: Claim: \(\displaystyle\sum_{p=0}^n (p \cdot p!) = (n+1)! - 1\), for all natural numbers \(n\). Recall that \(0!\) is defined to be 1.","For our base case, note that when \n = 0\, \\sum_{p=0}^{n} (0 * 0!) = (0 + 1)! - 1 = 0\ and that when \n = 1, \sum_{p=0}^{n} (1 * 1!) = (1 + 1)! - 1 = 1.\ Next, suppose for our inductive hypothesis that for some k, \\sum_{p=0}^{n} (p * p!) = (n+ 1)! - 1\ for each n in 0, 1... k - 1. We then need to show that \\sum_{p=0}^{k} (p * p!) = (k + 1)! - 1\. We see that \(p * p!)\ is the same as \p^2\ because of the rules of factorials. We also know that \(k + 1)! = k * (k+1)\. This means that \\sum_{p=0}^{k} p^2 = (k + 1) * k - 1\. We can further expand this equation to get \\sum_{p=0}^{k} p^2 = k^2 + k - 1\. ... \\sum_{p=0}^{n} (p * p!) = (n + 1)! - 1\ for all natural numbers n.","{'has_proof': True, 'length': 680, 'has_base_case': True, 'has_induction_hypothesis': True, 'has_induction_step': False, 'has_qed': False, 'quality_score': 4.36}","{'identify_base_case': 2, 'prove_base_case': 2, 'hypothesis_stated': 2, 'hypothesis_given_bound': 2, 'goal_clear': 2, 'expression_decomposed': 0, 'inductive_hypothesis_applied': 0}",5.788571428571429
265,"Use (strong) induction to prove the following claim: Claim: \(\displaystyle\sum_{p=0}^n (p \cdot p!) = (n+1)! - 1\), for all natural numbers \(n\). Recall that \(0!\) is defined to be 1.","we first need to prove this claim for n = 0 to be true \\sum_{p = 0}^{0}\(p.p!) = (n+1)! - 1 0.0! = 1! - 1 0 = 0 now since base case is satisfied we assume the induction is true for all cases upto a factor n from 1,2,....k \\sum_{p = 0}^{k}\ (p.p!) = (k+1)!-1 we must now prove it is true for k+1 case \\sum_{p = 0}^{k+1}\ = (k+2)!-1 LHS => (k+1)! - 1 + ((k+1).(k+1)!) (k+1)!(k+1+1) -1 = (k+1)!(k+2) - 1 (k+2)! - 1 => RHS Hence we proved the above statement is true throught the process of induction","{'has_proof': True, 'length': 499, 'has_base_case': True, 'has_induction_hypothesis': False, 'has_induction_step': False, 'has_qed': False, 'quality_score': 2.5}","{'identify_base_case': 2, 'prove_base_case': 2, 'hypothesis_stated': 1, 'hypothesis_given_bound': 2, 'goal_clear': 2, 'expression_decomposed': 2, 'inductive_hypothesis_applied': 2}",4.357142857142858
266,"Use (strong) induction to prove the following claim: Claim: \(\displaystyle\sum_{p=0}^n (p \cdot p!) = (n+1)! - 1\), for all natural numbers \(n\). Recall that \(0!\) is defined to be 1.","Base Case: n = 0. Then \\sum_{p=0}^{n}p*p! = 0 * 1 = 0= (0+1)! - 1\ So there exists a k such that \\sum_{p=0}^{n}p*p! = (n+1)! - 1\ for an integer n in 0 ... k. Then we can prove case k + 1, by solving \\sum_{p=0}^{k+1}p*p!\ This is just \\sum_{p=0}^{k}p*p! + (k+1)*(k+1)!\. According to our hypothesis \\sum_{p=0}^{k}p*p! = (k+1) - 1\ So \\sum_{p=0}^{k+1}p*p! = (k+1) - 1 + (k+1)*(k+1)!\ Factoring we get that the sum is equal to \(k+1)!(k+2) - 1\ or \(k+2)! - 1\ Which is what we wanted to prove.","{'has_proof': True, 'length': 498, 'has_base_case': True, 'has_induction_hypothesis': False, 'has_induction_step': False, 'has_qed': False, 'quality_score': 2.5}","{'identify_base_case': 2, 'prove_base_case': 2, 'hypothesis_stated': 2, 'hypothesis_given_bound': 2, 'goal_clear': 2, 'expression_decomposed': 2, 'inductive_hypothesis_applied': 2}",4.5
267,"Use (strong) induction to prove the following claim: Claim: \(\displaystyle\sum_{p=0}^n (p \cdot p!) = (n+1)! - 1\), for all natural numbers \(n\). Recall that \(0!\) is defined to be 1.","Proof n by Induction Inductive Predicate: Prove that \\sum_{p=0}^{n}\(p * p!) = (n+1)! - 1 Base Case: At n=0, \\sum_{p=0}^{0}\(p * p!) = 0, and (0+1)! - 1 = 0 Inductive Hypothesis: Suppose a value of k, that \\sum_{p=0}^{n}\(p * p!) = (n+1)! - 1 for n in 0,1,...k Inductive Step: Prove that \\sum_{p=0}^{k}\(p * p!) = (k+1)! - 1 \\sum_{p=0}^{k}\(p * p!) can be rewritten as \\sum_{p=0}^{k-1}\(p * p!) + (k * k!) By the Inductive hypothesis, \\sum_{p=0}^{k-1}\(p * p!) + (k * k!) = (((k-1)+1)! - 1) + (k * k!) Rearanging, we get (((k-1)+1)! - 1) + (k * k!) = (k!) + (k * k!) - 1 Pulling out the exponential gives us (k!)(k+1) - 1 By the definiton of exponentials, this simplfieis to (k+1)! - 1, which gives us our inductive step","{'has_proof': True, 'length': 727, 'has_base_case': True, 'has_induction_hypothesis': True, 'has_induction_step': True, 'has_qed': False, 'quality_score': 5.95}","{'identify_base_case': 2, 'prove_base_case': 2, 'hypothesis_stated': 2, 'hypothesis_given_bound': 2, 'goal_clear': 1, 'expression_decomposed': 2, 'inductive_hypothesis_applied': 2}",7.807142857142857
268,"Use (strong) induction to prove the following claim: Claim: \(\displaystyle\sum_{p=0}^n (p \cdot p!) = (n+1)! - 1\), for all natural numbers \(n\). Recall that \(0!\) is defined to be 1.","Proof by induction on n Base case n = 1 \\sum_{p=0}^{0}\ = (0)! - 1 = 0 n = 1 \\sum_{p=1}^{1}\ = (1)! - 1 = 0 By inductive hypothesis, (p * p)! = (n+1)! - 1","{'has_proof': True, 'length': 156, 'has_base_case': True, 'has_induction_hypothesis': True, 'has_induction_step': False, 'has_qed': False, 'quality_score': 3.31}","{'identify_base_case': 2, 'prove_base_case': 2, 'hypothesis_stated': 0, 'hypothesis_given_bound': 0, 'goal_clear': 0, 'expression_decomposed': 0, 'inductive_hypothesis_applied': 0}",3.8814285714285717
269,"Use (strong) induction to prove the following claim: Claim: \(\displaystyle\sum_{p=0}^n (p \cdot p!) = (n+1)! - 1\), for all natural numbers \(n\). Recall that \(0!\) is defined to be 1.",base: P(0) = 0 = 0. True,"{'has_proof': True, 'length': 24, 'has_base_case': False, 'has_induction_hypothesis': False, 'has_induction_step': False, 'has_qed': False, 'quality_score': 0.05}","{'identify_base_case': 2, 'prove_base_case': 2, 'hypothesis_stated': 0, 'hypothesis_given_bound': 0, 'goal_clear': 0, 'expression_decomposed': 0, 'inductive_hypothesis_applied': 0}",0.6214285714285714
270,"Use (strong) induction to prove the following claim: Claim: \(\displaystyle\sum_{p=0}^n (p \cdot p!) = (n+1)! - 1\), for all natural numbers \(n\). Recall that \(0!\) is defined to be 1.","The inductive predicate P(k) is that the sum from p = 0 to n of p * p! = (n+1)! - 1. The base case is n = 0 where p*p! is 0 and (n+1)! is 1 -1 which is equal to 0 so the base case holds. The inductive hypothesis is that the sum from p = 0 to n of p*p! is equal to (n+1)! -1 for all n in natural numbers 0,1,2....k. The inductive step is to prove P(k+1) is equal to (k+2)! - 1.","{'has_proof': True, 'length': 376, 'has_base_case': True, 'has_induction_hypothesis': True, 'has_induction_step': True, 'has_qed': False, 'quality_score': 5.25}","{'identify_base_case': 2, 'prove_base_case': 2, 'hypothesis_stated': 2, 'hypothesis_given_bound': 2, 'goal_clear': 2, 'expression_decomposed': 0, 'inductive_hypothesis_applied': 0}",6.678571428571429
271,"Use (strong) induction to prove the following claim: Claim: \(\displaystyle\sum_{p=0}^n (p \cdot p!) = (n+1)! - 1\), for all natural numbers \(n\). Recall that \(0!\) is defined to be 1.",1,"{'has_proof': True, 'length': 1, 'has_base_case': False, 'has_induction_hypothesis': False, 'has_induction_step': False, 'has_qed': False, 'quality_score': 0.0}","{'identify_base_case': 0, 'prove_base_case': 0, 'hypothesis_stated': 0, 'hypothesis_given_bound': 0, 'goal_clear': 0, 'expression_decomposed': 0, 'inductive_hypothesis_applied': 0}",0.0
272,"Use (strong) induction to prove the following claim: Claim: \(\displaystyle\sum_{p=0}^n (p \cdot p!) = (n+1)! - 1\), for all natural numbers \(n\). Recall that \(0!\) is defined to be 1.","Proof by induction on n We are trying to prove that \\sum_{p = 0}^{n} (p * p!) = (n+1)!-1\ for all n Base case: n = 0, summation = 0 * 0! = 1, which is (0+1)!-1 so the base case is true Suppose that \\sum_{p = 0}^{n} (p * p!)\ = (n+1)!-1 from n = 0 to k, We must show that \\sum_{p = 0}^{k+1} (p * p!)\ = (k+1)!-1 \\sum_{p = 0}^{k+1} (p * p!)\ = \\sum_{p = 0}^{k} (p * p!)+ (k+1)*(k+1)!\ \\sum_{p = 0}^{k} (p * p!) = (k+1)!-1 \ \(k+1)!-1 + (k+1)(k+1)! = (n+1)! -1 for n = k+1\ \(k+1)!-1 + (k+1)(k+1)! = (k+1)!((k+1)+1) -1 = (k+2)! - 1 = (k+1+1)! -1 \ QED","{'has_proof': True, 'length': 554, 'has_base_case': True, 'has_induction_hypothesis': False, 'has_induction_step': False, 'has_qed': True, 'quality_score': 4.11}","{'identify_base_case': 2, 'prove_base_case': 1, 'hypothesis_stated': 2, 'hypothesis_given_bound': 2, 'goal_clear': 2, 'expression_decomposed': 2, 'inductive_hypothesis_applied': 2}",5.967142857142857
273,"Use (strong) induction to prove the following claim: Claim: \(\displaystyle\sum_{p=0}^n (p \cdot p!) = (n+1)! - 1\), for all natural numbers \(n\). Recall that \(0!\) is defined to be 1.",I'm not sure,"{'has_proof': True, 'length': 12, 'has_base_case': False, 'has_induction_hypothesis': False, 'has_induction_step': False, 'has_qed': False, 'quality_score': 0.02}","{'identify_base_case': 0, 'prove_base_case': 0, 'hypothesis_stated': 0, 'hypothesis_given_bound': 0, 'goal_clear': 0, 'expression_decomposed': 0, 'inductive_hypothesis_applied': 0}",0.02
274,"Use (strong) induction to prove the following claim: Claim: \(\displaystyle\sum_{p=0}^n (p \cdot p!) = (n+1)! - 1\), for all natural numbers \(n\). Recall that \(0!\) is defined to be 1.","For our base case, n = 0 (0+1)! - 1 = 1! -1 = 0 And \\sum_{p=0}^{0}\(p * p!) = 0 So, the claim holds true. Suppose the claim holds for any natural number n from 0..k - 1. We need to prove that \\sum_{p=0}^{k}\(p * p!) = (k+1)! - 1 We can write the left hand side as (k * k!) + \\sum_{p=0}^{k - 1}\(p * p!) Since the claim holds for k - 1, by our inductive hypothesis, we can write this as = (k * k!) + k! - 1 = k!(k + 1) - 1 = (k+1)! - 1 Which is the same as our right hand side. Hence proved.","{'has_proof': True, 'length': 493, 'has_base_case': True, 'has_induction_hypothesis': True, 'has_induction_step': False, 'has_qed': False, 'quality_score': 3.99}","{'identify_base_case': 2, 'prove_base_case': 2, 'hypothesis_stated': 2, 'hypothesis_given_bound': 2, 'goal_clear': 2, 'expression_decomposed': 2, 'inductive_hypothesis_applied': 2}",5.99
275,"Use (strong) induction to prove the following claim: Claim: \(\displaystyle\sum_{p=0}^n (p \cdot p!) = (n+1)! - 1\), for all natural numbers \(n\). Recall that \(0!\) is defined to be 1.","Proof by induction: Predicate: P(n) = (n+1)! - 1 Base case: when n = 0, (1+1)! - 1 = 0 and \\sum_{0}^{1} (n.n!)\ = 0 Inductive hypothesis: For some k, (k + 1)! - 1 = (n+1)! - 1 for each n in 0 ..... k - 1 We need to show that \\sum_{0}^{k} (n.n!)\ = (k + 1)! - 1 From this we have \\sum_{0}^{k} (k.k!)\ = (k + 1)! - 1 Which is what we needed to prove","{'has_proof': True, 'length': 350, 'has_base_case': True, 'has_induction_hypothesis': True, 'has_induction_step': False, 'has_qed': False, 'quality_score': 3.7}","{'identify_base_case': 2, 'prove_base_case': 2, 'hypothesis_stated': 1, 'hypothesis_given_bound': 2, 'goal_clear': 1, 'expression_decomposed': 0, 'inductive_hypothesis_applied': 0}",4.842857142857143
276,"Use (strong) induction to prove the following claim: Claim: \(\displaystyle\sum_{p=0}^n (p \cdot p!) = (n+1)! - 1\), for all natural numbers \(n\). Recall that \(0!\) is defined to be 1.","I do not really know how to use strong induction to prove the following claim: Claim: \\sum_{p=0}^{n}\ (p*p!) = (n+1)! - 1, for all natural numbers n.","{'has_proof': True, 'length': 150, 'has_base_case': False, 'has_induction_hypothesis': False, 'has_induction_step': False, 'has_qed': False, 'quality_score': 0.3}","{'identify_base_case': 0, 'prove_base_case': 0, 'hypothesis_stated': 0, 'hypothesis_given_bound': 0, 'goal_clear': 0, 'expression_decomposed': 0, 'inductive_hypothesis_applied': 0}",0.3
277,"Use (strong) induction to prove the following claim: Claim: \(\displaystyle\sum_{p=0}^n (p \cdot p!) = (n+1)! - 1\), for all natural numbers \(n\). Recall that \(0!\) is defined to be 1.","Claim: \\sum_{p = 0}^{n} (p . p!) = (n + 1)! - 1\ for all natural numbers \n\. Using proof by induction for \n\, For some k, \\sum_{p = 0}^{n} (p . p!) = (n + 1)! - 1\ for all \n = 0 ... k.\ To prove the base case for \n = 0\: \\sum_{p = 0}^{0} (p . p!) = 0 * 0! = 0 * 1 = 0\ and \(n + 1)! - 1 = (0 + 1)! - 1 = 1 - 1 = 0\ For \n = k + 1\, \\sum_{p = 0}^{k + 1} (p . p!) = 0 * 0! + 1 * 1! + 2 * 2! + .... + (k + 1)*(k + 1)!\ \= 0 * 0! + 1 * 1! + 2 * 2! + .... + (k + 1)*(k + 1)!\","{'has_proof': True, 'length': 478, 'has_base_case': True, 'has_induction_hypothesis': False, 'has_induction_step': False, 'has_qed': False, 'quality_score': 2.46}","{'identify_base_case': 2, 'prove_base_case': 2, 'hypothesis_stated': 2, 'hypothesis_given_bound': 2, 'goal_clear': 1, 'expression_decomposed': 0, 'inductive_hypothesis_applied': 0}",3.7457142857142856
278,"Use (strong) induction to prove the following claim: Claim: \(\displaystyle\sum_{p=0}^n (p \cdot p!) = (n+1)! - 1\), for all natural numbers \(n\). Recall that \(0!\) is defined to be 1.","$\\text{Proof by induction on n}\\ \\\text{Predicate: P(n):} \sum_{p=0}^{n}(p*p!)=(n+1)!-1 \\ \text{for all natural number n}\\ \\\text{Base case: }\sum_{p=0}^{0}(p*p!)=0*1=0, \\ (0+1)!-1=1-1=0\\ \\\text{Inductive Hypothesis: Suppose that for some natrual number k, }\sum_{p=0}^{n}(p*p!)=(n+1)!-1 \\ \text{for n in 0...k-1}\\ \\\text{Inductive step: }\sum_{p=0}^{k}(p*p!)=(k+1)!-1\$","{'has_proof': True, 'length': 382, 'has_base_case': True, 'has_induction_hypothesis': True, 'has_induction_step': True, 'has_qed': False, 'quality_score': 5.26}","{'identify_base_case': 2, 'prove_base_case': 2, 'hypothesis_stated': 2, 'hypothesis_given_bound': 2, 'goal_clear': 2, 'expression_decomposed': 0, 'inductive_hypothesis_applied': 0}",6.688571428571429
279,"Use (strong) induction to prove the following claim: Claim: \(\displaystyle\sum_{p=0}^n (p \cdot p!) = (n+1)! - 1\), for all natural numbers \(n\). Recall that \(0!\) is defined to be 1.","\\sum_{p=0}^{n}\ (p*p!) = (n+1)! - 1 base case: n=0, 0*0! = (0+1)! -1 = 0 inductive hypothesis: for all natural numbers n(n>=0), \\sum_{p=0}^{n}\ (p*p!) = (n+1)! - 1 (p*p!) + ((p-1)*(p-1)!) + ... + (0*0!) =","{'has_proof': True, 'length': 206, 'has_base_case': True, 'has_induction_hypothesis': True, 'has_induction_step': False, 'has_qed': False, 'quality_score': 3.41}","{'identify_base_case': 2, 'prove_base_case': 2, 'hypothesis_stated': 2, 'hypothesis_given_bound': 1, 'goal_clear': 0, 'expression_decomposed': 0, 'inductive_hypothesis_applied': 0}",4.41
280,"Use (strong) induction to prove the following claim: Claim: \(\displaystyle\sum_{p=0}^n (p \cdot p!) = (n+1)! - 1\), for all natural numbers \(n\). Recall that \(0!\) is defined to be 1.","Base case: For our base case, when n = 0, \\sum_{p = 0}^{0}\ (p * p!) = 0 * 0! = 0 * 1 = 0 and (0 + 1)! - 1 = 1! -1 = 1-1 = 0 Inductive hypothesis: For the inductive hypothesis, suppose that for some k, \\sum_{p=0}^{n}\ (p * p!) = (n+1)! - 1 for each n in 0, 1, ..., k - 1. Inductive step: Now we need to show that \\sum_{p=0}^{k}\ (p * p!) = (k+1)! - 1.","{'has_proof': True, 'length': 354, 'has_base_case': True, 'has_induction_hypothesis': True, 'has_induction_step': True, 'has_qed': False, 'quality_score': 5.21}","{'identify_base_case': 2, 'prove_base_case': 2, 'hypothesis_stated': 2, 'hypothesis_given_bound': 2, 'goal_clear': 2, 'expression_decomposed': 0, 'inductive_hypothesis_applied': 0}",6.638571428571429
281,"Use (strong) induction to prove the following claim: Claim: \(\displaystyle\sum_{p=0}^n (p \cdot p!) = (n+1)! - 1\), for all natural numbers \(n\). Recall that \(0!\) is defined to be 1.","For our base case, note that when n = 0, \\sum_{n}^{p=0}\ (p*p!) = (n + 1)! - 1 = 0 for all natural numbers n. Next, suppose as our Inductive Hypothes is that for some k, \\sum_{n}^{p=0}\ (p*p!) = (n + 1)! - 1 in each n in 0...k. Now to finish we need to show that \\sum_{k + 1}^{p=0}\ (p*p!) = (k + 1 + 1)! - 1.","{'has_proof': True, 'length': 312, 'has_base_case': True, 'has_induction_hypothesis': False, 'has_induction_step': False, 'has_qed': False, 'quality_score': 2.12}","{'identify_base_case': 2, 'prove_base_case': 2, 'hypothesis_stated': 2, 'hypothesis_given_bound': 2, 'goal_clear': 2, 'expression_decomposed': 0, 'inductive_hypothesis_applied': 0}",3.548571428571429
282,"Use (strong) induction to prove the following claim: Claim: \(\displaystyle\sum_{p=0}^n (p \cdot p!) = (n+1)! - 1\), for all natural numbers \(n\). Recall that \(0!\) is defined to be 1.","Proof: (By induction) Base case: Let n = 1. \\sum_{p=0}^{1}(p*p!) = 0*0! + 1*1! = 1\. Additionally, \(1+1)! - 1 = 1\. Therefore the base case holds. Induction hypothesis: Let \k\ be a natural number such that \\sum_{p=0}^{n}(p*p!) = (n + 1)! - 1\ for all natural numbers \n\ where \n <= k\. We will show that \\sum_{p=0}^{k+1}(p*p!) = ((k+1) + 1)! - 1\ \\sum_{p=0}^{k+1}(p*p!) = \sum_{p=0}^{k}(p*p!) + (k+1)(k+1)!\ \= ((k+1)! - 1) + ((k+1)(k+1)!)\ (Induction Step) \= (k+1)!(1 + (k+1)) - 1\ \= (k+2)! - 1\ \= ((k+1) + 1)! - 1\ Since we showed that the proposition \P(k) \implies P(k+1)\ for all natural numbers k, then this proposition is proved by induction.","{'has_proof': True, 'length': 659, 'has_base_case': True, 'has_induction_hypothesis': True, 'has_induction_step': True, 'has_qed': True, 'quality_score': 7.32}","{'identify_base_case': 2, 'prove_base_case': 2, 'hypothesis_stated': 2, 'hypothesis_given_bound': 2, 'goal_clear': 2, 'expression_decomposed': 2, 'inductive_hypothesis_applied': 2}",9.32
283,"Use (strong) induction to prove the following claim: Claim: \(\displaystyle\sum_{p=0}^n (p \cdot p!) = (n+1)! - 1\), for all natural numbers \(n\). Recall that \(0!\) is defined to be 1.","Proof by induction on n. Base case: Let n = 0. Then \\sum_{p=0}^0 (p*p!) = 0 * 0! = 0\ and \(0+1)! - 1 = 0\. Inductive hypothesis: Suppose that \P(n):\sum_{p=0}^n (p*p!) = (n+1)! - 1\ is true for n in 0,1,...,k. Inductive step: Show that \P(k+1):\sum_{p=0}^{k+1} (p*p!) = ((k+1)+1)! - 1\ holds. Consider \\sum_{p=0}^{k+1} (p*p!)\. Popping off the last term, we have \\sum_{p=0}^{k+1} (p*p!) = \sum_{p=0}^{k} (p*p!) + (k+1)(k+1)!\ Using our inductive hypothesis and substituting, we get: =\\sum_{p=0}^{k} (p*p!) + (k+1)(k+1)!\ = \(k+1)!-1 + (k+1)(k+1)!\ Rearranging, we get: \=(k+1)![(k+1)+1)]-1 = (k+1)!(k+2)-1 = (k+2)! -1 = ((k+1)+1)! -1\. Therefore, \P(n)\ holds for k+1, which is what we needed to show.","{'has_proof': True, 'length': 706, 'has_base_case': True, 'has_induction_hypothesis': True, 'has_induction_step': True, 'has_qed': True, 'quality_score': 7.41}","{'identify_base_case': 2, 'prove_base_case': 2, 'hypothesis_stated': 2, 'hypothesis_given_bound': 2, 'goal_clear': 2, 'expression_decomposed': 2, 'inductive_hypothesis_applied': 2}",9.41
284,"Use (strong) induction to prove the following claim: Claim: \(\displaystyle\sum_{p=0}^n (p \cdot p!) = (n+1)! - 1\), for all natural numbers \(n\). Recall that \(0!\) is defined to be 1.","Suppose n is all natural numbers. This implies that n \\geq\ 0. When n = 0, \\sum_{p = 0}^{0}\ (p * p!) = 0 and (n + 1)! - 1 = (0 + 1)! - 1 = 0. When n = 1, \\sum_{p = 0}^{1}\ (p * p!) = 1 and (n + 1)! - 1 = (1 + 1)! - 1 = 1. Since \\sum_{p = 0}^{n}\ (p * p!) = 0 when n is 0 which is equivalent to (n + 1)! - 1, and \\sum_{p = 0}^{n}\ (p * p!) = 1 which is equivalent to (n + 1)! - 1 when n is 1, \\sum_{p = 0}^{n}\ = (n + 1)! - 1, QED.","{'has_proof': True, 'length': 437, 'has_base_case': False, 'has_induction_hypothesis': False, 'has_induction_step': False, 'has_qed': True, 'quality_score': 2.37}","{'identify_base_case': 2, 'prove_base_case': 2, 'hypothesis_stated': 0, 'hypothesis_given_bound': 0, 'goal_clear': 0, 'expression_decomposed': 0, 'inductive_hypothesis_applied': 0}",2.9414285714285713
285,"Use (strong) induction to prove the following claim: Claim: \(\displaystyle\sum_{p=0}^n (p \cdot p!) = (n+1)! - 1\), for all natural numbers \(n\). Recall that \(0!\) is defined to be 1.",I really dont know how to do this.,"{'has_proof': True, 'length': 34, 'has_base_case': False, 'has_induction_hypothesis': False, 'has_induction_step': False, 'has_qed': False, 'quality_score': 0.07}","{'identify_base_case': 0, 'prove_base_case': 0, 'hypothesis_stated': 0, 'hypothesis_given_bound': 0, 'goal_clear': 0, 'expression_decomposed': 0, 'inductive_hypothesis_applied': 0}",0.07
286,"Use (strong) induction to prove the following claim: Claim: \(\displaystyle\sum_{p=0}^n (p \cdot p!) = (n+1)! - 1\), for all natural numbers \(n\). Recall that \(0!\) is defined to be 1.","Proof: Base case: n = 1 then \\sum_{p=0}^{1}\ (p.p!) = 0.0! + 1.1! = 1 while (n+1)! -1 = 2 -1 = 1. Therefore, it's true for n = 1. let's assume it's true for all n in 1,2,3,4 .... k then there will exist a case for k+1. \\sum_{p=0}^{k+1}\ (p.p!) = (k+1).(k+1)! = Left Hand Side(LHS) = (k+1).(k+1).k! = (k+1).k!.k(k!) = (k+1)k!.(k+1)! -1 Right hand side(RHS): (k+2)!-1 = (k+1)!*(k+2)-1","{'has_proof': True, 'length': 384, 'has_base_case': True, 'has_induction_hypothesis': False, 'has_induction_step': False, 'has_qed': True, 'quality_score': 3.77}","{'identify_base_case': 2, 'prove_base_case': 2, 'hypothesis_stated': 2, 'hypothesis_given_bound': 2, 'goal_clear': 1, 'expression_decomposed': 1, 'inductive_hypothesis_applied': 0}",5.198571428571428
287,"Use (strong) induction to prove the following claim: Claim: \(\displaystyle\sum_{p=0}^n (p \cdot p!) = (n+1)! - 1\), for all natural numbers \(n\). Recall that \(0!\) is defined to be 1.",Suppose x is a natural number n. \\sum_{p=0}^{n}\(p*p!) = (n+1)! - 1,"{'has_proof': True, 'length': 68, 'has_base_case': False, 'has_induction_hypothesis': False, 'has_induction_step': False, 'has_qed': False, 'quality_score': 0.14}","{'identify_base_case': 0, 'prove_base_case': 0, 'hypothesis_stated': 0, 'hypothesis_given_bound': 0, 'goal_clear': 0, 'expression_decomposed': 0, 'inductive_hypothesis_applied': 0}",0.14
288,"Use (strong) induction to prove the following claim: Claim: \(\displaystyle\sum_{p=0}^n (p \cdot p!) = (n+1)! - 1\), for all natural numbers \(n\). Recall that \(0!\) is defined to be 1.",base case n = 1 shows 1*1 = (1+1)! -1 which is true so summation of p=0 to n+1 of (p*p!) = (n+2)! - 1 should also hold based on induction,"{'has_proof': True, 'length': 137, 'has_base_case': True, 'has_induction_hypothesis': False, 'has_induction_step': False, 'has_qed': False, 'quality_score': 1.77}","{'identify_base_case': 2, 'prove_base_case': 2, 'hypothesis_stated': 0, 'hypothesis_given_bound': 0, 'goal_clear': 0, 'expression_decomposed': 0, 'inductive_hypothesis_applied': 0}",2.3414285714285716
289,"Use (strong) induction to prove the following claim: Claim: \(\displaystyle\sum_{p=0}^n (p \cdot p!) = (n+1)! - 1\), for all natural numbers \(n\). Recall that \(0!\) is defined to be 1.",suppose there is natural number a so a a! = a a (a+1)! \\sum_{a=0}^{n}\(a a!) = \\sum_{a=0}^{n}\(a^2(a+1)!) = (n+1)! - 1 and this is what we want to prove,"{'has_proof': True, 'length': 154, 'has_base_case': False, 'has_induction_hypothesis': False, 'has_induction_step': False, 'has_qed': False, 'quality_score': 0.31}","{'identify_base_case': 0, 'prove_base_case': 0, 'hypothesis_stated': 0, 'hypothesis_given_bound': 0, 'goal_clear': 0, 'expression_decomposed': 0, 'inductive_hypothesis_applied': 0}",0.31
290,"Use (strong) induction to prove the following claim: Claim: \(\displaystyle\sum_{p=0}^n (p \cdot p!) = (n+1)! - 1\), for all natural numbers \(n\). Recall that \(0!\) is defined to be 1.",,"{'has_proof': False, 'length': 0, 'quality_score': 0}","{'identify_base_case': 0, 'prove_base_case': 0, 'hypothesis_stated': 0, 'hypothesis_given_bound': 0, 'goal_clear': 0, 'expression_decomposed': 0, 'inductive_hypothesis_applied': 0}",0.0
291,"Use (strong) induction to prove the following claim: Claim: \(\displaystyle\sum_{p=0}^n (p \cdot p!) = (n+1)! - 1\), for all natural numbers \(n\). Recall that \(0!\) is defined to be 1.","Let the base case be n = 0. P(n) is true for n = 0 because \\sum_{p=0}^{n}\(p *p!) = 0 and (0 + 1)! - 1 = 0. By the inductive hypothesis, P(n) is true for n = 0, ..., k. We must now prove that P(k+1) is also true. \\sum_{p=0}^{k+1}\(p * p!) = (k + 1 + 1)! - 1. Note that (k + 2)! - 1 = (k + 2)(k + 1)k! - 1. (proof continued) Since P(k+1) is true, the claim for all natural numbers n is true.","{'has_proof': True, 'length': 392, 'has_base_case': True, 'has_induction_hypothesis': True, 'has_induction_step': False, 'has_qed': False, 'quality_score': 3.78}","{'identify_base_case': 2, 'prove_base_case': 2, 'hypothesis_stated': 2, 'hypothesis_given_bound': 2, 'goal_clear': 2, 'expression_decomposed': 0, 'inductive_hypothesis_applied': 0}",5.208571428571428
292,"Use (strong) induction to prove the following claim: Claim: \(\displaystyle\sum_{p=0}^n (p \cdot p!) = (n+1)! - 1\), for all natural numbers \(n\). Recall that \(0!\) is defined to be 1.",\\sum_{p = 0}^{n}\,"{'has_proof': True, 'length': 18, 'has_base_case': False, 'has_induction_hypothesis': False, 'has_induction_step': False, 'has_qed': False, 'quality_score': 0.04}","{'identify_base_case': 0, 'prove_base_case': 0, 'hypothesis_stated': 0, 'hypothesis_given_bound': 0, 'goal_clear': 0, 'expression_decomposed': 0, 'inductive_hypothesis_applied': 0}",0.04
293,"Use (strong) induction to prove the following claim: Claim: \(\displaystyle\sum_{p=0}^n (p \cdot p!) = (n+1)! - 1\), for all natural numbers \(n\). Recall that \(0!\) is defined to be 1.","For our base case, consider n = 0. Then (0*0!) = 0 and (0+1)!-1 = 0. Next, suppose as our inductive hypothesis that for some natural number k, \\sum_{p=0}^{n}(p*p!)=(n+1)!-1\ is true for all n in 0...k-1. So, we need to show that \\sum_{p=0}^{k}(p*p!)=(k+1)!-1\. The sum can be rewritten as \\sum_{p=0}^{k-1}(p*p!)+(k*k!)\. By the induction hypothesis, this is equal to (k!)-1+k*k!=(k+1)(k!)-1=(k+1)!-1, which is what we needed to show.","{'has_proof': True, 'length': 436, 'has_base_case': True, 'has_induction_hypothesis': True, 'has_induction_step': False, 'has_qed': False, 'quality_score': 3.87}","{'identify_base_case': 2, 'prove_base_case': 2, 'hypothesis_stated': 2, 'hypothesis_given_bound': 2, 'goal_clear': 2, 'expression_decomposed': 2, 'inductive_hypothesis_applied': 2}",5.87
294,"Use (strong) induction to prove the following claim: Claim: \(\displaystyle\sum_{p=0}^n (p \cdot p!) = (n+1)! - 1\), for all natural numbers \(n\). Recall that \(0!\) is defined to be 1.",0 = 0,"{'has_proof': True, 'length': 5, 'has_base_case': False, 'has_induction_hypothesis': False, 'has_induction_step': False, 'has_qed': False, 'quality_score': 0.01}","{'identify_base_case': 0, 'prove_base_case': 0, 'hypothesis_stated': 0, 'hypothesis_given_bound': 0, 'goal_clear': 0, 'expression_decomposed': 0, 'inductive_hypothesis_applied': 0}",0.01
295,"Use (strong) induction to prove the following claim: Claim: \(\displaystyle\sum_{p=0}^n (p \cdot p!) = (n+1)! - 1\), for all natural numbers \(n\). Recall that \(0!\) is defined to be 1.","The base case is when n=1, \\sum_{p=0}^{n}(p*p!)=(n+1)!-1=1.\ For all natural numbers n in 0...k+1, \\sum_{p=0}^{n}(p*p!)=(n+1)!-1\. (k+1)! = (k+1)(k)!, and (k+2)!=(k+2)(k+1)! which is what we needed to prove.","{'has_proof': True, 'length': 209, 'has_base_case': True, 'has_induction_hypothesis': False, 'has_induction_step': False, 'has_qed': False, 'quality_score': 1.92}","{'identify_base_case': 2, 'prove_base_case': 2, 'hypothesis_stated': 1, 'hypothesis_given_bound': 2, 'goal_clear': 0, 'expression_decomposed': 0, 'inductive_hypothesis_applied': 0}",2.92
296,"Use (strong) induction to prove the following claim: Claim: \(\displaystyle\sum_{p=0}^n (p \cdot p!) = (n+1)! - 1\), for all natural numbers \(n\). Recall that \(0!\) is defined to be 1.","First, we proof using the base case \\sum_{p=0}^{n} (0.0!) = 0\ and \ (n+1)! - 1 = 0\ Then \\sum_{p=0}^{n} (1.1!) = 1\ and \ (n+1)! - 1 = 2 - 1\ For some value k, \ (k + 1)! - 1 = k! * (k +1) - 1 = k*k! \ QED","{'has_proof': True, 'length': 208, 'has_base_case': True, 'has_induction_hypothesis': False, 'has_induction_step': False, 'has_qed': True, 'quality_score': 3.42}","{'identify_base_case': 2, 'prove_base_case': 2, 'hypothesis_stated': 0, 'hypothesis_given_bound': 0, 'goal_clear': 0, 'expression_decomposed': 0, 'inductive_hypothesis_applied': 0}",3.991428571428571
297,"Use (strong) induction to prove the following claim: Claim: \(\displaystyle\sum_{p=0}^n (p \cdot p!) = (n+1)! - 1\), for all natural numbers \(n\). Recall that \(0!\) is defined to be 1.","For our base case, note that when \n=0\, \\sum_{p=0}^{0}(p\cdot p!)=0=(0+1)!-1=1-1=0\. Next, suppose as our Inductive Hypothesis that for some \k\, \\sum_{p=0}^{n}(p\cdot p!)=(n+1)!-1\ for each \n\ in \0,...,k-1\. Now to finish we need to show that \\sum_{p=0}^{k}(p\cdot p!)=(k+1)!-1\. Let \n\ and \k\ be natural numbers. Suppose our inductive hypothesis is true, i.e. that for some \k\, \\sum_{p=0}^{n}(p\cdot p!)=(n+1)!-1\ for each \n\ in \0,...,k-1\. Therefore we know that \\sum_{p=0}^{k-1}(p\cdot p!)=k!-1\. We can say that \\sum_{p=0}^{k-1}(p\cdot p!)\ is equal to \\left(\sum_{p=0}^{k}(p\cdot p!)\right)-\left(k\cdot k!\right)\ by the definition of sum. Therefore, \\left(\sum_{p=0}^{k}(p\cdot p!)\right)-\left(k\cdot k!\right)=k!-1\. By alegebra, \\left(\sum_{p=0}^{k}(p\cdot p!)\right)=k!-1+\left(k\cdot k!\right)=k!\left(k+1\right)-1\. By the definition of factorial, \k!\left(k+1\right)=\left(k+1\right)!\. Therefore\ \left(\sum_{p=0}^{k}(p\cdot p!)\right)=\left(k+1\right)!-1\. QED","{'has_proof': True, 'length': 994, 'has_base_case': True, 'has_induction_hypothesis': True, 'has_induction_step': False, 'has_qed': True, 'quality_score': 6.49}","{'identify_base_case': 2, 'prove_base_case': 2, 'hypothesis_stated': 2, 'hypothesis_given_bound': 2, 'goal_clear': 2, 'expression_decomposed': 2, 'inductive_hypothesis_applied': 2}",8.49
298,"Use (strong) induction to prove the following claim: Claim: \(\displaystyle\sum_{p=0}^n (p \cdot p!) = (n+1)! - 1\), for all natural numbers \(n\). Recall that \(0!\) is defined to be 1.","For all natural numbers n, \\sum_{p=0}^{n}\(p*p!) = (n+1)! - 1. For our base case, note that when n = 1, \\sum_{p=0}^{1}\(p*p!) = 0. Next suppose as our inductive hypothesis that for some k, \\sum_{p=0}^{n}\(p*p!) = (n+1)! - 1, for each n in 0...k. Once solved we see that the answer is (n+1)! - 1, which is what we needed to show.","{'has_proof': True, 'length': 331, 'has_base_case': True, 'has_induction_hypothesis': True, 'has_induction_step': False, 'has_qed': False, 'quality_score': 3.66}","{'identify_base_case': 2, 'prove_base_case': 2, 'hypothesis_stated': 2, 'hypothesis_given_bound': 2, 'goal_clear': 0, 'expression_decomposed': 0, 'inductive_hypothesis_applied': 0}",4.8028571428571425
299,"Use (strong) induction to prove the following claim: Claim: \(\displaystyle\sum_{p=0}^n (p \cdot p!) = (n+1)! - 1\), for all natural numbers \(n\). Recall that \(0!\) is defined to be 1.","For our base case, note that when n = 0, \\sum_{p=0}^{n}\(p * p!) = 0 and (n+1)! - 1, for all natural numbers n. For our inductive hypothesis we will note \\sum_{p=0}^{n}\(p * p!) = (n+1)! - 1 for each n from 0 ... k. Lastly we will show \\sum_{p=0}^{n}\(p * p!) = 0 and (k+1)! - 1 for the rest of the proof.","{'has_proof': True, 'length': 308, 'has_base_case': True, 'has_induction_hypothesis': True, 'has_induction_step': False, 'has_qed': False, 'quality_score': 3.62}","{'identify_base_case': 2, 'prove_base_case': 1, 'hypothesis_stated': 1, 'hypothesis_given_bound': 2, 'goal_clear': 1, 'expression_decomposed': 0, 'inductive_hypothesis_applied': 0}",4.62
300,"Use (strong) induction to prove the following claim: Claim: \(\displaystyle\sum_{p=0}^n (p \cdot p!) = (n+1)! - 1\), for all natural numbers \(n\). Recall that \(0!\) is defined to be 1.",For the base case suppose that n = 1. \\sum_{p=0}^{1}\(1*1)=1 and (1+1)!-1= 1. Inductive hypothesis: For some k \\sum_{p=0}^{n}\(p*p!) = (n+1)! -1 for n where k=2 and k is 0...k. Now the proof is that \\sum_{p=0}^{k}\(p*p!) = (k+1)! -1 This can be shown when k=2 in this senerio. 2*2*1+1*1=5 and (3)!-1=6-1=5. The two equations are equilivant. This is what we need to show.,"{'has_proof': True, 'length': 373, 'has_base_case': True, 'has_induction_hypothesis': True, 'has_induction_step': False, 'has_qed': False, 'quality_score': 3.75}","{'identify_base_case': 2, 'prove_base_case': 2, 'hypothesis_stated': 2, 'hypothesis_given_bound': 1, 'goal_clear': 1, 'expression_decomposed': 0, 'inductive_hypothesis_applied': 0}",4.892857142857142
301,"Use (strong) induction to prove the following claim: Claim: \(\displaystyle\sum_{p=0}^n (p \cdot p!) = (n+1)! - 1\), for all natural numbers \(n\). Recall that \(0!\) is defined to be 1.","n = 0, 0 = 1-1 = 0 Suppose claim holds true for n = 1, ..., k - 1 \\sum^{k-1}_{p=0}(p*p!) = (k)!-1\ n = k+1 \\sum^{k}_{p=0}(p*p!) = (k)!-1 +k!*k =(k+1)!-1\ QED","{'has_proof': True, 'length': 159, 'has_base_case': False, 'has_induction_hypothesis': False, 'has_induction_step': False, 'has_qed': True, 'quality_score': 1.82}","{'identify_base_case': 2, 'prove_base_case': 2, 'hypothesis_stated': 2, 'hypothesis_given_bound': 2, 'goal_clear': 2, 'expression_decomposed': 2, 'inductive_hypothesis_applied': 2}",3.8200000000000003
302,"Use (strong) induction to prove the following claim: Claim: \(\displaystyle\sum_{p=0}^n (p \cdot p!) = (n+1)! - 1\), for all natural numbers \(n\). Recall that \(0!\) is defined to be 1.","As our base case, when \n=0\, \\sum_{p=0}^n(p*p!)=(0+1)!-1=0\. Suppose that for some \k\, \\sum_{p=0}^n(p*p!)=(n+1)!-1\ for each \n\ in \0, 1, ..., k-1\. We need to prove that \\sum_{p=0}^k(p*p!)=(k+1)!-1\.","{'has_proof': True, 'length': 206, 'has_base_case': True, 'has_induction_hypothesis': False, 'has_induction_step': False, 'has_qed': False, 'quality_score': 1.91}","{'identify_base_case': 2, 'prove_base_case': 2, 'hypothesis_stated': 2, 'hypothesis_given_bound': 2, 'goal_clear': 2, 'expression_decomposed': 0, 'inductive_hypothesis_applied': 0}",3.3385714285714285
303,"Use (strong) induction to prove the following claim: Claim: \(\displaystyle\sum_{p=0}^n (p \cdot p!) = (n+1)! - 1\), for all natural numbers \(n\). Recall that \(0!\) is defined to be 1.","Proof by induction of \n\. Predicate \P(n): \sum\limits_{p=0}^{n}(p\cdot p!)=(n+1)!-1\ for all natural numbers \n\. Base case: For \n=0\, \\sum\limits_{p=0}^{0}(p\cdot p!)=0=(0+1)!-1\. Inductive hypothesis: Suppose that for some \k\, \\sum\limits_{p=0}^{n}(p\cdot p!)=(n+1)!-1\ for each \n\ in \0\cdots k-1\. We must show that \\sum\limits_{p=0}^{k}(p\cdot p!)=(k+1)!-1\. \\sum\limits_{p=0}^{k}(p\cdot p!)=\sum\limits_{p=0}^{k-1}(p\cdot p!)+\sum\limits_{p=k}^{k}(p\cdot p!)\ \\sum\limits_{p=0}^{k}(p\cdot p!)=\sum\limits_{p=0}^{k-1}(p\cdot p!)+k\cdot k!\ By definition of the inductive hypothesis, \\sum\limits_{p=0}^{k-1}(p\cdot p!)=k!-1\. Substituting this in gives us \\sum\limits_{p=0}^{k}(p\cdot p!)=k!-1+k\cdot k!=k\cdot k!+1\cdot k!-1=(k+1)k!-1=(k+1)!-1\, which is what we are trying to prove.","{'has_proof': True, 'length': 800, 'has_base_case': True, 'has_induction_hypothesis': True, 'has_induction_step': False, 'has_qed': False, 'quality_score': 4.6}","{'identify_base_case': 2, 'prove_base_case': 2, 'hypothesis_stated': 2, 'hypothesis_given_bound': 2, 'goal_clear': 2, 'expression_decomposed': 1, 'inductive_hypothesis_applied': 2}",6.457142857142857
304,"Use (strong) induction to prove the following claim: Claim: \(\displaystyle\sum_{p=0}^n (p \cdot p!) = (n+1)! - 1\), for all natural numbers \(n\). Recall that \(0!\) is defined to be 1.",Prove of induction of n.,"{'has_proof': True, 'length': 24, 'has_base_case': False, 'has_induction_hypothesis': False, 'has_induction_step': False, 'has_qed': False, 'quality_score': 0.05}","{'identify_base_case': 0, 'prove_base_case': 0, 'hypothesis_stated': 0, 'hypothesis_given_bound': 0, 'goal_clear': 0, 'expression_decomposed': 0, 'inductive_hypothesis_applied': 0}",0.05
305,"Use (strong) induction to prove the following claim: Claim: \(\displaystyle\sum_{p=0}^n (p \cdot p!) = (n+1)! - 1\), for all natural numbers \(n\). Recall that \(0!\) is defined to be 1.","Let's prove the induction by n that is \\sum_{p=0}^{n}\ (p*p!) = (n+1)! - 1, for all natural numbers n. If n = 0, (0*0!) = 0 and (0+1)! - 1 = 0, therefore base case of n=0 is true. If n=1, (1*1!) = 1 and (1+1)! - 1 = 1, therefore base case of n=1 is also true. By our inductive hypothesis, for all values of n, k + 1 that follows 0, 1, 2, ... k + 1, \\sum_{p=0}^{k + 1}\ (p*p!) = ((k + 1) + 1) - 1. This can be rewritten as \\sum_{p=0}^{k + 1}\ (p*p!) = (k + 2)! - 1. . . . \\sum_{p=0}^{n}\ (p*p!) = (n+1)! - 1 which is what we needed to show.","{'has_proof': True, 'length': 543, 'has_base_case': True, 'has_induction_hypothesis': True, 'has_induction_step': False, 'has_qed': True, 'quality_score': 5.59}","{'identify_base_case': 2, 'prove_base_case': 2, 'hypothesis_stated': 1, 'hypothesis_given_bound': 2, 'goal_clear': 0, 'expression_decomposed': 0, 'inductive_hypothesis_applied': 0}",6.59
306,"Use (strong) induction to prove the following claim: Claim: \(\displaystyle\sum_{p=0}^n (p \cdot p!) = (n+1)! - 1\), for all natural numbers \(n\). Recall that \(0!\) is defined to be 1.","Proof by induction n. Inductive Predicate: \\sum_{p=0}^{n}(p*p!) = (n+1)!-1\ for all natural numbers n. Base case: When \n=0\, \\sum_{p=0}^{n=0}(p*p!)\ = \0*0! = 0 * 1 = 0\. Also, \(0+1)!-1 = 1!-1 = 1-1 = 0\. So, this holds true for \n=0\. Inductive hypothesis: Suppose that for some natural number n, \\sum_{p=0}^{n}(p*p!) = (n+1)!-1\ holds true for each \n\ in \0...k-1\. Inductive step: Next, we must prove that \\sum_{p=0}^{n}(p*p!) = (n+1)!-1\ is true for \n = k\. This means that \\sum_{p=0}^{k}(p*p!) = (k+1)!-1\. can't figure out how to actually prove...","{'has_proof': True, 'length': 562, 'has_base_case': True, 'has_induction_hypothesis': True, 'has_induction_step': True, 'has_qed': False, 'quality_score': 5.62}","{'identify_base_case': 2, 'prove_base_case': 2, 'hypothesis_stated': 2, 'hypothesis_given_bound': 1, 'goal_clear': 2, 'expression_decomposed': 0, 'inductive_hypothesis_applied': 0}",6.905714285714286
307,"Use (strong) induction to prove the following claim: Claim: \(\displaystyle\sum_{p=0}^n (p \cdot p!) = (n+1)! - 1\), for all natural numbers \(n\). Recall that \(0!\) is defined to be 1.","Proof by induction: \\sum_{p=0}^{n}(p*p!)=(n+1)!-1\ Base Case: \\sum_{p=0}^{n}(p*p!)=0\ when p is set equal to 0. Inductive Hypothesis: \\sum_{p=0}^{k+1}(p*p!)=((k+1)+1)!-1\ Inductive Step: \(k+2)!-1\ equals the claim for all natural numbers k. Therefore by inductive hypothesis, it can be shown that for any k value the claim holds true. Therefore by proof by induction, \\sum_{p=0}^{n}(p*p!)=(n+1)!-1\. This is what we were trying to show.","{'has_proof': True, 'length': 441, 'has_base_case': True, 'has_induction_hypothesis': True, 'has_induction_step': True, 'has_qed': True, 'quality_score': 6.88}","{'identify_base_case': 2, 'prove_base_case': 1, 'hypothesis_stated': 2, 'hypothesis_given_bound': 0, 'goal_clear': 2, 'expression_decomposed': 2, 'inductive_hypothesis_applied': 2}",8.451428571428572
308,"Use (strong) induction to prove the following claim: Claim: \(\displaystyle\sum_{p=0}^n (p \cdot p!) = (n+1)! - 1\), for all natural numbers \(n\). Recall that \(0!\) is defined to be 1.","Proof by Induction on \n\. Base Case: \n = 0\, then \\sum_{p=0}^{n} (p * p!) = 0\ and \(n+1)!-1=0\ so the base case is proven. Inductive hypothesis: For integers \n\ where \n\ is \1, 2, 3... k\, \\sum_{p=0}^{n} (p * p!) = (n+1)!-1\ holds true Inductive step: \\sum_{p=0}^{k+1} (p * p!) = (k+2)!-1\ Not sure how to break apart this equation, but if the inductive step holds true, then it is proven that \\sum_{p=0}^{n} (p * p!) = (n+1)!-1\ for all integers natural numbers \n\","{'has_proof': True, 'length': 475, 'has_base_case': True, 'has_induction_hypothesis': True, 'has_induction_step': True, 'has_qed': False, 'quality_score': 5.45}","{'identify_base_case': 2, 'prove_base_case': 2, 'hypothesis_stated': 2, 'hypothesis_given_bound': 2, 'goal_clear': 2, 'expression_decomposed': 0, 'inductive_hypothesis_applied': 0}",6.878571428571429
309,"Use (strong) induction to prove the following claim: Claim: \(\displaystyle\sum_{p=0}^n (p \cdot p!) = (n+1)! - 1\), for all natural numbers \(n\). Recall that \(0!\) is defined to be 1.","For base case: \\sum_{p=0}^{n=0}(p*p!) = (0*0!) = 0 \ and \(n+1)!-1 = 0\ Supposed that for some K, \\sum_{p = 0}^{ n}(p*p!) = (n + 1)! - 1\ is true for any n in 0,1,...,k. We know that \(n+1)! - 1 = (n+1)*n!-1 = n*n!+n!-1\","{'has_proof': True, 'length': 222, 'has_base_case': True, 'has_induction_hypothesis': False, 'has_induction_step': False, 'has_qed': False, 'quality_score': 1.94}","{'identify_base_case': 2, 'prove_base_case': 2, 'hypothesis_stated': 2, 'hypothesis_given_bound': 2, 'goal_clear': 0, 'expression_decomposed': 0, 'inductive_hypothesis_applied': 0}",3.0828571428571427
310,"Use (strong) induction to prove the following claim: Claim: \(\displaystyle\sum_{p=0}^n (p \cdot p!) = (n+1)! - 1\), for all natural numbers \(n\). Recall that \(0!\) is defined to be 1.","Suppose (n+1)! - 1 is true for all natural numbers n. We are trying to prove the claimt aht the summation of p = 0, n (p*p!) = (n+1)! -1. n! = n* (n-1) * (n-2) * .... therefore this is the same value as p * p! due to the indicative hypothesis.","{'has_proof': True, 'length': 243, 'has_base_case': False, 'has_induction_hypothesis': False, 'has_induction_step': False, 'has_qed': True, 'quality_score': 1.99}","{'identify_base_case': 0, 'prove_base_case': 0, 'hypothesis_stated': 0, 'hypothesis_given_bound': 0, 'goal_clear': 0, 'expression_decomposed': 0, 'inductive_hypothesis_applied': 0}",1.99
311,"Use (strong) induction to prove the following claim: Claim: \(\displaystyle\sum_{p=0}^n (p \cdot p!) = (n+1)! - 1\), for all natural numbers \(n\). Recall that \(0!\) is defined to be 1.",Proof: The base case is that for every number a,"{'has_proof': True, 'length': 47, 'has_base_case': True, 'has_induction_hypothesis': False, 'has_induction_step': False, 'has_qed': False, 'quality_score': 1.59}","{'identify_base_case': 0, 'prove_base_case': 0, 'hypothesis_stated': 0, 'hypothesis_given_bound': 0, 'goal_clear': 0, 'expression_decomposed': 0, 'inductive_hypothesis_applied': 0}",1.59
312,"Use (strong) induction to prove the following claim: Claim: \(\displaystyle\sum_{p=0}^n (p \cdot p!) = (n+1)! - 1\), for all natural numbers \(n\). Recall that \(0!\) is defined to be 1.","Proof by Induction: Base: If we let n = 1, \\sum_{p=0}^{1}\ (p * p!) = 1 We also know that (1 + 1)! - 1 = 1 From this, we can deduce from proof by induction that this is true for all integers {1,...,k-1). Therefore, we can see that \\sum_{p=0}^{n}\(p * p!) = (n+1)! - 1 This is what we needed to show.","{'has_proof': True, 'length': 301, 'has_base_case': False, 'has_induction_hypothesis': False, 'has_induction_step': False, 'has_qed': True, 'quality_score': 2.1}","{'identify_base_case': 2, 'prove_base_case': 2, 'hypothesis_stated': 0, 'hypothesis_given_bound': 0, 'goal_clear': 0, 'expression_decomposed': 0, 'inductive_hypothesis_applied': 0}",2.6714285714285717
313,"Use (strong) induction to prove the following claim: Claim: \(\displaystyle\sum_{p=0}^n (p \cdot p!) = (n+1)! - 1\), for all natural numbers \(n\). Recall that \(0!\) is defined to be 1.","For base case, when n = 1, \\sum_{p=0}^{1}\(1*1!)=1 ,and (1+1)! -1 = 1 For inductive hypothesis, suppose the claim \\sum_{p=0}^{n}\(p*p!)=(n+1)!-1 holds for n = 0,1,2,3,...k-1 We need to prove when n = k, the claim is true.","{'has_proof': True, 'length': 223, 'has_base_case': True, 'has_induction_hypothesis': True, 'has_induction_step': False, 'has_qed': False, 'quality_score': 3.45}","{'identify_base_case': 2, 'prove_base_case': 2, 'hypothesis_stated': 2, 'hypothesis_given_bound': 2, 'goal_clear': 2, 'expression_decomposed': 0, 'inductive_hypothesis_applied': 0}",4.878571428571429
314,"Use (strong) induction to prove the following claim: Claim: \(\displaystyle\sum_{p=0}^n (p \cdot p!) = (n+1)! - 1\), for all natural numbers \(n\). Recall that \(0!\) is defined to be 1.","Because n is all natural numbers, our base case is n = 0. The left hand side is the sum from p = 0 to 0 of p * p!, so 0 * 0! = 0 The right hand side is (0 + 1)! - 1, which is also 0. So the two sides are equal for n = 0 and we've thus proven the base case. Now, our inductive hypothesis is that for some k, for all n in 0..k: the sum from p = 0 to n of (p * p!) is equal to (n + 1)! - 1. Our inductive step is that the sum from p = 0 to k + 1 of (p * p!) is equal to (k + 1 + 1)! - 1. But the sum from p = 0 to k + 1 is of (p * p!) is just equal to the sum from p = 0 to k of (p * p!) + (k + 1) * (k + 1)! From the inductive hypothesis we have the sum from p = 0 to k of (p * p!) is equal to (k + 1)! - 1. With this we can rewrite our inductive step as (k + 1)! - 1 + (k + 1) * (k + 1)! is equal to (k + 1 + 1)! - 1. The left hand side can be factored into (1 + k + 1)((k + 1)!) - 1, which then simplifies to (k + 2)(k + 1)! - 1, which then simplifies even further to (k + 2)! - 1, which is exactlyt he right hand side of the inductive step, which is what we were trying to show.","{'has_proof': True, 'length': 1079, 'has_base_case': True, 'has_induction_hypothesis': True, 'has_induction_step': True, 'has_qed': False, 'quality_score': 6.66}","{'identify_base_case': 2, 'prove_base_case': 2, 'hypothesis_stated': 2, 'hypothesis_given_bound': 2, 'goal_clear': 2, 'expression_decomposed': 2, 'inductive_hypothesis_applied': 2}",8.66
315,"Use (strong) induction to prove the following claim: Claim: \(\displaystyle\sum_{p=0}^n (p \cdot p!) = (n+1)! - 1\), for all natural numbers \(n\). Recall that \(0!\) is defined to be 1.","Claim:- \\sum_{p = 0}^{n}\ (p . p!) = (n + 1)! - 1, for sll nstural numbers n. Proof by Induction Base:- When p = 0, (p . p!) = 0 and when n = 0 (n + 1)! - 1 = 0, hence the statement holds for the base case. Induction:- For some k, \\sum_{p = 0}^{n}\ (p . p!) = (n + 1)! - 1, for 0 ... k. Substitute k into the equation and see that it satisfies the condition for the claim to be true.","{'has_proof': True, 'length': 385, 'has_base_case': True, 'has_induction_hypothesis': False, 'has_induction_step': False, 'has_qed': False, 'quality_score': 2.27}","{'identify_base_case': 2, 'prove_base_case': 2, 'hypothesis_stated': 2, 'hypothesis_given_bound': 2, 'goal_clear': 0, 'expression_decomposed': 0, 'inductive_hypothesis_applied': 0}",3.412857142857143
316,"Use (strong) induction to prove the following claim: Claim: \(\displaystyle\sum_{p=0}^n (p \cdot p!) = (n+1)! - 1\), for all natural numbers \(n\). Recall that \(0!\) is defined to be 1.","For our base case, note that when let \\sum_{p=0}^{n}\ (p * p!) = (n + 1)! - 1, for all natural numbers n. p! = p + (p+1)....(p + p); (n + 1)! = (n + 1)...... (n + 1 + n + 1); then, p * p! =p * (p + (p+1)....(p + p)); (n + 1)! - 1 = (n + 1)...... (n + 1 + n + 1) - 1; supose both of them are 0, the both of the value = 1; that is what we need to show","{'has_proof': True, 'length': 350, 'has_base_case': True, 'has_induction_hypothesis': False, 'has_induction_step': False, 'has_qed': False, 'quality_score': 2.2}","{'identify_base_case': 2, 'prove_base_case': 1, 'hypothesis_stated': 0, 'hypothesis_given_bound': 0, 'goal_clear': 0, 'expression_decomposed': 0, 'inductive_hypothesis_applied': 0}",2.6285714285714286
317,"Use (strong) induction to prove the following claim: Claim: \(\displaystyle\sum_{p=0}^n (p \cdot p!) = (n+1)! - 1\), for all natural numbers \(n\). Recall that \(0!\) is defined to be 1.","We can define our base case to be n = 0 Then we know that for such a number \0*0!\ = \(0+1)!-1\ = \0\ Testing for some other number \n = 1\, we also get \1=2-1=1\ To continue, we assume that the proposition is indeed true for \n = 0,1,2,...k\ We need to show that it is true for \n=k+1\ so \\sum_{p=0}^{k+1} (p\cdot p!) =(k+2)!-1\ We have \\sum_{p=0}^{k+1} (p\cdot p!)\ = \(k+1)!-1+(k+1)(k+1)!\ \(k+1)!(1+k+1)-1=(k+2)!-1\ Which is what we needed to show","{'has_proof': True, 'length': 453, 'has_base_case': True, 'has_induction_hypothesis': False, 'has_induction_step': False, 'has_qed': False, 'quality_score': 2.41}","{'identify_base_case': 2, 'prove_base_case': 2, 'hypothesis_stated': 2, 'hypothesis_given_bound': 2, 'goal_clear': 2, 'expression_decomposed': 2, 'inductive_hypothesis_applied': 2}",4.41
318,"Use (strong) induction to prove the following claim: Claim: \(\displaystyle\sum_{p=0}^n (p \cdot p!) = (n+1)! - 1\), for all natural numbers \(n\). Recall that \(0!\) is defined to be 1.","Let n = 0, Sum = 0*1 = 1-1 Let n = 1...k (k+1)! - 1 = (k+1)(k)(k-1)... - 1 = (k+1) (k!) -1 = k(k!) QED","{'has_proof': True, 'length': 102, 'has_base_case': False, 'has_induction_hypothesis': False, 'has_induction_step': False, 'has_qed': True, 'quality_score': 1.7}","{'identify_base_case': 2, 'prove_base_case': 1, 'hypothesis_stated': 0, 'hypothesis_given_bound': 0, 'goal_clear': 0, 'expression_decomposed': 0, 'inductive_hypothesis_applied': 0}",2.1285714285714286
319,"Use (strong) induction to prove the following claim: Claim: \(\displaystyle\sum_{p=0}^n (p \cdot p!) = (n+1)! - 1\), for all natural numbers \(n\). Recall that \(0!\) is defined to be 1.","I am not sure how to go about this. I would probably do the following steps: inclusive predicate, base case, inductive hypothesis, inductive step, and then finish the proof. The base case would probably be p = 0 and p = 1.","{'has_proof': True, 'length': 222, 'has_base_case': True, 'has_induction_hypothesis': True, 'has_induction_step': True, 'has_qed': False, 'quality_score': 4.94}","{'identify_base_case': 2, 'prove_base_case': 0, 'hypothesis_stated': 0, 'hypothesis_given_bound': 0, 'goal_clear': 0, 'expression_decomposed': 0, 'inductive_hypothesis_applied': 0}",5.225714285714286
320,"Use (strong) induction to prove the following claim: Claim: \(\displaystyle\sum_{p=0}^n (p \cdot p!) = (n+1)! - 1\), for all natural numbers \(n\). Recall that \(0!\) is defined to be 1.","Proof by induction on \n\. **Inductive predicate:** \\sum_{p=0}^{n}(p * p!) = (n+1)! - 1\ **Base case:** For \n = 0\, \\sum_{p=0}^{0}(p * p!) = 0\ and \(0+1)! - 1 = 0\, so the base case holds. **Inductive hypothesis:** For some natural number \k\, \\sum_{p=0}^{n}(p * p!) = (n+1)! - 1\ for all \n\ in \0..k-1\ **Inductive step:** Show that \\sum_{p=0}^{k}(p * p!) = (k+1)! - 1\ \\sum_{p=0}^{k}(p \* p!) = (k * k!) + \sum_{p=0}^{k-1}(p \* p!)\. By the inductive hypothesis, we know that \\sum_{p=0}^{k-1}(p \* p!) = k! - 1\. Substituting this in, we get \(k*k!) + k! - 1 = k! * (k + 1) - 1 = (k+1)! -1\, which is what we needed to prove. **QED**","{'has_proof': True, 'length': 644, 'has_base_case': True, 'has_induction_hypothesis': True, 'has_induction_step': True, 'has_qed': True, 'quality_score': 7.29}","{'identify_base_case': 2, 'prove_base_case': 2, 'hypothesis_stated': 2, 'hypothesis_given_bound': 2, 'goal_clear': 2, 'expression_decomposed': 2, 'inductive_hypothesis_applied': 2}",9.29
321,"Use (strong) induction to prove the following claim: Claim: \(\displaystyle\sum_{p=0}^n (p \cdot p!) = (n+1)! - 1\), for all natural numbers \(n\). Recall that \(0!\) is defined to be 1.","Let P(n)be the proposition that \\sum_{p=0}^{n}(p*p!) = (n+1)!-1\ for a;; natural numbers \n\. First, we need to prove the base case, which means that n = 1 should be true. To prove this, one must equate the LHS and RHS. This means that \1*1!\ should equal \(1+1)!-1\, which it does, since both are equal to one. Next, assume that P(k) is true for an arbitrary natural number k. \\sum_{p=0}^{k}(p*p!) = (k+1)!-1\ Given this, we need to prove that P(k) leads to P(k + 1). This means that: \\sum_{p=0}^{k}(p*p!) = (k+1)!-1\ should lead to \(k+2)(k+1)! - 1\","{'has_proof': True, 'length': 554, 'has_base_case': True, 'has_induction_hypothesis': False, 'has_induction_step': False, 'has_qed': False, 'quality_score': 2.61}","{'identify_base_case': 2, 'prove_base_case': 2, 'hypothesis_stated': 2, 'hypothesis_given_bound': 2, 'goal_clear': 2, 'expression_decomposed': 0, 'inductive_hypothesis_applied': 0}",4.038571428571428
322,"Use (strong) induction to prove the following claim: Claim: \(\displaystyle\sum_{p=0}^n (p \cdot p!) = (n+1)! - 1\), for all natural numbers \(n\). Recall that \(0!\) is defined to be 1.",I dont know what strong induction is,"{'has_proof': True, 'length': 36, 'has_base_case': False, 'has_induction_hypothesis': False, 'has_induction_step': False, 'has_qed': False, 'quality_score': 0.07}","{'identify_base_case': 0, 'prove_base_case': 0, 'hypothesis_stated': 0, 'hypothesis_given_bound': 0, 'goal_clear': 0, 'expression_decomposed': 0, 'inductive_hypothesis_applied': 0}",0.07
323,"Use (strong) induction to prove the following claim: Claim: \(\displaystyle\sum_{p=0}^n (p \cdot p!) = (n+1)! - 1\), for all natural numbers \(n\). Recall that \(0!\) is defined to be 1.","The base ccase is when p = 0, so LHS would be the summation of 0 * 0! which is 0. RHS would be 1! - 1 which is 0. So the base case is true. Then if we increment by 1. The LHS would be (p+1) * (p+1)! which is the same as (p+1)! - 1. So, this means it is the same as RHS, which is what we needed to prove.","{'has_proof': True, 'length': 303, 'has_base_case': True, 'has_induction_hypothesis': False, 'has_induction_step': False, 'has_qed': False, 'quality_score': 2.11}","{'identify_base_case': 2, 'prove_base_case': 2, 'hypothesis_stated': 0, 'hypothesis_given_bound': 0, 'goal_clear': 0, 'expression_decomposed': 0, 'inductive_hypothesis_applied': 0}",2.6814285714285715
324,"Use (strong) induction to prove the following claim: Claim: \(\displaystyle\sum_{p=0}^n (p \cdot p!) = (n+1)! - 1\), for all natural numbers \(n\). Recall that \(0!\) is defined to be 1.","The base case is that \\sum_{p = 0}^{1}\ That would result in an LHS where (0) + (1) = 1 The RHS = (1+1)! - 1 = (1*2) - 1 = 2 - 1 = 1. thus the base case is proven. My inductive step would to rearrange the given equation. The rearranged equation is [(n+1)! - \\sum_{p = 0}^{n}\ (p*p!)] = 1. Now, we can easily check for another case that would prove the claim. Let it be \\sum_{p = 0}^{5}\ So the LHS = (5 + 1)! - \\sum_{p = 0}^{5}\ (p*p!). LHS = 6! - (0+1+4+18+96+600) = 720 - 719 = 1 = RHS, hence proven.","{'has_proof': True, 'length': 506, 'has_base_case': True, 'has_induction_hypothesis': False, 'has_induction_step': True, 'has_qed': False, 'quality_score': 4.01}","{'identify_base_case': 2, 'prove_base_case': 2, 'hypothesis_stated': 0, 'hypothesis_given_bound': 0, 'goal_clear': 0, 'expression_decomposed': 0, 'inductive_hypothesis_applied': 0}",4.581428571428571
325,"Use (strong) induction to prove the following claim: Claim: \(\displaystyle\sum_{p=0}^n (p \cdot p!) = (n+1)! - 1\), for all natural numbers \(n\). Recall that \(0!\) is defined to be 1.","base case: when n = 0, \\sum_{0}^{0}\(p*p!) = 0. when n = 1, \\sum_{1}^{1}\(p*p!) = 1 hypothesis: suppose that \\sum_{p}^{n}\(p*p!) = (n + 1)! - 1 for n = 0, 1, ... k - 1, where k >= 2. Then we need to prove that \\sum_{p}^{n}\(p*p!) = (n + 1)! - 1 works when n = k. If n = k, \\sum_{p}^{n}\(p*p!) = \\sum_{p}^{k}\(p*p!) = \\sum_{p}^{k - 1}\(p*p!) + k*k! Since \\sum_{p}^{n}\(p*p!) = (n + 1)! - 1 works for n = k - 1, then \\sum_{p}^{k - 1}\(p*p!) = k! - 1 Thus \\sum_{p}^{k - 1}\(p*p!) + k*k! = k*k! + k! - 1 = (k + 1) * k! - 1 = (k + 1)! - 1, which is what we need to know.","{'has_proof': True, 'length': 575, 'has_base_case': True, 'has_induction_hypothesis': False, 'has_induction_step': False, 'has_qed': False, 'quality_score': 2.65}","{'identify_base_case': 2, 'prove_base_case': 2, 'hypothesis_stated': 2, 'hypothesis_given_bound': 2, 'goal_clear': 2, 'expression_decomposed': 2, 'inductive_hypothesis_applied': 2}",4.65
326,"Use (strong) induction to prove the following claim: Claim: \(\displaystyle\sum_{p=0}^n (p \cdot p!) = (n+1)! - 1\), for all natural numbers \(n\). Recall that \(0!\) is defined to be 1.","Let \\sum_{xxx}^{yyy}p(p!)\ = (n+1)! - 1, for all natural numbers n. Base Case: n=0: \\sum_{p=0}^{0}p(p!)\ = 0 and (0+1)! - 1 = 0, wehre n is a natural number at k is a natural number.. Inductive Hypothesis: \\sum_{p=0}^{k+1}p(p!)\ = (n+1)! - 1. Inductive Step Logic Therefore, \\sum_{xxx}^{yyy}p(p!)\ = (n+1)! - 1, for all natural numbers n.","{'has_proof': True, 'length': 342, 'has_base_case': True, 'has_induction_hypothesis': True, 'has_induction_step': True, 'has_qed': True, 'quality_score': 6.68}","{'identify_base_case': 2, 'prove_base_case': 2, 'hypothesis_stated': 1, 'hypothesis_given_bound': 0, 'goal_clear': 0, 'expression_decomposed': 0, 'inductive_hypothesis_applied': 0}",7.394285714285714
327,"Use (strong) induction to prove the following claim: Claim: \(\displaystyle\sum_{p=0}^n (p \cdot p!) = (n+1)! - 1\), for all natural numbers \(n\). Recall that \(0!\) is defined to be 1.","By induction, we need to prove the claim is true for all natural numbers n.","{'has_proof': True, 'length': 75, 'has_base_case': False, 'has_induction_hypothesis': False, 'has_induction_step': False, 'has_qed': False, 'quality_score': 0.15}","{'identify_base_case': 0, 'prove_base_case': 0, 'hypothesis_stated': 0, 'hypothesis_given_bound': 0, 'goal_clear': 0, 'expression_decomposed': 0, 'inductive_hypothesis_applied': 0}",0.15
328,"Use (strong) induction to prove the following claim: Claim: \(\displaystyle\sum_{p=0}^n (p \cdot p!) = (n+1)! - 1\), for all natural numbers \(n\). Recall that \(0!\) is defined to be 1.","Base case: 0 x 0! = 1 - 1 (true) Inductive hypothesis: the summation above holds for all natural numbers n in 0...k-1 Inductive step: we need to show that \\sum_{p=0}^{k}\ (p x p!) = (k+1)! - 1 (k+1)! - 1 = (k!)(k + 1) - 1 So (k+1)! - 1 = (k x k!) And if k = p, then (k x k!) = (p x p!) So (p x p!) = (k + 1)! - 1, QED","{'has_proof': True, 'length': 318, 'has_base_case': True, 'has_induction_hypothesis': True, 'has_induction_step': True, 'has_qed': True, 'quality_score': 6.64}","{'identify_base_case': 2, 'prove_base_case': 2, 'hypothesis_stated': 2, 'hypothesis_given_bound': 2, 'goal_clear': 2, 'expression_decomposed': 0, 'inductive_hypothesis_applied': 0}",8.068571428571428
329,"Use (strong) induction to prove the following claim: Claim: \(\displaystyle\sum_{p=0}^n (p \cdot p!) = (n+1)! - 1\), for all natural numbers \(n\). Recall that \(0!\) is defined to be 1.","The base case is when n = 0, \\sum_{p = 0}^{n}\ (p * p!) = 0 and 1! - 1 = 0 Our inductive hypothesis is \\sum_{p = 0}^{n}\ (p * p!) = (n + 1)! - 1 for all k 0...k we need to show that \\sum_{p = 0}^{k }\ (p * p!) = (k + 1)! - 1","{'has_proof': True, 'length': 227, 'has_base_case': True, 'has_induction_hypothesis': True, 'has_induction_step': False, 'has_qed': False, 'quality_score': 3.45}","{'identify_base_case': 2, 'prove_base_case': 2, 'hypothesis_stated': 2, 'hypothesis_given_bound': 2, 'goal_clear': 1, 'expression_decomposed': 0, 'inductive_hypothesis_applied': 0}",4.735714285714286
330,"Use (strong) induction to prove the following claim: Claim: \(\displaystyle\sum_{p=0}^n (p \cdot p!) = (n+1)! - 1\), for all natural numbers \(n\). Recall that \(0!\) is defined to be 1.",Induction Hypothesis: Let \\sum_{p = 0}^{n}\(p x p!) = (n + 1)! - 1 for some each n in 0...k. Then \\sum_{p = 0}^{k + 1}\(p x p!) = (k + 2)! - 1 . If p = 0 then (0 x 0!) = (0 x 1) = 0 and if k = 0 then (0 + 1) = 1. Then 1 -1 = 0. So 0 = 0 and that is what we needed to prove.,"{'has_proof': True, 'length': 275, 'has_base_case': False, 'has_induction_hypothesis': True, 'has_induction_step': False, 'has_qed': False, 'quality_score': 2.05}","{'identify_base_case': 2, 'prove_base_case': 2, 'hypothesis_stated': 2, 'hypothesis_given_bound': 2, 'goal_clear': 0, 'expression_decomposed': 0, 'inductive_hypothesis_applied': 0}",3.1928571428571426
331,"Use (strong) induction to prove the following claim: Claim: \(\displaystyle\sum_{p=0}^n (p \cdot p!) = (n+1)! - 1\), for all natural numbers \(n\). Recall that \(0!\) is defined to be 1.",1. p * p! can be rewritten as (p+1)!-1 and this can be proven as follows: 2. There will be an additional p if p is permuted to p+1 in order to remove the p and put it back into the factorial 3. The -1 is necessary to symbolize the reduction to equate to p for n values,"{'has_proof': True, 'length': 268, 'has_base_case': False, 'has_induction_hypothesis': False, 'has_induction_step': False, 'has_qed': False, 'quality_score': 0.54}","{'identify_base_case': 0, 'prove_base_case': 0, 'hypothesis_stated': 0, 'hypothesis_given_bound': 0, 'goal_clear': 0, 'expression_decomposed': 0, 'inductive_hypothesis_applied': 0}",0.54
332,"Use (strong) induction to prove the following claim: Claim: \(\displaystyle\sum_{p=0}^n (p \cdot p!) = (n+1)! - 1\), for all natural numbers \(n\). Recall that \(0!\) is defined to be 1.","For our base case, \\sum_{p=0}^{1}\ (p*p!) = (0*0!) + (1*1!) = 1 and (1+1)! - 1 = 1. Suppose as our inductive hypothesis, that \\sum_{p=0}^{n}\ (p*p!) = (n+1)-1! for all n in 1 ... k (k >= 1). Now our next step is to prove that \\sum_{p = 0}^{k+1}\ ((k+1)*(k+1)!)= (k+2)! - 1. So, \\sum_{p = 0}^{k+1}\ ((k+1)*(k+1)!) = \\sum_{p = 0}^{k}\ (k*k!) + ((k+1)*(k+1)!) =(k+2)! - 1 Substituting our hypothesis in, we get, (k+1)! - 1 + (k+1)*(k+1)! = (k+2)(k+1)!-1/ (k+1)! + (k+1)*(k+1)! = (k+1)!(k+2) (k+1)! (1+(k+1)) = (k+1)!(k+2) k+2 = k+2. This is what we needed to show to prove \\sum_{p=0}^{n}\ (p*p!) = (n+1)! - 1 for all natural numbers n.","{'has_proof': True, 'length': 638, 'has_base_case': True, 'has_induction_hypothesis': True, 'has_induction_step': False, 'has_qed': False, 'quality_score': 4.28}","{'identify_base_case': 2, 'prove_base_case': 2, 'hypothesis_stated': 2, 'hypothesis_given_bound': 2, 'goal_clear': 2, 'expression_decomposed': 2, 'inductive_hypothesis_applied': 2}",6.28
333,"Use (strong) induction to prove the following claim: Claim: \(\displaystyle\sum_{p=0}^n (p \cdot p!) = (n+1)! - 1\), for all natural numbers \(n\). Recall that \(0!\) is defined to be 1.","Let the base case be for n = 0: At n = 0, the (p * p!) = 0 which is equal to (n + 1)! - 1 Inductive hypothesis: Suppose for for all integers n that are represented by k, where k ranges from 0 to k, \\sum_{0}^{n}\ (p * p!) = (n + 1)! - 1 Inductive step: \\sum_{p = 0}^{k + 1}\ (p * p!) = ((k + 1) + 1)! - 1","{'has_proof': True, 'length': 305, 'has_base_case': True, 'has_induction_hypothesis': True, 'has_induction_step': True, 'has_qed': False, 'quality_score': 5.11}","{'identify_base_case': 2, 'prove_base_case': 2, 'hypothesis_stated': 2, 'hypothesis_given_bound': 2, 'goal_clear': 2, 'expression_decomposed': 0, 'inductive_hypothesis_applied': 0}",6.538571428571429
334,"Use (strong) induction to prove the following claim: Claim: \(\displaystyle\sum_{p=0}^n (p \cdot p!) = (n+1)! - 1\), for all natural numbers \(n\). Recall that \(0!\) is defined to be 1.","Case base: n = 0 \\sum_{p=0}^{0}(p*p!) = (0*0!) = 1 = (0+1)!-1\ Induction proof: Assume \\sum_{p=0}^{n}(p*p!) = (n+1)-1\ for 0,1,...,k Consider k +1, \\sum_{p=0}^{n}(p*p!) = (k+1)*(k+1)! = (k+1)^2k!\ \(k+2)!-1 = (k+2)(k+1)*k!-1\ stuck","{'has_proof': True, 'length': 234, 'has_base_case': False, 'has_induction_hypothesis': False, 'has_induction_step': False, 'has_qed': False, 'quality_score': 0.47}","{'identify_base_case': 2, 'prove_base_case': 2, 'hypothesis_stated': 2, 'hypothesis_given_bound': 2, 'goal_clear': 1, 'expression_decomposed': 0, 'inductive_hypothesis_applied': 0}",1.7557142857142858
335,"Use (strong) induction to prove the following claim: Claim: \(\displaystyle\sum_{p=0}^n (p \cdot p!) = (n+1)! - 1\), for all natural numbers \(n\). Recall that \(0!\) is defined to be 1.",Base case: \(0+1)!-1=0\<br> Sorry I am sick right now and I can't think well (and I don't really remember what I learned last week). This is all I can do right now.,"{'has_proof': True, 'length': 164, 'has_base_case': True, 'has_induction_hypothesis': False, 'has_induction_step': False, 'has_qed': False, 'quality_score': 1.83}","{'identify_base_case': 2, 'prove_base_case': 1, 'hypothesis_stated': 0, 'hypothesis_given_bound': 0, 'goal_clear': 0, 'expression_decomposed': 0, 'inductive_hypothesis_applied': 0}",2.2585714285714285
336,"Use (strong) induction to prove the following claim: Claim: \(\displaystyle\sum_{p=0}^n (p \cdot p!) = (n+1)! - 1\), for all natural numbers \(n\). Recall that \(0!\) is defined to be 1.","first, we ientify the best case n = 0. \\sum_{0}^{0}\ = 0. (0 + 1)! - 1 = 0. Then, the induction hypothesis is \\sum_{p =0}^{n}\ (p * p!) = (n + 1)! - 1 for n = 0,1,2,.....k and -1,-2,-3....-k The first step of induction is to prove that (I forgot how to write the rest of the steps).","{'has_proof': True, 'length': 284, 'has_base_case': False, 'has_induction_hypothesis': True, 'has_induction_step': False, 'has_qed': False, 'quality_score': 2.07}","{'identify_base_case': 2, 'prove_base_case': 2, 'hypothesis_stated': 2, 'hypothesis_given_bound': 1, 'goal_clear': 0, 'expression_decomposed': 0, 'inductive_hypothesis_applied': 0}",3.07
337,"Use (strong) induction to prove the following claim: Claim: \(\displaystyle\sum_{p=0}^n (p \cdot p!) = (n+1)! - 1\), for all natural numbers \(n\). Recall that \(0!\) is defined to be 1.","\\sum_{p=0}^{n}\(p.p!) = 0 + 1 + ... +(n.n!) This would mean n!(n+1) = (n+1)! Since we have an extra one, we have t subtract it which makes it (n+1)! - 1","{'has_proof': True, 'length': 153, 'has_base_case': False, 'has_induction_hypothesis': False, 'has_induction_step': False, 'has_qed': False, 'quality_score': 0.31}","{'identify_base_case': 0, 'prove_base_case': 0, 'hypothesis_stated': 0, 'hypothesis_given_bound': 0, 'goal_clear': 0, 'expression_decomposed': 0, 'inductive_hypothesis_applied': 0}",0.31
338,"Use (strong) induction to prove the following claim: Claim: \(\displaystyle\sum_{p=0}^n (p \cdot p!) = (n+1)! - 1\), for all natural numbers \(n\). Recall that \(0!\) is defined to be 1.",\\sum_{p=0}^{n}\(p.p!)=n*(n)(n-1)(n-2)... = n((n)!-1) =(n+1)!-1 Hence proved,"{'has_proof': True, 'length': 76, 'has_base_case': False, 'has_induction_hypothesis': False, 'has_induction_step': False, 'has_qed': False, 'quality_score': 0.15}","{'identify_base_case': 0, 'prove_base_case': 0, 'hypothesis_stated': 0, 'hypothesis_given_bound': 0, 'goal_clear': 0, 'expression_decomposed': 0, 'inductive_hypothesis_applied': 0}",0.15
339,"Use (strong) induction to prove the following claim: Claim: \(\displaystyle\sum_{p=0}^n (p \cdot p!) = (n+1)! - 1\), for all natural numbers \(n\). Recall that \(0!\) is defined to be 1.","for p= , the case is valid and for p=n; (n+1)! - 1 = (n+1) * n! - 1; for \\sum_{n}^{p=0}\(p*p!)=0+.......+n-1(n-1)! + n (n!) = (n+1) * n! - 1; 0+.....+n","{'has_proof': True, 'length': 152, 'has_base_case': False, 'has_induction_hypothesis': False, 'has_induction_step': False, 'has_qed': False, 'quality_score': 0.3}","{'identify_base_case': 0, 'prove_base_case': 0, 'hypothesis_stated': 0, 'hypothesis_given_bound': 0, 'goal_clear': 0, 'expression_decomposed': 0, 'inductive_hypothesis_applied': 0}",0.3
340,"Use (strong) induction to prove the following claim: Claim: \(\displaystyle\sum_{p=0}^n (p \cdot p!) = (n+1)! - 1\), for all natural numbers \(n\). Recall that \(0!\) is defined to be 1.","\\sum_{n}^{0}\ is true for all natural number n first (n+1) is true for all natural number n if from 0 and finate is n, and so (n+1)! is true for all natural number n. second, p * p! = p^2 *(p-1)(p-2)*---* 1, which replace p = n+2 that will become (n+2)^2 * (n+1)! and n + 2 can be 1 so it is true","{'has_proof': True, 'length': 297, 'has_base_case': False, 'has_induction_hypothesis': False, 'has_induction_step': False, 'has_qed': False, 'quality_score': 0.59}","{'identify_base_case': 0, 'prove_base_case': 0, 'hypothesis_stated': 0, 'hypothesis_given_bound': 0, 'goal_clear': 0, 'expression_decomposed': 0, 'inductive_hypothesis_applied': 0}",0.59
341,"Use (strong) induction to prove the following claim: Claim: \(\displaystyle\sum_{p=0}^n (p \cdot p!) = (n+1)! - 1\), for all natural numbers \(n\). Recall that \(0!\) is defined to be 1.","base case : when n = 0, (0*0!) = 0*1 = 0, (0+1)!-1 = 0, 0 = 0, base case is true. induction hypothesis: suppose \\sum_{p=0}^{n}\ (p*p!) = (n+1)! - 1 for n = 0,1,2...,k-1 we need to prove that \\sum_{p=0}^{k}\ (p*p!) = (k+1)! - 1 \\sum_{p=0}^{k}\ (p*p!) = \\sum_{p=0}^{k-1}\ (p*p!) + (k*k!) from induction hypothesis, we know that \\sum_{p=0}^{k-1}\ (p*p!) = k!-1 so \\sum_{p=0}^{k}\ (p*p!) = k! - 1 + (k*k!) = k!*(k+1) - 1 = (k+1)! - 1, which is what we needed to prove","{'has_proof': True, 'length': 469, 'has_base_case': True, 'has_induction_hypothesis': True, 'has_induction_step': False, 'has_qed': False, 'quality_score': 3.94}","{'identify_base_case': 2, 'prove_base_case': 2, 'hypothesis_stated': 2, 'hypothesis_given_bound': 2, 'goal_clear': 2, 'expression_decomposed': 2, 'inductive_hypothesis_applied': 2}",5.9399999999999995
342,"Use (strong) induction to prove the following claim: Claim: \(\displaystyle\sum_{p=0}^n (p \cdot p!) = (n+1)! - 1\), for all natural numbers \(n\). Recall that \(0!\) is defined to be 1.","Proof by induction Base case: for n = 0, \\sum_{p = 0}^{0}\ p*p! = 0 and (0 + 1)! -1 = 0, therefore P(0) is true. Inductive hypothesis: Suppose that P(n) is true for all natural numners from 0 to k. We have to prove that P(k+1) is also true. \\sum_{p = 0}^{k + 1}\ p*p! = \\sum_{p = 0}^{k}\ p*p! + (k+1)*(k+1)! By the inductive hypothesis, \\sum_{p = 0}^{k}\ p*p! = (k+1)! - 1 (k+1)! - 1 + (k+1)!*(k+1) (k+1)! - 1 + k(k+1)! + (k+1)! (k+2)(k+1)! - 1 (k+2)! - 1 Hence proved.","{'has_proof': True, 'length': 473, 'has_base_case': True, 'has_induction_hypothesis': True, 'has_induction_step': False, 'has_qed': True, 'quality_score': 5.45}","{'identify_base_case': 2, 'prove_base_case': 2, 'hypothesis_stated': 2, 'hypothesis_given_bound': 2, 'goal_clear': 2, 'expression_decomposed': 2, 'inductive_hypothesis_applied': 2}",7.45
343,"Use (strong) induction to prove the following claim: Claim: \(\displaystyle\sum_{p=0}^n (p \cdot p!) = (n+1)! - 1\), for all natural numbers \(n\). Recall that \(0!\) is defined to be 1.","Base: \\sum_{p=0}^{n}\(p*p!)=(n)!-1, for all natural numbers n. Proof: k-1","{'has_proof': True, 'length': 74, 'has_base_case': False, 'has_induction_hypothesis': False, 'has_induction_step': False, 'has_qed': False, 'quality_score': 0.15}","{'identify_base_case': 0, 'prove_base_case': 0, 'hypothesis_stated': 0, 'hypothesis_given_bound': 0, 'goal_clear': 0, 'expression_decomposed': 0, 'inductive_hypothesis_applied': 0}",0.15
